id	door	door_title	requirement	acceptance_test	state	evidence
OWF-0001-أ	٤-١	منهجُ التنفيذِ وحدودُه	◆ تُنفَّذ قراراتُ المالكِ النافذةُ في عشرةِ أبوابٍ	اختبارُ منهج: كلُّ حكمٍ مجتهَدٍ فيه موسومٌ صريحًا	غير مقيس	
OWF-0001-ب	٤-١	منهجُ التنفيذِ وحدودُه	ولكلِّ قرارٍ حكمُه وحجّتُه وشاهدُ قبولِه · وما لم يحدّده المالكُ قُرِّر بالأصوبِ معياريًّا وأُعلن موسومًا «قرارَ اجتهادٍ ينتظر تصديقًا».	اختبارُ منهج: كلُّ حكمٍ مجتهَدٍ فيه موسومٌ صريحًا	غير مقيس	
OWF-0002-أ	٤-١	منهجُ التنفيذِ وحدودُه	◆ ولا يُضيَّق حكمُ المالكِ بتخصيصِه بحالةٍ واحدةٍ	اختبارُ تعميم: كلُّ حكمٍ عامٍّ مطبَّقٌ على حالاتِه كلِّها لا على المثالِ المذكورِ وحدَه	غير مقيس	
OWF-0002-ب	٤-١	منهجُ التنفيذِ وحدودُه	فالتضييقُ أخطرُ من الإغفال: الإغفالُ يُرى والتضييقُ يُصدَّق.	اختبارُ تعميم: كلُّ حكمٍ عامٍّ مطبَّقٌ على حالاتِه كلِّها لا على المثالِ المذكورِ وحدَه	غير مقيس	
OWF-0003-أ	٤-٢	محاسبُ الموقعِ والعهدة	حكمٌ نافذ «SA-01» — لكلِّ موقعٍ محاسبُ موقعٍ مقيمٌ فيه — نطاقُ الحكم	اختبارُ حكم: صفرُ موقعٍ نشطٍ بلا محاسبِ موقعٍ مسنَدٍ ومسجَّل	غير مقيس	
OWF-0003-ب	٤-٢	محاسبُ الموقعِ والعهدة	◆ مقيمٌ في المشروعِ لا زائرًا	اختبارُ حكم: صفرُ موقعٍ نشطٍ بلا محاسبِ موقعٍ مسنَدٍ ومسجَّل	غير مقيس	
OWF-0003-ج	٤-٢	محاسبُ الموقعِ والعهدة	ويتبع مديرَ الموقعِ إداريًّا ورئيسَ الحساباتِ فنيًّا	اختبارُ حكم: صفرُ موقعٍ نشطٍ بلا محاسبِ موقعٍ مسنَدٍ ومسجَّل	غير مقيس	
OWF-0004-أ	٤-٢	محاسبُ الموقعِ والعهدة	حجّةُ «SA-01» — نطاقُ الحكم	اختبارُ حجّة: الحجّةُ مكتوبةٌ ومفحوصة	غير مقيس	
OWF-0004-ب	٤-٢	محاسبُ الموقعِ والعهدة	◆ فالتبعيةُ الإداريةُ لمن يعمل معه يوميًّا · والفنيةُ لمن يملك المعاييرَ المحاسبية · ولا يُعطي أحدُهما ما يملكه الآخر	اختبارُ حجّة: الحجّةُ مكتوبةٌ ومفحوصة	غير مقيس	
OWF-0005-أ	٤-٢	محاسبُ الموقعِ والعهدة	حكمٌ نافذ «SA-02»	اختبارُ حكم: صفرُ اعتمادٍ يوميٍّ للتايم شيتِ بيدٍ واحدةٍ في موقعٍ له محاسب	غير مقيس	
OWF-0005-ب	٤-٢	محاسبُ الموقعِ والعهدة	◆ محاسبُ الموقعِ حلقةٌ في اعتمادِ التايم شيت: يعتمد مع مديرِ الموقعِ في المحطةِ الثانيةِ من دورةِ وحداتِ العمل	اختبارُ حكم: صفرُ اعتمادٍ يوميٍّ للتايم شيتِ بيدٍ واحدةٍ في موقعٍ له محاسب	غير مقيس	
OWF-0006-أ	٤-٢	محاسبُ الموقعِ والعهدة	حجّةُ «SA-02» — نطاقُ الحكم	اختبارُ حجّة: الحجّةُ مكتوبةٌ ومفحوصة	غير مقيس	
OWF-0006-ب	٤-٢	محاسبُ الموقعِ والعهدة	◆ فمن يشهد بالواقعةِ ميدانيًّا ومن يشهد بأثرِها المحاسبيِّ حلقةٌ واحدةٌ بيدين — لا يدٌ واحدة	اختبارُ حجّة: الحجّةُ مكتوبةٌ ومفحوصة	غير مقيس	
OWF-0007-أ	٤-٢	محاسبُ الموقعِ والعهدة	حكمٌ نافذ «SA-03»	اختبارُ حكم: محاولةُ صرفٍ بيدٍ واحدةٍ تُرفض في الخادمِ برمزٍ وسبب	غير مقيس	
OWF-0007-ب	٤-٢	محاسبُ الموقعِ والعهدة	◆ ويعتمد صرفَ المشترياتِ الميدانيةِ من العهدة: الصرفُ من عهدةِ الموقعِ بيدين: مديرُ الموقعِ ومحاسبُ الموقعِ	اختبارُ حكم: محاولةُ صرفٍ بيدٍ واحدةٍ تُرفض في الخادمِ برمزٍ وسبب	غير مقيس	
OWF-0007-ج	٤-٢	محاسبُ الموقعِ والعهدة	ثم تصفيةٌ بمستنداتٍ مؤيِّدة	اختبارُ حكم: محاولةُ صرفٍ بيدٍ واحدةٍ تُرفض في الخادمِ برمزٍ وسبب	غير مقيس	
OWF-0008-أ	٤-٢	محاسبُ الموقعِ والعهدة	حجّةُ «SA-03» — نطاقُ الحكم	اختبارُ حجّة: الحجّةُ مكتوبةٌ ومفحوصة	غير مقيس	
OWF-0008-ب	٤-٢	محاسبُ الموقعِ والعهدة	◆ ولا صرفَ منفردٌ ولو من مديرِ الموقع · فالعهدةُ مالٌ في يدٍ وحيازةُ المالِ تحتاج شهادتين	اختبارُ حجّة: الحجّةُ مكتوبةٌ ومفحوصة	غير مقيس	
OWF-0009-أ	٤-٢	محاسبُ الموقعِ والعهدة	حكمٌ نافذ «SA-04» — ويعتمد جردَ المخازنِ في موقعه — نطاقُ الحكم	اختبارُ حكم: صفرُ محضرِ جردٍ معتمدٍ بلا حضورِ محاسبِ الموقع	غير مقيس	
OWF-0009-ب	٤-٢	محاسبُ الموقعِ والعهدة	الجردُ الدوريُّ والمفاجئُ يُعتمد بحضورِه	اختبارُ حكم: صفرُ محضرِ جردٍ معتمدٍ بلا حضورِ محاسبِ الموقع	غير مقيس	
OWF-0009-ج	٤-٢	محاسبُ الموقعِ والعهدة	والفرقُ يُسجَّل بسببِه ويُرفع فوقَ الحد	اختبارُ حكم: صفرُ محضرِ جردٍ معتمدٍ بلا حضورِ محاسبِ الموقع	غير مقيس	
OWF-0010	٤-٢	محاسبُ الموقعِ والعهدة	حجّةُ «SA-04»: ◆ فأمينُ المخزنِ لا يشهد على جردِ ما في حيازتِه وحدَه	اختبارُ حجّة: الحجّةُ مكتوبةٌ ومفحوصة	غير مقيس	
OWF-0011-أ	٤-٢	محاسبُ الموقعِ والعهدة	حكمٌ نافذ «SA-05» — ◆ وما لا يملكه محاسبُ الموقع — نطاقُ الحكم	اختبارُ حكم: محاولةُ أيٍّ من الخمسةِ تُرفض برمزٍ وسبب	غير مقيس	
OWF-0011-ب	٤-٢	محاسبُ الموقعِ والعهدة	لا يعتمد مستخلصَ عميلٍ ولا مستحقَّ موردٍ ولا قيدًا في الأستاذ · ولا ينفّذ تحويلًا بنكيًّا · ولا يُقفل فترةً	اختبارُ حكم: محاولةُ أيٍّ من الخمسةِ تُرفض برمزٍ وسبب	غير مقيس	
OWF-0012-أ	٤-٢	محاسبُ الموقعِ والعهدة	حجّةُ «SA-05» — نطاقُ الحكم	اختبارُ حجّة: الحجّةُ مكتوبةٌ ومفحوصة	غير مقيس	
OWF-0012-ب	٤-٢	محاسبُ الموقعِ والعهدة	◆ فهو حلقةُ إثباتٍ ميدانيةٍ لا سلطةٌ ماليةٌ مركزية · والأثرُ الماليُّ يقع في المركزِ بعد اعتمادِه	اختبارُ حجّة: الحجّةُ مكتوبةٌ ومفحوصة	غير مقيس	
OWF-0013-أ	٤-٢	محاسبُ الموقعِ والعهدة	حكمٌ نافذ «SA-06» — ◆ تصنيفُه المحاسبيُّ الحادي عشر — نطاقُ الحكم	اختبارُ حكم: صفرُ محاسبِ موقعٍ يرى بياناتِ موقعٍ غيرِ موقعه	غير مقيس	
OWF-0013-ب	٤-٢	محاسبُ الموقعِ والعهدة	يُضاف تخصصًا حاديَ عشرَ إلى التخصصاتِ العشرةِ: محاسبُ الموقعِ الميداني	اختبارُ حكم: صفرُ محاسبِ موقعٍ يرى بياناتِ موقعٍ غيرِ موقعه	غير مقيس	
OWF-0014-أ	٤-٢	محاسبُ الموقعِ والعهدة	حجّةُ «SA-06» — نطاقُ الحكم	اختبارُ حجّة: الحجّةُ مكتوبةٌ ومفحوصة	غير مقيس	
OWF-0014-ب	٤-٢	محاسبُ الموقعِ والعهدة	◆ ونطاقُه موقعُه وحدَه	اختبارُ حجّة: الحجّةُ مكتوبةٌ ومفحوصة	غير مقيس	
OWF-0014-ج	٤-٢	محاسبُ الموقعِ والعهدة	ولا يرى موقعًا آخرَ ولا مستوًى مركزيًّا	اختبارُ حجّة: الحجّةُ مكتوبةٌ ومفحوصة	غير مقيس	
OWF-0015-أ	٤-٢	محاسبُ الموقعِ والعهدة	حكمٌ نافذ «SA-07» — ◆ وفصلُ واجباتٍ جديدٌ يُضاف — نطاقُ الحكم	اختبارُ حكم: قيدٌ بنيويٌّ يرفض تكليفًا يجمع أيًّا من الزوجين	غير مقيس	
OWF-0015-ب	٤-٢	محاسبُ الموقعِ والعهدة	أمينُ المخزنِ لا يُجمع مع محاسبِ الموقعِ في حسابٍ واحد · ومحاسبُ الموقعِ لا يُجمع مع مديرِ الموقع	اختبارُ حكم: قيدٌ بنيويٌّ يرفض تكليفًا يجمع أيًّا من الزوجين	غير مقيس	
OWF-0016-أ	٤-٢	محاسبُ الموقعِ والعهدة	حجّةُ «SA-07» — نطاقُ الحكم	اختبارُ حجّة: الحجّةُ مكتوبةٌ ومفحوصة	غير مقيس	
OWF-0016-ب	٤-٢	محاسبُ الموقعِ والعهدة	◆ فالجمعُ يُبطل الشهادتين ويجعل الصرفَ والجردَ بيدٍ واحدة	اختبارُ حجّة: الحجّةُ مكتوبةٌ ومفحوصة	غير مقيس	
OWF-0017-أ	٤-٣	سلطةُ مديرِ التشغيلِ المالية	حكمٌ نافذ «OA-01» — ◆ مديرُ التشغيلِ لا سلطةَ ماليةَ له — نطاقُ الحكم	اختبارُ حكم: صفرُ اعتمادٍ ماليٍّ مصدرُه مديرُ التشغيل	غير مقيس	
OWF-0017-ب	٤-٣	سلطةُ مديرِ التشغيلِ المالية	يعتمد الواقعةَ والجاهزيةَ والوحداتِ والتخصيصَ	اختبارُ حكم: صفرُ اعتمادٍ ماليٍّ مصدرُه مديرُ التشغيل	غير مقيس	
OWF-0017-ج	٤-٣	سلطةُ مديرِ التشغيلِ المالية	ولا يعتمد مبلغًا ولا صرفًا ولا التزامًا	اختبارُ حكم: صفرُ اعتمادٍ ماليٍّ مصدرُه مديرُ التشغيل	غير مقيس	
OWF-0018-أ	٤-٣	سلطةُ مديرِ التشغيلِ المالية	حجّةُ «OA-01» — نطاقُ الحكم	اختبارُ حجّة: الحجّةُ مكتوبةٌ ومفحوصة	غير مقيس	
OWF-0018-ب	٤-٣	سلطةُ مديرِ التشغيلِ المالية	◆ فسلطتُه سلطةُ إثباتِ عملٍ لا سلطةُ إنفاقِ مال · والمالُ أثرٌ لا مصدر	اختبارُ حجّة: الحجّةُ مكتوبةٌ ومفحوصة	غير مقيس	
OWF-0019-أ	٤-٣	سلطةُ مديرِ التشغيلِ المالية	حكمٌ نافذ «OA-02»	اختبارُ حكم: اعتمادٌ بنيابةٍ يُسجَّل بسببِ الغيابِ ومدتِه — وصفرُ نيابةٍ منفردة	غير مقيس	
OWF-0019-ب	٤-٣	سلطةُ مديرِ التشغيلِ المالية	◆ ويحلُّ محلَّ مديرِ الموقعِ عند غيابِه وحدَه: عند غيابِ مديرِ الموقعِ يعتمد مديرُ التشغيلِ محلَّه	اختبارُ حكم: اعتمادٌ بنيابةٍ يُسجَّل بسببِ الغيابِ ومدتِه — وصفرُ نيابةٍ منفردة	غير مقيس	
OWF-0019-ج	٤-٣	سلطةُ مديرِ التشغيلِ المالية	مع محاسبِ الموقعِ لا منفردًا	اختبارُ حكم: اعتمادٌ بنيابةٍ يُسجَّل بسببِ الغيابِ ومدتِه — وصفرُ نيابةٍ منفردة	غير مقيس	
OWF-0020	٤-٣	سلطةُ مديرِ التشغيلِ المالية	حجّةُ «OA-02»: ◆ فالنيابةُ تنقل الحلقةَ ولا تُلغي اليدَ الثانية	اختبارُ حجّة: الحجّةُ مكتوبةٌ ومفحوصة	غير مقيس	
OWF-0021-أ	٤-٣	سلطةُ مديرِ التشغيلِ المالية	حكمٌ نافذ «OA-03» — والنيابةُ بتفويضٍ مكتوبٍ بمدةٍ ونطاق — نطاقُ الحكم	اختبارُ حكم: صفرُ اعتمادٍ بنيابةٍ بلا تفويضٍ سارٍ مسجَّل	غير مقيس	
OWF-0021-ب	٤-٣	سلطةُ مديرِ التشغيلِ المالية	لا تفويضَ شفويٌّ ولا مفتوحُ المدة · ويُسجَّل في مصفوفةِ الموافقاتِ قبلَ السريان	اختبارُ حكم: صفرُ اعتمادٍ بنيابةٍ بلا تفويضٍ سارٍ مسجَّل	غير مقيس	
OWF-0022	٤-٣	سلطةُ مديرِ التشغيلِ المالية	حجّةُ «OA-03»: ◆ ونيابةٌ بلا تفويضٍ مسجَّلٍ لا تمنح صلاحيةً واحدة	اختبارُ حجّة: الحجّةُ مكتوبةٌ ومفحوصة	غير مقيس	
OWF-0023-أ	٤-٤	نموذجُ الوقودِ كمياتٍ	حكمٌ نافذ «FU-01»	اختبارُ حكم: صفرُ عقدٍ نافذٍ بلا حقلِ مسؤوليةِ الوقودِ محدَّدًا	غير مقيس	
OWF-0023-ب	٤-٤	نموذجُ الوقودِ كمياتٍ	◆ مسؤوليةُ الوقودِ حقلٌ تعاقديٌّ بخيارين: في كلِّ عقدِ عميلٍ حقلٌ إلزاميّ: الوقودُ التزامُ العميلِ أم التزامُ الشركة — ولا يُفترض	اختبارُ حكم: صفرُ عقدٍ نافذٍ بلا حقلِ مسؤوليةِ الوقودِ محدَّدًا	غير مقيس	
OWF-0024-أ	٤-٤	نموذجُ الوقودِ كمياتٍ	حجّةُ «FU-01» — نطاقُ الحكم	اختبارُ حجّة: الحجّةُ مكتوبةٌ ومفحوصة	غير مقيس	
OWF-0024-ب	٤-٤	نموذجُ الوقودِ كمياتٍ	◆ فالخيارُ يقلب الدورةَ كلَّها: التزامُ العميلِ كمياتٌ تُستلم · والتزامُ الشركةِ مصروفٌ يُقيَّد وسعرٌ يُسجَّل	اختبارُ حجّة: الحجّةُ مكتوبةٌ ومفحوصة	غير مقيس	
OWF-0025-أ	٤-٤	نموذجُ الوقودِ كمياتٍ	حكمٌ نافذ «FU-02» — ◆ الوقودُ في الموقعِ كمياتٌ لا مال — نطاقُ الحكم	اختبارُ حكم: صفرُ حقلِ سعرٍ أو قيمةٍ في شاشاتِ استلامِ الوقودِ وصرفِه بالموقع	غير مقيس	
OWF-0025-ب	٤-٤	نموذجُ الوقودِ كمياتٍ	يُستلم في المخزنِ بالكميةِ ويُصرف يوميًّا للمعداتِ بالكمية	اختبارُ حكم: صفرُ حقلِ سعرٍ أو قيمةٍ في شاشاتِ استلامِ الوقودِ وصرفِه بالموقع	غير مقيس	
OWF-0025-ج	٤-٤	نموذجُ الوقودِ كمياتٍ	وصفرُ سعرٍ وصفرُ قيمةٍ في شاشاتِ الموقع	اختبارُ حكم: صفرُ حقلِ سعرٍ أو قيمةٍ في شاشاتِ استلامِ الوقودِ وصرفِه بالموقع	غير مقيس	
OWF-0026-أ	٤-٤	نموذجُ الوقودِ كمياتٍ	حجّةُ «FU-02» — نطاقُ الحكم	اختبارُ حجّة: الحجّةُ مكتوبةٌ ومفحوصة	غير مقيس	
OWF-0026-ب	٤-٤	نموذجُ الوقودِ كمياتٍ	◆ فالموقعُ يُثبت الكميةَ والمركزُ يُقيّم	اختبارُ حجّة: الحجّةُ مكتوبةٌ ومفحوصة	غير مقيس	
OWF-0026-ج	٤-٤	نموذجُ الوقودِ كمياتٍ	والقيمةُ في الموقعِ تُفسد فصلَ الإثباتِ عن التقييم	اختبارُ حجّة: الحجّةُ مكتوبةٌ ومفحوصة	غير مقيس	
OWF-0027-أ	٤-٤	نموذجُ الوقودِ كمياتٍ	حكمٌ نافذ «FU-03»	اختبارُ حكم: كلُّ استلامٍ بدوريتِه المتعاقدةِ — وصفرُ استلامٍ بلا دورية	غير مقيس	
OWF-0027-ب	٤-٤	نموذجُ الوقودِ كمياتٍ	استلامُ الوقودِ من العميلِ بالكميةِ يوميًّا أو بالوردية: يُسجَّل يوميًّا · ويجوز تسجيلُه لكلِّ ورديةٍ منفصلةً حين يقتضي التشغيلُ ذلك	اختبارُ حكم: كلُّ استلامٍ بدوريتِه المتعاقدةِ — وصفرُ استلامٍ بلا دورية	غير مقيس	
OWF-0028-أ	٤-٤	نموذجُ الوقودِ كمياتٍ	حجّةُ «FU-03» — نطاقُ الحكم	اختبارُ حجّة: الحجّةُ مكتوبةٌ ومفحوصة	غير مقيس	
OWF-0028-ب	٤-٤	نموذجُ الوقودِ كمياتٍ	◆ والدوريةُ تُحدَّد في العقدِ لا تُترك لاختيارِ المُدخِل	اختبارُ حجّة: الحجّةُ مكتوبةٌ ومفحوصة	غير مقيس	
OWF-0029-أ	٤-٤	نموذجُ الوقودِ كمياتٍ	حكمٌ نافذ «FU-04»	اختبارُ حكم: صفرُ صرفِ وقودٍ بلا معدةٍ وكميةٍ وقراءةِ عدّاد	غير مقيس	
OWF-0029-ب	٤-٤	نموذجُ الوقودِ كمياتٍ	الصرفُ اليوميُّ للمعداتِ بالكميةِ ومعرّفِ المعدة: لكلِّ معدةٍ صرفُها اليوميُّ بالكميةِ وقارئُ عدّادِها وساعاتُ تشغيلِها	اختبارُ حكم: صفرُ صرفِ وقودٍ بلا معدةٍ وكميةٍ وقراءةِ عدّاد	غير مقيس	
OWF-0030-أ	٤-٤	نموذجُ الوقودِ كمياتٍ	حجّةُ «FU-04» — نطاقُ الحكم	اختبارُ حجّة: الحجّةُ مكتوبةٌ ومفحوصة	غير مقيس	
OWF-0030-ب	٤-٤	نموذجُ الوقودِ كمياتٍ	◆ فيُنتَج معدلُ استهلاكِ الساعةِ لكلِّ معدةٍ	اختبارُ حجّة: الحجّةُ مكتوبةٌ ومفحوصة	غير مقيس	
OWF-0030-ج	٤-٤	نموذجُ الوقودِ كمياتٍ	وهو مؤشرُ كفاءةٍ وكشفُ تسريب	اختبارُ حجّة: الحجّةُ مكتوبةٌ ومفحوصة	غير مقيس	
OWF-0031-أ	٤-٤	نموذجُ الوقودِ كمياتٍ	حكمٌ نافذ «FU-05» — ◆ عند التزامِ الشركةِ بالوقود — نطاقُ الحكم	اختبارُ حكم: صفرُ سعرِ وقودٍ مُدخَلٍ خارجَ المالية	غير مقيس	
OWF-0031-ب	٤-٤	نموذجُ الوقودِ كمياتٍ	السعرُ في الماليةِ وحدَها: يُسجَّل سعرُ الشراءِ في الإدارةِ الماليةِ عند عمليةِ الشراءِ	اختبارُ حكم: صفرُ سعرِ وقودٍ مُدخَلٍ خارجَ المالية	غير مقيس	
OWF-0031-ج	٤-٤	نموذجُ الوقودِ كمياتٍ	ويُقيَّد مصروفَ وقودٍ بأبعادِه التسعة	اختبارُ حكم: صفرُ سعرِ وقودٍ مُدخَلٍ خارجَ المالية	غير مقيس	
OWF-0032-أ	٤-٤	نموذجُ الوقودِ كمياتٍ	حجّةُ «FU-05» — نطاقُ الحكم	اختبارُ حجّة: الحجّةُ مكتوبةٌ ومفحوصة	غير مقيس	
OWF-0032-ب	٤-٤	نموذجُ الوقودِ كمياتٍ	◆ ولا يُدخَل سعرٌ في الموقعِ ولو كان الوقودُ علينا · فالسعرُ بيتُه المالية	اختبارُ حجّة: الحجّةُ مكتوبةٌ ومفحوصة	غير مقيس	
OWF-0033-أ	٤-٤	نموذجُ الوقودِ كمياتٍ	حكمٌ نافذ «FU-06» — ◆ عند التزامِ العميلِ — نطاقُ الحكم	اختبارُ حكم: صفرُ قيدٍ ماليٍّ لوقودٍ التزامُه على العميل	غير مقيس	
OWF-0033-ب	٤-٤	نموذجُ الوقودِ كمياتٍ	الكميةُ تُطابَق ولا تُقيَّم: تُطابَق الكميةُ المستلَمةُ بالمصروفةِ ويُرفع الفرقُ	اختبارُ حكم: صفرُ قيدٍ ماليٍّ لوقودٍ التزامُه على العميل	غير مقيس	
OWF-0033-ج	٤-٤	نموذجُ الوقودِ كمياتٍ	ولا قيدَ ولا قيمةَ ولا مطالبةَ إلا في العجزِ التعاقدي	اختبارُ حكم: صفرُ قيدٍ ماليٍّ لوقودٍ التزامُه على العميل	غير مقيس	
OWF-0034	٤-٤	نموذجُ الوقودِ كمياتٍ	حجّةُ «FU-06»: ◆ والفرقُ فوقَ الحدِّ يُنشر إشارةَ خطرٍ لا يُهمَل	اختبارُ حجّة: الحجّةُ مكتوبةٌ ومفحوصة	غير مقيس	
OWF-0035-أ	٤-٥	الاستعدادُ والتعطلُ وأثرُ كلٍّ	حكمٌ نافذ «SB-01»	اختبارُ حكم: ساعاتُ استعدادٍ معتمدةٌ تُفوتَر بالسعرِ الكاملِ بلا خصم	غير مقيس	
OWF-0035-ب	٤-٥	الاستعدادُ والتعطلُ وأثرُ كلٍّ	◆ الاستعدادُ يُفوتَر للعميلِ بالسعرِ الكامل: المعدةُ جاهزةٌ ومشغّلُها حاضرٌ ولم تعمل بسببٍ من العميلِ	اختبارُ حكم: ساعاتُ استعدادٍ معتمدةٌ تُفوتَر بالسعرِ الكاملِ بلا خصم	غير مقيس	
OWF-0035-ج	٤-٥	الاستعدادُ والتعطلُ وأثرُ كلٍّ	فتُفوتَر ساعاتُها كاملةً كأنها عملت	اختبارُ حكم: ساعاتُ استعدادٍ معتمدةٌ تُفوتَر بالسعرِ الكاملِ بلا خصم	غير مقيس	
OWF-0036-أ	٤-٥	الاستعدادُ والتعطلُ وأثرُ كلٍّ	حجّةُ «SB-01» — نطاقُ الحكم	اختبارُ حجّة: الحجّةُ مكتوبةٌ ومفحوصة	غير مقيس	
OWF-0036-ب	٤-٥	الاستعدادُ والتعطلُ وأثرُ كلٍّ	◆ فالجاهزيةُ مبيعةٌ لا العملُ وحدَه · والعميلُ حجز طاقةً فيُدفع ثمنُها استُعملت أو لم تُستعمل	اختبارُ حجّة: الحجّةُ مكتوبةٌ ومفحوصة	غير مقيس	
OWF-0037-أ	٤-٥	الاستعدادُ والتعطلُ وأثرُ كلٍّ	حكمٌ نافذ «SB-02»	اختبارُ حكم: كلُّ توقفٍ سببُه العميلُ يُوسَم استعدادًا آليًّا — وصفرُ توقفٍ من العميلِ موسومٍ تعطلًا	غير مقيس	
OWF-0037-ب	٤-٥	الاستعدادُ والتعطلُ وأثرُ كلٍّ	◆ كلُّ تعطلٍ سببُه العميلُ يُسمّى استعدادًا	اختبارُ حكم: كلُّ توقفٍ سببُه العميلُ يُوسَم استعدادًا آليًّا — وصفرُ توقفٍ من العميلِ موسومٍ تعطلًا	غير مقيس	
OWF-0037-ج	٤-٥	الاستعدادُ والتعطلُ وأثرُ كلٍّ	عامًّا لا في الوقودِ وحدَه: أيُّ توقفٍ سببُه إخلالُ العميلِ بالتزامٍ تعاقديٍّ يُوسَم استعدادًا ويُفوتَر كاملًا: تأخرُ وقودِه · أو عدمُ تجهيزِ الموقعِ · أو منعُ الدخولِ · أو عدمُ توفيرِ وجهةِ التفريغِ · أو تأخرُ إذنٍ من مسؤوليتِه	اختبارُ حكم: كلُّ توقفٍ سببُه العميلُ يُوسَم استعدادًا آليًّا — وصفرُ توقفٍ من العميلِ موسومٍ تعطلًا	غير مقيس	
OWF-0038-أ	٤-٥	الاستعدادُ والتعطلُ وأثرُ كلٍّ	حجّةُ «SB-02» — نطاقُ الحكم	اختبارُ حجّة: الحجّةُ مكتوبةٌ ومفحوصة	غير مقيس	
OWF-0038-ب	٤-٥	الاستعدادُ والتعطلُ وأثرُ كلٍّ	◆ فالعلةُ ليست نوعَ الالتزامِ بل مَن أخلَّ به · ومن حجز طاقةً ثم منع استعمالَها يدفع ثمنَها · وقائمةُ الأسبابِ مفتوحةٌ لا حصريةٌ وكلُّ سببٍ جديدٍ يُنسب إلى طرفٍ فإن كان العميلَ فهو استعداد	اختبارُ حجّة: الحجّةُ مكتوبةٌ ومفحوصة	غير مقيس	
OWF-0039-أ	٤-٥	الاستعدادُ والتعطلُ وأثرُ كلٍّ	حكمٌ نافذ «SB-03»	اختبارُ حكم: صفرُ ساعةِ تعطلٍ مفوترةٍ للعميلِ أو مخصومةٍ من الموردِ بحكمِ التعطلِ وحدَه	غير مقيس	
OWF-0039-ب	٤-٥	الاستعدادُ والتعطلُ وأثرُ كلٍّ	◆ التعطلُ لا يُحتسب ولا يُخصَم من المورد: ساعاتُ التعطلِ لا تُفوتَر للعميلِ ولا تُخصَم من مستحقِّ المورد	اختبارُ حكم: صفرُ ساعةِ تعطلٍ مفوترةٍ للعميلِ أو مخصومةٍ من الموردِ بحكمِ التعطلِ وحدَه	غير مقيس	
OWF-0039-ج	٤-٥	الاستعدادُ والتعطلُ وأثرُ كلٍّ	بل تُسجَّل ولا تُحتسب	اختبارُ حكم: صفرُ ساعةِ تعطلٍ مفوترةٍ للعميلِ أو مخصومةٍ من الموردِ بحكمِ التعطلِ وحدَه	غير مقيس	
OWF-0040-أ	٤-٥	الاستعدادُ والتعطلُ وأثرُ كلٍّ	حجّةُ «SB-03» — نطاقُ الحكم	اختبارُ حجّة: الحجّةُ مكتوبةٌ ومفحوصة	غير مقيس	
OWF-0040-ب	٤-٥	الاستعدادُ والتعطلُ وأثرُ كلٍّ	◆ فالخصمُ عقوبةٌ والتعطلُ واقعةٌ · ولا يُعاقَب طرفٌ على واقعةٍ حتى تُنسب إليه بدليل	اختبارُ حجّة: الحجّةُ مكتوبةٌ ومفحوصة	غير مقيس	
OWF-0041-أ	٤-٥	الاستعدادُ والتعطلُ وأثرُ كلٍّ	حكمٌ نافذ «SB-04»	اختبارُ حكم: كلُّ تعطلٍ له نسبةُ سببٍ مسجَّلةٌ — وصفرُ تعطلٍ بلا طرفٍ مسؤول	غير مقيس	
OWF-0041-ب	٤-٥	الاستعدادُ والتعطلُ وأثرُ كلٍّ	◆ والعجزُ يُحتسب على الطرفِ الذي كان السبب: بعدَ التعطلِ يُنسب سببُه إلى طرفٍ: الموردُ أو الشركةُ أو العميلُ	اختبارُ حكم: كلُّ تعطلٍ له نسبةُ سببٍ مسجَّلةٌ — وصفرُ تعطلٍ بلا طرفٍ مسؤول	غير مقيس	
OWF-0041-ج	٤-٥	الاستعدادُ والتعطلُ وأثرُ كلٍّ	ويُحتسب عجزًا عليه بأحكامِ عقدِه	اختبارُ حكم: كلُّ تعطلٍ له نسبةُ سببٍ مسجَّلةٌ — وصفرُ تعطلٍ بلا طرفٍ مسؤول	غير مقيس	
OWF-0042-أ	٤-٥	الاستعدادُ والتعطلُ وأثرُ كلٍّ	حجّةُ «SB-04» — نطاقُ الحكم	اختبارُ حجّة: الحجّةُ مكتوبةٌ ومفحوصة	غير مقيس	
OWF-0042-ب	٤-٥	الاستعدادُ والتعطلُ وأثرُ كلٍّ	◆ فالتعطلُ حالةُ الساعةِ والعجزُ حكمُ المسؤولية — ولا يُدمجان	اختبارُ حجّة: الحجّةُ مكتوبةٌ ومفحوصة	غير مقيس	
OWF-0043-أ	٤-٥	الاستعدادُ والتعطلُ وأثرُ كلٍّ	حكمٌ نافذ «SB-05» — ◆ من يقرر الحالةَ — نطاقُ الحكم	اختبارُ حكم: صفرُ قرارِ حالةٍ بيدٍ واحدةٍ — والمصدرُ مسجَّلٌ: مشرفُ عميلٍ أم مديرُ مبيعات	غير مقيس	
OWF-0043-ب	٤-٥	الاستعدادُ والتعطلُ وأثرُ كلٍّ	مديرُ الموقعِ مع مشرفِ العميل: يقرران معًا أهي استعدادٌ أم تعطلٌ	اختبارُ حكم: صفرُ قرارِ حالةٍ بيدٍ واحدةٍ — والمصدرُ مسجَّلٌ: مشرفُ عميلٍ أم مديرُ مبيعات	غير مقيس	
OWF-0043-ج	٤-٥	الاستعدادُ والتعطلُ وأثرُ كلٍّ	وعند غيابِ مشرفِ العميلِ يقرر مديرُ الموقعِ مع مديرِ المبيعات	اختبارُ حكم: صفرُ قرارِ حالةٍ بيدٍ واحدةٍ — والمصدرُ مسجَّلٌ: مشرفُ عميلٍ أم مديرُ مبيعات	غير مقيس	
OWF-0044-أ	٤-٥	الاستعدادُ والتعطلُ وأثرُ كلٍّ	حجّةُ «SB-05» — نطاقُ الحكم	اختبارُ حجّة: الحجّةُ مكتوبةٌ ومفحوصة	غير مقيس	
OWF-0044-ب	٤-٥	الاستعدادُ والتعطلُ وأثرُ كلٍّ	◆ فالحالةُ ذاتُ أثرٍ ماليٍّ على الطرفين فلا يقررها طرفٌ واحد · والقرارُ بيدين دائمًا	اختبارُ حجّة: الحجّةُ مكتوبةٌ ومفحوصة	غير مقيس	
OWF-0045-أ	٤-٥	الاستعدادُ والتعطلُ وأثرُ كلٍّ	حكمٌ نافذ «SB-06» — والقرارُ يُسجَّل بسببِه ودليلِه ووقته — نطاقُ الحكم	اختبارُ حكم: كلُّ ساعةِ استعدادٍ أو تعطلٍ متتبَّعةٌ إلى قرارٍ بمصدرِه ووقته	غير مقيس	
OWF-0045-ب	٤-٥	الاستعدادُ والتعطلُ وأثرُ كلٍّ	لكلِّ ساعةٍ حالةٌ ومن قرَّرها ومتى وبأيِّ دليلٍ ميداني	اختبارُ حكم: كلُّ ساعةِ استعدادٍ أو تعطلٍ متتبَّعةٌ إلى قرارٍ بمصدرِه ووقته	غير مقيس	
OWF-0046-أ	٤-٥	الاستعدادُ والتعطلُ وأثرُ كلٍّ	حجّةُ «SB-06» — نطاقُ الحكم	اختبارُ حجّة: الحجّةُ مكتوبةٌ ومفحوصة	غير مقيس	
OWF-0046-ب	٤-٥	الاستعدادُ والتعطلُ وأثرُ كلٍّ	◆ فالمراجعُ يتتبع كلَّ ساعةٍ مفوترةٍ إلى قرارٍ بيدين لا إلى إدخالٍ صامت	اختبارُ حجّة: الحجّةُ مكتوبةٌ ومفحوصة	غير مقيس	
OWF-0047-أ	٤-٦	العملاتُ وسعرُ الصرف	حكمٌ نافذ «FX-01»	اختبارُ حكم: صفرُ قائمةٍ ماليةٍ أو تقريرٍ إداريٍّ بغيرِ الدولارِ كعملةِ عرضٍ أساسية	غير مقيس	
OWF-0047-ب	٤-٦	العملاتُ وسعرُ الصرف	◆ العملةُ الوظيفيةُ للمنصةِ الدولارُ الأمريكي: كلُّ قائمةٍ وكلُّ تقريرٍ إداريٍّ بالدولار	اختبارُ حكم: صفرُ قائمةٍ ماليةٍ أو تقريرٍ إداريٍّ بغيرِ الدولارِ كعملةِ عرضٍ أساسية	غير مقيس	
OWF-0047-ج	٤-٦	العملاتُ وسعرُ الصرف	وهو عملةُ القياسِ والعرضِ الحاكمة	اختبارُ حكم: صفرُ قائمةٍ ماليةٍ أو تقريرٍ إداريٍّ بغيرِ الدولارِ كعملةِ عرضٍ أساسية	غير مقيس	
OWF-0048-أ	٤-٦	العملاتُ وسعرُ الصرف	حجّةُ «FX-01» — نطاقُ الحكم	اختبارُ حجّة: الحجّةُ مكتوبةٌ ومفحوصة	غير مقيس	
OWF-0048-ب	٤-٦	العملاتُ وسعرُ الصرف	◆ فتوحيدُ العملةِ الوظيفيةِ شرطُ مقارنةِ الفتراتِ والمشروعاتِ · ولا تُقارَن أرقامٌ بعملاتٍ مختلطة	اختبارُ حجّة: الحجّةُ مكتوبةٌ ومفحوصة	غير مقيس	
OWF-0049-أ	٤-٦	العملاتُ وسعرُ الصرف	حكمٌ نافذ «FX-02» — وثلاثُ عملاتِ معاملةٍ — نطاقُ الحكم	اختبارُ حكم: كلُّ معاملةٍ بعملتِها ومبلغِها الأصليِّ ومعادلِها الدولاريِّ وسعرِ صرفِها	غير مقيس	
OWF-0049-ب	٤-٦	العملاتُ وسعرُ الصرف	الدولارُ والريالُ القطريُّ والجنيهُ السوداني: المعاملةُ تُسجَّل بعملتِها الأصليةِ ومبلغِها الأصليِّ	اختبارُ حكم: كلُّ معاملةٍ بعملتِها ومبلغِها الأصليِّ ومعادلِها الدولاريِّ وسعرِ صرفِها	غير مقيس	
OWF-0049-ج	٤-٦	العملاتُ وسعرُ الصرف	ثم تُعادل بالدولارِ فورًا	اختبارُ حكم: كلُّ معاملةٍ بعملتِها ومبلغِها الأصليِّ ومعادلِها الدولاريِّ وسعرِ صرفِها	غير مقيس	
OWF-0050-أ	٤-٦	العملاتُ وسعرُ الصرف	حجّةُ «FX-02» — نطاقُ الحكم	اختبارُ حجّة: الحجّةُ مكتوبةٌ ومفحوصة	غير مقيس	
OWF-0050-ب	٤-٦	العملاتُ وسعرُ الصرف	◆ فالمبلغُ الأصليُّ يبقى محفوظًا ولا يُمحى بالتعديل	اختبارُ حجّة: الحجّةُ مكتوبةٌ ومفحوصة	غير مقيس	
OWF-0050-ج	٤-٦	العملاتُ وسعرُ الصرف	والمعادلُ يُحسب ولا يُدخَل	اختبارُ حجّة: الحجّةُ مكتوبةٌ ومفحوصة	غير مقيس	
OWF-0051-أ	٤-٦	العملاتُ وسعرُ الصرف	حكمٌ نافذ «FX-03»	اختبارُ حكم: كلُّ معادلٍ دولاريٍّ يحمل مصدرَ سعرِه من الثلاثةِ صريحًا	غير مقيس	
OWF-0051-ب	٤-٦	العملاتُ وسعرُ الصرف	◆ سعرُ الصرفِ من ثلاثةِ مصادرَ بترتيبِ أولوية: أولًا سعرُ المعاملةِ إن أُدخل فيها · ثم السعرُ اليوميُّ المُدخَلُ يدويًّا · ثم السعرُ المعروفُ الثابتُ للريالِ القطري	اختبارُ حكم: كلُّ معادلٍ دولاريٍّ يحمل مصدرَ سعرِه من الثلاثةِ صريحًا	غير مقيس	
OWF-0052-أ	٤-٦	العملاتُ وسعرُ الصرف	حجّةُ «FX-03» — نطاقُ الحكم	اختبارُ حجّة: الحجّةُ مكتوبةٌ ومفحوصة	غير مقيس	
OWF-0052-ب	٤-٦	العملاتُ وسعرُ الصرف	◆ والأولويةُ تنزل ولا تصعد: فسعرُ المعاملةِ يغلب اليوميَّ واليوميُّ يغلب الثابت	اختبارُ حجّة: الحجّةُ مكتوبةٌ ومفحوصة	غير مقيس	
OWF-0053-أ	٤-٦	العملاتُ وسعرُ الصرف	حكمٌ نافذ «FX-04» — ◆ السعرُ اليوميُّ يُدخَل مرةً ويُعتمد — نطاقُ الحكم	اختبارُ حكم: صفرُ تعديلٍ لسعرِ صرفٍ استُعمل في قيدٍ منشور	غير مقيس	
OWF-0053-ب	٤-٦	العملاتُ وسعرُ الصرف	يُدخِله محاسبُ التسوياتِ ويعتمده رئيسُ الحساباتِ	اختبارُ حكم: صفرُ تعديلٍ لسعرِ صرفٍ استُعمل في قيدٍ منشور	غير مقيس	
OWF-0053-ج	٤-٦	العملاتُ وسعرُ الصرف	ولا يُعدَّل بعدَ استعمالِه في قيد	اختبارُ حكم: صفرُ تعديلٍ لسعرِ صرفٍ استُعمل في قيدٍ منشور	غير مقيس	
OWF-0054-أ	٤-٦	العملاتُ وسعرُ الصرف	حجّةُ «FX-04» — نطاقُ الحكم	اختبارُ حجّة: الحجّةُ مكتوبةٌ ومفحوصة	غير مقيس	
OWF-0054-ب	٤-٦	العملاتُ وسعرُ الصرف	◆ فسعرٌ يتغير بعدَ القيدِ يُفسد القيدَ ويكسر التتبع · والتصحيحُ سعرٌ جديدٌ لتاريخٍ جديد	اختبارُ حجّة: الحجّةُ مكتوبةٌ ومفحوصة	غير مقيس	
OWF-0055-أ	٤-٦	العملاتُ وسعرُ الصرف	حكمٌ نافذ «FX-05»	اختبارُ حكم: كلُّ عمليةِ شراءٍ بلقطةِ سعرِ صرفٍ مثبَّتةٍ بتاريخها	غير مقيس	
OWF-0055-ب	٤-٦	العملاتُ وسعرُ الصرف	◆ سعرُ الصرفِ في عمليةِ الشراءِ يُثبَّت لقطةً ثم يُعتمد الدفع: يُحدَّد عند الشراءِ ويُثبَّت لقطةً في المستند ثم يُعتمد الدفعُ بعدَها	اختبارُ حكم: كلُّ عمليةِ شراءٍ بلقطةِ سعرِ صرفٍ مثبَّتةٍ بتاريخها	غير مقيس	
OWF-0055-ج	٤-٦	العملاتُ وسعرُ الصرف	ولا يُعتمد دفعٌ قبلَ تثبيتِ اللقطةِ ولا يتغير بتغيرِ السعرِ لاحقًا	اختبارُ حكم: كلُّ عمليةِ شراءٍ بلقطةِ سعرِ صرفٍ مثبَّتةٍ بتاريخها	غير مقيس	
OWF-0056-أ	٤-٦	العملاتُ وسعرُ الصرف	حجّةُ «FX-05» — نطاقُ الحكم	اختبارُ حجّة: الحجّةُ مكتوبةٌ ومفحوصة	غير مقيس	
OWF-0056-ب	٤-٦	العملاتُ وسعرُ الصرف	◆ فالمشترى بسعرِ يومِه لا بسعرِ يومِ المراجعة · واللقطةُ تحمي التكلفةَ من إعادةِ الاحتساب	اختبارُ حجّة: الحجّةُ مكتوبةٌ ومفحوصة	غير مقيس	
OWF-0057-أ	٤-٦	العملاتُ وسعرُ الصرف	حكمٌ نافذ «FX-06»	اختبارُ حكم: كلُّ فترةِ إقفالٍ لها احتسابُ فروقِ صرفٍ مقيَّدٌ بحسابه	غير مقيس	
OWF-0057-ب	٤-٦	العملاتُ وسعرُ الصرف	وفروقُ الصرفِ تُحتسب في الإقفالِ وتُقيَّد بحسابها: الفرقُ بين سعرِ التسجيلِ وسعرِ الإقفالِ يُحتسب دوريًّا ويُقيَّد ربحًا أو خسارةً غيرَ محققة	اختبارُ حكم: كلُّ فترةِ إقفالٍ لها احتسابُ فروقِ صرفٍ مقيَّدٌ بحسابه	غير مقيس	
OWF-0058	٤-٦	العملاتُ وسعرُ الصرف	حجّةُ «FX-06»: ◆ ولا يُهمَل الفرقُ ولا يُدفن في حسابِ التسويات	اختبارُ حجّة: الحجّةُ مكتوبةٌ ومفحوصة	غير مقيس	
OWF-0059-أ	٤-٧	الكياناتُ الشقيقةُ عملاءُ	حكمٌ نافذ «SI-01»	اختبارُ حكم: صفرُ مسارٍ خاصٍّ لعميلٍ بحكمِ كونِه شقيقًا	غير مقيس	
OWF-0059-ب	٤-٧	الكياناتُ الشقيقةُ عملاءُ	◆ الشركةُ الشقيقةُ عميلٌ خارجيٌّ في النظام: تُسجَّل عميلًا كغيرِها: سجلٌّ وعقدٌ وحاوياتٌ ومستخلصٌ وفاتورةٌ وذمةٌ مدينة	اختبارُ حكم: صفرُ مسارٍ خاصٍّ لعميلٍ بحكمِ كونِه شقيقًا	غير مقيس	
OWF-0060-أ	٤-٧	الكياناتُ الشقيقةُ عملاءُ	حجّةُ «SI-01» — نطاقُ الحكم	اختبارُ حجّة: الحجّةُ مكتوبةٌ ومفحوصة	غير مقيس	
OWF-0060-ب	٤-٧	الكياناتُ الشقيقةُ عملاءُ	◆ ولا خصوصيةَ لها ولا مسارَ موازٍ	اختبارُ حجّة: الحجّةُ مكتوبةٌ ومفحوصة	غير مقيس	
OWF-0060-ج	٤-٧	الكياناتُ الشقيقةُ عملاءُ	فالمعالجةُ الخاصةُ تُنشئ استثناءً يُفسد المقارنة	اختبارُ حجّة: الحجّةُ مكتوبةٌ ومفحوصة	غير مقيس	
OWF-0061-أ	٤-٧	الكياناتُ الشقيقةُ عملاءُ	حكمٌ نافذ «SI-02» — وما لم يُسدَّد يصير ذمةً مدينةً كغيره — نطاقُ الحكم	اختبارُ حكم: ذمةُ الشقيقةِ في أعمارِ الذممِ بلا استثناء	غير مقيس	
OWF-0061-ب	٤-٧	الكياناتُ الشقيقةُ عملاءُ	تدخل أعمارَ الذممِ وتُخفض من حدِّ ائتمانِها وتُنشر إشارةُ إنذارٍ عند التأخر	اختبارُ حكم: ذمةُ الشقيقةِ في أعمارِ الذممِ بلا استثناء	غير مقيس	
OWF-0062-أ	٤-٧	الكياناتُ الشقيقةُ عملاءُ	حجّةُ «SI-02» — نطاقُ الحكم	اختبارُ حجّة: الحجّةُ مكتوبةٌ ومفحوصة	غير مقيس	
OWF-0062-ب	٤-٧	الكياناتُ الشقيقةُ عملاءُ	◆ فالإعفاءُ من أعمارِ الذممِ يُخفي تعرضًا حقيقيًّا في القوائم	اختبارُ حجّة: الحجّةُ مكتوبةٌ ومفحوصة	غير مقيس	
OWF-0063-أ	٤-٧	الكياناتُ الشقيقةُ عملاءُ	حكمٌ نافذ «SI-03»	اختبارُ حكم: دفترُ القروضِ فارغٌ بوسمِه · والمديونيةُ في أعمارِ الذممِ · ومسارُ التسويةِ معلَنٌ نحوَ الأم	غير مقيس	
OWF-0063-ب	٤-٧	الكياناتُ الشقيقةُ عملاءُ	◆ ثلاثُ طبقاتٍ لا اثنتان	اختبارُ حكم: دفترُ القروضِ فارغٌ بوسمِه · والمديونيةُ في أعمارِ الذممِ · ومسارُ التسويةِ معلَنٌ نحوَ الأم	غير مقيس	
OWF-0063-ج	٤-٧	الكياناتُ الشقيقةُ عملاءُ	والتسويةُ مع الشركةِ الأم: نظامُ التشغيلِ أدنى · ثم نظامُ شركةِ المقاولاتِ الذي سيُبنى · ثم نظامُ الشركةِ القابضةِ فوقَهما · وما لم تسدده الشقيقةُ يصير مديونيةً تُسوّى مع الشركةِ الأم	اختبارُ حكم: دفترُ القروضِ فارغٌ بوسمِه · والمديونيةُ في أعمارِ الذممِ · ومسارُ التسويةِ معلَنٌ نحوَ الأم	غير مقيس	
OWF-0064-أ	٤-٧	الكياناتُ الشقيقةُ عملاءُ	حجّةُ «SI-03» — نطاقُ الحكم	اختبارُ حجّة: الحجّةُ مكتوبةٌ ومفحوصة	غير مقيس	
OWF-0064-ب	٤-٧	الكياناتُ الشقيقةُ عملاءُ	◆ فالتسويةُ لا تقع بين النظامين الأدنيين بل تُرفع إلى الأمّ	اختبارُ حجّة: الحجّةُ مكتوبةٌ ومفحوصة	غير مقيس	
OWF-0064-ج	٤-٧	الكياناتُ الشقيقةُ عملاءُ	والقابضةُ تُجمّع ولا تُسوّي تفاصيلَ التشغيل · ولا حسابَ جارٍ ولا قرضٌ في نظامِ التشغيلِ والدفترُ فارغٌ بحقٍّ موسومٌ «تُسوّى مع الشركةِ الأم»	اختبارُ حجّة: الحجّةُ مكتوبةٌ ومفحوصة	غير مقيس	
OWF-0065-أ	٤-٧	الكياناتُ الشقيقةُ عملاءُ	حكمٌ نافذ «SI-05»	اختبارُ حكم: كلُّ صفٍّ بمعرّفِ كيانٍ ووسمِ طبقةٍ — وصفرُ صفٍّ بلا وسمِ طبقة	غير مقيس	
OWF-0065-ب	٤-٧	الكياناتُ الشقيقةُ عملاءُ	◆ ووسمُ العزلِ يُهيَّأ للطبقاتِ الثلاثِ اليومَ لا غدًا: كلُّ صفٍّ يحمل معرّفَ كيانِه ووسمَ طبقتِه: تشغيلٌ أو مقاولاتٌ أو قابضة	اختبارُ حكم: كلُّ صفٍّ بمعرّفِ كيانٍ ووسمِ طبقةٍ — وصفرُ صفٍّ بلا وسمِ طبقة	غير مقيس	
OWF-0065-ج	٤-٧	الكياناتُ الشقيقةُ عملاءُ	ولو لم تُبنَ الطبقتان بعد	اختبارُ حكم: كلُّ صفٍّ بمعرّفِ كيانٍ ووسمِ طبقةٍ — وصفرُ صفٍّ بلا وسمِ طبقة	غير مقيس	
OWF-0066-أ	٤-٧	الكياناتُ الشقيقةُ عملاءُ	حجّةُ «SI-05» — نطاقُ الحكم	اختبارُ حجّة: الحجّةُ مكتوبةٌ ومفحوصة	غير مقيس	
OWF-0066-ب	٤-٧	الكياناتُ الشقيقةُ عملاءُ	◆ فإضافةُ الوسمِ لاحقًا تحتاج مراجعةَ كلِّ معاملةٍ ماضيةٍ · وتهيئتُه اليومَ مجانيةٌ وغدًا مكلفة · وهو الدرسُ نفسُه في وسمِ الطرفِ ذي العلاقة: يُثبَّت قبلَ الحاجةِ لا بعدَها	اختبارُ حجّة: الحجّةُ مكتوبةٌ ومفحوصة	غير مقيس	
OWF-0067-أ	٤-٧	الكياناتُ الشقيقةُ عملاءُ	حكمٌ نافذ «SI-04»	اختبارُ حكم: كلُّ طرفٍ ذي علاقةٍ موسومٌ في سجلِّه — والوسمُ لا يُغيّر معالجتَه في هذا النظام	غير مقيس	
OWF-0067-ب	٤-٧	الكياناتُ الشقيقةُ عملاءُ	والاستبعادُ عند التجميعِ يُعلَن ولا يُنفَّذ الآن: ◆ يُوسَم العميلُ «طرفٌ ذو علاقة» ليُستبعد عند بناءِ القوائمِ الموحَّدةِ في القابضة	اختبارُ حكم: كلُّ طرفٍ ذي علاقةٍ موسومٌ في سجلِّه — والوسمُ لا يُغيّر معالجتَه في هذا النظام	غير مقيس	
OWF-0068-أ	٤-٧	الكياناتُ الشقيقةُ عملاءُ	حجّةُ «SI-04» — نطاقُ الحكم	اختبارُ حجّة: الحجّةُ مكتوبةٌ ومفحوصة	غير مقيس	
OWF-0068-ب	٤-٧	الكياناتُ الشقيقةُ عملاءُ	◆ فالوسمُ يُثبَّت اليومَ ولو لم يُستعمل	اختبارُ حجّة: الحجّةُ مكتوبةٌ ومفحوصة	غير مقيس	
OWF-0068-ج	٤-٧	الكياناتُ الشقيقةُ عملاءُ	لأن إضافتَه لاحقًا تحتاج مراجعةَ كلِّ معاملةٍ ماضية	اختبارُ حجّة: الحجّةُ مكتوبةٌ ومفحوصة	غير مقيس	
OWF-0069-أ	٤-٨	المشترياتُ المركزية	حكمٌ نافذ «CP-01»	اختبارُ حكم: الوحدةُ في الهيكلِ بدورتِها وشاشاتِها ومالكِها	غير مقيس	
OWF-0069-ب	٤-٨	المشترياتُ المركزية	◆ تُنشأ إدارةُ المشترياتِ المركزيةِ وحدةً نافذة: تتبع نائبَ الرئيسِ للشؤون الماليةِ والاستثمار	اختبارُ حكم: الوحدةُ في الهيكلِ بدورتِها وشاشاتِها ومالكِها	غير مقيس	
OWF-0069-ج	٤-٨	المشترياتُ المركزية	ونوعُ عقدِها التنظيميِّ إدارةٌ مركزية	اختبارُ حكم: الوحدةُ في الهيكلِ بدورتِها وشاشاتِها ومالكِها	غير مقيس	
OWF-0070-أ	٤-٨	المشترياتُ المركزية	حجّةُ «CP-01» — نطاقُ الحكم	اختبارُ حجّة: الحجّةُ مكتوبةٌ ومفحوصة	غير مقيس	
OWF-0070-ب	٤-٨	المشترياتُ المركزية	◆ والقرارُ المؤجَّلُ يُغلق	اختبارُ حجّة: الحجّةُ مكتوبةٌ ومفحوصة	غير مقيس	
OWF-0070-ج	٤-٨	المشترياتُ المركزية	وتُبنى دورتُها وشاشاتُها وأفعالُها كغيرِها	اختبارُ حجّة: الحجّةُ مكتوبةٌ ومفحوصة	غير مقيس	
OWF-0071-أ	٤-٨	المشترياتُ المركزية	حكمٌ نافذ «CP-02»	اختبارُ حكم: ميزانيةُ المشترياتِ = مجموعُ بندَي الإدارتين — وصفرُ بندٍ لا مصدرَ له	غير مقيس	
OWF-0071-ب	٤-٨	المشترياتُ المركزية	◆ ميزانيتُها مجمَّعةٌ من الصيانةِ والقوى التشغيلية: لا ميزانيةَ مستقلةً لها	اختبارُ حكم: ميزانيةُ المشترياتِ = مجموعُ بندَي الإدارتين — وصفرُ بندٍ لا مصدرَ له	غير مقيس	
OWF-0071-ج	٤-٨	المشترياتُ المركزية	بل مجموعُ ميزانيتَي الصيانةِ والقوى التشغيليةِ في بندِ المشتريات	اختبارُ حكم: ميزانيةُ المشترياتِ = مجموعُ بندَي الإدارتين — وصفرُ بندٍ لا مصدرَ له	غير مقيس	
OWF-0072-أ	٤-٨	المشترياتُ المركزية	حجّةُ «CP-02» — نطاقُ الحكم	اختبارُ حجّة: الحجّةُ مكتوبةٌ ومفحوصة	غير مقيس	
OWF-0072-ب	٤-٨	المشترياتُ المركزية	◆ فهي تشتري لغيرِها لا لنفسِها · والميزانيةُ تبقى مملوكةً لطالبِها وتُنفَّذ مركزيًّا	اختبارُ حجّة: الحجّةُ مكتوبةٌ ومفحوصة	غير مقيس	
OWF-0073-أ	٤-٨	المشترياتُ المركزية	حكمٌ نافذ «CP-03» — وتعتمدها الإدارةُ الماليةُ سنويًّا — نطاقُ الحكم	اختبارُ حكم: صفرُ ميزانيةِ مشترياتٍ سارية بلا اعتمادِ المالية	غير مقيس	
OWF-0073-ب	٤-٨	المشترياتُ المركزية	التجميعُ يُعرض على الماليةِ فتعتمده	اختبارُ حكم: صفرُ ميزانيةِ مشترياتٍ سارية بلا اعتمادِ المالية	غير مقيس	
OWF-0073-ج	٤-٨	المشترياتُ المركزية	ولا يسري قبلَ اعتمادها	اختبارُ حكم: صفرُ ميزانيةِ مشترياتٍ سارية بلا اعتمادِ المالية	غير مقيس	
OWF-0074	٤-٨	المشترياتُ المركزية	حجّةُ «CP-03»: ◆ فالماليةُ تحسم كفايةَ التمويلِ لا حاجةَ الشراء	اختبارُ حجّة: الحجّةُ مكتوبةٌ ومفحوصة	غير مقيس	
OWF-0075-أ	٤-٨	المشترياتُ المركزية	حكمٌ نافذ «CP-04» — ◆ سقفُ تصديقٍ يوميٌّ وسقفٌ شهريّ — نطاقُ الحكم	اختبارُ حكم: صفرُ صرفٍ يتجاوز سقفًا من الاثنين بلا تصعيدٍ معتمد	غير مقيس	
OWF-0075-ب	٤-٨	المشترياتُ المركزية	سقفٌ يوميٌّ للصرفِ الجاري وسقفٌ شهريٌّ للمجموع	اختبارُ حكم: صفرُ صرفٍ يتجاوز سقفًا من الاثنين بلا تصعيدٍ معتمد	غير مقيس	
OWF-0075-ج	٤-٨	المشترياتُ المركزية	وبلوغُ أحدِهما يوقف حتى الفترةِ التالية أو تصعيدٍ معتمد	اختبارُ حكم: صفرُ صرفٍ يتجاوز سقفًا من الاثنين بلا تصعيدٍ معتمد	غير مقيس	
OWF-0076-أ	٤-٨	المشترياتُ المركزية	حجّةُ «CP-04» — نطاقُ الحكم	اختبارُ حجّة: الحجّةُ مكتوبةٌ ومفحوصة	غير مقيس	
OWF-0076-ب	٤-٨	المشترياتُ المركزية	◆ فالسقفُ اليوميُّ يمنع استنفادَ الشهرِ في يومٍ · والشهريُّ يمنع تجاوزَ الميزانية	اختبارُ حجّة: الحجّةُ مكتوبةٌ ومفحوصة	غير مقيس	
OWF-0077-أ	٤-٨	المشترياتُ المركزية	حكمٌ نافذ «CP-05»	اختبارُ حكم: السقفانِ في مصفوفةِ السلطاتِ بتاريخِ اعتمادهما — وصفرُ صرفٍ بلا سقفٍ سارٍ	غير مقيس	
OWF-0077-ب	٤-٨	المشترياتُ المركزية	◆ والسقفانِ يُقرَّان بقرارٍ ماليٍّ موثَّقٍ لا يُخترعان: يُقرَّان مع اعتمادِ الميزانيةِ ويُراجعان سنويًّا	اختبارُ حكم: السقفانِ في مصفوفةِ السلطاتِ بتاريخِ اعتمادهما — وصفرُ صرفٍ بلا سقفٍ سارٍ	غير مقيس	
OWF-0077-ج	٤-٨	المشترياتُ المركزية	ويُعلَنانِ في مصفوفةِ السلطات	اختبارُ حكم: السقفانِ في مصفوفةِ السلطاتِ بتاريخِ اعتمادهما — وصفرُ صرفٍ بلا سقفٍ سارٍ	غير مقيس	
OWF-0078-أ	٤-٨	المشترياتُ المركزية	حجّةُ «CP-05» — نطاقُ الحكم	اختبارُ حجّة: الحجّةُ مكتوبةٌ ومفحوصة	غير مقيس	
OWF-0078-ب	٤-٨	المشترياتُ المركزية	◆ وحتى يُقرَّا يبقى الصرفُ المركزيُّ موقوفًا موسومًا «ينتظر سقفًا معتمدًا»	اختبارُ حجّة: الحجّةُ مكتوبةٌ ومفحوصة	غير مقيس	
OWF-0079-أ	٤-٨	المشترياتُ المركزية	حكمٌ نافذ «CP-06» — وفصلُ الواجباتِ في المشترياتِ المركزية — نطاقُ الحكم	اختبارُ حكم: قيدٌ بنيويٌّ يرفض تكليفًا يجمع دورين من الأربعة	غير مقيس	
OWF-0079-ب	٤-٨	المشترياتُ المركزية	الطالبُ من الصيانةِ أو القوى · والمنفِّذُ في المشترياتِ · والمعتمِدُ بالسقفِ · والمستلِمُ في المخازن	اختبارُ حكم: قيدٌ بنيويٌّ يرفض تكليفًا يجمع دورين من الأربعة	غير مقيس	
OWF-0080	٤-٨	المشترياتُ المركزية	حجّةُ «CP-06»: ◆ وصفرُ حسابٍ يجمع اثنين من الأربعة	اختبارُ حجّة: الحجّةُ مكتوبةٌ ومفحوصة	غير مقيس	
OWF-0081-أ	٤-٩	البنكُ والحساب	حكمٌ نافذ «BK-01» — الحسابُ البنكيُّ الرئيسُ للكيان — نطاقُ الحكم	اختبارُ حكم: الحسابُ مسجَّلٌ بتوقيعاتِه وحدودِه ووصولِه الإلكتروني	غير مقيس	
OWF-0081-ب	٤-٩	البنكُ والحساب	بنكُ الخرطومِ — فرعُ الفردوس	اختبارُ حكم: الحسابُ مسجَّلٌ بتوقيعاتِه وحدودِه ووصولِه الإلكتروني	غير مقيس	
OWF-0081-ج	٤-٩	البنكُ والحساب	رقمُ الحسابِ ٢٧٧٠٤٣	اختبارُ حكم: الحسابُ مسجَّلٌ بتوقيعاتِه وحدودِه ووصولِه الإلكتروني	غير مقيس	
OWF-0082-أ	٤-٩	البنكُ والحساب	حجّةُ «BK-01» — نطاقُ الحكم	اختبارُ حجّة: الحجّةُ مكتوبةٌ ومفحوصة	غير مقيس	
OWF-0082-ب	٤-٩	البنكُ والحساب	◆ ويُسجَّل في سجلِّ الحساباتِ البنكيةِ بتوقيعاتِه المعتمدةِ وحدودِها	اختبارُ حجّة: الحجّةُ مكتوبةٌ ومفحوصة	غير مقيس	
OWF-0083-أ	٤-٩	البنكُ والحساب	حكمٌ نافذ «BK-02»	اختبارُ حكم: عملةُ الحسابِ معلَنةٌ في سجلِّه — وموسومةٌ «مقرَّرةٌ بالاجتهادِ تنتظر تصديقًا»	غير مقيس	
OWF-0083-ب	٤-٩	البنكُ والحساب	◆ وعملتُه الدولارُ الأمريكيُّ عملةَ قياس: ◆ قرارٌ اتخذتُه: العملةُ الوظيفيةُ دولارٌ فتكون عملةُ الحسابِ الرئيسِ دولارًا	اختبارُ حكم: عملةُ الحسابِ معلَنةٌ في سجلِّه — وموسومةٌ «مقرَّرةٌ بالاجتهادِ تنتظر تصديقًا»	غير مقيس	
OWF-0083-ج	٤-٩	البنكُ والحساب	وما وقع بعملةٍ أخرى يُعادل عند التسجيل	اختبارُ حكم: عملةُ الحسابِ معلَنةٌ في سجلِّه — وموسومةٌ «مقرَّرةٌ بالاجتهادِ تنتظر تصديقًا»	غير مقيس	
OWF-0084-أ	٤-٩	البنكُ والحساب	حجّةُ «BK-02» — نطاقُ الحكم	اختبارُ حجّة: الحجّةُ مكتوبةٌ ومفحوصة	غير مقيس	
OWF-0084-ب	٤-٩	البنكُ والحساب	◆ وإن كان الحسابُ بعملةٍ محليةٍ فعلًا فيُصحَّح البندُ بقرارٍ منك	اختبارُ حجّة: الحجّةُ مكتوبةٌ ومفحوصة	غير مقيس	
OWF-0084-ج	٤-٩	البنكُ والحساب	والوسمُ يبقى حتى يُصحَّح	اختبارُ حجّة: الحجّةُ مكتوبةٌ ومفحوصة	غير مقيس	
OWF-0085-أ	٤-٩	البنكُ والحساب	حكمٌ نافذ «BK-03»	اختبارُ حكم: الرصيدُ الافتتاحيُّ إمّا مصدَّقٌ بتاريخِه أو موسومٌ منتظرًا — وصفرُ رصيدٍ مخترَع	غير مقيس	
OWF-0085-ب	٤-٩	البنكُ والحساب	◆ والرصيدُ الافتتاحيُّ يُدخَل بقرارٍ لا يُشتق: ◆ لم يُعطَ	اختبارُ حكم: الرصيدُ الافتتاحيُّ إمّا مصدَّقٌ بتاريخِه أو موسومٌ منتظرًا — وصفرُ رصيدٍ مخترَع	غير مقيس	
OWF-0085-ج	٤-٩	البنكُ والحساب	فيبقى الحسابُ بلا رصيدٍ افتتاحيٍّ موسومًا «ينتظر رصيدًا مصدَّقًا وتاريخَه»	اختبارُ حكم: الرصيدُ الافتتاحيُّ إمّا مصدَّقٌ بتاريخِه أو موسومٌ منتظرًا — وصفرُ رصيدٍ مخترَع	غير مقيس	
OWF-0086-أ	٤-٩	البنكُ والحساب	حجّةُ «BK-03» — نطاقُ الحكم	اختبارُ حجّة: الحجّةُ مكتوبةٌ ومفحوصة	غير مقيس	
OWF-0086-ب	٤-٩	البنكُ والحساب	◆ ولا يُخترع رصيدٌ افتتاحيٌّ	اختبارُ حجّة: الحجّةُ مكتوبةٌ ومفحوصة	غير مقيس	
OWF-0086-ج	٤-٩	البنكُ والحساب	فهو نقطةُ بدايةِ كلِّ مطابقةٍ بنكيةٍ لاحقة	اختبارُ حجّة: الحجّةُ مكتوبةٌ ومفحوصة	غير مقيس	
OWF-0087-أ	٤-٩	البنكُ والحساب	حكمٌ نافذ «BK-04» — ◆ وملفُّ الحركةِ المشتقُّ ليس كشفَ بنك — نطاقُ الحكم	اختبارُ حكم: كلُّ ملفٍّ مشتقٍّ موسومٌ «محاكاةٌ للاختبار» — وصفرُ مطابقةٍ معتمدةٍ على مشتقّ	غير مقيس	
OWF-0087-ب	٤-٩	البنكُ والحساب	ما يُولَّد من حركاتِ النظامِ يُسمّى «ملفَّ محاكاةٍ للاختبار»	اختبارُ حكم: كلُّ ملفٍّ مشتقٍّ موسومٌ «محاكاةٌ للاختبار» — وصفرُ مطابقةٍ معتمدةٍ على مشتقّ	غير مقيس	
OWF-0087-ج	٤-٩	البنكُ والحساب	ولا يُستعمل دليلًا في مطابقةٍ بنكية	اختبارُ حكم: كلُّ ملفٍّ مشتقٍّ موسومٌ «محاكاةٌ للاختبار» — وصفرُ مطابقةٍ معتمدةٍ على مشتقّ	غير مقيس	
OWF-0088-أ	٤-٩	البنكُ والحساب	حجّةُ «BK-04» — نطاقُ الحكم	اختبارُ حجّة: الحجّةُ مكتوبةٌ ومفحوصة	غير مقيس	
OWF-0088-ب	٤-٩	البنكُ والحساب	◆ فالمطابقةُ الحقيقيةُ تحتاج كشفًا صادرًا من البنكِ أو من قناتِه الرسمية	اختبارُ حجّة: الحجّةُ مكتوبةٌ ومفحوصة	غير مقيس	
OWF-0103-أ	٤-١٠	نتيجةُ البذرِ المقيسة	◆ نُفِّذ البذرُ التجريبيُّ فعلًا لا وُثِّق	اختبارُ تنفيذ: ملفُّ البذرِ موجودٌ بأرقامِه لا بوصفِه	لا ينطبق على هذه القاعدة	فوارقُ مقيسة: العملاء (15⇒88) · عقودُ العملاء (15⇒120) · الوحداتُ المتعاقدُ عليها (118600⇒280958) · الحاويات (36⇒707) · الموردون (36⇒73) · المشغّلون (43⇒359) · الاستحقاقات (128⇒298) · ولا ملفَّ مولَّدًا يحمل أرقامَ الوثيقة
OWF-0103-ب	٤-١٠	نتيجةُ البذرِ المقيسة	وهذه أرقامُه المقيسةُ من الملفِّ المولَّد.	اختبارُ تنفيذ: ملفُّ البذرِ موجودٌ بأرقامِه لا بوصفِه	لا ينطبق على هذه القاعدة	فوارقُ مقيسة: العملاء (15⇒88) · عقودُ العملاء (15⇒120) · الوحداتُ المتعاقدُ عليها (118600⇒280958) · الحاويات (36⇒707) · الموردون (36⇒73) · المشغّلون (43⇒359) · الاستحقاقات (128⇒298) · ولا ملفَّ مولَّدًا يحمل أرقامَ الوثيقة
OWF-0104-أ	٤-١٠	نتيجةُ البذرِ المقيسة	نتيجةُ البذر — «العملاءُ المبذورون» — نطاقُ الحكم	اختبارُ رقم: «العملاءُ المبذورون» يطابق الملفَّ المولَّدَ بلا فرق	لا ينطبق على هذه القاعدة	فوارقُ مقيسة: العملاء (15⇒88) · عقودُ العملاء (15⇒120) · الوحداتُ المتعاقدُ عليها (118600⇒280958) · الحاويات (36⇒707) · الموردون (36⇒73) · المشغّلون (43⇒359) · الاستحقاقات (128⇒298) · ولا ملفَّ مولَّدًا يحمل أرقامَ الوثيقة
OWF-0104-ب	٤-١٠	نتيجةُ البذرِ المقيسة	15 · بحقولِهم القانونيةِ والائتمانيةِ ووسمِ الطرفِ ذي العلاقة	اختبارُ رقم: «العملاءُ المبذورون» يطابق الملفَّ المولَّدَ بلا فرق	لا ينطبق على هذه القاعدة	فوارقُ مقيسة: العملاء (15⇒88) · عقودُ العملاء (15⇒120) · الوحداتُ المتعاقدُ عليها (118600⇒280958) · الحاويات (36⇒707) · الموردون (36⇒73) · المشغّلون (43⇒359) · الاستحقاقات (128⇒298) · ولا ملفَّ مولَّدًا يحمل أرقامَ الوثيقة
OWF-0105-أ	٤-١٠	نتيجةُ البذرِ المقيسة	نتيجةُ البذر — «عقودُ العملاء» — نطاقُ الحكم	اختبارُ رقم: «عقودُ العملاء» يطابق الملفَّ المولَّدَ بلا فرق	لا ينطبق على هذه القاعدة	فوارقُ مقيسة: العملاء (15⇒88) · عقودُ العملاء (15⇒120) · الوحداتُ المتعاقدُ عليها (118600⇒280958) · الحاويات (36⇒707) · الموردون (36⇒73) · المشغّلون (43⇒359) · الاستحقاقات (128⇒298) · ولا ملفَّ مولَّدًا يحمل أرقامَ الوثيقة
OWF-0105-ب	٤-١٠	نتيجةُ البذرِ المقيسة	15 · ◆ خمسةَ عشرَ عقدًا: خمسةٌ لكلِّ نموذجٍ من الثلاثة	اختبارُ رقم: «عقودُ العملاء» يطابق الملفَّ المولَّدَ بلا فرق	لا ينطبق على هذه القاعدة	فوارقُ مقيسة: العملاء (15⇒88) · عقودُ العملاء (15⇒120) · الوحداتُ المتعاقدُ عليها (118600⇒280958) · الحاويات (36⇒707) · الموردون (36⇒73) · المشغّلون (43⇒359) · الاستحقاقات (128⇒298) · ولا ملفَّ مولَّدًا يحمل أرقامَ الوثيقة
OWF-0106-أ	٤-١٠	نتيجةُ البذرِ المقيسة	نتيجةُ البذر — «الوحداتُ المتعاقدُ عليها» — نطاقُ الحكم	اختبارُ رقم: «الوحداتُ المتعاقدُ عليها» يطابق الملفَّ المولَّدَ بلا فرق	لا ينطبق على هذه القاعدة	فوارقُ مقيسة: العملاء (15⇒88) · عقودُ العملاء (15⇒120) · الوحداتُ المتعاقدُ عليها (118600⇒280958) · الحاويات (36⇒707) · الموردون (36⇒73) · المشغّلون (43⇒359) · الاستحقاقات (128⇒298) · ولا ملفَّ مولَّدًا يحمل أرقامَ الوثيقة
OWF-0106-ب	٤-١٠	نتيجةُ البذرِ المقيسة	١١٨٬٦٠٠ · ◆ بالآلافِ كما طُلب	اختبارُ رقم: «الوحداتُ المتعاقدُ عليها» يطابق الملفَّ المولَّدَ بلا فرق	لا ينطبق على هذه القاعدة	فوارقُ مقيسة: العملاء (15⇒88) · عقودُ العملاء (15⇒120) · الوحداتُ المتعاقدُ عليها (118600⇒280958) · الحاويات (36⇒707) · الموردون (36⇒73) · المشغّلون (43⇒359) · الاستحقاقات (128⇒298) · ولا ملفَّ مولَّدًا يحمل أرقامَ الوثيقة
OWF-0106-ج	٤-١٠	نتيجةُ البذرِ المقيسة	لا بالعشراتِ ولا بالمئات	اختبارُ رقم: «الوحداتُ المتعاقدُ عليها» يطابق الملفَّ المولَّدَ بلا فرق	لا ينطبق على هذه القاعدة	فوارقُ مقيسة: العملاء (15⇒88) · عقودُ العملاء (15⇒120) · الوحداتُ المتعاقدُ عليها (118600⇒280958) · الحاويات (36⇒707) · الموردون (36⇒73) · المشغّلون (43⇒359) · الاستحقاقات (128⇒298) · ولا ملفَّ مولَّدًا يحمل أرقامَ الوثيقة
OWF-0107-أ	٤-١٠	نتيجةُ البذرِ المقيسة	نتيجةُ البذر — «قيمةُ العقود» — نطاقُ الحكم	اختبارُ رقم: «قيمةُ العقود» يطابق الملفَّ المولَّدَ بلا فرق	لا ينطبق على هذه القاعدة	فوارقُ مقيسة: العملاء (15⇒88) · عقودُ العملاء (15⇒120) · الوحداتُ المتعاقدُ عليها (118600⇒280958) · الحاويات (36⇒707) · الموردون (36⇒73) · المشغّلون (43⇒359) · الاستحقاقات (128⇒298) · ولا ملفَّ مولَّدًا يحمل أرقامَ الوثيقة
OWF-0107-ب	٤-١٠	نتيجةُ البذرِ المقيسة	٢٬١٣٧٬٦٥٠ دولارًا · بالعملةِ الوظيفيةِ الدولار	اختبارُ رقم: «قيمةُ العقود» يطابق الملفَّ المولَّدَ بلا فرق	لا ينطبق على هذه القاعدة	فوارقُ مقيسة: العملاء (15⇒88) · عقودُ العملاء (15⇒120) · الوحداتُ المتعاقدُ عليها (118600⇒280958) · الحاويات (36⇒707) · الموردون (36⇒73) · المشغّلون (43⇒359) · الاستحقاقات (128⇒298) · ولا ملفَّ مولَّدًا يحمل أرقامَ الوثيقة
OWF-0108-أ	٤-١٠	نتيجةُ البذرِ المقيسة	نتيجةُ البذر — «الاستحقاقاتُ المولَّدة» — نطاقُ الحكم	اختبارُ رقم: «الاستحقاقاتُ المولَّدة» يطابق الملفَّ المولَّدَ بلا فرق	لا ينطبق على هذه القاعدة	فوارقُ مقيسة: العملاء (15⇒88) · عقودُ العملاء (15⇒120) · الوحداتُ المتعاقدُ عليها (118600⇒280958) · الحاويات (36⇒707) · الموردون (36⇒73) · المشغّلون (43⇒359) · الاستحقاقات (128⇒298) · ولا ملفَّ مولَّدًا يحمل أرقامَ الوثيقة
OWF-0108-ب	٤-١٠	نتيجةُ البذرِ المقيسة	128 · ◆ منها سبعةٌ وعشرون كسريةٌ محسوبةٌ بالتناسبِ اليوميّ	اختبارُ رقم: «الاستحقاقاتُ المولَّدة» يطابق الملفَّ المولَّدَ بلا فرق	لا ينطبق على هذه القاعدة	فوارقُ مقيسة: العملاء (15⇒88) · عقودُ العملاء (15⇒120) · الوحداتُ المتعاقدُ عليها (118600⇒280958) · الحاويات (36⇒707) · الموردون (36⇒73) · المشغّلون (43⇒359) · الاستحقاقات (128⇒298) · ولا ملفَّ مولَّدًا يحمل أرقامَ الوثيقة
OWF-0109-أ	٤-١٠	نتيجةُ البذرِ المقيسة	نتيجةُ البذر — «الحاويات» — نطاقُ الحكم	اختبارُ رقم: «الحاويات» يطابق الملفَّ المولَّدَ بلا فرق	لا ينطبق على هذه القاعدة	فوارقُ مقيسة: العملاء (15⇒88) · عقودُ العملاء (15⇒120) · الوحداتُ المتعاقدُ عليها (118600⇒280958) · الحاويات (36⇒707) · الموردون (36⇒73) · المشغّلون (43⇒359) · الاستحقاقات (128⇒298) · ولا ملفَّ مولَّدًا يحمل أرقامَ الوثيقة
OWF-0109-ب	٤-١٠	نتيجةُ البذرِ المقيسة	36 · موزَّعةٌ على العقودِ بمجموعٍ لا يتجاوز الحصةَ الكلية	اختبارُ رقم: «الحاويات» يطابق الملفَّ المولَّدَ بلا فرق	لا ينطبق على هذه القاعدة	فوارقُ مقيسة: العملاء (15⇒88) · عقودُ العملاء (15⇒120) · الوحداتُ المتعاقدُ عليها (118600⇒280958) · الحاويات (36⇒707) · الموردون (36⇒73) · المشغّلون (43⇒359) · الاستحقاقات (128⇒298) · ولا ملفَّ مولَّدًا يحمل أرقامَ الوثيقة
OWF-0110-أ	٤-١٠	نتيجةُ البذرِ المقيسة	نتيجةُ البذر — «الموردون» — نطاقُ الحكم	اختبارُ رقم: «الموردون» يطابق الملفَّ المولَّدَ بلا فرق	لا ينطبق على هذه القاعدة	فوارقُ مقيسة: العملاء (15⇒88) · عقودُ العملاء (15⇒120) · الوحداتُ المتعاقدُ عليها (118600⇒280958) · الحاويات (36⇒707) · الموردون (36⇒73) · المشغّلون (43⇒359) · الاستحقاقات (128⇒298) · ولا ملفَّ مولَّدًا يحمل أرقامَ الوثيقة
OWF-0110-ب	٤-١٠	نتيجةُ البذرِ المقيسة	36 · ◆ كلٌّ بسجلٍّ ثم عقدٍ ثم حصةٍ	اختبارُ رقم: «الموردون» يطابق الملفَّ المولَّدَ بلا فرق	لا ينطبق على هذه القاعدة	فوارقُ مقيسة: العملاء (15⇒88) · عقودُ العملاء (15⇒120) · الوحداتُ المتعاقدُ عليها (118600⇒280958) · الحاويات (36⇒707) · الموردون (36⇒73) · المشغّلون (43⇒359) · الاستحقاقات (128⇒298) · ولا ملفَّ مولَّدًا يحمل أرقامَ الوثيقة
OWF-0110-ج	٤-١٠	نتيجةُ البذرِ المقيسة	من الصفرِ لا من العقد	اختبارُ رقم: «الموردون» يطابق الملفَّ المولَّدَ بلا فرق	لا ينطبق على هذه القاعدة	فوارقُ مقيسة: العملاء (15⇒88) · عقودُ العملاء (15⇒120) · الوحداتُ المتعاقدُ عليها (118600⇒280958) · الحاويات (36⇒707) · الموردون (36⇒73) · المشغّلون (43⇒359) · الاستحقاقات (128⇒298) · ولا ملفَّ مولَّدًا يحمل أرقامَ الوثيقة
OWF-0111-أ	٤-١٠	نتيجةُ البذرِ المقيسة	نتيجةُ البذر — «عقودُ الموردين» — نطاقُ الحكم	اختبارُ رقم: «عقودُ الموردين» يطابق الملفَّ المولَّدَ بلا فرق	لا ينطبق على هذه القاعدة	فوارقُ مقيسة: العملاء (15⇒88) · عقودُ العملاء (15⇒120) · الوحداتُ المتعاقدُ عليها (118600⇒280958) · الحاويات (36⇒707) · الموردون (36⇒73) · المشغّلون (43⇒359) · الاستحقاقات (128⇒298) · ولا ملفَّ مولَّدًا يحمل أرقامَ الوثيقة
OWF-0111-ب	٤-١٠	نتيجةُ البذرِ المقيسة	36 · بتاريخِ تعاقدِ كلٍّ هو لا بتاريخِ عقدِ العميل	اختبارُ رقم: «عقودُ الموردين» يطابق الملفَّ المولَّدَ بلا فرق	لا ينطبق على هذه القاعدة	فوارقُ مقيسة: العملاء (15⇒88) · عقودُ العملاء (15⇒120) · الوحداتُ المتعاقدُ عليها (118600⇒280958) · الحاويات (36⇒707) · الموردون (36⇒73) · المشغّلون (43⇒359) · الاستحقاقات (128⇒298) · ولا ملفَّ مولَّدًا يحمل أرقامَ الوثيقة
OWF-0112-أ	٤-١٠	نتيجةُ البذرِ المقيسة	نتيجةُ البذر — «التزاماتُ الموردين» — نطاقُ الحكم	اختبارُ رقم: «التزاماتُ الموردين» يطابق الملفَّ المولَّدَ بلا فرق	لا ينطبق على هذه القاعدة	فوارقُ مقيسة: العملاء (15⇒88) · عقودُ العملاء (15⇒120) · الوحداتُ المتعاقدُ عليها (118600⇒280958) · الحاويات (36⇒707) · الموردون (36⇒73) · المشغّلون (43⇒359) · الاستحقاقات (128⇒298) · ولا ملفَّ مولَّدًا يحمل أرقامَ الوثيقة
OWF-0112-ب	٤-١٠	نتيجةُ البذرِ المقيسة	279 · ◆ منها مئتانِ وأربعةٌ وأربعون قصيرَ الأجلِ والباقي طويل	اختبارُ رقم: «التزاماتُ الموردين» يطابق الملفَّ المولَّدَ بلا فرق	لا ينطبق على هذه القاعدة	فوارقُ مقيسة: العملاء (15⇒88) · عقودُ العملاء (15⇒120) · الوحداتُ المتعاقدُ عليها (118600⇒280958) · الحاويات (36⇒707) · الموردون (36⇒73) · المشغّلون (43⇒359) · الاستحقاقات (128⇒298) · ولا ملفَّ مولَّدًا يحمل أرقامَ الوثيقة
OWF-0113-أ	٤-١٠	نتيجةُ البذرِ المقيسة	نتيجةُ البذر — «المعدات» — نطاقُ الحكم	اختبارُ رقم: «المعدات» يطابق الملفَّ المولَّدَ بلا فرق	لا ينطبق على هذه القاعدة	فوارقُ مقيسة: العملاء (15⇒88) · عقودُ العملاء (15⇒120) · الوحداتُ المتعاقدُ عليها (118600⇒280958) · الحاويات (36⇒707) · الموردون (36⇒73) · المشغّلون (43⇒359) · الاستحقاقات (128⇒298) · ولا ملفَّ مولَّدًا يحمل أرقامَ الوثيقة
OWF-0113-ب	٤-١٠	نتيجةُ البذرِ المقيسة	43 · موزَّعةٌ على الحاوياتِ بأساسيةٍ واحتياطية	اختبارُ رقم: «المعدات» يطابق الملفَّ المولَّدَ بلا فرق	لا ينطبق على هذه القاعدة	فوارقُ مقيسة: العملاء (15⇒88) · عقودُ العملاء (15⇒120) · الوحداتُ المتعاقدُ عليها (118600⇒280958) · الحاويات (36⇒707) · الموردون (36⇒73) · المشغّلون (43⇒359) · الاستحقاقات (128⇒298) · ولا ملفَّ مولَّدًا يحمل أرقامَ الوثيقة
OWF-0114-أ	٤-١٠	نتيجةُ البذرِ المقيسة	نتيجةُ البذر — «المشغّلون» — نطاقُ الحكم	اختبارُ رقم: «المشغّلون» يطابق الملفَّ المولَّدَ بلا فرق	لا ينطبق على هذه القاعدة	فوارقُ مقيسة: العملاء (15⇒88) · عقودُ العملاء (15⇒120) · الوحداتُ المتعاقدُ عليها (118600⇒280958) · الحاويات (36⇒707) · الموردون (36⇒73) · المشغّلون (43⇒359) · الاستحقاقات (128⇒298) · ولا ملفَّ مولَّدًا يحمل أرقامَ الوثيقة
OWF-0114-ب	٤-١٠	نتيجةُ البذرِ المقيسة	43 · ◆ منهم أربعةٌ وعشرون بحافزٍ منصوصٍ في عقدِه والباقي بلا	اختبارُ رقم: «المشغّلون» يطابق الملفَّ المولَّدَ بلا فرق	لا ينطبق على هذه القاعدة	فوارقُ مقيسة: العملاء (15⇒88) · عقودُ العملاء (15⇒120) · الوحداتُ المتعاقدُ عليها (118600⇒280958) · الحاويات (36⇒707) · الموردون (36⇒73) · المشغّلون (43⇒359) · الاستحقاقات (128⇒298) · ولا ملفَّ مولَّدًا يحمل أرقامَ الوثيقة
OWF-0115-أ	٤-١٠	نتيجةُ البذرِ المقيسة	نتيجةُ البذر — «عقودٌ بوقودٍ على العميل» — نطاقُ الحكم	اختبارُ رقم: «عقودٌ بوقودٍ على العميل» يطابق الملفَّ المولَّدَ بلا فرق	لا ينطبق على هذه القاعدة	فوارقُ مقيسة: العملاء (15⇒88) · عقودُ العملاء (15⇒120) · الوحداتُ المتعاقدُ عليها (118600⇒280958) · الحاويات (36⇒707) · الموردون (36⇒73) · المشغّلون (43⇒359) · الاستحقاقات (128⇒298) · ولا ملفَّ مولَّدًا يحمل أرقامَ الوثيقة
OWF-0115-ب	٤-١٠	نتيجةُ البذرِ المقيسة	٨ من ١٥ · ◆ والباقي على الشركةِ فيُسجَّل سعرُه في الماليةِ وحدَها	اختبارُ رقم: «عقودٌ بوقودٍ على العميل» يطابق الملفَّ المولَّدَ بلا فرق	لا ينطبق على هذه القاعدة	فوارقُ مقيسة: العملاء (15⇒88) · عقودُ العملاء (15⇒120) · الوحداتُ المتعاقدُ عليها (118600⇒280958) · الحاويات (36⇒707) · الموردون (36⇒73) · المشغّلون (43⇒359) · الاستحقاقات (128⇒298) · ولا ملفَّ مولَّدًا يحمل أرقامَ الوثيقة
OWF-0116-أ	٤-١٠	نتيجةُ البذرِ المقيسة	نتيجةُ البذر — «أطرافٌ ذاتُ علاقةٍ موسومة» — نطاقُ الحكم	اختبارُ رقم: «أطرافٌ ذاتُ علاقةٍ موسومة» يطابق الملفَّ المولَّدَ بلا فرق	لا ينطبق على هذه القاعدة	فوارقُ مقيسة: العملاء (15⇒88) · عقودُ العملاء (15⇒120) · الوحداتُ المتعاقدُ عليها (118600⇒280958) · الحاويات (36⇒707) · الموردون (36⇒73) · المشغّلون (43⇒359) · الاستحقاقات (128⇒298) · ولا ملفَّ مولَّدًا يحمل أرقامَ الوثيقة
OWF-0116-ب	٤-١٠	نتيجةُ البذرِ المقيسة	1 · ◆ إكوبيشن للمقاولاتِ موسومةٌ وتُعامل عميلًا خارجيًّا بلا خصوصية	اختبارُ رقم: «أطرافٌ ذاتُ علاقةٍ موسومة» يطابق الملفَّ المولَّدَ بلا فرق	لا ينطبق على هذه القاعدة	فوارقُ مقيسة: العملاء (15⇒88) · عقودُ العملاء (15⇒120) · الوحداتُ المتعاقدُ عليها (118600⇒280958) · الحاويات (36⇒707) · الموردون (36⇒73) · المشغّلون (43⇒359) · الاستحقاقات (128⇒298) · ولا ملفَّ مولَّدًا يحمل أرقامَ الوثيقة
OWF-0117-أ	٤-١٠	نتيجةُ البذرِ المقيسة	◆ وكلُّ صفٍّ مبذورٍ يحمل وسمَ «بيانِ اختبارٍ» ووسمَ طبقتِه	اختبارُ وسم: صفرُ صفٍّ مبذورٍ بلا وسمِ اختبارٍ وطبقة	لا ينطبق على هذه القاعدة	فوارقُ مقيسة: العملاء (15⇒88) · عقودُ العملاء (15⇒120) · الوحداتُ المتعاقدُ عليها (118600⇒280958) · الحاويات (36⇒707) · الموردون (36⇒73) · المشغّلون (43⇒359) · الاستحقاقات (128⇒298) · ولا ملفَّ مولَّدًا يحمل أرقامَ الوثيقة
OWF-0117-ب	٤-١٠	نتيجةُ البذرِ المقيسة	فيُعزل أو يُمحى بلا لمسِ بيانٍ حقيقي.	اختبارُ وسم: صفرُ صفٍّ مبذورٍ بلا وسمِ اختبارٍ وطبقة	لا ينطبق على هذه القاعدة	فوارقُ مقيسة: العملاء (15⇒88) · عقودُ العملاء (15⇒120) · الوحداتُ المتعاقدُ عليها (118600⇒280958) · الحاويات (36⇒707) · الموردون (36⇒73) · المشغّلون (43⇒359) · الاستحقاقات (128⇒298) · ولا ملفَّ مولَّدًا يحمل أرقامَ الوثيقة
OWF-0118-أ	٤-١٠	نتيجةُ البذرِ المقيسة	◆ والسلسلةُ متصلةٌ من سجلِّ العميلِ إلى المشغّل — نطاقُ الحكم	اختبارُ سلسلة: كلُّ مشغّلٍ متتبَّعٌ صعودًا إلى عقدِ عميلٍ وسجلِّه	لا ينطبق على هذه القاعدة	فوارقُ مقيسة: العملاء (15⇒88) · عقودُ العملاء (15⇒120) · الوحداتُ المتعاقدُ عليها (118600⇒280958) · الحاويات (36⇒707) · الموردون (36⇒73) · المشغّلون (43⇒359) · الاستحقاقات (128⇒298) · ولا ملفَّ مولَّدًا يحمل أرقامَ الوثيقة
OWF-0118-ب	٤-١٠	نتيجةُ البذرِ المقيسة	عميلٌ ← عقدٌ ← جدولُ استحقاقٍ ← حاويةٌ ← موردٌ بسجلِّه ← عقدُه ← حصتُه ← معداتُه ← مشغّلوها	اختبارُ سلسلة: كلُّ مشغّلٍ متتبَّعٌ صعودًا إلى عقدِ عميلٍ وسجلِّه	لا ينطبق على هذه القاعدة	فوارقُ مقيسة: العملاء (15⇒88) · عقودُ العملاء (15⇒120) · الوحداتُ المتعاقدُ عليها (118600⇒280958) · الحاويات (36⇒707) · الموردون (36⇒73) · المشغّلون (43⇒359) · الاستحقاقات (128⇒298) · ولا ملفَّ مولَّدًا يحمل أرقامَ الوثيقة
OWF-0118-ج	٤-١٠	نتيجةُ البذرِ المقيسة	بلا انقطاعٍ في حلقةٍ واحدة.	اختبارُ سلسلة: كلُّ مشغّلٍ متتبَّعٌ صعودًا إلى عقدِ عميلٍ وسجلِّه	لا ينطبق على هذه القاعدة	فوارقُ مقيسة: العملاء (15⇒88) · عقودُ العملاء (15⇒120) · الوحداتُ المتعاقدُ عليها (118600⇒280958) · الحاويات (36⇒707) · الموردون (36⇒73) · المشغّلون (43⇒359) · الاستحقاقات (128⇒298) · ولا ملفَّ مولَّدًا يحمل أرقامَ الوثيقة
OWF-0089-أ	٤-١١	البذرُ التجريبيُّ الكامل	حكمٌ نافذ «SD-01» — ◆ ثلاثةُ نماذجِ عملٍ وخمسةُ عقودٍ لكلٍّ — نطاقُ الحكم	اختبارُ حكم: خمسةَ عشرَ عقدًا نافذًا موزَّعةً على النماذجِ الثلاثةِ وعلى المدتين	غير مقيس	
OWF-0089-ب	٤-١١	البذرُ التجريبيُّ الكامل	تأجيرٌ بالساعةِ · نقلٌ بالطنِّ · تخريمٌ بالمترِ	اختبارُ حكم: خمسةَ عشرَ عقدًا نافذًا موزَّعةً على النماذجِ الثلاثةِ وعلى المدتين	غير مقيس	
OWF-0089-ج	٤-١١	البذرُ التجريبيُّ الكامل	خمسةُ عقودٍ لكلِّ نموذجٍ فخمسةَ عشرَ عقدًا	اختبارُ حكم: خمسةَ عشرَ عقدًا نافذًا موزَّعةً على النماذجِ الثلاثةِ وعلى المدتين	غير مقيس	
OWF-0090-أ	٤-١١	البذرُ التجريبيُّ الكامل	حجّةُ «SD-01» — نطاقُ الحكم	اختبارُ حجّة: الحجّةُ مكتوبةٌ ومفحوصة	غير مقيس	
OWF-0090-ب	٤-١١	البذرُ التجريبيُّ الكامل	◆ ولكلِّ نموذجٍ عقدٌ سنويٌّ وعقدٌ شهريٌّ على الأقلِّ ليُختبر الفرقُ في جدولِ الاستحقاق	اختبارُ حجّة: الحجّةُ مكتوبةٌ ومفحوصة	غير مقيس	
OWF-0091-أ	٤-١١	البذرُ التجريبيُّ الكامل	حكمٌ نافذ «SD-02» — والوحداتُ بالآلافِ لكلِّ عقد — نطاقُ الحكم	اختبارُ حكم: كلُّ عقدٍ بآلافِ الوحداتِ موزَّعةً على فتراتِه	غير مقيس	
OWF-0091-ب	٤-١١	البذرُ التجريبيُّ الكامل	عددُ الوحداتِ السنويةِ بالآلافِ	اختبارُ حكم: كلُّ عقدٍ بآلافِ الوحداتِ موزَّعةً على فتراتِه	غير مقيس	
OWF-0091-ج	٤-١١	البذرُ التجريبيُّ الكامل	فيُختبر الأداءُ والفلاترُ والمناظرُ لا صحةُ الدورةِ وحدَها	اختبارُ حكم: كلُّ عقدٍ بآلافِ الوحداتِ موزَّعةً على فتراتِه	غير مقيس	
OWF-0092-أ	٤-١١	البذرُ التجريبيُّ الكامل	حجّةُ «SD-02» — نطاقُ الحكم	اختبارُ حجّة: الحجّةُ مكتوبةٌ ومفحوصة	غير مقيس	
OWF-0092-ب	٤-١١	البذرُ التجريبيُّ الكامل	◆ فمئاتُ الوحداتِ تُثبت أن الدورةَ تعمل · وآلافُها تكشف ما تُخفيه المئات	اختبارُ حجّة: الحجّةُ مكتوبةٌ ومفحوصة	غير مقيس	
OWF-0093-أ	٤-١١	البذرُ التجريبيُّ الكامل	حكمٌ نافذ «SD-03» — ◆ ودورةُ العميلِ من الصفرِ لا من العقد — نطاقُ الحكم	اختبارُ حكم: كلُّ عقدٍ مرتبطٌ بسجلِّ عميلٍ مكتملِ الحقولِ القانونيةِ والائتمانية	غير مقيس	
OWF-0093-ب	٤-١١	البذرُ التجريبيُّ الكامل	سجلُّ العميلِ ← بياناتُه القانونيةُ والائتمانيةُ ← العقدُ ← خطُّ الأساسِ ← الحاويات	اختبارُ حكم: كلُّ عقدٍ مرتبطٌ بسجلِّ عميلٍ مكتملِ الحقولِ القانونيةِ والائتمانية	غير مقيس	
OWF-0094-أ	٤-١١	البذرُ التجريبيُّ الكامل	حجّةُ «SD-03» — نطاقُ الحكم	اختبارُ حجّة: الحجّةُ مكتوبةٌ ومفحوصة	غير مقيس	
OWF-0094-ب	٤-١١	البذرُ التجريبيُّ الكامل	◆ فبذرُ عقدٍ بلا سجلِّ عميلٍ يُنتج عقدًا يتيمًا لا يُختبر عليه شيء	اختبارُ حجّة: الحجّةُ مكتوبةٌ ومفحوصة	غير مقيس	
OWF-0095-أ	٤-١١	البذرُ التجريبيُّ الكامل	حكمٌ نافذ «SD-04» — ◆ ودورةُ الموردِ من الصفرِ كذلك — نطاقُ الحكم	اختبارُ حكم: كلُّ موردٍ بسجلٍّ وعقدٍ وحصةٍ قبلَ تخصيصِ حاوية	غير مقيس	
OWF-0095-ب	٤-١١	البذرُ التجريبيُّ الكامل	سجلُّ الموردِ ← بياناتُه ← عقدُه ← حصتُه المتفقُ عليها ← حاوياتُه	اختبارُ حكم: كلُّ موردٍ بسجلٍّ وعقدٍ وحصةٍ قبلَ تخصيصِ حاوية	غير مقيس	
OWF-0096-أ	٤-١١	البذرُ التجريبيُّ الكامل	حجّةُ «SD-04» — نطاقُ الحكم	اختبارُ حجّة: الحجّةُ مكتوبةٌ ومفحوصة	غير مقيس	
OWF-0096-ب	٤-١١	البذرُ التجريبيُّ الكامل	◆ فالموردُ المبذورُ بلا عقدٍ لا حصةَ له ولا يُختبر عليه توزيعُ حاوية	اختبارُ حجّة: الحجّةُ مكتوبةٌ ومفحوصة	غير مقيس	
OWF-0097-أ	٤-١١	البذرُ التجريبيُّ الكامل	حكمٌ نافذ «SD-05» — ◆ وسلسلةُ التخصيصِ الثلاثية — نطاقُ الحكم	اختبارُ حكم: كلُّ وحدةٍ متعاقدٍ عليها متتبَّعةٌ إلى معدةٍ ومشغّلٍ بلا انقطاع	غير مقيس	
OWF-0097-ب	٤-١١	البذرُ التجريبيُّ الكامل	حصةُ عقدِ العميلِ ← حاوياتٌ ← حصةُ كلِّ موردٍ ← معداتُه ← مشغّلوها	اختبارُ حكم: كلُّ وحدةٍ متعاقدٍ عليها متتبَّعةٌ إلى معدةٍ ومشغّلٍ بلا انقطاع	غير مقيس	
OWF-0098-أ	٤-١١	البذرُ التجريبيُّ الكامل	حجّةُ «SD-05» — نطاقُ الحكم	اختبارُ حجّة: الحجّةُ مكتوبةٌ ومفحوصة	غير مقيس	
OWF-0098-ب	٤-١١	البذرُ التجريبيُّ الكامل	◆ فالسلسلةُ تُختبر كاملةً: من وحدةٍ متعاقدٍ عليها إلى مشغّلٍ يُنتجها	اختبارُ حجّة: الحجّةُ مكتوبةٌ ومفحوصة	غير مقيس	
OWF-0099-أ	٤-١١	البذرُ التجريبيُّ الكامل	حكمٌ نافذ «SD-06»	اختبارُ حكم: كلُّ عقدٍ من الخمسةَ عشرَ بلغ الأثرَ النهائيَّ في فترةٍ واحدةٍ على الأقل	غير مقيس	
OWF-0099-ب	٤-١١	البذرُ التجريبيُّ الكامل	◆ ثم دورةُ وحداتِ العملِ العشريةُ كاملةً: تُشغَّل الدورةُ من الإدخالِ إلى الأثرِ النهائيِّ على العقودِ الخمسةَ عشرَ	اختبارُ حكم: كلُّ عقدٍ من الخمسةَ عشرَ بلغ الأثرَ النهائيَّ في فترةٍ واحدةٍ على الأقل	غير مقيس	
OWF-0100-أ	٤-١١	البذرُ التجريبيُّ الكامل	حجّةُ «SD-06» — نطاقُ الحكم	اختبارُ حجّة: الحجّةُ مكتوبةٌ ومفحوصة	غير مقيس	
OWF-0100-ب	٤-١١	البذرُ التجريبيُّ الكامل	◆ فيُختبر الاستعدادُ والتعطلُ والعجزُ والمخصومُ والقبولُ الجزئيُّ والتصحيحُ الثلاثيّ	اختبارُ حجّة: الحجّةُ مكتوبةٌ ومفحوصة	غير مقيس	
OWF-0101-أ	٤-١١	البذرُ التجريبيُّ الكامل	حكمٌ نافذ «SD-07» — والبيانُ المبذورُ موسومٌ صريحًا — نطاقُ الحكم	اختبارُ حكم: صفرُ صفٍّ مبذورٍ بلا وسمٍ ومرجعِ دفعة	غير مقيس	
OWF-0101-ب	٤-١١	البذرُ التجريبيُّ الكامل	◆ كلُّ صفٍّ مبذورٍ يحمل وسمًا «بيانُ اختبارٍ» وتاريخَ بذرِه ومرجعَ دفعتِه	اختبارُ حكم: صفرُ صفٍّ مبذورٍ بلا وسمٍ ومرجعِ دفعة	غير مقيس	
OWF-0102-أ	٤-١١	البذرُ التجريبيُّ الكامل	حجّةُ «SD-07» — نطاقُ الحكم	اختبارُ حجّة: الحجّةُ مكتوبةٌ ومفحوصة	غير مقيس	
OWF-0102-ب	٤-١١	البذرُ التجريبيُّ الكامل	◆ فيُمكن عزلُه أو محوُه بلا لمسِ بيانٍ حقيقيٍّ · والخلطُ بينهما يُفسد كلَّ تقرير	اختبارُ حجّة: الحجّةُ مكتوبةٌ ومفحوصة	غير مقيس	
