0.692	Equipments/equipments.php	سجل المعدات	Equipments/equipments_fleet.php	المعدات	إدارة الأسطول	شاشةٌ مستقلة	معدة	يُرجَّح: الوظيفةُ نفسُها — دمجٌ أو منظر
0.636	Procurement/dashboard_proc.php	لوحة الإدارة (dashboard_proc)	Procurement/warehouse_board.php	لوحة الإدارة (warehouse_board)	إدارة المشتريات التشغيلية	تقرير	اداره · لوحه	يُرجَّح: الوظيفةُ نفسُها — دمجٌ أو منظر
0.54	Contracts/unit_statement_client.php	كشف التايم شيت — العميل	Suppliers/unit_statement_supplier.php	كشف التايم شيت — المورد	المبيعات والعقود ≠ إدارة الموردين	منظر	تايمشيت · كشف	يُرجَّح: زاويةُ نظرٍ مختلفةٌ لنفسِ البيانات
0.528	Governance/guards.php	تصنيف قواعد المنع — الحوكمة — الالتزام والامتثال	Settings/guard_classification.php	تصنيف قواعد المنع — الحوكمة — الظهور وضبط البوابة	الحوكمة والالتزام	شاشةٌ مستقلة	تصنيف · حوكمه · قواعد · منع	يُرجَّح: زاويةُ نظرٍ مختلفةٌ لنفسِ البيانات
0.5	Risk/risk_dept_sal.php	مخاطر المبيعات والعقود	Governance/gov_dept_sal.php	حوكمة المبيعات والعقود	المبيعات والعقود	منظر	مبيعات · والعقود	يُرجَّح: زاويةُ نظرٍ مختلفةٌ لنفسِ البيانات
0.482	Operations/site_gate_equip.php	أذون دخول وخروج المعدات	Operations/site_gate_person.php	أذون دخول وخروج المشغّلين	إدارة الموقع	شاشةٌ مستقلة ≠ تبويبٌ في ملفِّ الكيانِ الأم	اذون · دخول · وخروج	يُرجَّح: زاويةُ نظرٍ مختلفةٌ لنفسِ البيانات
0.472	Clients/contract_commitments.php	التزامات العقود	Contracts/contract_obligations.php	مصفوفة التزامات العقد	المبيعات والعقود	شاشةٌ مستقلة	تزامات · عقد	يُرجَّح: الوظيفةُ نفسُها — دمجٌ أو منظر
0.472	Procurement/dashboard_proc.php	لوحة الإدارة (dashboard_proc)	Transport/transfer_dashboard.php	لوحة الإدارة — النقل	إدارة المشتريات التشغيلية ≠ النقل والترحيل	تقرير	اداره · لوحه	يُرجَّح: زاويةُ نظرٍ مختلفةٌ لنفسِ البيانات
0.465	Procurement/receipt_custody_proc.php	الاستلام المؤقت	Procurement/wh_receipt.php	الاستلام المؤقت قبل الإدخال	إدارة المشتريات التشغيلية ≠ إدارة المخازن	شاشةٌ مستقلة	استلام · مؤقت	يُرجَّح: زاويةُ نظرٍ مختلفةٌ لنفسِ البيانات
0.462	emsreports/index.php	مركز التقارير — الحوكمة	Governance/gov_reports.php	تقارير الحوكمة	الحوكمة والالتزام	شاشةٌ مستقلة ≠ تقرير	تقرير · حوكمه	يُرجَّح: الوظيفةُ نفسُها — دمجٌ أو منظر
0.439	Procurement/warehouse_board.php	لوحة الإدارة (warehouse_board)	Transport/transfer_dashboard.php	لوحة الإدارة — النقل	إدارة المشتريات التشغيلية ≠ النقل والترحيل	تقرير	اداره · لوحه	يُرجَّح: زاويةُ نظرٍ مختلفةٌ لنفسِ البيانات
0.436	Maintenance/dashboard_mnt.php	لوحة الإدارة — الصيانة	Procurement/dashboard_proc.php	لوحة الإدارة (dashboard_proc)	إدارة الصيانة ≠ إدارة المشتريات التشغيلية	تقرير	اداره · لوحه	يُرجَّح: زاويةُ نظرٍ مختلفةٌ لنفسِ البيانات
0.436	Maintenance/dashboard_mnt.php	لوحة الإدارة — الصيانة	Procurement/warehouse_board.php	لوحة الإدارة (warehouse_board)	إدارة الصيانة ≠ إدارة المشتريات التشغيلية	تقرير	اداره · لوحه	يُرجَّح: زاويةُ نظرٍ مختلفةٌ لنفسِ البيانات
0.431	Timesheet/timesheet_type.php	تسجيل التايم شيت والإنتاج — الحوكمة	Timesheet/timesheet.php	تسجيل التايم شيت والإنتاج — الموقع	الحوكمة والالتزام ≠ إدارة الموقع	شاشةٌ مستقلة	تايمشيت · تسجيل · والانتاج	يُرجَّح: زاويةُ نظرٍ مختلفةٌ لنفسِ البيانات
0.43	Suppliers/supplierscontracts.php	عقود الموردين	Suppliers/shares_coverage.php	حصص الموردين من العقود	إدارة الموردين	شاشةٌ مستقلة ≠ تقرير	عقد · مورد	يُرجَّح: الوظيفةُ نفسُها — دمجٌ أو منظر
0.429	FinRequests/finance_gateway.php	الطلبات المالية	FinRequests/requests_reports.php	تقارير الطلبات المالية	المالية والخزينة	شاشةٌ مستقلة ≠ تقرير	طلب · ماليه	يُرجَّح: الوظيفةُ نفسُها — دمجٌ أو منظر
0.429	Suppliers/supplier_contract_lines.php	بنود عقد المورد	Suppliers/supplierscontracts.php	عقود الموردين	إدارة الموردين	شاشةٌ مستقلة	عقد · مورد	يُرجَّح: الوظيفةُ نفسُها — دمجٌ أو منظر
0.429	Operations/unit_perf.php	الأداء الشهري للوحدة	Operations/monthly_close.php	الإقفال الشهري للوحدة	إدارة التشغيل	شاشةٌ مستقلة	شهري · للوحده	يُرجَّح: زاويةُ نظرٍ مختلفةٌ لنفسِ البيانات
0.425	Finance/cfo_daily_board_fin.php	لوحة الإدارة — المالية	Procurement/warehouse_board.php	لوحة الإدارة (warehouse_board)	المالية والخزينة ≠ إدارة المشتريات التشغيلية	تقرير	اداره · لوحه	يُرجَّح: زاويةُ نظرٍ مختلفةٌ لنفسِ البيانات
0.424	Finance/cfo_daily_board_fin.php	لوحة الإدارة — المالية	Procurement/dashboard_proc.php	لوحة الإدارة (dashboard_proc)	المالية والخزينة ≠ إدارة المشتريات التشغيلية	تقرير	اداره · لوحه	يُرجَّح: زاويةُ نظرٍ مختلفةٌ لنفسِ البيانات
0.418	Approvals/hours_approval.php	ما ينتظر اعتمادي	Finance/approvals_inbox.php	صندوق ما ينتظر اعتمادي	الحوكمة والالتزام ≠ مركز البلاغات	شاشةٌ مستقلة	اعتمادي · ينتظر	يُرجَّح: زاويةُ نظرٍ مختلفةٌ لنفسِ البيانات
0.388	Portal/ceo_approvals.php	اعتمادات الرئيس التنفيذي	Portal/ceo_board.php	لوحة الرئيس التنفيذي	مكتب الرئيس التنفيذي والنواب	فعل ≠ تقرير	تنفيذي · رئيس	يُرجَّح: زاويةُ نظرٍ مختلفةٌ لنفسِ البيانات
0.38	Contracts/client_statement.php	كشف حساب العميل	Contracts/unit_statement_client.php	كشف التايم شيت — العميل	المالية والخزينة ≠ المبيعات والعقود	تبويبٌ في ملفِّ الكيانِ الأم ≠ منظر	عميل · كشف	يُرجَّح: وظيفتان مستقلتان — يلزم تصديق
0.374	Workforce/op_monthly.php	الأداء الشهري للمشغّل	Operations/unit_perf.php	الأداء الشهري للوحدة	الموارد البشرية ≠ إدارة التشغيل	شاشةٌ مستقلة	اداء · شهري	يُرجَّح: زاويةُ نظرٍ مختلفةٌ لنفسِ البيانات
0.364	Governance/gov_dept.php	حوكمة إدارة الأسطول	Governance/gov_dept_sup.php	حوكمة إدارة الموردين	الحوكمة والالتزام ≠ إدارة الموردين	شاشةٌ مستقلة ≠ منظر	اداره · حوكمه	يُرجَّح: وظيفتان مستقلتان — يلزم تصديق
0.359	Finance/budget_form_fin.php	ميزانية إدارتي — المالية	Finance/budget_dept.php	ميزانية إدارتي — التمويل	المالية والخزينة ≠ التمويل والملكية	شاشةٌ مستقلة	ادارتي · ميزانيه	يُرجَّح: زاويةُ نظرٍ مختلفةٌ لنفسِ البيانات
0.357	Portal/ceo_risk.php	المخاطر والقرارات العليا	Risk/risk_board.php	لوحة المخاطر العليا	مكتب الرئيس التنفيذي والنواب ≠ إدارة المخاطر المؤسسية	شاشةٌ مستقلة ≠ تقرير	خطر · عليا	يُرجَّح: وظيفتان مستقلتان — يلزم تصديق
0.356	Projects/sites.php	مواقع التنفيذ	Transport/trs_locations_config.php	المواقع	الحوكمة والالتزام ≠ النقل والترحيل	شاشةٌ مستقلة	موقع	يُرجَّح: زاويةُ نظرٍ مختلفةٌ لنفسِ البيانات
0.344	Employees/equipment_operators.php	سجل المشغّلين	Workforce/op_codes.php	أرقام المشغّلين الشاغرة	الموارد البشرية ≠ القوى التشغيلية	شاشةٌ مستقلة ≠ تبويبٌ في ملفِّ الكيانِ الأم	لين · مشغ	يُرجَّح: وظيفتان مستقلتان — يلزم تصديق
0.342	Reports/reports.php	مركز التقارير — التنفيذية	emsreports/index.php	مركز التقارير — الحوكمة	مكتب الرئيس التنفيذي والنواب ≠ الحوكمة والالتزام	تقرير ≠ شاشةٌ مستقلة	تقرير · مركز	يُرجَّح: وظيفتان مستقلتان — يلزم تصديق
0.342	Transport/transfer_orders_list.php	أوامر الترحيل	Transport/transfer_tariffs.php	تعرفة الترحيل وتسعير الأوامر	النقل والترحيل	شاشةٌ مستقلة	اوامر · نقل	يُرجَّح: زاويةُ نظرٍ مختلفةٌ لنفسِ البيانات
0.341	FinRequests/routing_admin.php	قواعد توجيه الطلبات المالية	FinRequests/finance_gateway.php	الطلبات المالية	المالية والخزينة	فعل ≠ شاشةٌ مستقلة	طلب · ماليه	يُرجَّح: زاويةُ نظرٍ مختلفةٌ لنفسِ البيانات
0.339	Audit/iaf_charter.php	ميثاق المراجعة الداخلية	Portal/ceo_audit_reports.php	تقارير المراجعة الداخلية	المراجع الداخلي المستقل ≠ مساحة العمل الشخصية	شاشةٌ مستقلة ≠ تقرير	داخليه · مراجعه	يُرجَّح: وظيفتان مستقلتان — يلزم تصديق
0.339	Suppliers/rfq_requests.php	طلبات عروض الموردين	Procurement/rfq_compare_award.php	طلب العروض ومقارنتها	إدارة الموردين ≠ إدارة المشتريات التشغيلية	شاشةٌ مستقلة	طلب · عرض	يُرجَّح: زاويةُ نظرٍ مختلفةٌ لنفسِ البيانات
0.339	Maintenance/dashboard_mnt.php	لوحة الإدارة — الصيانة	Transport/transfer_dashboard.php	لوحة الإدارة — النقل	إدارة الصيانة ≠ النقل والترحيل	تقرير	اداره · لوحه	يُرجَّح: زاويةُ نظرٍ مختلفةٌ لنفسِ البيانات
0.338	Risk/risk_units.php	وحدات المخاطر والتصنيف	Risk/risk_settings.php	إعدادات المخاطر والتصنيف	إدارة المخاطر المؤسسية	شاشةٌ مستقلة	خطر · والتصنيف	يُرجَّح: زاويةُ نظرٍ مختلفةٌ لنفسِ البيانات
0.336	Contracts/contracts.php	عقود العملاء	Contracts/contract_lines.php	بنود عقد العميل وقيمته	المبيعات والعقود	شاشةٌ مستقلة	عقد · عميل	يُرجَّح: زاويةُ نظرٍ مختلفةٌ لنفسِ البيانات
0.334	Reports/reports.php	مركز التقارير — التنفيذية	Portal/ceo_reports.php	تقارير الإدارة التنفيذية	مكتب الرئيس التنفيذي والنواب ≠ مساحة العمل الشخصية	تقرير	تقرير · تنفيذيه	يُرجَّح: زاويةُ نظرٍ مختلفةٌ لنفسِ البيانات
0.334	Risk/risk_controls.php	الضوابط والضوابط الحرجة	Risk/risk_control_verify.php	التحقق من الضوابط الحرجة	إدارة المخاطر المؤسسية	شاشةٌ مستقلة	حرجه · ضابط	يُرجَّح: زاويةُ نظرٍ مختلفةٌ لنفسِ البيانات
0.333	emsreports/index.php	مركز التقارير — الحوكمة	Governance/tech_gov_center.php	مركز الحوكمة التقني	الحوكمة والالتزام	شاشةٌ مستقلة	حوكمه · مركز	يُرجَّح: زاويةُ نظرٍ مختلفةٌ لنفسِ البيانات
0.332	Employees/employee_contracts.php	عقود الموظفين	Employees/employees.php	سجل الموظفين	الموارد البشرية	شاشةٌ مستقلة	موظف	يُرجَّح: زاويةُ نظرٍ مختلفةٌ لنفسِ البيانات
0.331	Suppliers/supplierscontracts.php	عقود الموردين	Suppliers/suppliers.php	سجل الموردين	إدارة الموردين	شاشةٌ مستقلة	مورد	يُرجَّح: زاويةُ نظرٍ مختلفةٌ لنفسِ البيانات
0.331	Suppliers/supplierscontracts.php	عقود الموردين	Suppliers/supplier_closure.php	تصفية إنهاء عقد مورد	إدارة الموردين	شاشةٌ مستقلة	عقد · مورد	يُرجَّح: زاويةُ نظرٍ مختلفةٌ لنفسِ البيانات
0.329	Finance/operator_pay_policies_fin.php	سياسات مستحقات المشغّلين	Employees/equipment_operators.php	سجل المشغّلين	المالية والخزينة ≠ الموارد البشرية	شاشةٌ مستقلة	لين · مشغ	يُرجَّح: زاويةُ نظرٍ مختلفةٌ لنفسِ البيانات
0.328	Contracts/contracts.php	عقود العملاء	Clients/clients.php	سجل العملاء	المبيعات والعقود	شاشةٌ مستقلة	عميل	يُرجَّح: زاويةُ نظرٍ مختلفةٌ لنفسِ البيانات
0.328	Contracts/contract_payment_schedule.php	خطة دفع العقد	Contracts/contract_resource_plan.php	خطة موارد العقد	المبيعات والعقود	شاشةٌ مستقلة	خطه · عقد	يُرجَّح: زاويةُ نظرٍ مختلفةٌ لنفسِ البيانات
0.327	Settings/settings.php	الإعدادات	Transport/transfer_types_config.php	إعدادات الترحيل	الحوكمة والالتزام ≠ النقل والترحيل	شاشةٌ مستقلة	اعدادات	يُرجَّح: زاويةُ نظرٍ مختلفةٌ لنفسِ البيانات
0.327	Suppliers/supplier_contract_lines.php	بنود عقد المورد	Suppliers/shares_coverage.php	حصص الموردين من العقود	إدارة الموردين	شاشةٌ مستقلة ≠ تقرير	عقد · مورد	يُرجَّح: زاويةُ نظرٍ مختلفةٌ لنفسِ البيانات
0.326	Employees/equipment_operators.php	سجل المشغّلين	Workforce/proposed_deductions.php	خصومات المشغّلين المقترحة	الموارد البشرية ≠ القوى التشغيلية	شاشةٌ مستقلة	لين · مشغ	يُرجَّح: زاويةُ نظرٍ مختلفةٌ لنفسِ البيانات
0.325	Suppliers/suppliers.php	سجل الموردين	Risk/risk_dept_sup.php	مخاطر الموردين	إدارة الموردين	شاشةٌ مستقلة ≠ منظر	مورد	يُرجَّح: زاويةُ نظرٍ مختلفةٌ لنفسِ البيانات
0.32	Employees/employees.php	سجل الموظفين	Workforce/employee_settlements.php	تسويات الموظفين	الموارد البشرية ≠ القوى التشغيلية	شاشةٌ مستقلة	موظف	يُرجَّح: زاويةُ نظرٍ مختلفةٌ لنفسِ البيانات
0.32	Clients/clients.php	سجل العملاء	Clients/activities.php	أنشطة العملاء	المبيعات والعقود	شاشةٌ مستقلة	عميل	يُرجَّح: زاويةُ نظرٍ مختلفةٌ لنفسِ البيانات
0.319	Suppliers/supplier_advances.php	سلفيات الموردين	Suppliers/suppliers.php	سجل الموردين	إدارة الموردين	تبويبٌ في ملفِّ الكيانِ الأم ≠ شاشةٌ مستقلة	مورد	يُرجَّح: زاويةُ نظرٍ مختلفةٌ لنفسِ البيانات
0.319	Tickets/tickets_list.php	البلاغات	Tickets/ticket_form.php	تسجيل بلاغ	مركز البلاغات	شاشةٌ مستقلة	بلاغ	يُرجَّح: زاويةُ نظرٍ مختلفةٌ لنفسِ البيانات
0.318	Settings/settings.php	الإعدادات	Maintenance/master_data.php	إعدادات الصيانة	الحوكمة والالتزام ≠ إدارة الصيانة	شاشةٌ مستقلة	اعدادات	يُرجَّح: زاويةُ نظرٍ مختلفةٌ لنفسِ البيانات
0.317	Finance/fin_ratios.php	لوحة النسب المالية	Finance/cfo_daily_board_fin.php	لوحة الإدارة — المالية	المالية والخزينة	تقرير	لوحه · ماليه	يُرجَّح: زاويةُ نظرٍ مختلفةٌ لنفسِ البيانات
0.317	Finance/cfo_daily_board_fin.php	لوحة الإدارة — المالية	Transport/transfer_dashboard.php	لوحة الإدارة — النقل	المالية والخزينة ≠ النقل والترحيل	تقرير	اداره · لوحه	يُرجَّح: زاويةُ نظرٍ مختلفةٌ لنفسِ البيانات
0.316	Finance/cfo_daily_board_fin.php	لوحة الإدارة — المالية	Maintenance/dashboard_mnt.php	لوحة الإدارة — الصيانة	المالية والخزينة ≠ إدارة الصيانة	تقرير	اداره · لوحه	يُرجَّح: زاويةُ نظرٍ مختلفةٌ لنفسِ البيانات
0.31	Tickets/tickets_list.php	البلاغات	Tickets/ticket_dashboard.php	مؤشرات البلاغات	مركز البلاغات	شاشةٌ مستقلة ≠ تقرير	بلاغ	يُرجَّح: زاويةُ نظرٍ مختلفةٌ لنفسِ البيانات