code,write_class,binding_state,handler_file,audit_channel,verdict
acc.define,domain_write,bound_page,Finance/management_accounting_fin.php,"publishFact (via fin_helpers.php)","covered — مركزي + قناة قبل/بعد"
act.upgrade,domain_write,bound_page,Governance/activation_patterns.php,,"covered_central — الوسيط المركزي (فاعل+وقت) · قناة قبل/بعد مرشحة للتوصيل"
adv.grant,domain_write,bound_page,Workforce/employee_advances.php,,"covered_central — الوسيط المركزي (فاعل+وقت) · قناة قبل/بعد مرشحة للتوصيل"
amend.activate,domain_write,alias,contracts/contract_actions_handler.php,,"covered_central — الوسيط المركزي (فاعل+وقت) · قناة قبل/بعد مرشحة للتوصيل"
approval.grant,domain_write,alias,approvals/hours_approval_handler.php,,"covered_central — الوسيط المركزي (فاعل+وقت) · قناة قبل/بعد مرشحة للتوصيل"
approval.reject,domain_write,declared_unbuilt,,,"declared — الزر لم يثبت بناؤه فلا معالج يفحص"
approval.return,domain_write,declared_unbuilt,,,"declared — الزر لم يثبت بناؤه فلا معالج يفحص"
asg.issue,domain_write,bound_page,admin/org_assignments.php,,"covered_central — الوسيط المركزي (فاعل+وقت) · قناة قبل/بعد مرشحة للتوصيل"
asset.assign,domain_write,declared_unbuilt,,,"declared — الزر لم يثبت بناؤه فلا معالج يفحص"
asset.create,domain_write,bound_page,Equipments/equipments.php,,"covered_central — الوسيط المركزي (فاعل+وقت) · قناة قبل/بعد مرشحة للتوصيل"
asset.dispose,domain_write,bound_page,Equipments/equipments.php,,"covered_central — الوسيط المركزي (فاعل+وقت) · قناة قبل/بعد مرشحة للتوصيل"
asset.link,domain_write,bound_page,Equipments/fin_assets.php,,"covered_central — الوسيط المركزي (فاعل+وقت) · قناة قبل/بعد مرشحة للتوصيل"
ast.assign,domain_write,bound_page,main/all_assistants.php,,"covered_central — الوسيط المركزي (فاعل+وقت) · قناة قبل/بعد مرشحة للتوصيل"
att.record,domain_write,bound_page,Operations/attendance.php,,"covered_central — الوسيط المركزي (فاعل+وقت) · قناة قبل/بعد مرشحة للتوصيل"
audit.export,governance_write,bound_page,ActivityLogs/activity_logs.php,activity_logs,"covered — مركزي + قناة قبل/بعد"
audit.read,domain_write,bound_page,ActivityLogs/activity_logs.php,activity_logs,"covered — مركزي + قناة قبل/بعد"
bank.verify,domain_write,bound_page,Suppliers/supplier_bank.php,,"covered_central — الوسيط المركزي (فاعل+وقت) · قناة قبل/بعد مرشحة للتوصيل"
bridge.link,domain_write,bound_page,Equipments/code_bridge.php,,"covered_central — الوسيط المركزي (فاعل+وقت) · قناة قبل/بعد مرشحة للتوصيل"
budget.approve,domain_write,declared_unbuilt,,,"declared — الزر لم يثبت بناؤه فلا معالج يفحص"
budget.commit,domain_write,declared_unbuilt,,,"declared — الزر لم يثبت بناؤه فلا معالج يفحص"
budget.request,domain_write,declared_unbuilt,,,"declared — الزر لم يثبت بناؤه فلا معالج يفحص"
cal.approve,domain_write,bound_page,Operations/site_work_calendar.php,,"covered_central — الوسيط المركزي (فاعل+وقت) · قناة قبل/بعد مرشحة للتوصيل"
cap.measure,domain_write,bound_page,Suppliers/supplier_capacity.php,,"covered_central — الوسيط المركزي (فاعل+وقت) · قناة قبل/بعد مرشحة للتوصيل"
cap.switch,domain_write,bound_page,user_capacities.php,,"covered_central — الوسيط المركزي (فاعل+وقت) · قناة قبل/بعد مرشحة للتوصيل"
carrier.assign,domain_write,bound_page,Transport/transfer_fleet.php,,"covered_central — الوسيط المركزي (فاعل+وقت) · قناة قبل/بعد مرشحة للتوصيل"
cash.forecast,domain_write,bound_page,Finance/cash_forecast_fin.php,"publishFact (via fin_helpers.php)","covered — مركزي + قناة قبل/بعد"
ceo.approve,domain_write,bound_page,Portal/ceo_approvals.php,publishFact,"covered — مركزي + قناة قبل/بعد"
ceo.sign,domain_write,bound_page,Portal/ceo_contracts.php,publishFact,"covered — مركزي + قناة قبل/بعد"
cert.issue,domain_write,bound_page,Portal/my_certificate.php,,"covered_central — الوسيط المركزي (فاعل+وقت) · قناة قبل/بعد مرشحة للتوصيل"
chain.complete,domain_write,alias,app/Services/Policy/UnitJourneyService.php,publishFact,"covered — مركزي + قناة قبل/بعد"
chain.ops,domain_write,alias,app/Services/Policy/UnitJourneyService.php,publishFact,"covered — مركزي + قناة قبل/بعد"
chain.site,domain_write,alias,app/Services/Policy/UnitJourneyService.php,publishFact,"covered — مركزي + قناة قبل/بعد"
change.record,domain_write,bound_page,Financing/fin_changes.php,,"covered_central — الوسيط المركزي (فاعل+وقت) · قناة قبل/بعد مرشحة للتوصيل"
claim.client.approve,domain_write,bound_page,Contracts/claims.php,"publishFact (via claim_helpers.php)","covered — مركزي + قناة قبل/بعد"
claim.issue,domain_write,bound_page,Contracts/claims.php,"publishFact (via claim_helpers.php)","covered — مركزي + قناة قبل/بعد"
client.create,domain_write,bound_page,Clients/clients.php,,"covered_central — الوسيط المركزي (فاعل+وقت) · قناة قبل/بعد مرشحة للتوصيل"
code.assign,domain_write,bound_page,Workforce/op_codes.php,,"covered_central — الوسيط المركزي (فاعل+وقت) · قناة قبل/بعد مرشحة للتوصيل"
cons.flag,domain_write,bound_page,Procurement/consumption_rate.php,,"covered_central — الوسيط المركزي (فاعل+وقت) · قناة قبل/بعد مرشحة للتوصيل"
contract.activate,domain_write,alias,contracts/contractequipments_handler.php,,"covered_central — الوسيط المركزي (فاعل+وقت) · قناة قبل/بعد مرشحة للتوصيل"
contract.sign,domain_write,bound_page,Employees/employee_contracts.php,,"covered_central — الوسيط المركزي (فاعل+وقت) · قناة قبل/بعد مرشحة للتوصيل"
cost.allocate,domain_write,declared_unbuilt,,,"declared — الزر لم يثبت بناؤه فلا معالج يفحص"
cost.compute,domain_write,bound_page,Finance/cost_report_fin.php,"publishFact (via fin_helpers.php)","covered — مركزي + قناة قبل/بعد"
cov.define,domain_write,declared_unbuilt,,,"declared — الزر لم يثبت بناؤه فلا معالج يفحص"
custody.return,domain_write,bound_page,Procurement/receipt_custody_proc.php,"EventPublisher (via proc_helpers.php)","covered — مركزي + قناة قبل/بعد"
cycle.measure,domain_write,declared_unbuilt,,,"declared — الزر لم يثبت بناؤه فلا معالج يفحص"
ded.approve,domain_write,bound_page,Workforce/deductions.php,,"covered_central — الوسيط المركزي (فاعل+وقت) · قناة قبل/بعد مرشحة للتوصيل"
ded.propose,domain_write,declared_unbuilt,,,"declared — الزر لم يثبت بناؤه فلا معالج يفحص"
deleg.grant,domain_write,bound_page,Governance/signing_authority.php,,"covered_central — الوسيط المركزي (فاعل+وقت) · قناة قبل/بعد مرشحة للتوصيل"
denial.review,domain_write,declared_unbuilt,,,"declared — الزر لم يثبت بناؤه فلا معالج يفحص"
dep.policy,domain_write,bound_page,Equipments/fleet_depreciation_profiles.php,,"covered_central — الوسيط المركزي (فاعل+وقت) · قناة قبل/بعد مرشحة للتوصيل"
dep.post,domain_write,bound_page,Finance/assets_fin.php,"publishFact (via fin_helpers.php)","covered — مركزي + قناة قبل/بعد"
desk.post,domain_write,bound_page,FinRequests/request_actions.php,"publishFact (via _finreq_helpers.php)","covered — مركزي + قناة قبل/بعد"
dev.close,domain_write,alias,Financing/deviations.php,,"covered_central — الوسيط المركزي (فاعل+وقت) · قناة قبل/بعد مرشحة للتوصيل"
doc.expire,domain_write,bound_page,Equipments/equipment_documents.php,,"covered_central — الوسيط المركزي (فاعل+وقت) · قناة قبل/بعد مرشحة للتوصيل"
dt.define,domain_write,bound_page,Governance/doc_types.php,,"covered_central — الوسيط المركزي (فاعل+وقت) · قناة قبل/بعد مرشحة للتوصيل"
emp.create,domain_write,bound_page,Employees/employees.php,,"covered_central — الوسيط المركزي (فاعل+وقت) · قناة قبل/بعد مرشحة للتوصيل"
emp.settle,domain_write,bound_page,Workforce/final_settlement.php,sensitive_read_log,"covered — مركزي + قناة قبل/بعد"
entity.create,domain_write,bound_page,Governance/entities_registry.php,,"covered_central — الوسيط المركزي (فاعل+وقت) · قناة قبل/بعد مرشحة للتوصيل"
eq.quota.allocate,domain_write,bound_page,Operations/equipment_quota.php,,"covered_central — الوسيط المركزي (فاعل+وقت) · قناة قبل/بعد مرشحة للتوصيل"
eq.quota.shift,domain_write,bound_page,Operations/equipment_quota.php,,"covered_central — الوسيط المركزي (فاعل+وقت) · قناة قبل/بعد مرشحة للتوصيل"
eqt.define,domain_write,bound_page,Equipments/equipments_types.php,,"covered_central — الوسيط المركزي (فاعل+وقت) · قناة قبل/بعد مرشحة للتوصيل"
esc.auto,domain_write,bound_page,Tickets/ticket_escalation_config.php,,"covered_central — الوسيط المركزي (فاعل+وقت) · قناة قبل/بعد مرشحة للتوصيل"
eval.submit,domain_write,bound_page,Portal/my_evaluation.php,,"covered_central — الوسيط المركزي (فاعل+وقت) · قناة قبل/بعد مرشحة للتوصيل"
evt.log,domain_write,bound_page,Clients/contract_events.php,,"covered_central — الوسيط المركزي (فاعل+وقت) · قناة قبل/بعد مرشحة للتوصيل"
exception.grant,domain_write,bound_page,Governance/exceptions.php,,"covered_central — الوسيط المركزي (فاعل+وقت) · قناة قبل/بعد مرشحة للتوصيل"
exit.record,domain_write,alias,Financing/deviations.php,,"covered_central — الوسيط المركزي (فاعل+وقت) · قناة قبل/بعد مرشحة للتوصيل"
fail.classify,domain_write,bound_page,Equipments/manage_failure_codes.php,,"covered_central — الوسيط المركزي (فاعل+وقت) · قناة قبل/بعد مرشحة للتوصيل"
field.classify,domain_write,bound_page,Governance/sensitive_fields.php,,"covered_central — الوسيط المركزي (فاعل+وقت) · قناة قبل/بعد مرشحة للتوصيل"
fin.close,domain_write,bound_page,Finance/periods_fin.php,"publishFact (via fin_helpers.php)","covered — مركزي + قناة قبل/بعد"
fin.entitle,domain_write,declared_unbuilt,,,"declared — الزر لم يثبت بناؤه فلا معالج يفحص"
fin.operation,domain_write,declared_unbuilt,,,"declared — الزر لم يثبت بناؤه فلا معالج يفحص"
financier.create,domain_write,declared_unbuilt,,,"declared — الزر لم يثبت بناؤه فلا معالج يفحص"
fleet.model.define,domain_write,bound_page,Equipments/fleet_models.php,,"covered_central — الوسيط المركزي (فاعل+وقت) · قناة قبل/بعد مرشحة للتوصيل"
found.close,domain_write,bound_page,Portal/founding_mode.php,,"covered_central — الوسيط المركزي (فاعل+وقت) · قناة قبل/بعد مرشحة للتوصيل"
fs.close,domain_write,bound_page,Finance/financial_statements_fin.php,"publishFact (via fin_helpers.php)","covered — مركزي + قناة قبل/بعد"
fv.settle,domain_write,alias,Financing/deviations.php,,"covered_central — الوسيط المركزي (فاعل+وقت) · قناة قبل/بعد مرشحة للتوصيل"
fx.set,domain_write,bound_page,Finance/currencies_fin.php,ems_business_events,"covered — مركزي + قناة قبل/بعد"
gate.equip,domain_write,bound_page,Operations/site_gate_equip.php,,"covered_central — الوسيط المركزي (فاعل+وقت) · قناة قبل/بعد مرشحة للتوصيل"
gate.pass,domain_write,declared_unbuilt,,,"declared — الزر لم يثبت بناؤه فلا معالج يفحص"
gate.person,domain_write,bound_page,Operations/site_gate_person.php,,"covered_central — الوسيط المركزي (فاعل+وقت) · قناة قبل/بعد مرشحة للتوصيل"
glass.break,domain_write,bound_page,Governance/break_glass.php,,"covered_central — الوسيط المركزي (فاعل+وقت) · قناة قبل/بعد مرشحة للتوصيل"
guard.enforce,domain_write,bound_page,Governance/guards.php,,"covered_central — الوسيط المركزي (فاعل+وقت) · قناة قبل/بعد مرشحة للتوصيل"
hire.offer,domain_write,bound_page,Workforce/recruitment_pipeline.php,,"covered_central — الوسيط المركزي (فاعل+وقت) · قناة قبل/بعد مرشحة للتوصيل"
house.assign,domain_write,bound_page,Workforce/housing_units.php,,"covered_central — الوسيط المركزي (فاعل+وقت) · قناة قبل/بعد مرشحة للتوصيل"
idle.close,domain_write,alias,Financing/deviations.php,,"covered_central — الوسيط المركزي (فاعل+وقت) · قناة قبل/بعد مرشحة للتوصيل"
insp.decide,domain_write,bound_page,Maintenance/inspections.php,"EventPublisher (via mnt_helpers.php)","covered — مركزي + قناة قبل/بعد"
insp.submit,domain_write,bound_page,Maintenance/inspections.php,"EventPublisher (via mnt_helpers.php)","covered — مركزي + قناة قبل/بعد"
inst.generate,domain_write,alias,Financing/installments.php,,"covered_central — الوسيط المركزي (فاعل+وقت) · قناة قبل/بعد مرشحة للتوصيل"
inst.prepay,domain_write,alias,Financing/installments.php,,"covered_central — الوسيط المركزي (فاعل+وقت) · قناة قبل/بعد مرشحة للتوصيل"
inv.issue,domain_write,bound_page,Contracts/tax_invoices.php,,"covered_central — الوسيط المركزي (فاعل+وقت) · قناة قبل/بعد مرشحة للتوصيل"
item.critical,domain_write,bound_page,Procurement/items_proc.php,"EventPublisher (via proc_helpers.php)","covered — مركزي + قناة قبل/بعد"
je.post,domain_write,bound_page,Finance/journal_form_fin.php,"publishFact (via fin_helpers.php)","covered — مركزي + قناة قبل/بعد"
kpi.report,domain_write,declared_unbuilt,,,"declared — الزر لم يثبت بناؤه فلا معالج يفحص"
leave.approve,domain_write,bound_page,Workforce/worker_leave_absence.php,,"covered_central — الوسيط المركزي (فاعل+وقت) · قناة قبل/بعد مرشحة للتوصيل"
lic.expire,domain_write,bound_page,Governance/licenses_guarantees.php,,"covered_central — الوسيط المركزي (فاعل+وقت) · قناة قبل/بعد مرشحة للتوصيل"
link.record,domain_write,bound_page,Financing/ownership_links.php,,"covered_central — الوسيط المركزي (فاعل+وقت) · قناة قبل/بعد مرشحة للتوصيل"
margin.compute,domain_write,declared_unbuilt,,,"declared — الزر لم يثبت بناؤه فلا معالج يفحص"
match.exception,domain_write,bound_page,Procurement/po_match.php,"EventPublisher (via proc_helpers.php)","covered — مركزي + قناة قبل/بعد"
meter.fix,domain_write,bound_page,Equipments/meter_readings.php,,"covered_central — الوسيط المركزي (فاعل+وقت) · قناة قبل/بعد مرشحة للتوصيل"
meter.read,domain_write,bound_page,Timesheet/timesheet.php,,"covered_central — الوسيط المركزي (فاعل+وقت) · قناة قبل/بعد مرشحة للتوصيل"
model.approve,domain_write,bound_page,Financing/fin_models.php,,"covered_central — الوسيط المركزي (فاعل+وقت) · قناة قبل/بعد مرشحة للتوصيل"
module.toggle,domain_write,bound_page,Settings/modules.php,,"covered_central — الوسيط المركزي (فاعل+وقت) · قناة قبل/بعد مرشحة للتوصيل"
move.execute,domain_write,bound_page,Workforce/worker_movement.php,,"covered_central — الوسيط المركزي (فاعل+وقت) · قناة قبل/بعد مرشحة للتوصيل"
name.merge,domain_write,bound_page,Governance/canonical_names.php,,"covered_central — الوسيط المركزي (فاعل+وقت) · قناة قبل/بعد مرشحة للتوصيل"
op.assign,domain_write,declared_unbuilt,,,"declared — الزر لم يثبت بناؤه فلا معالج يفحص"
op.code,domain_write,bound_page,Employees/equipment_operators.php,,"covered_central — الوسيط المركزي (فاعل+وقت) · قناة قبل/بعد مرشحة للتوصيل"
op.deactivate,domain_write,bound_page,Employees/equipment_operators.php,,"covered_central — الوسيط المركزي (فاعل+وقت) · قناة قبل/بعد مرشحة للتوصيل"
operator.swap,domain_write,alias,Operations/swap_request.php,,"covered_central — الوسيط المركزي (فاعل+وقت) · قناة قبل/بعد مرشحة للتوصيل"
opm.approve,domain_write,bound_page,Workforce/op_monthly.php,,"covered_central — الوسيط المركزي (فاعل+وقت) · قناة قبل/بعد مرشحة للتوصيل"
opp.qualify,domain_write,bound_page,Opportunities/opportunities.php,,"covered_central — الوسيط المركزي (فاعل+وقت) · قناة قبل/بعد مرشحة للتوصيل"
org.change,domain_write,declared_unbuilt,,,"declared — الزر لم يثبت بناؤه فلا معالج يفحص"
owner.link,domain_write,alias,Financing/asset_disposal.php,action_execution_log,"covered — مركزي + قناة قبل/بعد"
pay.execute,domain_write,bound_page,Finance/payments_fin.php,"publishFact (via fin_helpers.php)","covered — مركزي + قناة قبل/بعد"
pay.prioritize,domain_write,bound_page,Finance/dues_fin.php,"publishFact (via fin_helpers.php)","covered — مركزي + قناة قبل/بعد"
pay.request,domain_write,bound_page,Finance/payments_fin.php,"publishFact (via fin_helpers.php)","covered — مركزي + قناة قبل/بعد"
payroll.approve,domain_write,bound_page,Workforce/payroll_runs.php,sensitive_read_log,"covered — مركزي + قناة قبل/بعد"
pc.sign,domain_write,bound_page,Workforce/project_contracts.php,,"covered_central — الوسيط المركزي (فاعل+وقت) · قناة قبل/بعد مرشحة للتوصيل"
pc.trigger,domain_write,bound_page,Workforce/project_contracts.php,,"covered_central — الوسيط المركزي (فاعل+وقت) · قناة قبل/بعد مرشحة للتوصيل"
penalty.compute,domain_write,bound_page,Contracts/penalties.php,EventPublisher,"covered — مركزي + قناة قبل/بعد"
perf.compute,domain_write,bound_page,Operations/unit_perf.php,,"covered_central — الوسيط المركزي (فاعل+وقت) · قناة قبل/بعد مرشحة للتوصيل"
perf.penalty,domain_write,bound_page,Suppliers/supplier_capacity.php,,"covered_central — الوسيط المركزي (فاعل+وقت) · قناة قبل/بعد مرشحة للتوصيل"
period.close,domain_write,alias,app/Services/Finance/PeriodicEventService.php,EventPublisher,"covered — مركزي + قناة قبل/بعد"
permit.grant,domain_write,bound_page,admin/org_permits.php,,"covered_central — الوسيط المركزي (فاعل+وقت) · قناة قبل/بعد مرشحة للتوصيل"
permit.issue,domain_write,bound_page,Transport/transfer_permits.php,,"covered_central — الوسيط المركزي (فاعل+وقت) · قناة قبل/بعد مرشحة للتوصيل"
plan.approve,domain_write,bound_page,Operations/daily_plan.php,,"covered_central — الوسيط المركزي (فاعل+وقت) · قناة قبل/بعد مرشحة للتوصيل"
plan.commit,domain_write,declared_unbuilt,,,"declared — الزر لم يثبت بناؤه فلا معالج يفحص"
plan.copy,domain_write,bound_page,Operations/daily_plan.php,,"covered_central — الوسيط المركزي (فاعل+وقت) · قناة قبل/بعد مرشحة للتوصيل"
plan.submit,domain_write,bound_page,Operations/daily_plan.php,,"covered_central — الوسيط المركزي (فاعل+وقت) · قناة قبل/بعد مرشحة للتوصيل"
pm.generate,domain_write,bound_page,Maintenance/preventive_plans.php,"EventPublisher (via mnt_helpers.php)","covered — مركزي + قناة قبل/بعد"
po.issue,domain_write,bound_page,Procurement/orders_proc.php,"EventPublisher (via proc_helpers.php)","covered — مركزي + قناة قبل/بعد"
po.receive.partial,domain_write,bound_page,Procurement/orders_proc.php,"EventPublisher (via proc_helpers.php)","covered — مركزي + قناة قبل/بعد"
pr.approve,domain_write,bound_page,Procurement/requests_proc.php,"EventPublisher (via proc_helpers.php)","covered — مركزي + قناة قبل/بعد"
pr.raise,domain_write,bound_page,Procurement/requests_proc.php,"EventPublisher (via proc_helpers.php)","covered — مركزي + قناة قبل/بعد"
price.approve,domain_write,bound_page,Clients/pricelists.php,,"covered_central — الوسيط المركزي (فاعل+وقت) · قناة قبل/بعد مرشحة للتوصيل"
price.trigger,domain_write,bound_page,Contracts/price_terms.php,,"covered_central — الوسيط المركزي (فاعل+وقت) · قناة قبل/بعد مرشحة للتوصيل"
prod.confirm,domain_write,bound_page,Operations/production.php,,"covered_central — الوسيط المركزي (فاعل+وقت) · قناة قبل/بعد مرشحة للتوصيل"
prod.save,domain_write,bound_page,Operations/production.php,,"covered_central — الوسيط المركزي (فاعل+وقت) · قناة قبل/بعد مرشحة للتوصيل"
prof.update,domain_write,declared_unbuilt,,,"declared — الزر لم يثبت بناؤه فلا معالج يفحص"
project.charter,domain_write,bound_page,Portal/project_charter.php,publishFact,"covered — مركزي + قناة قبل/بعد"
project.create,domain_write,bound_page,Projects/projects.php,publishFact,"covered — مركزي + قناة قبل/بعد"
prov.use,domain_write,bound_page,Finance/maintenance_provision_fin.php,"publishFact (via fin_helpers.php)","covered — مركزي + قناة قبل/بعد"
prt.create,domain_write,bound_page,Governance/portal_users.php,,"covered_central — الوسيط المركزي (فاعل+وقت) · قناة قبل/بعد مرشحة للتوصيل"
pwd.change,domain_write,bound_page,Settings/change_password.php,,"covered_central — الوسيط المركزي (فاعل+وقت) · قناة قبل/بعد مرشحة للتوصيل"
qual.grant,domain_write,bound_page,Workforce/op_qual.php,,"covered_central — الوسيط المركزي (فاعل+وقت) · قناة قبل/بعد مرشحة للتوصيل"
quota.allocate,domain_write,declared_unbuilt,,,"declared — الزر لم يثبت بناؤه فلا معالج يفحص"
quota.consume,domain_write,declared_unbuilt,,,"declared — الزر لم يثبت بناؤه فلا معالج يفحص"
quota.post,domain_write,declared_unbuilt,,,"declared — الزر لم يثبت بناؤه فلا معالج يفحص"
quote.accept,domain_write,bound_page,Clients/quotations.php,,"covered_central — الوسيط المركزي (فاعل+وقت) · قناة قبل/بعد مرشحة للتوصيل"
rec.collect,domain_write,bound_page,Contracts/collections.php,,"covered_central — الوسيط المركزي (فاعل+وقت) · قناة قبل/بعد مرشحة للتوصيل"
rec.provision,domain_write,bound_page,Contracts/collections.php,,"covered_central — الوسيط المركزي (فاعل+وقت) · قناة قبل/بعد مرشحة للتوصيل"
recon.close,domain_write,bound_page,Equipments/asset_recon.php,,"covered_central — الوسيط المركزي (فاعل+وقت) · قناة قبل/بعد مرشحة للتوصيل"
recon.match,domain_write,bound_page,Finance/bank_reconciliation_fin.php,"publishFact (via fin_helpers.php)","covered — مركزي + قناة قبل/بعد"
recur.escalate,domain_write,bound_page,Tickets/ticket_recurrence.php,,"covered_central — الوسيط المركزي (فاعل+وقت) · قناة قبل/بعد مرشحة للتوصيل"
reg.audit,domain_write,bound_page,Workforce/contract_registry.php,,"covered_central — الوسيط المركزي (فاعل+وقت) · قناة قبل/بعد مرشحة للتوصيل"
rel.publish,domain_write,bound_page,Portal/release_stamp.php,,"covered_central — الوسيط المركزي (فاعل+وقت) · قناة قبل/بعد مرشحة للتوصيل"
review.block,domain_write,bound_page,Portal/contract_review.php,,"covered_central — الوسيط المركزي (فاعل+وقت) · قناة قبل/بعد مرشحة للتوصيل"
review.close,domain_write,bound_page,Governance/access_review.php,,"covered_central — الوسيط المركزي (فاعل+وقت) · قناة قبل/بعد مرشحة للتوصيل"
rfq.award,domain_write,alias,Procurement/rfq_compare_award.php,,"covered_central — الوسيط المركزي (فاعل+وقت) · قناة قبل/بعد مرشحة للتوصيل"
rfq.quote,domain_write,alias,Procurement/rfq_compare_award.php,,"covered_central — الوسيط المركزي (فاعل+وقت) · قناة قبل/بعد مرشحة للتوصيل"
risk.decide,domain_write,bound_page,Portal/ceo_risk.php,publishFact,"covered — مركزي + قناة قبل/بعد"
risk.log,domain_write,bound_page,Clients/commercial_risks.php,,"covered_central — الوسيط المركزي (فاعل+وقت) · قناة قبل/بعد مرشحة للتوصيل"
role.create,domain_write,bound_page,Settings/roles.php,,"covered_central — الوسيط المركزي (فاعل+وقت) · قناة قبل/بعد مرشحة للتوصيل"
role.template,domain_write,bound_page,Settings/roles.php,,"covered_central — الوسيط المركزي (فاعل+وقت) · قناة قبل/بعد مرشحة للتوصيل"
room.intervene,domain_write,declared_unbuilt,,,"declared — الزر لم يثبت بناؤه فلا معالج يفحص"
rot.schedule,domain_write,bound_page,Workforce/rotation.php,,"covered_central — الوسيط المركزي (فاعل+وقت) · قناة قبل/بعد مرشحة للتوصيل"
route.auto,domain_write,bound_page,Tickets/ticket_types_config.php,,"covered_central — الوسيط المركزي (فاعل+وقت) · قناة قبل/بعد مرشحة للتوصيل"
route.define,domain_write,bound_page,FinRequests/routing_admin.php,log_security_event,"covered — مركزي + قناة قبل/بعد"
rpt.export,governance_write,declared_unbuilt,,,"declared — الزر لم يثبت بناؤه فلا معالج يفحص"
rule.define,domain_write,bound_page,Suppliers/supplier_rules.php,,"covered_central — الوسيط المركزي (فاعل+وقت) · قناة قبل/بعد مرشحة للتوصيل"
sadv.grant,domain_write,bound_page,Suppliers/supplier_advances.php,,"covered_central — الوسيط المركزي (فاعل+وقت) · قناة قبل/بعد مرشحة للتوصيل"
sales.model.define,domain_write,bound_page,Portal/business_models.php,,"covered_central — الوسيط المركزي (فاعل+وقت) · قناة قبل/بعد مرشحة للتوصيل"
sc.activate,domain_write,bound_page,Suppliers/supplierscontracts.php,,"covered_central — الوسيط المركزي (فاعل+وقت) · قناة قبل/بعد مرشحة للتوصيل"
se.register,domain_write,declared_unbuilt,,,"declared — الزر لم يثبت بناؤه فلا معالج يفحص"
settle.approve,domain_write,bound_page,Suppliers/settlements.php,,"covered_central — الوسيط المركزي (فاعل+وقت) · قناة قبل/بعد مرشحة للتوصيل"
share.record,domain_write,alias,Financing/asset_disposal.php,action_execution_log,"covered — مركزي + قناة قبل/بعد"
shift.assign,domain_write,bound_page,Operations/site_shift_plan.php,,"covered_central — الوسيط المركزي (فاعل+وقت) · قناة قبل/بعد مرشحة للتوصيل"
shift.close,domain_write,bound_page,Operations/shift_log.php,,"covered_central — الوسيط المركزي (فاعل+وقت) · قناة قبل/بعد مرشحة للتوصيل"
sm.define,domain_write,bound_page,Governance/state_machines.php,,"covered_central — الوسيط المركزي (فاعل+وقت) · قناة قبل/بعد مرشحة للتوصيل"
sod.enforce,domain_write,bound_page,admin/sec_governance.php,activity_logs,"covered — مركزي + قناة قبل/بعد"
source.set,domain_write,bound_page,Equipments/equipment_sourcing.php,,"covered_central — الوسيط المركزي (فاعل+وقت) · قناة قبل/بعد مرشحة للتوصيل"
stmt.client.issue,domain_write,declared_unbuilt,,,"declared — الزر لم يثبت بناؤه فلا معالج يفحص"
stmt.issue,domain_write,bound_page,Finance/supplier_statement_fin.php,"publishFact (via fin_helpers.php)","covered — مركزي + قناة قبل/بعد"
stock.count,domain_write,alias,Procurement/wh_count.php,,"covered_central — الوسيط المركزي (فاعل+وقت) · قناة قبل/بعد مرشحة للتوصيل"
stock.issue,domain_write,bound_page,Procurement/issue_proc.php,"EventPublisher (via proc_helpers.php)","covered — مركزي + قناة قبل/بعد"
stock.receive,domain_write,declared_unbuilt,,,"declared — الزر لم يثبت بناؤه فلا معالج يفحص"
stock.reorder,domain_write,declared_unbuilt,,,"declared — الزر لم يثبت بناؤه فلا معالج يفحص"
stock.reserve,domain_write,declared_unbuilt,,,"declared — الزر لم يثبت بناؤه فلا معالج يفحص"
stop.attribute,domain_write,alias,Operations/stops_unattributed.php,,"covered_central — الوسيط المركزي (فاعل+وقت) · قناة قبل/بعد مرشحة للتوصيل"
stop.record,domain_write,alias,Operations/stops_unattributed.php,,"covered_central — الوسيط المركزي (فاعل+وقت) · قناة قبل/بعد مرشحة للتوصيل"
supp.close,domain_write,bound_page,Suppliers/supplier_closure.php,,"covered_central — الوسيط المركزي (فاعل+وقت) · قناة قبل/بعد مرشحة للتوصيل"
supp.eval,domain_write,alias,Financing/deviations.php,,"covered_central — الوسيط المركزي (فاعل+وقت) · قناة قبل/بعد مرشحة للتوصيل"
supplier.activate,domain_write,bound_page,Suppliers/suppliers.php,,"covered_central — الوسيط المركزي (فاعل+وقت) · قناة قبل/بعد مرشحة للتوصيل"
supplier.evaluate,domain_write,bound_page,Suppliers/suppliers.php,,"covered_central — الوسيط المركزي (فاعل+وقت) · قناة قبل/بعد مرشحة للتوصيل"
svc.define,domain_write,bound_page,Clients/products.php,,"covered_central — الوسيط المركزي (فاعل+وقت) · قناة قبل/بعد مرشحة للتوصيل"
tariff.set,domain_write,bound_page,Transport/transfer_tariffs.php,,"covered_central — الوسيط المركزي (فاعل+وقت) · قناة قبل/بعد مرشحة للتوصيل"
task.done,domain_write,bound_page,Portal/my_tasks.php,,"covered_central — الوسيط المركزي (فاعل+وقت) · قناة قبل/بعد مرشحة للتوصيل"
tax.file,domain_write,bound_page,Contracts/tax_invoices.php,,"covered_central — الوسيط المركزي (فاعل+وقت) · قناة قبل/بعد مرشحة للتوصيل"
tcf.define,domain_write,bound_page,Tickets/ticket_types_config.php,,"covered_central — الوسيط المركزي (فاعل+وقت) · قناة قبل/بعد مرشحة للتوصيل"
tech.approve,domain_write,declared_unbuilt,,,"declared — الزر لم يثبت بناؤه فلا معالج يفحص"
tech.assign,domain_write,bound_page,Maintenance/workshop.php,,"covered_central — الوسيط المركزي (فاعل+وقت) · قناة قبل/بعد مرشحة للتوصيل"
tech.block,domain_write,declared_unbuilt,,,"declared — الزر لم يثبت بناؤه فلا معالج يفحص"
terms.set,domain_write,declared_unbuilt,,,"declared — الزر لم يثبت بناؤه فلا معالج يفحص"
ticket.ack,domain_write,declared_unbuilt,,,"declared — الزر لم يثبت بناؤه فلا معالج يفحص"
ticket.admin.close,domain_write,alias,Tickets/admin_close.php,,"covered_central — الوسيط المركزي (فاعل+وقت) · قناة قبل/بعد مرشحة للتوصيل"
ticket.branch,domain_write,bound_page,Tickets/ticket_workstreams_board.php,,"covered_central — الوسيط المركزي (فاعل+وقت) · قناة قبل/بعد مرشحة للتوصيل"
ticket.classify,domain_write,alias,Tickets/intake_classify.php,,"covered_central — الوسيط المركزي (فاعل+وقت) · قناة قبل/بعد مرشحة للتوصيل"
ticket.confirm,domain_write,alias,Tickets/admin_close.php,,"covered_central — الوسيط المركزي (فاعل+وقت) · قناة قبل/بعد مرشحة للتوصيل"
ticket.done,domain_write,declared_unbuilt,,,"declared — الزر لم يثبت بناؤه فلا معالج يفحص"
ticket.transfer,domain_write,bound_page,Tickets/ticket_workstreams_board.php,,"covered_central — الوسيط المركزي (فاعل+وقت) · قناة قبل/بعد مرشحة للتوصيل"
tpl.generate,domain_write,bound_page,Tickets/ticket_recurrence.php,,"covered_central — الوسيط المركزي (فاعل+وقت) · قناة قبل/بعد مرشحة للتوصيل"
transport.request.submit,domain_write,bound_page,Transport/transfer_requests.php,,"covered_central — الوسيط المركزي (فاعل+وقت) · قناة قبل/بعد مرشحة للتوصيل"
treas.transfer,domain_write,bound_page,Finance/accounts_fin.php,"publishFact (via fin_helpers.php)","covered — مركزي + قناة قبل/بعد"
trip.arrive,domain_write,alias,Transport/transfer_in_transit.php,,"covered_central — الوسيط المركزي (فاعل+وقت) · قناة قبل/بعد مرشحة للتوصيل"
trip.cost,domain_write,alias,Transport/transfer_close_cost.php,,"covered_central — الوسيط المركزي (فاعل+وقت) · قناة قبل/بعد مرشحة للتوصيل"
trip.depart,domain_write,alias,Transport/transfer_in_transit.php,,"covered_central — الوسيط المركزي (فاعل+وقت) · قناة قبل/بعد مرشحة للتوصيل"
trip.order,domain_write,declared_unbuilt,,,"declared — الزر لم يثبت بناؤه فلا معالج يفحص"
unbilled.claim,domain_write,bound_page,Operations/unbilled.php,,"covered_central — الوسيط المركزي (فاعل+وقت) · قناة قبل/بعد مرشحة للتوصيل"
unit.assign,domain_write,bound_page,Operations/containers.php,,"covered_central — الوسيط المركزي (فاعل+وقت) · قناة قبل/بعد مرشحة للتوصيل"
unit.define,domain_write,bound_page,Operations/containers.php,,"covered_central — الوسيط المركزي (فاعل+وقت) · قناة قبل/بعد مرشحة للتوصيل"
unit.save,domain_write,bound_page,Timesheet/timesheet.php,,"covered_central — الوسيط المركزي (فاعل+وقت) · قناة قبل/بعد مرشحة للتوصيل"
unit.submit,domain_write,bound_page,Timesheet/timesheet.php,,"covered_central — الوسيط المركزي (فاعل+وقت) · قناة قبل/بعد مرشحة للتوصيل"
uom.define,domain_write,bound_page,Clients/units_of_measure.php,,"covered_central — الوسيط المركزي (فاعل+وقت) · قناة قبل/بعد مرشحة للتوصيل"
user.create,domain_write,bound_page,main/users.php,,"covered_central — الوسيط المركزي (فاعل+وقت) · قناة قبل/بعد مرشحة للتوصيل"
var.analyze,domain_write,bound_page,Finance/variance_monitor_fin.php,"publishFact (via fin_helpers.php)","covered — مركزي + قناة قبل/بعد"
vis.publish,domain_write,bound_page,Portal/visibility_keys.php,,"covered_central — الوسيط المركزي (فاعل+وقت) · قناة قبل/بعد مرشحة للتوصيل"
weval.close,domain_write,bound_page,Workforce/worker_evaluation.php,,"covered_central — الوسيط المركزي (فاعل+وقت) · قناة قبل/بعد مرشحة للتوصيل"
wh.define,domain_write,bound_page,Procurement/master_data_proc.php,"EventPublisher (via proc_helpers.php)","covered — مركزي + قناة قبل/بعد"
wh.move,domain_write,alias,Procurement/wh_transfer.php,,"covered_central — الوسيط المركزي (فاعل+وقت) · قناة قبل/بعد مرشحة للتوصيل"
wo.close,domain_write,bound_page,Maintenance/orders.php,"EventPublisher (via mnt_helpers.php)","covered — مركزي + قناة قبل/بعد"
workspace.request.submit,domain_write,declared_unbuilt,,,"declared — الزر لم يثبت بناؤه فلا معالج يفحص"
