screen,result
Finance/cfo_daily_board_fin.php,already
Contracts/contracts.php,already
Finance/approvals_inbox.php,already
ActivityLogs/activity_logs.php,already
Timesheet/timesheet.php,already
Reports/margin_report.php,already
Tickets/ticket_types_config.php,already
Procurement/wh_receipt.php,already
user_capacities.php,already
Clients/clients.php,already
Contracts/claims.php,already
Employees/employee_contracts.php,no_inheader_anchor
Equipments/asset_recon.php,already
FinRequests/accountant_desk.php,already
Finance/accounts_fin.php,already
Financing/cost_allocation.php,already
Fleet/readiness_board.php,already
Governance/access_review.php,already
Maintenance/inspections.php,already
Operations/attendance.php,already
Opportunities/opportunities.php,already
Portal/business_models.php,already
Procurement/consumption_rate.php,already
Projects/projects.php,already
Settings/change_password.php,no_inheader_anchor
Suppliers/equipment_plan.php,already
Tickets/admin_close.php,already
Transport/transfer_close_cost.php,already
Workforce/contract_registry.php,already
admin/audit_log.php,no_inheader_anchor
chats/index.php,already
