الشاشة,الملف,الإدارة,الطبيعة,أفعال اعتماد,أفعال كتابة,الأعمدة اللازمة,الحالة
اعتمادات الرئيس التنفيذي,ceo_approvals.php,مكتبُ الرئيس التنفيذي والنواب,مستندٌ يُعتمد,نعم,نعم,"السبعةُ كاملةً — ومنها المعتمِدُ وتاريخُه ومرجعُ التفويض",معتمد — بتفويض المالك 2026-08-06
العقود والالتزامات المحجوزة أو المصعَّدة,ceo_contracts.php,مكتبُ الرئيس التنفيذي والنواب,مستندٌ يُعتمد,نعم,نعم,"السبعةُ كاملةً — ومنها المعتمِدُ وتاريخُه ومرجعُ التفويض",معتمد — بتفويض المالك 2026-08-06
المخاطر والقرارات العليا,ceo_risk.php,مكتبُ الرئيس التنفيذي والنواب,سجلٌّ أو إعداد,لا,نعم,"الكيانُ والمُنشئُ وتاريخُ الإنشاءِ والمرجعُ الأب",معتمد — بتفويض المالك 2026-08-06
قرار فتح مشروع جديد,project_charter.php,مكتبُ الرئيس التنفيذي والنواب,مستندٌ يُعتمد,نعم,نعم,"السبعةُ كاملةً — ومنها المعتمِدُ وتاريخُه ومرجعُ التفويض",معتمد — بتفويض المالك 2026-08-06
لوحة الرئيس التنفيذي,ceo_board.php,مكتبُ الرئيس التنفيذي والنواب,قارئة,لا,لا,"الكيانُ وحدَه",معتمد — بتفويض المالك 2026-08-06
إسناد المعدات للوحدات,unit_assign.php,إدارة التشغيل,سجلٌّ أو إعداد,لا,نعم,"الكيانُ والمُنشئُ وتاريخُ الإنشاءِ والمرجعُ الأب",معتمد — بتفويض المالك 2026-08-06
الأداء الشهري للوحدة,unit_perf.php,إدارة التشغيل,سجلٌّ أو إعداد,لا,نعم,"الكيانُ والمُنشئُ وتاريخُ الإنشاءِ والمرجعُ الأب",معتمد — بتفويض المالك 2026-08-06
الإقفال الشهري للوحدة,monthly_close.php,إدارة التشغيل,مستندٌ يُعتمد,لا,نعم,"السبعةُ كاملةً — ومنها المعتمِدُ وتاريخُه ومرجعُ التفويض",معتمد — بتفويض المالك 2026-08-06
التوقفات وتحديد المتحمل,stops.php,إدارة التشغيل,سجلٌّ أو إعداد,لا,نعم,"الكيانُ والمُنشئُ وتاريخُ الإنشاءِ والمرجعُ الأب",معتمد — بتفويض المالك 2026-08-06
توزيع المعدات والمشغّلين,distribution.php,إدارة التشغيل,سجلٌّ أو إعداد,لا,نعم,"الكيانُ والمُنشئُ وتاريخُ الإنشاءِ والمرجعُ الأب",معتمد — بتفويض المالك 2026-08-06
غرفة عمليات المواقع,ops_room.php,إدارة التشغيل,سجلٌّ أو إعداد,لا,نعم,"الكيانُ والمُنشئُ وتاريخُ الإنشاءِ والمرجعُ الأب",معتمد — بتفويض المالك 2026-08-06
آليات تعديل السعر,price_adjust.php,المبيعات والعقود,سجلٌّ أو إعداد,لا,نعم,"الكيانُ والمُنشئُ وتاريخُ الإنشاءِ والمرجعُ الأب",معتمد — بتفويض المالك 2026-08-06
أحكام العقد — العملات والمقدم والمهل,contract_terms.php,المبيعات والعقود,مستندٌ يُعتمد,لا,نعم,"السبعةُ كاملةً — ومنها المعتمِدُ وتاريخُه ومرجعُ التفويض",معتمد — بتفويض المالك 2026-08-06
الأعمال غير المفوترة,unbilled.php,المبيعات والعقود,سجلٌّ أو إعداد,لا,نعم,"الكيانُ والمُنشئُ وتاريخُ الإنشاءِ والمرجعُ الأب",معتمد — بتفويض المالك 2026-08-06
التزام العقد بنوع المعدة,coverage.php,المبيعات والعقود,مستندٌ يُعتمد,لا,نعم,"السبعةُ كاملةً — ومنها المعتمِدُ وتاريخُه ومرجعُ التفويض",معتمد — بتفويض المالك 2026-08-06
الجزاءات والحوافز التعاقدية,penalties.php,المبيعات والعقود,سجلٌّ أو إعداد,لا,نعم,"الكيانُ والمُنشئُ وتاريخُ الإنشاءِ والمرجعُ الأب",معتمد — بتفويض المالك 2026-08-06
الفرص والزيارات والمناقصات,opportunities.php,المبيعات والعقود,سجلٌّ أو إعداد,لا,نعم,"الكيانُ والمُنشئُ وتاريخُ الإنشاءِ والمرجعُ الأب",معتمد — بتفويض المالك 2026-08-06
المخاطر التجارية,commercial_risks.php,المبيعات والعقود,سجلٌّ أو إعداد,لا,نعم,"الكيانُ والمُنشئُ وتاريخُ الإنشاءِ والمرجعُ الأب",معتمد — بتفويض المالك 2026-08-06
المستخلصات والمطالبات,claims.php,المبيعات والعقود,مستندٌ يُعتمد,نعم,نعم,"السبعةُ كاملةً — ومنها المعتمِدُ وتاريخُه ومرجعُ التفويض",معتمد — بتفويض المالك 2026-08-06
المشاريع والمواقع,projects.php,المبيعات والعقود,سجلٌّ أو إعداد,لا,نعم,"الكيانُ والمُنشئُ وتاريخُ الإنشاءِ والمرجعُ الأب",معتمد — بتفويض المالك 2026-08-06
الوحدات التعاقدية المرقَّمة,units.php,المبيعات والعقود,سجلٌّ أو إعداد,لا,نعم,"الكيانُ والمُنشئُ وتاريخُ الإنشاءِ والمرجعُ الأب",معتمد — بتفويض المالك 2026-08-06
سجل العملاء,clients.php,المبيعات والعقود,سجلٌّ أو إعداد,لا,نعم,"الكيانُ والمُنشئُ وتاريخُ الإنشاءِ والمرجعُ الأب",معتمد — بتفويض المالك 2026-08-06
سجل حركة العقد,contract_events.php,المبيعات والعقود,مستندٌ يُعتمد,لا,نعم,"السبعةُ كاملةً — ومنها المعتمِدُ وتاريخُه ومرجعُ التفويض",معتمد — بتفويض المالك 2026-08-06
عروض الأسعار للعملاء,quotations.php,المبيعات والعقود,سجلٌّ أو إعداد,لا,نعم,"الكيانُ والمُنشئُ وتاريخُ الإنشاءِ والمرجعُ الأب",معتمد — بتفويض المالك 2026-08-06
عقود العملاء,contracts.php,المبيعات والعقود,سجلٌّ أو إعداد,لا,نعم,"الكيانُ والمُنشئُ وتاريخُ الإنشاءِ والمرجعُ الأب",معتمد — بتفويض المالك 2026-08-06
قوائم التسعير المعتمدة,pricelists.php,المبيعات والعقود,مستندٌ يُعتمد,نعم,نعم,"السبعةُ كاملةً — ومنها المعتمِدُ وتاريخُه ومرجعُ التفويض",معتمد — بتفويض المالك 2026-08-06
كتالوج الخدمات وبنود البيع,products.php,المبيعات والعقود,سجلٌّ أو إعداد,لا,نعم,"الكيانُ والمُنشئُ وتاريخُ الإنشاءِ والمرجعُ الأب",معتمد — بتفويض المالك 2026-08-06
مراجعة العقود وملاحظاتها,contract_review.php,المبيعات والعقود,مستندٌ يُعتمد,نعم,نعم,"السبعةُ كاملةً — ومنها المعتمِدُ وتاريخُه ومرجعُ التفويض",معتمد — بتفويض المالك 2026-08-06
ملاحق العقود وتجديداتها,contract_amendments.php,المبيعات والعقود,سجلٌّ أو إعداد,لا,نعم,"الكيانُ والمُنشئُ وتاريخُ الإنشاءِ والمرجعُ الأب",معتمد — بتفويض المالك 2026-08-06
نماذج العمل ووحدات القياس,business_models.php,المبيعات والعقود,سجلٌّ أو إعداد,لا,نعم,"الكيانُ والمُنشئُ وتاريخُ الإنشاءِ والمرجعُ الأب",معتمد — بتفويض المالك 2026-08-06
وحدات القياس والتحويل,units_of_measure.php,المبيعات والعقود,سجلٌّ أو إعداد,لا,نعم,"الكيانُ والمُنشئُ وتاريخُ الإنشاءِ والمرجعُ الأب",معتمد — بتفويض المالك 2026-08-06
أداء الموردين وجاهزيتهم,supplier_perf.php,إدارة الموردين,سجلٌّ أو إعداد,لا,نعم,"الكيانُ والمُنشئُ وتاريخُ الإنشاءِ والمرجعُ الأب",معتمد — بتفويض المالك 2026-08-06
تسويات ومستحقات الموردين,supplier_settle.php,إدارة الموردين,مستندٌ يُعتمد,نعم,نعم,"السبعةُ كاملةً — ومنها المعتمِدُ وتاريخُه ومرجعُ التفويض",معتمد — بتفويض المالك 2026-08-06
تصفية إنهاء عقد مورد,supplier_closure.php,إدارة الموردين,مستندٌ يُعتمد,لا,نعم,"السبعةُ كاملةً — ومنها المعتمِدُ وتاريخُه ومرجعُ التفويض",معتمد — بتفويض المالك 2026-08-06
تقييم المورد الدوري,supplier_evaluation.php,إدارة الموردين,مستندٌ يُعتمد,نعم,نعم,"السبعةُ كاملةً — ومنها المعتمِدُ وتاريخُه ومرجعُ التفويض",معتمد — بتفويض المالك 2026-08-06
توزيع وحدات المورد على معداته,equipment_quota.php,إدارة الموردين,سجلٌّ أو إعداد,لا,نعم,"الكيانُ والمُنشئُ وتاريخُ الإنشاءِ والمرجعُ الأب",معتمد — بتفويض المالك 2026-08-06
حسابات الموردين البنكية,supplier_bank.php,إدارة الموردين,سجلٌّ أو إعداد,لا,نعم,"الكيانُ والمُنشئُ وتاريخُ الإنشاءِ والمرجعُ الأب",معتمد — بتفويض المالك 2026-08-06
حصص الموردين من العقود,supplier_quota.php,إدارة الموردين,مستندٌ يُعتمد,نعم,نعم,"السبعةُ كاملةً — ومنها المعتمِدُ وتاريخُه ومرجعُ التفويض",معتمد — بتفويض المالك 2026-08-06
خطة معدات المورد المتعهَّد بها,supplier_plan.php,إدارة الموردين,مستندٌ يُعتمد,نعم,نعم,"السبعةُ كاملةً — ومنها المعتمِدُ وتاريخُه ومرجعُ التفويض",معتمد — بتفويض المالك 2026-08-06
دفتر استهلاك حصص الموردين,quota_ledger.php,إدارة الموردين,سجلٌّ أو إعداد,لا,نعم,"الكيانُ والمُنشئُ وتاريخُ الإنشاءِ والمرجعُ الأب",معتمد — بتفويض المالك 2026-08-06
سجل الموردين,suppliers.php,إدارة الموردين,سجلٌّ أو إعداد,لا,نعم,"الكيانُ والمُنشئُ وتاريخُ الإنشاءِ والمرجعُ الأب",معتمد — بتفويض المالك 2026-08-06
سلفيات الموردين,supplier_advances.php,إدارة الموردين,سجلٌّ أو إعداد,لا,نعم,"الكيانُ والمُنشئُ وتاريخُ الإنشاءِ والمرجعُ الأب",معتمد — بتفويض المالك 2026-08-06
طاقة المورد وجاهزيته ومهلة الإحلال,supplier_capacity.php,إدارة الموردين,سجلٌّ أو إعداد,لا,نعم,"الكيانُ والمُنشئُ وتاريخُ الإنشاءِ والمرجعُ الأب",معتمد — بتفويض المالك 2026-08-06
عقود الموردين,supplier_contracts.php,إدارة الموردين,سجلٌّ أو إعداد,لا,نعم,"الكيانُ والمُنشئُ وتاريخُ الإنشاءِ والمرجعُ الأب",معتمد — بتفويض المالك 2026-08-06
قواعد التحميل والجزاءات على المورد,supplier_rules.php,إدارة الموردين,سجلٌّ أو إعداد,لا,نعم,"الكيانُ والمُنشئُ وتاريخُ الإنشاءِ والمرجعُ الأب",معتمد — بتفويض المالك 2026-08-06
كشف حساب المورد الشهري,supplier_stmt.php,إدارة الموردين,سجلٌّ أو إعداد,لا,نعم,"الكيانُ والمُنشئُ وتاريخُ الإنشاءِ والمرجعُ الأب",معتمد — بتفويض المالك 2026-08-06
معدات المورد ومالكوها,supplier_equip.php,إدارة الموردين,سجلٌّ أو إعداد,لا,نعم,"الكيانُ والمُنشئُ وتاريخُ الإنشاءِ والمرجعُ الأب",معتمد — بتفويض المالك 2026-08-06
أنواع المعدات وفئاتها,equip_types.php,إدارة الأسطول,سجلٌّ أو إعداد,لا,نعم,"الكيانُ والمُنشئُ وتاريخُ الإنشاءِ والمرجعُ الأب",معتمد — بتفويض المالك 2026-08-06
الإهلاك والقيمة الدفترية,depreciation.php,إدارة الأسطول,سجلٌّ أو إعداد,لا,نعم,"الكيانُ والمُنشئُ وتاريخُ الإنشاءِ والمرجعُ الأب",معتمد — بتفويض المالك 2026-08-06
جسر ترقيم المعدات,code_bridge.php,إدارة الأسطول,سجلٌّ أو إعداد,لا,نعم,"الكيانُ والمُنشئُ وتاريخُ الإنشاءِ والمرجعُ الأب",معتمد — بتفويض المالك 2026-08-06
سجل المعدات,equipments.php,إدارة الأسطول,سجلٌّ أو إعداد,لا,نعم,"الكيانُ والمُنشئُ وتاريخُ الإنشاءِ والمرجعُ الأب",معتمد — بتفويض المالك 2026-08-06
سياسات الإهلاك المعتمدة,dep_profiles.php,إدارة الأسطول,مستندٌ يُعتمد,نعم,نعم,"السبعةُ كاملةً — ومنها المعتمِدُ وتاريخُه ومرجعُ التفويض",معتمد — بتفويض المالك 2026-08-06
قراءات العدّادات,equip_meters.php,إدارة الأسطول,سجلٌّ أو إعداد,لا,نعم,"الكيانُ والمُنشئُ وتاريخُ الإنشاءِ والمرجعُ الأب",معتمد — بتفويض المالك 2026-08-06
مصدر المعدة ونمط تملّكها,equipment_sourcing.php,إدارة الأسطول,سجلٌّ أو إعداد,لا,نعم,"الكيانُ والمُنشئُ وتاريخُ الإنشاءِ والمرجعُ الأب",معتمد — بتفويض المالك 2026-08-06
مطابقة سجل الأصول بالتشغيل,asset_recon.php,إدارة الأسطول,سجلٌّ أو إعداد,لا,نعم,"الكيانُ والمُنشئُ وتاريخُ الإنشاءِ والمرجعُ الأب",معتمد — بتفويض المالك 2026-08-06
ملّاك الأسطول,fleet_owners.php,إدارة الأسطول,سجلٌّ أو إعداد,لا,نعم,"الكيانُ والمُنشئُ وتاريخُ الإنشاءِ والمرجعُ الأب",معتمد — بتفويض المالك 2026-08-06
موديلات المعدات ومواصفاتها,equip_models.php,إدارة الأسطول,سجلٌّ أو إعداد,لا,نعم,"الكيانُ والمُنشئُ وتاريخُ الإنشاءِ والمرجعُ الأب",معتمد — بتفويض المالك 2026-08-06
وثائق المعدات والمشغّلين,equip_docs.php,إدارة الأسطول,سجلٌّ أو إعداد,لا,نعم,"الكيانُ والمُنشئُ وتاريخُ الإنشاءِ والمرجعُ الأب",معتمد — بتفويض المالك 2026-08-06
أسعار الصرف,fx_rates.php,المالية والخزينة,مستندٌ يُعتمد,نعم,نعم,"السبعةُ كاملةً — ومنها المعتمِدُ وتاريخُه ومرجعُ التفويض",معتمد — بتفويض المالك 2026-08-06
إقفال الفترة المحاسبية,period_close.php,المالية والخزينة,مستندٌ يُعتمد,لا,نعم,"السبعةُ كاملةً — ومنها المعتمِدُ وتاريخُه ومرجعُ التفويض",معتمد — بتفويض المالك 2026-08-06
التدفق النقدي والتنبؤ,cash_forecast.php,المالية والخزينة,سجلٌّ أو إعداد,لا,نعم,"الكيانُ والمُنشئُ وتاريخُ الإنشاءِ والمرجعُ الأب",معتمد — بتفويض المالك 2026-08-06
التكاليف والربحية بالمركز,cost_report.php,المالية والخزينة,سجلٌّ أو إعداد,لا,نعم,"الكيانُ والمُنشئُ وتاريخُ الإنشاءِ والمرجعُ الأب",معتمد — بتفويض المالك 2026-08-06
الخزينة والصناديق,treasury.php,المالية والخزينة,سجلٌّ أو إعداد,لا,نعم,"الكيانُ والمُنشئُ وتاريخُ الإنشاءِ والمرجعُ الأب",معتمد — بتفويض المالك 2026-08-06
الفاتورة الضريبية والإقرارات,tax_invoices.php,المالية والخزينة,مستندٌ يُعتمد,نعم,نعم,"السبعةُ كاملةً — ومنها المعتمِدُ وتاريخُه ومرجعُ التفويض",معتمد — بتفويض المالك 2026-08-06
القوائم المالية,fin_statements.php,المالية والخزينة,سجلٌّ أو إعداد,لا,نعم,"الكيانُ والمُنشئُ وتاريخُ الإنشاءِ والمرجعُ الأب",معتمد — بتفويض المالك 2026-08-06
القيود اليومية,journal.php,المالية والخزينة,سجلٌّ أو إعداد,لا,نعم,"الكيانُ والمُنشئُ وتاريخُ الإنشاءِ والمرجعُ الأب",معتمد — بتفويض المالك 2026-08-06
المطابقة البنكية,bank_recon.php,المالية والخزينة,سجلٌّ أو إعداد,لا,نعم,"الكيانُ والمُنشئُ وتاريخُ الإنشاءِ والمرجعُ الأب",معتمد — بتفويض المالك 2026-08-06
الموازنة العامة,budget_master.php,المالية والخزينة,مستندٌ يُعتمد,نعم,نعم,"السبعةُ كاملةً — ومنها المعتمِدُ وتاريخُه ومرجعُ التفويض",معتمد — بتفويض المالك 2026-08-06
تتبّع الأثر من الواقعة إلى القيد,effect_map.php,المالية والخزينة,قارئة,لا,لا,"الكيانُ وحدَه",معتمد — بتفويض المالك 2026-08-06
توليد المستحق من العمل المعتمد,entitlement.php,المالية والخزينة,سجلٌّ أو إعداد,لا,نعم,"الكيانُ والمُنشئُ وتاريخُ الإنشاءِ والمرجعُ الأب",معتمد — بتفويض المالك 2026-08-06
دليل الحسابات ومراكز التكلفة,coa.php,المالية والخزينة,سجلٌّ أو إعداد,لا,نعم,"الكيانُ والمُنشئُ وتاريخُ الإنشاءِ والمرجعُ الأب",معتمد — بتفويض المالك 2026-08-06
ذمم العملاء وأعمارها,receivables.php,المالية والخزينة,سجلٌّ أو إعداد,لا,نعم,"الكيانُ والمُنشئُ وتاريخُ الإنشاءِ والمرجعُ الأب",معتمد — بتفويض المالك 2026-08-06
ذمم الموردين والمستحقات,payables.php,المالية والخزينة,سجلٌّ أو إعداد,لا,نعم,"الكيانُ والمُنشئُ وتاريخُ الإنشاءِ والمرجعُ الأب",معتمد — بتفويض المالك 2026-08-06
زمن دورة الطلبات,cycle_time.php,المالية والخزينة,مستندٌ يُعتمد,لا,نعم,"السبعةُ كاملةً — ومنها المعتمِدُ وتاريخُه ومرجعُ التفويض",معتمد — بتفويض المالك 2026-08-06
طلبات الدفع والسداد,payments.php,المالية والخزينة,مستندٌ يُعتمد,لا,نعم,"السبعةُ كاملةً — ومنها المعتمِدُ وتاريخُه ومرجعُ التفويض",معتمد — بتفويض المالك 2026-08-06
فحص شروط الاستحقاق,entitlement_gate.php,المالية والخزينة,سجلٌّ أو إعداد,لا,نعم,"الكيانُ والمُنشئُ وتاريخُ الإنشاءِ والمرجعُ الأب",معتمد — بتفويض المالك 2026-08-06
فواتير العملاء,invoices.php,المالية والخزينة,سجلٌّ أو إعداد,لا,نعم,"الكيانُ والمُنشئُ وتاريخُ الإنشاءِ والمرجعُ الأب",معتمد — بتفويض المالك 2026-08-06
قواعد توجيه الطلبات المالية,routing_admin.php,المالية والخزينة,مستندٌ يُعتمد,لا,نعم,"السبعةُ كاملةً — ومنها المعتمِدُ وتاريخُه ومرجعُ التفويض",معتمد — بتفويض المالك 2026-08-06
كشف حساب العميل,client_statement.php,المالية والخزينة,سجلٌّ أو إعداد,لا,نعم,"الكيانُ والمُنشئُ وتاريخُ الإنشاءِ والمرجعُ الأب",معتمد — بتفويض المالك 2026-08-06
متابعة انحراف المنفَّذ عن المخطط,variance.php,المالية والخزينة,سجلٌّ أو إعداد,لا,نعم,"الكيانُ والمُنشئُ وتاريخُ الإنشاءِ والمرجعُ الأب",معتمد — بتفويض المالك 2026-08-06
مخصص الصيانة والعمرات,maint_provision.php,المالية والخزينة,سجلٌّ أو إعداد,لا,نعم,"الكيانُ والمُنشئُ وتاريخُ الإنشاءِ والمرجعُ الأب",معتمد — بتفويض المالك 2026-08-06
مهام المحاسب اليومية,accountant_desk.php,المالية والخزينة,سجلٌّ أو إعداد,لا,نعم,"الكيانُ والمُنشئُ وتاريخُ الإنشاءِ والمرجعُ الأب",معتمد — بتفويض المالك 2026-08-06
ميزانية إدارتي,budget_dept.php,المالية والخزينة,سجلٌّ أو إعداد,لا,نعم,"الكيانُ والمُنشئُ وتاريخُ الإنشاءِ والمرجعُ الأب",معتمد — بتفويض المالك 2026-08-06
هامش الربح للعقد والواقعة,margin.php,المالية والخزينة,مستندٌ يُعتمد,لا,نعم,"السبعةُ كاملةً — ومنها المعتمِدُ وتاريخُه ومرجعُ التفويض",معتمد — بتفويض المالك 2026-08-06
الأعيان المموَّلة,fin_assets.php,التمويل والملكية,سجلٌّ أو إعداد,لا,نعم,"الكيانُ والمُنشئُ وتاريخُ الإنشاءِ والمرجعُ الأب",معتمد — بتفويض المالك 2026-08-06
الأقساط ومواعيد السداد,installments.php,التمويل والملكية,سجلٌّ أو إعداد,لا,نعم,"الكيانُ والمُنشئُ وتاريخُ الإنشاءِ والمرجعُ الأب",معتمد — بتفويض المالك 2026-08-06
الخروج غير المسجَّل من الملكية,fin_exit.php,التمويل والملكية,سجلٌّ أو إعداد,لا,نعم,"الكيانُ والمُنشئُ وتاريخُ الإنشاءِ والمرجعُ الأب",معتمد — بتفويض المالك 2026-08-06
انحرافات التمويل — السداد والملكية والتوثيق,fin_deviations.php,التمويل والملكية,سجلٌّ أو إعداد,لا,نعم,"الكيانُ والمُنشئُ وتاريخُ الإنشاءِ والمرجعُ الأب",معتمد — بتفويض المالك 2026-08-06
تغيّرات عقود التمويل,fin_changes.php,التمويل والملكية,سجلٌّ أو إعداد,لا,نعم,"الكيانُ والمُنشئُ وتاريخُ الإنشاءِ والمرجعُ الأب",معتمد — بتفويض المالك 2026-08-06
توزيع تكلفة التمويل على المشاريع,fin_cost.php,التمويل والملكية,سجلٌّ أو إعداد,لا,نعم,"الكيانُ والمُنشئُ وتاريخُ الإنشاءِ والمرجعُ الأب",معتمد — بتفويض المالك 2026-08-06
حصص الملكية في الأصول,shares.php,التمويل والملكية,سجلٌّ أو إعداد,لا,نعم,"الكيانُ والمُنشئُ وتاريخُ الإنشاءِ والمرجعُ الأب",معتمد — بتفويض المالك 2026-08-06
سجل الممولين,financiers.php,التمويل والملكية,سجلٌّ أو إعداد,لا,نعم,"الكيانُ والمُنشئُ وتاريخُ الإنشاءِ والمرجعُ الأب",معتمد — بتفويض المالك 2026-08-06
عقود تمويل بلا حركة,fin_idle.php,التمويل والملكية,سجلٌّ أو إعداد,لا,نعم,"الكيانُ والمُنشئُ وتاريخُ الإنشاءِ والمرجعُ الأب",معتمد — بتفويض المالك 2026-08-06
عمليات التمويل,fin_ops.php,التمويل والملكية,سجلٌّ أو إعداد,لا,نعم,"الكيانُ والمُنشئُ وتاريخُ الإنشاءِ والمرجعُ الأب",معتمد — بتفويض المالك 2026-08-06
فروق السداد والاستحقاق,fin_variance.php,التمويل والملكية,سجلٌّ أو إعداد,لا,نعم,"الكيانُ والمُنشئُ وتاريخُ الإنشاءِ والمرجعُ الأب",معتمد — بتفويض المالك 2026-08-06
نماذج التمويل ومعالجتها,fin_models.php,التمويل والملكية,مستندٌ يُعتمد,نعم,نعم,"السبعةُ كاملةً — ومنها المعتمِدُ وتاريخُه ومرجعُ التفويض",معتمد — بتفويض المالك 2026-08-06
الإجازات والغياب,leaves.php,الموارد البشرية,مستندٌ يُعتمد,نعم,نعم,"السبعةُ كاملةً — ومنها المعتمِدُ وتاريخُه ومرجعُ التفويض",معتمد — بتفويض المالك 2026-08-06
التوظيف من الشاغر إلى المباشرة,recruitment.php,الموارد البشرية,سجلٌّ أو إعداد,لا,نعم,"الكيانُ والمُنشئُ وتاريخُ الإنشاءِ والمرجعُ الأب",معتمد — بتفويض المالك 2026-08-06
الحضور والانصراف,attendance.php,الموارد البشرية,سجلٌّ أو إعداد,لا,نعم,"الكيانُ والمُنشئُ وتاريخُ الإنشاءِ والمرجعُ الأب",معتمد — بتفويض المالك 2026-08-06
الخصومات والجزاءات,deductions.php,الموارد البشرية,مستندٌ يُعتمد,نعم,نعم,"السبعةُ كاملةً — ومنها المعتمِدُ وتاريخُه ومرجعُ التفويض",معتمد — بتفويض المالك 2026-08-06
السلف والعهد المالية,advances.php,الموارد البشرية,سجلٌّ أو إعداد,لا,نعم,"الكيانُ والمُنشئُ وتاريخُ الإنشاءِ والمرجعُ الأب",معتمد — بتفويض المالك 2026-08-06
تصفية إنهاء خدمة موظف,final_settlement.php,الموارد البشرية,سجلٌّ أو إعداد,لا,نعم,"الكيانُ والمُنشئُ وتاريخُ الإنشاءِ والمرجعُ الأب",معتمد — بتفويض المالك 2026-08-06
تقييم أداء العاملين,worker_evaluation.php,الموارد البشرية,سجلٌّ أو إعداد,لا,نعم,"الكيانُ والمُنشئُ وتاريخُ الإنشاءِ والمرجعُ الأب",معتمد — بتفويض المالك 2026-08-06
سجل الموظفين,employees.php,الموارد البشرية,سجلٌّ أو إعداد,لا,نعم,"الكيانُ والمُنشئُ وتاريخُ الإنشاءِ والمرجعُ الأب",معتمد — بتفويض المالك 2026-08-06
عقود المشاريع المؤقتة,project_contracts.php,الموارد البشرية,مستندٌ يُعتمد,نعم,نعم,"السبعةُ كاملةً — ومنها المعتمِدُ وتاريخُه ومرجعُ التفويض",معتمد — بتفويض المالك 2026-08-06
عقود الموظفين,emp_contracts.php,الموارد البشرية,مستندٌ يُعتمد,نعم,نعم,"السبعةُ كاملةً — ومنها المعتمِدُ وتاريخُه ومرجعُ التفويض",معتمد — بتفويض المالك 2026-08-06
مسيّر الرواتب,payroll.php,الموارد البشرية,مستندٌ يُعتمد,نعم,نعم,"السبعةُ كاملةً — ومنها المعتمِدُ وتاريخُه ومرجعُ التفويض",معتمد — بتفويض المالك 2026-08-06
أنماط تفعيل المزايا,activation.php,الحوكمة والالتزام,سجلٌّ أو إعداد,لا,نعم,"الكيانُ والمُنشئُ وتاريخُ الإنشاءِ والمرجعُ الأب",معتمد — بتفويض المالك 2026-08-06
إنجاز الإدارة,dept_achievement.php,الحوكمة والالتزام,سجلٌّ أو إعداد,لا,لا,"الكيانُ والمُنشئُ وتاريخُ الإنشاءِ والمرجعُ الأب",معتمد — بتفويض المالك 2026-08-06
الأدوار وقوالب صلاحياتها,roles.php,الحوكمة والالتزام,سجلٌّ أو إعداد,لا,نعم,"الكيانُ والمُنشئُ وتاريخُ الإنشاءِ والمرجعُ الأب",معتمد — بتفويض المالك 2026-08-06
التراخيص والكفالات,licenses.php,الحوكمة والالتزام,سجلٌّ أو إعداد,لا,نعم,"الكيانُ والمُنشئُ وتاريخُ الإنشاءِ والمرجعُ الأب",معتمد — بتفويض المالك 2026-08-06
التفويض بالتوقيع,delegations.php,الحوكمة والالتزام,مستندٌ يُعتمد,نعم,نعم,"السبعةُ كاملةً — ومنها المعتمِدُ وتاريخُه ومرجعُ التفويض",معتمد — بتفويض المالك 2026-08-06
التكليفات التنظيمية,org_assignments.php,الحوكمة والالتزام,سجلٌّ أو إعداد,لا,نعم,"الكيانُ والمُنشئُ وتاريخُ الإنشاءِ والمرجعُ الأب",معتمد — بتفويض المالك 2026-08-06
المحاولات الممنوعة,guard_denials.php,الحوكمة والالتزام,سجلٌّ أو إعداد,لا,نعم,"الكيانُ والمُنشئُ وتاريخُ الإنشاءِ والمرجعُ الأب",معتمد — بتفويض المالك 2026-08-06
المعاونون والنيابة المؤقتة,assistants.php,الحوكمة والالتزام,سجلٌّ أو إعداد,لا,نعم,"الكيانُ والمُنشئُ وتاريخُ الإنشاءِ والمرجعُ الأب",معتمد — بتفويض المالك 2026-08-06
الهيكل التنظيمي والمسميات,org_structure.php,الحوكمة والالتزام,سجلٌّ أو إعداد,لا,نعم,"الكيانُ والمُنشئُ وتاريخُ الإنشاءِ والمرجعُ الأب",معتمد — بتفويض المالك 2026-08-06
بصمة الإصدار وتقرير النشر,release_stamp.php,الحوكمة والالتزام,مستندٌ يُعتمد,لا,نعم,"السبعةُ كاملةً — ومنها المعتمِدُ وتاريخُه ومرجعُ التفويض",معتمد — بتفويض المالك 2026-08-06
تصنيف قواعد المنع,guards.php,الحوكمة والالتزام,سجلٌّ أو إعداد,لا,نعم,"الكيانُ والمُنشئُ وتاريخُ الإنشاءِ والمرجعُ الأب",معتمد — بتفويض المالك 2026-08-06
تفسير مصدر الصلاحية,perm_explain.php,الحوكمة والالتزام,قارئة,لا,لا,"الكيانُ وحدَه",معتمد — بتفويض المالك 2026-08-06
حالات المستندات وانتقالاتها,state_machines.php,الحوكمة والالتزام,سجلٌّ أو إعداد,لا,نعم,"الكيانُ والمُنشئُ وتاريخُ الإنشاءِ والمرجعُ الأب",معتمد — بتفويض المالك 2026-08-06
حسابات المستخدمين,users.php,الحوكمة والالتزام,سجلٌّ أو إعداد,لا,نعم,"الكيانُ والمُنشئُ وتاريخُ الإنشاءِ والمرجعُ الأب",معتمد — بتفويض المالك 2026-08-06
حسابات بوابة الأطراف الخارجية,portal_users.php,الحوكمة والالتزام,سجلٌّ أو إعداد,لا,نعم,"الكيانُ والمُنشئُ وتاريخُ الإنشاءِ والمرجعُ الأب",معتمد — بتفويض المالك 2026-08-06
دورة المراجعة الدورية للصلاحيات,access_review.php,الحوكمة والالتزام,سجلٌّ أو إعداد,لا,نعم,"الكيانُ والمُنشئُ وتاريخُ الإنشاءِ والمرجعُ الأب",معتمد — بتفويض المالك 2026-08-06
سجل أنواع المستندات,doc_types.php,الحوكمة والالتزام,سجلٌّ أو إعداد,لا,نعم,"الكيانُ والمُنشئُ وتاريخُ الإنشاءِ والمرجعُ الأب",معتمد — بتفويض المالك 2026-08-06
سجل الأسماء المعتمدة,canonical_names.php,الحوكمة والالتزام,سجلٌّ أو إعداد,لا,نعم,"الكيانُ والمُنشئُ وتاريخُ الإنشاءِ والمرجعُ الأب",معتمد — بتفويض المالك 2026-08-06
سجل التدقيق والاطّلاع,audit.php,الحوكمة والالتزام,سجلٌّ أو إعداد,لا,نعم,"الكيانُ والمُنشئُ وتاريخُ الإنشاءِ والمرجعُ الأب",معتمد — بتفويض المالك 2026-08-06
سجل الشركات والكيانات,entities.php,الحوكمة والالتزام,سجلٌّ أو إعداد,لا,نعم,"الكيانُ والمُنشئُ وتاريخُ الإنشاءِ والمرجعُ الأب",معتمد — بتفويض المالك 2026-08-06
سجل العقود الموحَّد,contract_registry.php,الحوكمة والالتزام,سجلٌّ أو إعداد,لا,نعم,"الكيانُ والمُنشئُ وتاريخُ الإنشاءِ والمرجعُ الأب",معتمد — بتفويض المالك 2026-08-06
سياسات الحقول الحساسة,sensitive_fields.php,الحوكمة والالتزام,سجلٌّ أو إعداد,لا,نعم,"الكيانُ والمُنشئُ وتاريخُ الإنشاءِ والمرجعُ الأب",معتمد — بتفويض المالك 2026-08-06
صفحات النظام والإدارات,modules.php,الحوكمة والالتزام,سجلٌّ أو إعداد,لا,نعم,"الكيانُ والمُنشئُ وتاريخُ الإنشاءِ والمرجعُ الأب",معتمد — بتفويض المالك 2026-08-06
صلاحية الطوارئ اللحظية (كسر الزجاج),break_glass.php,الحوكمة والالتزام,سجلٌّ أو إعداد,لا,نعم,"الكيانُ والمُنشئُ وتاريخُ الإنشاءِ والمرجعُ الأب",معتمد — بتفويض المالك 2026-08-06
صندوق ما ينتظر اعتمادي,approvals_inbox.php,الحوكمة والالتزام,مستندٌ يُعتمد,نعم,نعم,"السبعةُ كاملةً — ومنها المعتمِدُ وتاريخُه ومرجعُ التفويض",معتمد — بتفويض المالك 2026-08-06
طلبات الاستثناء,exceptions.php,الحوكمة والالتزام,مستندٌ يُعتمد,لا,نعم,"السبعةُ كاملةً — ومنها المعتمِدُ وتاريخُه ومرجعُ التفويض",معتمد — بتفويض المالك 2026-08-06
علاقات الملكية بين الكيانات,ownership_links.php,الحوكمة والالتزام,سجلٌّ أو إعداد,لا,نعم,"الكيانُ والمُنشئُ وتاريخُ الإنشاءِ والمرجعُ الأب",معتمد — بتفويض المالك 2026-08-06
فصل الواجبات المتعارضة,sec_governance.php,الحوكمة والالتزام,سجلٌّ أو إعداد,لا,نعم,"الكيانُ والمُنشئُ وتاريخُ الإنشاءِ والمرجعُ الأب",معتمد — بتفويض المالك 2026-08-06
مركز التقارير,reports_index.php,الحوكمة والالتزام,سجلٌّ أو إعداد,لا,لا,"الكيانُ والمُنشئُ وتاريخُ الإنشاءِ والمرجعُ الأب",معتمد — بتفويض المالك 2026-08-06
من يرى ماذا ومكوّنات البوابة,visibility.php,الحوكمة والالتزام,سجلٌّ أو إعداد,لا,نعم,"الكيانُ والمُنشئُ وتاريخُ الإنشاءِ والمرجعُ الأب",معتمد — بتفويض المالك 2026-08-06
وضع التأسيس وإغلاقه,founding_mode.php,الحوكمة والالتزام,سجلٌّ أو إعداد,لا,نعم,"الكيانُ والمُنشئُ وتاريخُ الإنشاءِ والمرجعُ الأب",معتمد — بتفويض المالك 2026-08-06
أبلغ عن مشكلة من هذه الشاشة,ticket_open.php,مركز البلاغات,سجلٌّ أو إعداد,لا,لا,"الكيانُ والمُنشئُ وتاريخُ الإنشاءِ والمرجعُ الأب",معتمد — بتفويض المالك 2026-08-06
إعدادات البلاغات — الأنواع والمهل والتصعيد,ticket_config.php,مركز البلاغات,سجلٌّ أو إعداد,لا,نعم,"الكيانُ والمُنشئُ وتاريخُ الإنشاءِ والمرجعُ الأب",معتمد — بتفويض المالك 2026-08-06
إغلاق البلاغ وتأكيده,ticket_close.php,مركز البلاغات,سجلٌّ أو إعداد,لا,نعم,"الكيانُ والمُنشئُ وتاريخُ الإنشاءِ والمرجعُ الأب",معتمد — بتفويض المالك 2026-08-06
البلاغات الدورية المولَّدة,ticket_periodic.php,مركز البلاغات,سجلٌّ أو إعداد,لا,نعم,"الكيانُ والمُنشئُ وتاريخُ الإنشاءِ والمرجعُ الأب",معتمد — بتفويض المالك 2026-08-06
البلاغات المتكررة وسببها الجذري,ticket_recur.php,مركز البلاغات,سجلٌّ أو إعداد,لا,نعم,"الكيانُ والمُنشئُ وتاريخُ الإنشاءِ والمرجعُ الأب",معتمد — بتفويض المالك 2026-08-06
بلاغات إدارتي,tickets_dept.php,مركز البلاغات,سجلٌّ أو إعداد,لا,نعم,"الكيانُ والمُنشئُ وتاريخُ الإنشاءِ والمرجعُ الأب",معتمد — بتفويض المالك 2026-08-06
بلاغات المركز,tickets.php,مركز البلاغات,سجلٌّ أو إعداد,لا,نعم,"الكيانُ والمُنشئُ وتاريخُ الإنشاءِ والمرجعُ الأب",معتمد — بتفويض المالك 2026-08-06
تحويل البلاغ وتفريعه لمسارات,ticket_split.php,مركز البلاغات,سجلٌّ أو إعداد,لا,نعم,"الكيانُ والمُنشئُ وتاريخُ الإنشاءِ والمرجعُ الأب",معتمد — بتفويض المالك 2026-08-06
تصنيف البلاغ وتوجيهه آليًّا,ticket_route.php,مركز البلاغات,سجلٌّ أو إعداد,لا,نعم,"الكيانُ والمُنشئُ وتاريخُ الإنشاءِ والمرجعُ الأب",معتمد — بتفويض المالك 2026-08-06
مؤشرات البلاغات,ticket_kpi.php,مركز البلاغات,سجلٌّ أو إعداد,لا,نعم,"الكيانُ والمُنشئُ وتاريخُ الإنشاءِ والمرجعُ الأب",معتمد — بتفويض المالك 2026-08-06
مهل البلاغات وتصعيدها,ticket_escalate.php,مركز البلاغات,سجلٌّ أو إعداد,لا,نعم,"الكيانُ والمُنشئُ وتاريخُ الإنشاءِ والمرجعُ الأب",معتمد — بتفويض المالك 2026-08-06
أوامر الصيانة,orders.php,إدارة الصيانة,سجلٌّ أو إعداد,لا,نعم,"الكيانُ والمُنشئُ وتاريخُ الإنشاءِ والمرجعُ الأب",معتمد — بتفويض المالك 2026-08-06
الفحص الفني اليومي,inspections.php,إدارة الصيانة,سجلٌّ أو إعداد,لا,نعم,"الكيانُ والمُنشئُ وتاريخُ الإنشاءِ والمرجعُ الأب",معتمد — بتفويض المالك 2026-08-06
الورش والفنيون,workshop.php,إدارة الصيانة,سجلٌّ أو إعداد,لا,نعم,"الكيانُ والمُنشئُ وتاريخُ الإنشاءِ والمرجعُ الأب",معتمد — بتفويض المالك 2026-08-06
تصنيف الأعطال وأسبابها,failures.php,إدارة الصيانة,سجلٌّ أو إعداد,لا,نعم,"الكيانُ والمُنشئُ وتاريخُ الإنشاءِ والمرجعُ الأب",معتمد — بتفويض المالك 2026-08-06
جاهزية المعدات للتشغيل,readiness.php,إدارة الصيانة,مستندٌ يُعتمد,نعم,نعم,"السبعةُ كاملةً — ومنها المعتمِدُ وتاريخُه ومرجعُ التفويض",معتمد — بتفويض المالك 2026-08-06
خطط الصيانة الوقائية,preventive.php,إدارة الصيانة,سجلٌّ أو إعداد,لا,نعم,"الكيانُ والمُنشئُ وتاريخُ الإنشاءِ والمرجعُ الأب",معتمد — بتفويض المالك 2026-08-06
أرقام المشغّلين الشاغرة,op_codes.php,القوى التشغيلية,سجلٌّ أو إعداد,لا,نعم,"الكيانُ والمُنشئُ وتاريخُ الإنشاءِ والمرجعُ الأب",معتمد — بتفويض المالك 2026-08-06
الأداء الشهري للمشغّل,op_monthly.php,القوى التشغيلية,مستندٌ يُعتمد,نعم,نعم,"السبعةُ كاملةً — ومنها المعتمِدُ وتاريخُه ومرجعُ التفويض",معتمد — بتفويض المالك 2026-08-06
السكن والإعاشة والمعسكرات,housing_units.php,القوى التشغيلية,سجلٌّ أو إعداد,لا,نعم,"الكيانُ والمُنشئُ وتاريخُ الإنشاءِ والمرجعُ الأب",معتمد — بتفويض المالك 2026-08-06
تأهيل المشغّلين على أنواع المعدات,op_qual.php,القوى التشغيلية,سجلٌّ أو إعداد,لا,نعم,"الكيانُ والمُنشئُ وتاريخُ الإنشاءِ والمرجعُ الأب",معتمد — بتفويض المالك 2026-08-06
تكليف المشغّل على المعدة,op_assign.php,القوى التشغيلية,سجلٌّ أو إعداد,لا,نعم,"الكيانُ والمُنشئُ وتاريخُ الإنشاءِ والمرجعُ الأب",معتمد — بتفويض المالك 2026-08-06
تنقلات العاملين,worker_movement.php,القوى التشغيلية,سجلٌّ أو إعداد,لا,نعم,"الكيانُ والمُنشئُ وتاريخُ الإنشاءِ والمرجعُ الأب",معتمد — بتفويض المالك 2026-08-06
خصومات المشغّلين المقترحة,op_deduct.php,القوى التشغيلية,سجلٌّ أو إعداد,لا,نعم,"الكيانُ والمُنشئُ وتاريخُ الإنشاءِ والمرجعُ الأب",معتمد — بتفويض المالك 2026-08-06
دورات التناوب والإجازة الميدانية,rotation.php,القوى التشغيلية,سجلٌّ أو إعداد,لا,نعم,"الكيانُ والمُنشئُ وتاريخُ الإنشاءِ والمرجعُ الأب",معتمد — بتفويض المالك 2026-08-06
سجل المشغّلين,operators.php,القوى التشغيلية,سجلٌّ أو إعداد,لا,نعم,"الكيانُ والمُنشئُ وتاريخُ الإنشاءِ والمرجعُ الأب",معتمد — بتفويض المالك 2026-08-06
أوامر الترحيل,transfer_ord.php,النقل والترحيل,مستندٌ يُعتمد,لا,نعم,"السبعةُ كاملةً — ومنها المعتمِدُ وتاريخُه ومرجعُ التفويض",معتمد — بتفويض المالك 2026-08-06
إقفال الأمر وتحميل تكلفته,transfer_cost.php,النقل والترحيل,مستندٌ يُعتمد,لا,نعم,"السبعةُ كاملةً — ومنها المعتمِدُ وتاريخُه ومرجعُ التفويض",معتمد — بتفويض المالك 2026-08-06
اللوابد والمركبات الناقلة,transfer_fleet.php,النقل والترحيل,سجلٌّ أو إعداد,لا,نعم,"الكيانُ والمُنشئُ وتاريخُ الإنشاءِ والمرجعُ الأب",معتمد — بتفويض المالك 2026-08-06
تصاريح المسار والحمولة,transfer_permits.php,النقل والترحيل,سجلٌّ أو إعداد,لا,نعم,"الكيانُ والمُنشئُ وتاريخُ الإنشاءِ والمرجعُ الأب",معتمد — بتفويض المالك 2026-08-06
تعرفة الترحيل وقواعد التحميل,transfer_tariff.php,النقل والترحيل,مستندٌ يُعتمد,نعم,نعم,"السبعةُ كاملةً — ومنها المعتمِدُ وتاريخُه ومرجعُ التفويض",معتمد — بتفويض المالك 2026-08-06
طلبات الترحيل,transfer_req.php,النقل والترحيل,مستندٌ يُعتمد,لا,نعم,"السبعةُ كاملةً — ومنها المعتمِدُ وتاريخُه ومرجعُ التفويض",معتمد — بتفويض المالك 2026-08-06
متابعة الرحلات في الطريق,transfer_track.php,النقل والترحيل,سجلٌّ أو إعداد,لا,نعم,"الكيانُ والمُنشئُ وتاريخُ الإنشاءِ والمرجعُ الأب",معتمد — بتفويض المالك 2026-08-06
أوامر الشراء,po.php,إدارة المشتريات التشغيلية,سجلٌّ أو إعداد,لا,نعم,"الكيانُ والمُنشئُ وتاريخُ الإنشاءِ والمرجعُ الأب",معتمد — بتفويض المالك 2026-08-06
طلب العروض ومقارنتها,rfq.php,إدارة المشتريات التشغيلية,مستندٌ يُعتمد,لا,نعم,"السبعةُ كاملةً — ومنها المعتمِدُ وتاريخُه ومرجعُ التفويض",معتمد — بتفويض المالك 2026-08-06
طلبات الشراء,pr.php,إدارة المشتريات التشغيلية,مستندٌ يُعتمد,نعم,نعم,"السبعةُ كاملةً — ومنها المعتمِدُ وتاريخُه ومرجعُ التفويض",معتمد — بتفويض المالك 2026-08-06
مطابقة الفاتورة بالأمر والاستلام,po_match.php,إدارة المشتريات التشغيلية,مستندٌ يُعتمد,لا,نعم,"السبعةُ كاملةً — ومنها المعتمِدُ وتاريخُه ومرجعُ التفويض",معتمد — بتفويض المالك 2026-08-06
أرصدة المخزون بحالاتها,stock.php,إدارة المخازن,سجلٌّ أو إعداد,لا,نعم,"الكيانُ والمُنشئُ وتاريخُ الإنشاءِ والمرجعُ الأب",معتمد — بتفويض المالك 2026-08-06
استهلاك المعدة ومعدله,consumption_rate.php,إدارة المخازن,سجلٌّ أو إعداد,لا,نعم,"الكيانُ والمُنشئُ وتاريخُ الإنشاءِ والمرجعُ الأب",معتمد — بتفويض المالك 2026-08-06
الاستلام المؤقت قبل الإدخال,wh_receipt.php,إدارة المخازن,سجلٌّ أو إعداد,لا,لا,"الكيانُ والمُنشئُ وتاريخُ الإنشاءِ والمرجعُ الأب",معتمد — بتفويض المالك 2026-08-06
التحويل بين المخازن,wh_transfer.php,إدارة المخازن,سجلٌّ أو إعداد,لا,نعم,"الكيانُ والمُنشئُ وتاريخُ الإنشاءِ والمرجعُ الأب",معتمد — بتفويض المالك 2026-08-06
الجرد ومعالجة الفروقات,wh_count.php,إدارة المخازن,سجلٌّ أو إعداد,لا,نعم,"الكيانُ والمُنشئُ وتاريخُ الإنشاءِ والمرجعُ الأب",معتمد — بتفويض المالك 2026-08-06
العهد والمرتجعات,custody.php,إدارة المخازن,سجلٌّ أو إعداد,لا,نعم,"الكيانُ والمُنشئُ وتاريخُ الإنشاءِ والمرجعُ الأب",معتمد — بتفويض المالك 2026-08-06
المخازن وأنواعها,warehouses.php,إدارة المخازن,سجلٌّ أو إعداد,لا,نعم,"الكيانُ والمُنشئُ وتاريخُ الإنشاءِ والمرجعُ الأب",معتمد — بتفويض المالك 2026-08-06
صرف مواد من المخزن,issue.php,إدارة المخازن,مستندٌ يُعتمد,لا,نعم,"السبعةُ كاملةً — ومنها المعتمِدُ وتاريخُه ومرجعُ التفويض",معتمد — بتفويض المالك 2026-08-06
كتالوج الأصناف والقطع الحرجة,items.php,إدارة المخازن,سجلٌّ أو إعداد,لا,نعم,"الكيانُ والمُنشئُ وتاريخُ الإنشاءِ والمرجعُ الأب",معتمد — بتفويض المالك 2026-08-06
أذون الزيارة والمركبات الخارجية,org_permits.php,إدارة الموقع,سجلٌّ أو إعداد,لا,نعم,"الكيانُ والمُنشئُ وتاريخُ الإنشاءِ والمرجعُ الأب",معتمد — بتفويض المالك 2026-08-06
أذون دخول وخروج المشغّلين,site_gate_person.php,إدارة الموقع,سجلٌّ أو إعداد,لا,نعم,"الكيانُ والمُنشئُ وتاريخُ الإنشاءِ والمرجعُ الأب",معتمد — بتفويض المالك 2026-08-06
أذون دخول وخروج المعدات,site_gate_equip.php,إدارة الموقع,سجلٌّ أو إعداد,لا,نعم,"الكيانُ والمُنشئُ وتاريخُ الإنشاءِ والمرجعُ الأب",معتمد — بتفويض المالك 2026-08-06
الإنتاج والقياس,production.php,إدارة الموقع,سجلٌّ أو إعداد,لا,نعم,"الكيانُ والمُنشئُ وتاريخُ الإنشاءِ والمرجعُ الأب",معتمد — بتفويض المالك 2026-08-06
تسجيل التايم شيت والإنتاج,timesheet.php,إدارة الموقع,مستندٌ يُعتمد,نعم,نعم,"السبعةُ كاملةً — ومنها المعتمِدُ وتاريخُه ومرجعُ التفويض",معتمد — بتفويض المالك 2026-08-06
جدول الورديات — النهار والليل,site_shift_plan.php,إدارة الموقع,سجلٌّ أو إعداد,لا,نعم,"الكيانُ والمُنشئُ وتاريخُ الإنشاءِ والمرجعُ الأب",معتمد — بتفويض المالك 2026-08-06
جدول عمل المنجم — الأسبوعي والشهري,site_work_calendar.php,إدارة الموقع,مستندٌ يُعتمد,نعم,نعم,"السبعةُ كاملةً — ومنها المعتمِدُ وتاريخُه ومرجعُ التفويض",معتمد — بتفويض المالك 2026-08-06
خطة عمل الغد,daily_plan.php,إدارة الموقع,مستندٌ يُعتمد,نعم,نعم,"السبعةُ كاملةً — ومنها المعتمِدُ وتاريخُه ومرجعُ التفويض",معتمد — بتفويض المالك 2026-08-06
سجل الوردية,shift_log.php,إدارة الموقع,سجلٌّ أو إعداد,لا,نعم,"الكيانُ والمُنشئُ وتاريخُ الإنشاءِ والمرجعُ الأب",معتمد — بتفويض المالك 2026-08-06
إنجازي,my_achievement.php,مساحة عملي,قارئة,لا,لا,"الكيانُ وحدَه",معتمد — بتفويض المالك 2026-08-06
المراسلات,messages.php,مساحة عملي,سجلٌّ أو إعداد,لا,لا,"الكيانُ والمُنشئُ وتاريخُ الإنشاءِ والمرجعُ الأب",معتمد — بتفويض المالك 2026-08-06
بوابتي,my_portal.php,مساحة عملي,قارئة,لا,لا,"الكيانُ وحدَه",معتمد — بتفويض المالك 2026-08-06
تغيير كلمة المرور,change_password.php,مساحة عملي,سجلٌّ أو إعداد,لا,نعم,"الكيانُ والمُنشئُ وتاريخُ الإنشاءِ والمرجعُ الأب",معتمد — بتفويض المالك 2026-08-06
تقييمي,my_evaluation.php,مساحة عملي,سجلٌّ أو إعداد,لا,نعم,"الكيانُ والمُنشئُ وتاريخُ الإنشاءِ والمرجعُ الأب",معتمد — بتفويض المالك 2026-08-06
شهادة إنجازي,my_certificate.php,مساحة عملي,سجلٌّ أو إعداد,لا,نعم,"الكيانُ والمُنشئُ وتاريخُ الإنشاءِ والمرجعُ الأب",معتمد — بتفويض المالك 2026-08-06
صفاتي والتبديل بينها,user_capacities.php,مساحة عملي,سجلٌّ أو إعداد,لا,نعم,"الكيانُ والمُنشئُ وتاريخُ الإنشاءِ والمرجعُ الأب",معتمد — بتفويض المالك 2026-08-06
طلباتي,my_requests.php,مساحة عملي,مستندٌ يُعتمد,لا,نعم,"السبعةُ كاملةً — ومنها المعتمِدُ وتاريخُه ومرجعُ التفويض",معتمد — بتفويض المالك 2026-08-06
ملفي الشخصي,profile.php,مساحة عملي,سجلٌّ أو إعداد,لا,نعم,"الكيانُ والمُنشئُ وتاريخُ الإنشاءِ والمرجعُ الأب",معتمد — بتفويض المالك 2026-08-06
مهامي,my_tasks.php,مساحة عملي,سجلٌّ أو إعداد,لا,نعم,"الكيانُ والمُنشئُ وتاريخُ الإنشاءِ والمرجعُ الأب",معتمد — بتفويض المالك 2026-08-06
