-- phpMyAdmin SQL Dump
-- version 5.2.1
-- https://www.phpmyadmin.net/
--
-- Host: 127.0.0.1
-- Generation Time: Jun 25, 2026 at 12:06 PM
-- Server version: 10.4.32-MariaDB
-- PHP Version: 8.2.12

SET SQL_MODE = "NO_AUTO_VALUE_ON_ZERO";
START TRANSACTION;
SET time_zone = "+00:00";


/*!40101 SET @OLD_CHARACTER_SET_CLIENT=@@CHARACTER_SET_CLIENT */;
/*!40101 SET @OLD_CHARACTER_SET_RESULTS=@@CHARACTER_SET_RESULTS */;
/*!40101 SET @OLD_COLLATION_CONNECTION=@@COLLATION_CONNECTION */;
/*!40101 SET NAMES utf8mb4 */;

--
-- Database: `equipation_manage`
--

-- --------------------------------------------------------

--
-- Table structure for table `activity_logs`
--

CREATE TABLE `activity_logs` (
  `id` bigint(20) UNSIGNED NOT NULL,
  `company_id` bigint(20) UNSIGNED DEFAULT NULL,
  `project_id` bigint(20) UNSIGNED DEFAULT NULL,
  `contract_id` bigint(20) UNSIGNED DEFAULT NULL,
  `user_id` bigint(20) UNSIGNED DEFAULT NULL,
  `role_id` bigint(20) UNSIGNED DEFAULT NULL,
  `role_name` varchar(255) CHARACTER SET utf8mb4 COLLATE utf8mb4_unicode_ci DEFAULT NULL,
  `session_id` varchar(255) CHARACTER SET utf8mb4 COLLATE utf8mb4_unicode_ci DEFAULT NULL,
  `ip_address` varchar(45) CHARACTER SET utf8mb4 COLLATE utf8mb4_unicode_ci DEFAULT NULL,
  `user_agent` text CHARACTER SET utf8mb4 COLLATE utf8mb4_unicode_ci DEFAULT NULL,
  `screen_name` varchar(255) CHARACTER SET utf8mb4 COLLATE utf8mb4_unicode_ci DEFAULT NULL,
  `module_name` varchar(255) CHARACTER SET utf8mb4 COLLATE utf8mb4_unicode_ci DEFAULT NULL,
  `action_type` varchar(50) CHARACTER SET utf8mb4 COLLATE utf8mb4_unicode_ci DEFAULT NULL,
  `button_name` varchar(255) CHARACTER SET utf8mb4 COLLATE utf8mb4_unicode_ci DEFAULT NULL,
  `field_name` varchar(255) CHARACTER SET utf8mb4 COLLATE utf8mb4_unicode_ci DEFAULT NULL,
  `record_id` bigint(20) UNSIGNED DEFAULT NULL,
  `old_value` longtext CHARACTER SET utf8mb4 COLLATE utf8mb4_unicode_ci DEFAULT NULL,
  `new_value` longtext CHARACTER SET utf8mb4 COLLATE utf8mb4_unicode_ci DEFAULT NULL,
  `url` text CHARACTER SET utf8mb4 COLLATE utf8mb4_unicode_ci DEFAULT NULL,
  `http_method` varchar(10) CHARACTER SET utf8mb4 COLLATE utf8mb4_unicode_ci DEFAULT NULL,
  `request_payload` longtext CHARACTER SET utf8mb4 COLLATE utf8mb4_unicode_ci DEFAULT NULL,
  `response_status` int(11) DEFAULT NULL,
  `created_at` timestamp NOT NULL DEFAULT current_timestamp()
) ENGINE=InnoDB DEFAULT CHARSET=utf8mb4 COLLATE=utf8mb4_general_ci;

--
-- Dumping data for table `activity_logs`
--

INSERT INTO `activity_logs` (`id`, `company_id`, `project_id`, `contract_id`, `user_id`, `role_id`, `role_name`, `session_id`, `ip_address`, `user_agent`, `screen_name`, `module_name`, `action_type`, `button_name`, `field_name`, `record_id`, `old_value`, `new_value`, `url`, `http_method`, `request_payload`, `response_status`, `created_at`) VALUES
(1, 4, 4, 4, 11, 6, 'مدير حركة وتشغيل', 'cXr5ERv1CzY,UZEOyVeGgHUjL7FHvJZjZ4haq6TktKhWHRcL', '127.0.0.1', 'Mozilla/5.0 (Windows NT 10.0; Win64; x64; rv:150.0) Gecko/20100101 Firefox/150.0', 'movement_operations', 'movement', 'save_single_operation', 'save_single_operation', NULL, NULL, NULL, NULL, 'http://localhost/ems/movement/movement_operations.php?project_id=4', 'POST', '{\"action\":\"save_single_operation\",\"op_id\":\"16\",\"equipment_category\":\"أساسي\",\"shift_type\":\"D\",\"status\":\"1\",\"start\":\"2026-05-11\",\"end\":\"2026-07-01\",\"json\":\"1\"}', 200, '2026-05-19 17:27:40'),
(2, 4, 4, 4, 11, 6, 'مدير حركة وتشغيل', 'cXr5ERv1CzY,UZEOyVeGgHUjL7FHvJZjZ4haq6TktKhWHRcL', '127.0.0.1', 'Mozilla/5.0 (Windows NT 10.0; Win64; x64; rv:150.0) Gecko/20100101 Firefox/150.0', 'logout', 'auth', 'logout', NULL, NULL, NULL, NULL, NULL, 'http://localhost/ems/logout.php', 'GET', NULL, 200, '2026-05-19 17:28:41'),
(3, 4, 0, 0, 6, 3, 'ادارة الاسطول', 'bGyYyWR5OFM9jJZgC,WqVHbu6wvRbYlj7ncCEPTxuiAHgmsW', '127.0.0.1', 'Mozilla/5.0 (Windows NT 10.0; Win64; x64; rv:150.0) Gecko/20100101 Firefox/150.0', 'login', 'auth', 'login', NULL, NULL, NULL, NULL, NULL, 'http://localhost/ems/login.php', 'POST', '{\"username\":\"يسن\",\"password\":\"[REDACTED]\",\"csrf_token\":\"[REDACTED]\"}', 200, '2026-05-19 17:28:48'),
(4, 4, 0, 0, 6, 3, 'ادارة الاسطول', 'bGyYyWR5OFM9jJZgC,WqVHbu6wvRbYlj7ncCEPTxuiAHgmsW', '127.0.0.1', 'Mozilla/5.0 (Windows NT 10.0; Win64; x64; rv:150.0) Gecko/20100101 Firefox/150.0', 'logout', 'auth', 'logout', NULL, NULL, NULL, NULL, NULL, 'http://localhost/ems/logout.php', 'GET', NULL, 200, '2026-05-19 17:29:10'),
(5, 4, 0, 0, 7, 4, 'ادارة الموارد البشرية', 'bxfoVKB-3027iTLn9yEq04Ws7PghCpQrCjDR-kFGAG6GHFc5', '127.0.0.1', 'Mozilla/5.0 (Windows NT 10.0; Win64; x64; rv:150.0) Gecko/20100101 Firefox/150.0', 'login', 'auth', 'login', NULL, NULL, NULL, NULL, NULL, 'http://localhost/ems/login.php', 'POST', '{\"username\":\"اروينا\",\"password\":\"[REDACTED]\",\"csrf_token\":\"[REDACTED]\"}', 200, '2026-05-19 17:29:17'),
(6, 4, 0, 0, 7, 4, 'ادارة الموارد البشرية', 'bxfoVKB-3027iTLn9yEq04Ws7PghCpQrCjDR-kFGAG6GHFc5', '127.0.0.1', 'Mozilla/5.0 (Windows NT 10.0; Win64; x64; rv:150.0) Gecko/20100101 Firefox/150.0', 'drivers', 'drivers', 'update', 'update', NULL, 15, NULL, NULL, 'http://localhost/ems/Drivers/drivers.php', 'POST', '{\"id\":\"15\",\"name\":\"كرم جبارة\",\"driver_code\":\"DR33\",\"nickname\":\"Howard Fleming\",\"identity_type\":\"بطاقة أخرى\",\"identity_number\":\"440\",\"identity_expiry_date\":\"1978-10-16\",\"driver_photo\":\"\",\"identity_photo\":\"\",\"license_number\":\"876\",\"license_type\":\"متعددة الفئات\",\"license_expiry_date\":\"2012-10-17\",\"license_issuer\":\"Vitae consequat Lab\",\"specialized_equipment\":[\"حفارة (Excavator)\",\"مثقاب/مكنة تخريم (Drill Machine)\",\"شاحنة قلابة (Dump Truck)\",\"شاحنة تناكر/صهريج (Tanker Truck)\",\"ممهدة (Grader)\",\"معدات أخرى\"],\"years_in_field\":\"5\",\"years_on_equipment\":\"1\",\"skill_level\":\"مبتدئ (أقل من سنة)\",\"certificates\":\"Facere fugiat irure\",\"owner_supervisor\":\"Ut fugit quos alias\",\"supplier_id\":\"3\",\"project_id\":\"4\",\"employment_affiliation\":\"تابع لشركة متخصصة في التشغيل\",\"salary_type\":\"أسبوعي\",\"monthly_salary\":\"11.00\",\"email\":\"nyxe@mailinator.com\",\"phone\":\"+1 (329) 275-8061\",\"phone_alternative\":\"+1 (135) 308-6085\",\"address\":\"Dolor et consequatur\",\"performance_rating\":\"غير محدد\",\"behavior_record\":\"مقبول (بعض الشكاوى)\",\"accident_record\":\"حادثان (متوسط)\",\"health_status\":\"بحالة جيدة\",\"vaccinations_status\":\"قديمة\",\"health_issues\":\"Delectus ea et repe\",\"previous_employer\":\"Aliqua Molestiae qu\",\"employment_duration\":\"Enim tempore do sun\",\"reference_contact\":\"Id cum deserunt veli\",\"general_notes\":\"Vero sed in molestia\",\"driver_status\":\"نشط\",\"start_date\":\"1970-02-16\",\"status\":\"1\"}', 302, '2026-05-19 17:29:33'),
(7, 4, 0, 0, 7, 4, 'ادارة الموارد البشرية', 'bxfoVKB-3027iTLn9yEq04Ws7PghCpQrCjDR-kFGAG6GHFc5', '127.0.0.1', 'Mozilla/5.0 (Windows NT 10.0; Win64; x64; rv:150.0) Gecko/20100101 Firefox/150.0', 'logout', 'auth', 'logout', NULL, NULL, NULL, NULL, NULL, 'http://localhost/ems/logout.php', 'GET', NULL, 200, '2026-05-19 17:30:35'),
(8, 4, 0, 0, 13, 12, 'ادارة المبيعات', 'i024U1lpkEwXkpq1Ds2YiKkbQ7Dm8uobQgm93r0kb1edWHmm', '127.0.0.1', 'Mozilla/5.0 (Windows NT 10.0; Win64; x64; rv:150.0) Gecko/20100101 Firefox/150.0', 'login', 'auth', 'login', NULL, NULL, NULL, NULL, NULL, 'http://localhost/ems/login.php', 'POST', '{\"username\":\"مبيعات\",\"password\":\"[REDACTED]\",\"csrf_token\":\"[REDACTED]\"}', 200, '2026-05-19 17:30:51'),
(9, 4, 0, 0, 13, 12, 'ادارة المبيعات', 'i024U1lpkEwXkpq1Ds2YiKkbQ7Dm8uobQgm93r0kb1edWHmm', '127.0.0.1', 'Mozilla/5.0 (Windows NT 10.0; Win64; x64; rv:150.0) Gecko/20100101 Firefox/150.0', 'clients', 'clients', 'update', NULL, NULL, 2, NULL, '{\"client_code\":\"58\",\"client_name\":\"شركة محمد\"}', 'http://localhost/ems/Clients/clients.php', 'POST', '{\"client_id\":\"2\",\"csrf_token\":\"[REDACTED]\",\"client_code\":\"58\",\"client_name\":\"شركة محمد\",\"entity_type\":\"دولي\",\"sector_category\":\"تعدين\",\"phone\":\"249912345678\",\"email\":\"sudan@gmail.com\",\"whatsapp\":\"249912345678\",\"status\":\"نشط\"}', 200, '2026-05-19 17:31:39'),
(10, 4, 0, 0, 13, 12, 'ادارة المبيعات', 'i024U1lpkEwXkpq1Ds2YiKkbQ7Dm8uobQgm93r0kb1edWHmm', '127.0.0.1', 'Mozilla/5.0 (Windows NT 10.0; Win64; x64; rv:150.0) Gecko/20100101 Firefox/150.0', 'clients', 'clients', 'update', 'update', NULL, 2, NULL, NULL, 'http://localhost/ems/Clients/clients.php', 'POST', '{\"client_id\":\"2\",\"csrf_token\":\"[REDACTED]\",\"client_code\":\"58\",\"client_name\":\"شركة محمد\",\"entity_type\":\"دولي\",\"sector_category\":\"تعدين\",\"phone\":\"249912345678\",\"email\":\"sudan@gmail.com\",\"whatsapp\":\"249912345678\",\"status\":\"نشط\"}', 302, '2026-05-19 17:31:39'),
(11, 4, 0, 0, 13, 12, 'ادارة المبيعات', 'i024U1lpkEwXkpq1Ds2YiKkbQ7Dm8uobQgm93r0kb1edWHmm', '127.0.0.1', 'Mozilla/5.0 (Windows NT 10.0; Win64; x64; rv:150.0) Gecko/20100101 Firefox/150.0', 'logout', 'auth', 'logout', NULL, NULL, NULL, NULL, NULL, 'http://localhost/ems/logout.php', 'GET', NULL, 200, '2026-05-19 18:37:47'),
(12, 4, 0, 0, 6, 3, 'ادارة الاسطول', 'N0Dca78y5mK5sWA0YDW,aidGWQEUyFNwSRLGiXaLaEKmPHDD', '127.0.0.1', 'Mozilla/5.0 (Windows NT 10.0; Win64; x64; rv:150.0) Gecko/20100101 Firefox/150.0', 'login', 'auth', 'login', NULL, NULL, NULL, NULL, NULL, 'http://localhost/ems/login.php', 'POST', '{\"username\":\"يسن\",\"password\":\"[REDACTED]\",\"csrf_token\":\"[REDACTED]\"}', 200, '2026-05-19 18:37:55'),
(13, 4, 0, 0, 6, 3, 'ادارة الاسطول', 'N0Dca78y5mK5sWA0YDW,aidGWQEUyFNwSRLGiXaLaEKmPHDD', '127.0.0.1', 'Mozilla/5.0 (Windows NT 10.0; Win64; x64; rv:150.0) Gecko/20100101 Firefox/150.0', 'logout', 'auth', 'logout', NULL, NULL, NULL, NULL, NULL, 'http://localhost/ems/logout.php', 'GET', NULL, 200, '2026-05-19 18:39:25'),
(14, 4, 0, 0, 5, 2, 'ادارة الموردين', 'zNkYxqtBWpb0ro616cuHvhu2HfGpya6IuRn-sObmHVa-0DRy', '127.0.0.1', 'Mozilla/5.0 (Windows NT 10.0; Win64; x64; rv:150.0) Gecko/20100101 Firefox/150.0', 'login', 'auth', 'login', NULL, NULL, NULL, NULL, NULL, 'http://localhost/ems/login.php', 'POST', '{\"username\":\"مصعب\",\"password\":\"[REDACTED]\",\"csrf_token\":\"[REDACTED]\"}', 200, '2026-05-19 18:39:36'),
(15, 4, 0, 0, 5, 2, 'ادارة الموردين', 'zNkYxqtBWpb0ro616cuHvhu2HfGpya6IuRn-sObmHVa-0DRy', '127.0.0.1', 'Mozilla/5.0 (Windows NT 10.0; Win64; x64; rv:150.0) Gecko/20100101 Firefox/150.0', 'supplierscontracts', 'suppliers', 'create', 'create', NULL, NULL, NULL, NULL, 'http://localhost/ems/Suppliers/supplierscontracts.php?id=4', 'POST', '{\"contract_id\":\"3\"}', 200, '2026-05-19 18:40:27'),
(16, 4, 0, 0, 5, 2, 'ادارة الموردين', 'zNkYxqtBWpb0ro616cuHvhu2HfGpya6IuRn-sObmHVa-0DRy', '127.0.0.1', 'Mozilla/5.0 (Windows NT 10.0; Win64; x64; rv:150.0) Gecko/20100101 Firefox/150.0', 'supplierscontracts', 'suppliers', 'create', 'create', NULL, NULL, NULL, NULL, 'http://localhost/ems/Suppliers/supplierscontracts.php?id=4', 'POST', '{\"project_id\":\"4\"}', 200, '2026-05-19 18:40:27'),
(17, 4, 0, 0, 5, 2, 'ادارة الموردين', 'zNkYxqtBWpb0ro616cuHvhu2HfGpya6IuRn-sObmHVa-0DRy', '127.0.0.1', 'Mozilla/5.0 (Windows NT 10.0; Win64; x64; rv:150.0) Gecko/20100101 Firefox/150.0', 'supplierscontracts', 'suppliers', 'create', 'create', NULL, NULL, NULL, NULL, 'http://localhost/ems/Suppliers/supplierscontracts.php?id=4', 'POST', '{\"project_contract_id\":\"4\",\"supplier_contract_id\":\"3\"}', 200, '2026-05-19 18:40:27'),
(18, 4, 0, 0, 5, 2, 'ادارة الموردين', 'zNkYxqtBWpb0ro616cuHvhu2HfGpya6IuRn-sObmHVa-0DRy', '127.0.0.1', 'Mozilla/5.0 (Windows NT 10.0; Win64; x64; rv:150.0) Gecko/20100101 Firefox/150.0', 'supplierscontracts', 'suppliers', 'create', 'create', NULL, NULL, NULL, NULL, 'http://localhost/ems/Suppliers/supplierscontracts.php?id=4', 'POST', '{\"project_contract_id\":\"5\",\"supplier_contract_id\":\"3\"}', 200, '2026-05-19 18:40:38'),
(19, 4, 0, 0, 5, 2, 'ادارة الموردين', 'zNkYxqtBWpb0ro616cuHvhu2HfGpya6IuRn-sObmHVa-0DRy', '127.0.0.1', 'Mozilla/5.0 (Windows NT 10.0; Win64; x64; rv:150.0) Gecko/20100101 Firefox/150.0', 'supplierscontracts', 'suppliers', 'create', 'create', NULL, NULL, NULL, NULL, 'http://localhost/ems/Suppliers/supplierscontracts.php?id=4', 'POST', '{\"project_contract_id\":\"4\",\"supplier_contract_id\":\"3\"}', 200, '2026-05-19 18:40:52'),
(20, 4, 0, 0, 5, 2, 'ادارة الموردين', 'zNkYxqtBWpb0ro616cuHvhu2HfGpya6IuRn-sObmHVa-0DRy', '127.0.0.1', 'Mozilla/5.0 (Windows NT 10.0; Win64; x64; rv:150.0) Gecko/20100101 Firefox/150.0', 'supplierscontracts', 'suppliers', 'create', 'create', NULL, NULL, NULL, NULL, 'http://localhost/ems/Suppliers/supplierscontracts.php?id=4', 'POST', '{\"project_contract_id\":\"5\",\"supplier_contract_id\":\"3\"}', 200, '2026-05-19 18:40:59'),
(21, 4, 0, 0, 5, 2, 'ادارة الموردين', 'zNkYxqtBWpb0ro616cuHvhu2HfGpya6IuRn-sObmHVa-0DRy', '127.0.0.1', 'Mozilla/5.0 (Windows NT 10.0; Win64; x64; rv:150.0) Gecko/20100101 Firefox/150.0', 'supplierscontracts', 'suppliers', 'create', 'create', NULL, NULL, NULL, NULL, 'http://localhost/ems/Suppliers/supplierscontracts.php?id=4', 'POST', '{\"project_contract_id\":\"4\",\"supplier_contract_id\":\"3\"}', 200, '2026-05-19 18:41:28'),
(22, 4, 0, 0, 5, 2, 'ادارة الموردين', 'zNkYxqtBWpb0ro616cuHvhu2HfGpya6IuRn-sObmHVa-0DRy', '127.0.0.1', 'Mozilla/5.0 (Windows NT 10.0; Win64; x64; rv:150.0) Gecko/20100101 Firefox/150.0', 'supplierscontracts', 'suppliers', 'create', 'create', NULL, NULL, NULL, NULL, 'http://localhost/ems/Suppliers/supplierscontracts.php', 'POST', '{\"project_id\":\"4\"}', 200, '2026-05-19 18:42:06'),
(23, 4, 0, 0, 5, 2, 'ادارة الموردين', 'zNkYxqtBWpb0ro616cuHvhu2HfGpya6IuRn-sObmHVa-0DRy', '127.0.0.1', 'Mozilla/5.0 (Windows NT 10.0; Win64; x64; rv:150.0) Gecko/20100101 Firefox/150.0', 'supplierscontracts', 'suppliers', 'create', 'create', NULL, NULL, NULL, NULL, 'http://localhost/ems/Suppliers/supplierscontracts.php', 'POST', '{\"contract_id\":\"3\"}', 200, '2026-05-19 18:42:06'),
(24, 4, 0, 0, 5, 2, 'ادارة الموردين', 'zNkYxqtBWpb0ro616cuHvhu2HfGpya6IuRn-sObmHVa-0DRy', '127.0.0.1', 'Mozilla/5.0 (Windows NT 10.0; Win64; x64; rv:150.0) Gecko/20100101 Firefox/150.0', 'supplierscontracts', 'suppliers', 'create', 'create', NULL, NULL, NULL, NULL, 'http://localhost/ems/Suppliers/supplierscontracts.php', 'POST', '{\"project_contract_id\":\"4\",\"supplier_contract_id\":\"3\"}', 200, '2026-05-19 18:42:06'),
(25, 4, 0, 0, 5, 2, 'ادارة الموردين', 'zNkYxqtBWpb0ro616cuHvhu2HfGpya6IuRn-sObmHVa-0DRy', '127.0.0.1', 'Mozilla/5.0 (Windows NT 10.0; Win64; x64; rv:150.0) Gecko/20100101 Firefox/150.0', 'supplierscontracts', 'suppliers', 'update', 'update', NULL, 3, NULL, NULL, 'http://localhost/ems/Suppliers/supplierscontracts.php', 'POST', '{\"id\":\"3\",\"supplier_id\":\"4\",\"project_id\":\"4\",\"project_contract_id\":\"4\",\"hours_monthly_target\":\"120\",\"forecasted_contracted_hours\":\"43920\",\"contract_signing_date\":\"2025-06-25\",\"grace_period_days\":\"5\",\"actual_start\":\"2025-07-01\",\"actual_end\":\"2026-07-01\",\"contract_duration_days\":\"366\",\"price_currency_contract\":\"دولار\",\"paid_contract\":\"0\",\"payment_time\":\"\",\"guarantees\":\"\",\"payment_date\":\"\",\"equip_shifts_contract\":\"2\",\"shift_contract\":\"10\",\"equip_total_contract\":\"20\",\"total_contract_permonth\":\"18000\",\"total_contract\":\"216000\",\"daily_operators\":\"3\",\"transportation\":\"مالك المعدة\",\"place_for_living\":\"مالك المشروع\",\"accommodation\":\"مالك المشروع\",\"workshop\":\"مالك المعدة\",\"equip_type_1\":\"1\",\"equip_size_1\":\"340\",\"equip_count_1\":\"2\",\"equip_count_basic_1\":\"2\",\"equip_count_backup_1\":\"4\",\"equip_operators_1\":\"\",\"equip_assistants_1\":\"4\",\"equip_shifts_1\":\"2\",\"shift1_start_1\":\"18:00:00\",\"shift1_end_1\":\"04:00:00\",\"shift2_start_1\":\"06:00:00\",\"shift2_end_1\":\"16:00:00\",\"equip_unit_1\":\"ساعة\",\"shift_hours_1\":\"10.00\",\"equip_total_month_1\":\"20\",\"equip_target_per_month_1\":\"\",\"equip_total_contract_1\":\"7320\",\"equip_price_currency_1\":\"دولار\",\"equip_price_1\":\"20.00\",\"equip_supervisors_1\":\"3\",\"equip_technicians_1\":\"2\",\"equip_type_2\":\"2\",\"equip_size_2\":\"35\",\"equip_count_2\":\"10\",\"equip_count_basic_2\":\"10\",\"equip_count_backup_2\":\"0\",\"equip_assistants_2\":\"8\",\"equip_shifts_2\":\"2\",\"shift1_start_2\":\"18:00:00\",\"shift1_end_2\":\"04:00:00\",\"shift2_start_2\":\"06:00:00\",\"shift2_end_2\":\"16:00:00\",\"equip_unit_2\":\"ساعة\",\"shift_hours_2\":\"10.00\",\"equip_total_month_2\":\"100\",\"equip_target_per_month_2\":\"14400.00\",\"equip_total_contract_2\":\"36600\",\"equip_price_currency_2\":\"\",\"equip_price_2\":\"8.00\",\"equip_supervisors_2\":\"3\",\"equip_technicians_2\":\"3\",\"daily_work_hours\":\"20\",\"first_party\":\"شركة إكوبيشن للإستثمار المحدودة\",\"second_party\":\"شركة إليانس لتعدين الذهب المحدودة\",\"witness_one\":\"محمد فيصل محمد صابر\",\"witness_two\":\"يس سيدأحمد محمدالأمين الحسن\"}', 200, '2026-05-19 18:42:29'),
(26, 4, 0, 0, 5, 2, 'ادارة الموردين', 'zNkYxqtBWpb0ro616cuHvhu2HfGpya6IuRn-sObmHVa-0DRy', '127.0.0.1', 'Mozilla/5.0 (Windows NT 10.0; Win64; x64; rv:150.0) Gecko/20100101 Firefox/150.0', 'logout', 'auth', 'logout', NULL, NULL, NULL, NULL, NULL, 'http://localhost/ems/logout.php', 'GET', NULL, 200, '2026-05-19 18:42:35'),
(27, 4, 4, 4, 11, 6, 'مدير حركة وتشغيل', 'qJonGPJOwNze7G07NNudpIj4tlLMIn14ipcczZ0D7-68W9Ql', '127.0.0.1', 'Mozilla/5.0 (Windows NT 10.0; Win64; x64; rv:150.0) Gecko/20100101 Firefox/150.0', 'login', 'auth', 'login', NULL, NULL, NULL, NULL, NULL, 'http://localhost/ems/login.php', 'POST', '{\"username\":\"حركة - الروسية\",\"password\":\"[REDACTED]\",\"csrf_token\":\"[REDACTED]\"}', 200, '2026-05-19 18:42:41'),
(28, 4, 4, 4, 11, 6, 'مدير حركة وتشغيل', 'qJonGPJOwNze7G07NNudpIj4tlLMIn14ipcczZ0D7-68W9Ql', '127.0.0.1', 'Mozilla/5.0 (Windows NT 10.0; Win64; x64; rv:150.0) Gecko/20100101 Firefox/150.0', 'logout', 'auth', 'logout', NULL, NULL, NULL, NULL, NULL, 'http://localhost/ems/logout.php', 'GET', NULL, 200, '2026-05-19 18:42:45'),
(29, 4, 0, 0, 6, 3, 'ادارة الاسطول', 'Sa6UI,CHHp5Eb8BRfXbZBdPOFNjy3i7CVTcwZPoN,,Ls5hZx', '127.0.0.1', 'Mozilla/5.0 (Windows NT 10.0; Win64; x64; rv:150.0) Gecko/20100101 Firefox/150.0', 'login', 'auth', 'login', NULL, NULL, NULL, NULL, NULL, 'http://localhost/ems/login.php', 'POST', '{\"username\":\"يسن\",\"password\":\"[REDACTED]\",\"csrf_token\":\"[REDACTED]\"}', 200, '2026-05-19 18:42:50'),
(30, 4, 0, 0, 6, 3, 'ادارة الاسطول', 'Sa6UI,CHHp5Eb8BRfXbZBdPOFNjy3i7CVTcwZPoN,,Ls5hZx', '127.0.0.1', 'Mozilla/5.0 (Windows NT 10.0; Win64; x64; rv:150.0) Gecko/20100101 Firefox/150.0', 'logout', 'auth', 'logout', NULL, NULL, NULL, NULL, NULL, 'http://localhost/ems/logout.php', 'GET', NULL, 200, '2026-05-19 18:43:28'),
(31, 4, 0, 0, 5, 2, 'ادارة الموردين', 'urYLdJFBOJE5ALpPCGJxqHArFGbnILGMXQ10z3wzzewF,jMh', '127.0.0.1', 'Mozilla/5.0 (Windows NT 10.0; Win64; x64; rv:150.0) Gecko/20100101 Firefox/150.0', 'login', 'auth', 'login', NULL, NULL, NULL, NULL, NULL, 'http://localhost/ems/login.php', 'POST', '{\"username\":\"مصعب\",\"password\":\"[REDACTED]\",\"csrf_token\":\"[REDACTED]\"}', 200, '2026-05-19 18:43:35'),
(32, 4, 0, 0, 5, 2, 'ادارة الموردين', 'urYLdJFBOJE5ALpPCGJxqHArFGbnILGMXQ10z3wzzewF,jMh', '127.0.0.1', 'Mozilla/5.0 (Windows NT 10.0; Win64; x64; rv:150.0) Gecko/20100101 Firefox/150.0', 'supplierscontracts', 'suppliers', 'create', 'create', NULL, NULL, NULL, NULL, 'http://localhost/ems/Suppliers/supplierscontracts.php', 'POST', '{\"project_id\":\"4\"}', 200, '2026-05-19 18:43:43'),
(33, 4, 0, 0, 5, 2, 'ادارة الموردين', 'urYLdJFBOJE5ALpPCGJxqHArFGbnILGMXQ10z3wzzewF,jMh', '127.0.0.1', 'Mozilla/5.0 (Windows NT 10.0; Win64; x64; rv:150.0) Gecko/20100101 Firefox/150.0', 'supplierscontracts', 'suppliers', 'create', 'create', NULL, NULL, NULL, NULL, 'http://localhost/ems/Suppliers/supplierscontracts.php', 'POST', '{\"contract_id\":\"3\"}', 200, '2026-05-19 18:43:43'),
(34, 4, 0, 0, 5, 2, 'ادارة الموردين', 'urYLdJFBOJE5ALpPCGJxqHArFGbnILGMXQ10z3wzzewF,jMh', '127.0.0.1', 'Mozilla/5.0 (Windows NT 10.0; Win64; x64; rv:150.0) Gecko/20100101 Firefox/150.0', 'supplierscontracts', 'suppliers', 'create', 'create', NULL, NULL, NULL, NULL, 'http://localhost/ems/Suppliers/supplierscontracts.php', 'POST', '{\"project_contract_id\":\"4\",\"supplier_contract_id\":\"3\"}', 200, '2026-05-19 18:43:43'),
(35, 4, 0, 0, 5, 2, 'ادارة الموردين', 'urYLdJFBOJE5ALpPCGJxqHArFGbnILGMXQ10z3wzzewF,jMh', '127.0.0.1', 'Mozilla/5.0 (Windows NT 10.0; Win64; x64; rv:150.0) Gecko/20100101 Firefox/150.0', 'supplierscontracts', 'suppliers', 'update', 'update', NULL, 3, NULL, NULL, 'http://localhost/ems/Suppliers/supplierscontracts.php', 'POST', '{\"id\":\"3\",\"supplier_id\":\"4\",\"project_id\":\"4\",\"project_contract_id\":\"4\",\"hours_monthly_target\":\"20\",\"forecasted_contracted_hours\":\"7320\",\"contract_signing_date\":\"2025-06-25\",\"grace_period_days\":\"5\",\"actual_start\":\"2025-07-01\",\"actual_end\":\"2026-07-01\",\"contract_duration_days\":\"366\",\"price_currency_contract\":\"دولار\",\"paid_contract\":\"0\",\"payment_time\":\"\",\"guarantees\":\"\",\"payment_date\":\"\",\"equip_shifts_contract\":\"2\",\"shift_contract\":\"10\",\"equip_total_contract\":\"20\",\"total_contract_permonth\":\"18000\",\"total_contract\":\"216000\",\"daily_operators\":\"3\",\"transportation\":\"مالك المعدة\",\"place_for_living\":\"مالك المشروع\",\"accommodation\":\"مالك المشروع\",\"workshop\":\"مالك المعدة\",\"equip_type_1\":\"1\",\"equip_size_1\":\"340\",\"equip_count_1\":\"10\",\"equip_count_basic_1\":\"2\",\"equip_count_backup_1\":\"4\",\"equip_operators_1\":\"\",\"equip_assistants_1\":\"4\",\"equip_shifts_1\":\"2\",\"shift1_start_1\":\"18:00:00\",\"shift1_end_1\":\"04:00:00\",\"shift2_start_1\":\"06:00:00\",\"shift2_end_1\":\"16:00:00\",\"equip_unit_1\":\"ساعة\",\"shift_hours_1\":\"10.00\",\"equip_total_month_1\":\"20\",\"equip_target_per_month_1\":\"\",\"equip_total_contract_1\":\"7320\",\"equip_price_currency_1\":\"دولار\",\"equip_price_1\":\"20.00\",\"equip_supervisors_1\":\"3\",\"equip_technicians_1\":\"2\",\"daily_work_hours\":\"20\",\"first_party\":\"شركة إكوبيشن للإستثمار المحدودة\",\"second_party\":\"شركة إليانس لتعدين الذهب المحدودة\",\"witness_one\":\"محمد فيصل محمد صابر\",\"witness_two\":\"يس سيدأحمد محمدالأمين الحسن\"}', 200, '2026-05-19 18:45:03'),
(36, 4, 0, 0, 5, 2, 'ادارة الموردين', 'urYLdJFBOJE5ALpPCGJxqHArFGbnILGMXQ10z3wzzewF,jMh', '127.0.0.1', 'Mozilla/5.0 (Windows NT 10.0; Win64; x64; rv:150.0) Gecko/20100101 Firefox/150.0', 'supplierscontracts', 'suppliers', 'create', 'create', NULL, NULL, NULL, NULL, 'http://localhost/ems/Suppliers/supplierscontracts.php?id=4', 'POST', '{\"project_id\":\"4\"}', 200, '2026-05-19 18:45:06'),
(37, 4, 0, 0, 5, 2, 'ادارة الموردين', 'urYLdJFBOJE5ALpPCGJxqHArFGbnILGMXQ10z3wzzewF,jMh', '127.0.0.1', 'Mozilla/5.0 (Windows NT 10.0; Win64; x64; rv:150.0) Gecko/20100101 Firefox/150.0', 'supplierscontracts', 'suppliers', 'create', 'create', NULL, NULL, NULL, NULL, 'http://localhost/ems/Suppliers/supplierscontracts.php?id=4', 'POST', '{\"contract_id\":\"3\"}', 200, '2026-05-19 18:45:06'),
(38, 4, 0, 0, 5, 2, 'ادارة الموردين', 'urYLdJFBOJE5ALpPCGJxqHArFGbnILGMXQ10z3wzzewF,jMh', '127.0.0.1', 'Mozilla/5.0 (Windows NT 10.0; Win64; x64; rv:150.0) Gecko/20100101 Firefox/150.0', 'supplierscontracts', 'suppliers', 'create', 'create', NULL, NULL, NULL, NULL, 'http://localhost/ems/Suppliers/supplierscontracts.php?id=4', 'POST', '{\"project_contract_id\":\"4\",\"supplier_contract_id\":\"3\"}', 200, '2026-05-19 18:45:06'),
(39, 4, 0, 0, 5, 2, 'ادارة الموردين', 'urYLdJFBOJE5ALpPCGJxqHArFGbnILGMXQ10z3wzzewF,jMh', '127.0.0.1', 'Mozilla/5.0 (Windows NT 10.0; Win64; x64; rv:150.0) Gecko/20100101 Firefox/150.0', 'supplierscontracts', 'suppliers', 'create', 'create', NULL, NULL, NULL, NULL, 'http://localhost/ems/Suppliers/supplierscontracts.php?id=9', 'POST', '{\"project_id\":\"4\"}', 200, '2026-05-19 18:45:41'),
(40, 4, 0, 0, 5, 2, 'ادارة الموردين', 'urYLdJFBOJE5ALpPCGJxqHArFGbnILGMXQ10z3wzzewF,jMh', '127.0.0.1', 'Mozilla/5.0 (Windows NT 10.0; Win64; x64; rv:150.0) Gecko/20100101 Firefox/150.0', 'supplierscontracts', 'suppliers', 'create', 'create', NULL, NULL, NULL, NULL, 'http://localhost/ems/Suppliers/supplierscontracts.php?id=9', 'POST', '{\"project_contract_id\":\"4\",\"supplier_contract_id\":\"0\"}', 200, '2026-05-19 18:45:44'),
(41, 4, 0, 0, 5, 2, 'ادارة الموردين', 'urYLdJFBOJE5ALpPCGJxqHArFGbnILGMXQ10z3wzzewF,jMh', '127.0.0.1', 'Mozilla/5.0 (Windows NT 10.0; Win64; x64; rv:150.0) Gecko/20100101 Firefox/150.0', 'supplierscontracts', 'suppliers', 'create', 'create', NULL, NULL, NULL, NULL, 'http://localhost/ems/Suppliers/supplierscontracts.php?id=9', 'POST', '{\"project_id\":\"4\"}', 200, '2026-05-19 18:47:58'),
(42, 4, 0, 0, 5, 2, 'ادارة الموردين', 'urYLdJFBOJE5ALpPCGJxqHArFGbnILGMXQ10z3wzzewF,jMh', '127.0.0.1', 'Mozilla/5.0 (Windows NT 10.0; Win64; x64; rv:150.0) Gecko/20100101 Firefox/150.0', 'supplierscontracts', 'suppliers', 'create', 'create', NULL, NULL, NULL, NULL, 'http://localhost/ems/Suppliers/supplierscontracts.php?id=9', 'POST', '{\"project_contract_id\":\"4\",\"supplier_contract_id\":\"0\"}', 200, '2026-05-19 18:47:59'),
(43, 4, 0, 0, 5, 2, 'ادارة الموردين', 'urYLdJFBOJE5ALpPCGJxqHArFGbnILGMXQ10z3wzzewF,jMh', '127.0.0.1', 'Mozilla/5.0 (Windows NT 10.0; Win64; x64; rv:150.0) Gecko/20100101 Firefox/150.0', 'logout', 'auth', 'logout', NULL, NULL, NULL, NULL, NULL, 'http://localhost/ems/logout.php', 'GET', NULL, 200, '2026-05-20 11:25:49'),
(44, 4, 4, 4, 11, 6, 'مدير حركة وتشغيل', 'PbPctGJ0qCIxpEdOjCUB90j0LSkCryMcofrDV4Bu2u1J5DuS', '127.0.0.1', 'Mozilla/5.0 (Windows NT 10.0; Win64; x64; rv:150.0) Gecko/20100101 Firefox/150.0', 'login', 'auth', 'login', NULL, NULL, NULL, NULL, NULL, 'http://localhost/ems/login.php', 'POST', '{\"username\":\"حركة - الروسية\",\"password\":\"[REDACTED]\",\"csrf_token\":\"[REDACTED]\"}', 200, '2026-05-20 11:25:57'),
(45, 4, 4, 4, 11, 6, 'مدير حركة وتشغيل', 'PbPctGJ0qCIxpEdOjCUB90j0LSkCryMcofrDV4Bu2u1J5DuS', '127.0.0.1', 'Mozilla/5.0 (Windows NT 10.0; Win64; x64; rv:150.0) Gecko/20100101 Firefox/150.0', 'move_oprators', 'movement', 'update', 'update', NULL, 14, NULL, NULL, 'http://localhost/ems/movement/move_oprators.php', 'POST', '{\"operation_id\":\"14\",\"shift_type\":\"D\"}', 200, '2026-05-20 11:26:15'),
(46, 4, 4, 4, 11, 6, 'مدير حركة وتشغيل', 'PbPctGJ0qCIxpEdOjCUB90j0LSkCryMcofrDV4Bu2u1J5DuS', '127.0.0.1', 'Mozilla/5.0 (Windows NT 10.0; Win64; x64; rv:150.0) Gecko/20100101 Firefox/150.0', 'logout', 'auth', 'logout', NULL, NULL, NULL, NULL, NULL, 'http://localhost/ems/logout.php', 'GET', NULL, 200, '2026-05-20 20:52:01'),
(47, 4, 4, 4, 12, 5, 'مدير الموقع', 'TBJnJpM8,hyD2Ii6VXppD0au3HcGbx5QLnb,aS6ksgsmd7-H', '127.0.0.1', 'Mozilla/5.0 (Windows NT 10.0; Win64; x64; rv:150.0) Gecko/20100101 Firefox/150.0', 'login', 'auth', 'login', NULL, NULL, NULL, NULL, NULL, 'http://localhost/ems/login.php', 'POST', '{\"username\":\"مدير موقع الروسية\",\"password\":\"[REDACTED]\",\"csrf_token\":\"[REDACTED]\"}', 200, '2026-05-20 20:52:07'),
(48, 4, 4, 4, 12, 5, 'مدير الموقع', 'TBJnJpM8,hyD2Ii6VXppD0au3HcGbx5QLnb,aS6ksgsmd7-H', '127.0.0.1', 'Mozilla/5.0 (Windows NT 10.0; Win64; x64; rv:150.0) Gecko/20100101 Firefox/150.0', 'timesheet', 'timesheet', 'get_event_types', 'get_event_types', NULL, NULL, NULL, NULL, 'http://localhost/ems/Timesheet/timesheet.php?type=1', 'GET', '{\"action\":\"get_event_types\",\"equipment_type\":\"3\"}', 200, '2026-05-20 20:52:10'),
(49, 4, 4, 4, 12, 5, 'مدير الموقع', 'TBJnJpM8,hyD2Ii6VXppD0au3HcGbx5QLnb,aS6ksgsmd7-H', '127.0.0.1', 'Mozilla/5.0 (Windows NT 10.0; Win64; x64; rv:150.0) Gecko/20100101 Firefox/150.0', 'timesheet', 'timesheet', 'get_event_types', 'get_event_types', NULL, NULL, NULL, NULL, 'http://localhost/ems/Timesheet/timesheet.php?type=1', 'GET', '{\"action\":\"get_event_types\",\"equipment_type\":\"1\"}', 200, '2026-05-20 20:52:10'),
(50, 4, 4, 4, 12, 5, 'مدير الموقع', 'TBJnJpM8,hyD2Ii6VXppD0au3HcGbx5QLnb,aS6ksgsmd7-H', '127.0.0.1', 'Mozilla/5.0 (Windows NT 10.0; Win64; x64; rv:150.0) Gecko/20100101 Firefox/150.0', 'timesheet', 'timesheet', 'get_event_types', 'get_event_types', NULL, NULL, NULL, NULL, 'http://localhost/ems/Timesheet/timesheet.php?type=1', 'GET', '{\"action\":\"get_event_types\",\"equipment_type\":\"1\"}', 200, '2026-05-20 20:52:10'),
(51, 4, 4, 4, 12, 5, 'مدير الموقع', 'TBJnJpM8,hyD2Ii6VXppD0au3HcGbx5QLnb,aS6ksgsmd7-H', '127.0.0.1', 'Mozilla/5.0 (Windows NT 10.0; Win64; x64; rv:150.0) Gecko/20100101 Firefox/150.0', 'timesheet', 'timesheet', 'create', 'create', NULL, NULL, NULL, NULL, 'http://localhost/ems/Timesheet/timesheet.php?type=1', 'POST', '{\"shift\":\"D\",\"operator\":\"12\",\"id\":\"\",\"user_id\":\"12\",\"driver\":\"4\",\"date\":\"2026-05-20\",\"shift_hours\":\"10\",\"start_hours\":\"0\",\"start_minutes\":\"0\",\"start_seconds\":\"0\",\"executed_hours\":\"10\",\"bucket_hours\":\"5\",\"jackhammer_hours\":\"5\",\"extra_hours\":\"0\",\"extra_hours_total\":\"0\",\"standby_hours\":\"0\",\"dependence_hours\":\"0\",\"total_work_hours\":\"10\",\"work_notes\":\"\",\"hr_fault\":\"0\",\"maintenance_fault\":\"0\",\"marketing_fault\":\"0\",\"approval_fault\":\"0\",\"other_fault_hours\":\"0\",\"total_fault_hours\":\"0\",\"fault_notes\":\"\",\"end_hours\":\"0\",\"end_minutes\":\"0\",\"end_seconds\":\"0\",\"counter_diff\":\"0 ساعة 0 دقيقة 0 ثانية\",\"fault_type\":\"\",\"fault_department\":\"\",\"fault_part\":\"\",\"fault_details\":\"\",\"fault_items_json\":\"[]\",\"general_notes\":\"\",\"operator_hours\":\"0\",\"machine_standby_hours\":\"0\",\"jackhammer_standby_hours\":\"0\",\"bucket_standby_hours\":\"0\",\"extra_operator_hours\":\"0\",\"operator_standby_hours\":\"0\",\"operator_notes\":\"\",\"type\":\"1\"}', 200, '2026-05-20 20:52:29'),
(52, 4, 4, 4, 12, 5, 'مدير الموقع', 'TBJnJpM8,hyD2Ii6VXppD0au3HcGbx5QLnb,aS6ksgsmd7-H', '127.0.0.1', 'Mozilla/5.0 (Windows NT 10.0; Win64; x64; rv:150.0) Gecko/20100101 Firefox/150.0', 'timesheet', 'timesheet', 'get_event_types', 'get_event_types', NULL, NULL, NULL, NULL, 'http://localhost/ems/Timesheet/timesheet.php?type=1', 'GET', '{\"action\":\"get_event_types\",\"equipment_type\":\"1\"}', 200, '2026-05-20 20:52:31'),
(53, 4, 4, 4, 12, 5, 'مدير الموقع', 'TBJnJpM8,hyD2Ii6VXppD0au3HcGbx5QLnb,aS6ksgsmd7-H', '127.0.0.1', 'Mozilla/5.0 (Windows NT 10.0; Win64; x64; rv:150.0) Gecko/20100101 Firefox/150.0', 'timesheet', 'timesheet', 'get_event_types', 'get_event_types', NULL, NULL, NULL, NULL, 'http://localhost/ems/Timesheet/timesheet.php?type=1', 'GET', '{\"action\":\"get_event_types\",\"equipment_type\":\"3\"}', 200, '2026-05-20 20:52:31'),
(54, 4, 4, 4, 12, 5, 'مدير الموقع', 'TBJnJpM8,hyD2Ii6VXppD0au3HcGbx5QLnb,aS6ksgsmd7-H', '127.0.0.1', 'Mozilla/5.0 (Windows NT 10.0; Win64; x64; rv:150.0) Gecko/20100101 Firefox/150.0', 'timesheet', 'timesheet', 'get_event_types', 'get_event_types', NULL, NULL, NULL, NULL, 'http://localhost/ems/Timesheet/timesheet.php?type=1', 'GET', '{\"action\":\"get_event_types\",\"equipment_type\":\"1\"}', 200, '2026-05-20 20:52:31'),
(55, 4, 4, 4, 12, 5, 'مدير الموقع', 'TBJnJpM8,hyD2Ii6VXppD0au3HcGbx5QLnb,aS6ksgsmd7-H', '127.0.0.1', 'Mozilla/5.0 (Windows NT 10.0; Win64; x64; rv:150.0) Gecko/20100101 Firefox/150.0', 'timesheet', 'timesheet', 'get_event_types', 'get_event_types', NULL, NULL, NULL, NULL, 'http://localhost/ems/Timesheet/timesheet.php?type=1', 'GET', '{\"action\":\"get_event_types\",\"equipment_type\":\"1\"}', 200, '2026-05-20 20:53:04'),
(56, 4, 4, 4, 12, 5, 'مدير الموقع', 'TBJnJpM8,hyD2Ii6VXppD0au3HcGbx5QLnb,aS6ksgsmd7-H', '127.0.0.1', 'Mozilla/5.0 (Windows NT 10.0; Win64; x64; rv:150.0) Gecko/20100101 Firefox/150.0', 'timesheet', 'timesheet', 'get_event_types', 'get_event_types', NULL, NULL, NULL, NULL, 'http://localhost/ems/Timesheet/timesheet.php?type=1', 'GET', '{\"action\":\"get_event_types\",\"equipment_type\":\"3\"}', 200, '2026-05-20 20:53:04'),
(57, 4, 4, 4, 12, 5, 'مدير الموقع', 'TBJnJpM8,hyD2Ii6VXppD0au3HcGbx5QLnb,aS6ksgsmd7-H', '127.0.0.1', 'Mozilla/5.0 (Windows NT 10.0; Win64; x64; rv:150.0) Gecko/20100101 Firefox/150.0', 'timesheet', 'timesheet', 'get_event_types', 'get_event_types', NULL, NULL, NULL, NULL, 'http://localhost/ems/Timesheet/timesheet.php?type=1', 'GET', '{\"action\":\"get_event_types\",\"equipment_type\":\"1\"}', 200, '2026-05-20 20:53:05'),
(58, 4, 4, 4, 12, 5, 'مدير الموقع', 'TBJnJpM8,hyD2Ii6VXppD0au3HcGbx5QLnb,aS6ksgsmd7-H', '127.0.0.1', 'Mozilla/5.0 (Windows NT 10.0; Win64; x64; rv:150.0) Gecko/20100101 Firefox/150.0', 'timesheet', 'timesheet', 'get_event_types', 'get_event_types', NULL, NULL, NULL, NULL, 'http://localhost/ems/Timesheet/timesheet.php?type=1', 'GET', '{\"action\":\"get_event_types\",\"equipment_type\":\"3\"}', 200, '2026-05-20 20:54:10'),
(59, 4, 4, 4, 12, 5, 'مدير الموقع', 'TBJnJpM8,hyD2Ii6VXppD0au3HcGbx5QLnb,aS6ksgsmd7-H', '127.0.0.1', 'Mozilla/5.0 (Windows NT 10.0; Win64; x64; rv:150.0) Gecko/20100101 Firefox/150.0', 'timesheet', 'timesheet', 'get_event_types', 'get_event_types', NULL, NULL, NULL, NULL, 'http://localhost/ems/Timesheet/timesheet.php?type=1', 'GET', '{\"action\":\"get_event_types\",\"equipment_type\":\"1\"}', 200, '2026-05-20 20:54:10'),
(60, 4, 4, 4, 12, 5, 'مدير الموقع', 'TBJnJpM8,hyD2Ii6VXppD0au3HcGbx5QLnb,aS6ksgsmd7-H', '127.0.0.1', 'Mozilla/5.0 (Windows NT 10.0; Win64; x64; rv:150.0) Gecko/20100101 Firefox/150.0', 'timesheet', 'timesheet', 'get_event_types', 'get_event_types', NULL, NULL, NULL, NULL, 'http://localhost/ems/Timesheet/timesheet.php?type=1', 'GET', '{\"action\":\"get_event_types\",\"equipment_type\":\"1\"}', 200, '2026-05-20 20:54:10'),
(61, 4, 4, 4, 12, 5, 'مدير الموقع', 'TBJnJpM8,hyD2Ii6VXppD0au3HcGbx5QLnb,aS6ksgsmd7-H', '127.0.0.1', 'Mozilla/5.0 (Windows NT 10.0; Win64; x64; rv:150.0) Gecko/20100101 Firefox/150.0', 'send_message', 'chats', 'send', 'إرسال', NULL, 24, NULL, '{\"receiver_id\":5,\"message_id\":24}', 'http://localhost/ems/chats/send_message.php', 'POST', '{\"receiver_id\":\"5\",\"message\":\"و\"}', 200, '2026-05-20 20:54:51'),
(62, 4, 4, 4, 12, 5, 'مدير الموقع', 'TBJnJpM8,hyD2Ii6VXppD0au3HcGbx5QLnb,aS6ksgsmd7-H', '127.0.0.1', 'Mozilla/5.0 (Windows NT 10.0; Win64; x64; rv:150.0) Gecko/20100101 Firefox/150.0', 'logout', 'auth', 'logout', NULL, NULL, NULL, NULL, NULL, 'http://localhost/ems/logout.php', 'GET', NULL, 200, '2026-05-20 20:55:03'),
(63, 4, 0, 0, 13, 12, 'ادارة المبيعات', '5gj6YWB0YUTfAV66tbg,w9PiBFXlrKFDaIKLMm-ES3bsc-8J', '127.0.0.1', 'Mozilla/5.0 (Windows NT 10.0; Win64; x64; rv:150.0) Gecko/20100101 Firefox/150.0', 'login', 'auth', 'login', NULL, NULL, NULL, NULL, NULL, 'http://localhost/ems/login.php', 'POST', '{\"username\":\"مبيعات\",\"password\":\"[REDACTED]\",\"csrf_token\":\"[REDACTED]\"}', 200, '2026-05-20 20:56:07'),
(64, 4, 4, 4, 12, 5, 'مدير الموقع', 'gD0iWUHYRuasDmh1FjNVpmvTEF8RTYzgBBkKOYMNeYvYtPIW', '127.0.0.1', 'Mozilla/5.0 (Windows NT 10.0; Win64; x64; rv:150.0) Gecko/20100101 Firefox/150.0', 'login', 'auth', 'login', NULL, NULL, NULL, NULL, NULL, 'http://localhost/ems/login.php', 'POST', '{\"username\":\"مدير موقع الروسية\",\"password\":\"[REDACTED]\",\"csrf_token\":\"[REDACTED]\"}', 200, '2026-05-21 08:51:38'),
(65, 4, 4, 4, 12, 5, 'مدير الموقع', 'gD0iWUHYRuasDmh1FjNVpmvTEF8RTYzgBBkKOYMNeYvYtPIW', '127.0.0.1', 'Mozilla/5.0 (Windows NT 10.0; Win64; x64; rv:150.0) Gecko/20100101 Firefox/150.0', 'timesheet', 'timesheet', 'get_event_types', 'get_event_types', NULL, NULL, NULL, NULL, 'http://localhost/ems/Timesheet/timesheet.php?type=1', 'GET', '{\"action\":\"get_event_types\",\"equipment_type\":\"1\"}', 200, '2026-05-21 08:52:40'),
(66, 4, 4, 4, 12, 5, 'مدير الموقع', 'gD0iWUHYRuasDmh1FjNVpmvTEF8RTYzgBBkKOYMNeYvYtPIW', '127.0.0.1', 'Mozilla/5.0 (Windows NT 10.0; Win64; x64; rv:150.0) Gecko/20100101 Firefox/150.0', 'timesheet', 'timesheet', 'get_event_types', 'get_event_types', NULL, NULL, NULL, NULL, 'http://localhost/ems/Timesheet/timesheet.php?type=1', 'GET', '{\"action\":\"get_event_types\",\"equipment_type\":\"3\"}', 200, '2026-05-21 08:52:40'),
(67, 4, 4, 4, 12, 5, 'مدير الموقع', 'gD0iWUHYRuasDmh1FjNVpmvTEF8RTYzgBBkKOYMNeYvYtPIW', '127.0.0.1', 'Mozilla/5.0 (Windows NT 10.0; Win64; x64; rv:150.0) Gecko/20100101 Firefox/150.0', 'timesheet', 'timesheet', 'get_event_types', 'get_event_types', NULL, NULL, NULL, NULL, 'http://localhost/ems/Timesheet/timesheet.php?type=1', 'GET', '{\"action\":\"get_event_types\",\"equipment_type\":\"1\"}', 200, '2026-05-21 08:52:40'),
(68, 4, 4, 4, 12, 5, 'مدير الموقع', 'gD0iWUHYRuasDmh1FjNVpmvTEF8RTYzgBBkKOYMNeYvYtPIW', '127.0.0.1', 'Mozilla/5.0 (Windows NT 10.0; Win64; x64; rv:150.0) Gecko/20100101 Firefox/150.0', 'timesheet', 'timesheet', 'get_event_types', 'get_event_types', NULL, NULL, NULL, NULL, 'http://localhost/ems/Timesheet/timesheet.php?type=1', 'GET', '{\"action\":\"get_event_types\",\"equipment_type\":\"1\"}', 200, '2026-05-21 08:53:47'),
(69, 4, 4, 4, 12, 5, 'مدير الموقع', 'gD0iWUHYRuasDmh1FjNVpmvTEF8RTYzgBBkKOYMNeYvYtPIW', '127.0.0.1', 'Mozilla/5.0 (Windows NT 10.0; Win64; x64; rv:150.0) Gecko/20100101 Firefox/150.0', 'timesheet', 'timesheet', 'get_event_types', 'get_event_types', NULL, NULL, NULL, NULL, 'http://localhost/ems/Timesheet/timesheet.php?type=1', 'GET', '{\"action\":\"get_event_types\",\"equipment_type\":\"3\"}', 200, '2026-05-21 08:53:47'),
(70, 4, 4, 4, 12, 5, 'مدير الموقع', 'gD0iWUHYRuasDmh1FjNVpmvTEF8RTYzgBBkKOYMNeYvYtPIW', '127.0.0.1', 'Mozilla/5.0 (Windows NT 10.0; Win64; x64; rv:150.0) Gecko/20100101 Firefox/150.0', 'timesheet', 'timesheet', 'get_event_types', 'get_event_types', NULL, NULL, NULL, NULL, 'http://localhost/ems/Timesheet/timesheet.php?type=1', 'GET', '{\"action\":\"get_event_types\",\"equipment_type\":\"1\"}', 200, '2026-05-21 08:53:47'),
(71, 4, 4, 4, 12, 5, 'مدير الموقع', 'gD0iWUHYRuasDmh1FjNVpmvTEF8RTYzgBBkKOYMNeYvYtPIW', '127.0.0.1', 'Mozilla/5.0 (Windows NT 10.0; Win64; x64; rv:150.0) Gecko/20100101 Firefox/150.0', 'logout', 'auth', 'logout', NULL, NULL, NULL, NULL, NULL, 'http://localhost/ems/logout.php', 'GET', NULL, 200, '2026-05-21 08:55:16'),
(72, 4, 0, 0, 6, 3, 'ادارة الاسطول', 'Cc,CKW1SwX8Rf52my7dp4eruZujDm9eVzh9HCvVHOcs1zjcQ', '127.0.0.1', 'Mozilla/5.0 (Windows NT 10.0; Win64; x64; rv:150.0) Gecko/20100101 Firefox/150.0', 'login', 'auth', 'login', NULL, NULL, NULL, NULL, NULL, 'http://localhost/ems/login.php', 'POST', '{\"username\":\"يسن\",\"password\":\"[REDACTED]\",\"csrf_token\":\"[REDACTED]\"}', 200, '2026-05-21 08:55:24'),
(73, 4, 0, 0, 4, 1, 'ادارة التشغيل', 'DRVvvyq9fzI,ZfTI5luXxKt-7mLvcH7o5lib4-EoBkLGsxRk', '::1', 'Mozilla/5.0 (Windows NT 10.0; Win64; x64) AppleWebKit/537.36 (KHTML, like Gecko) Chrome/148.0.0.0 Safari/537.36', 'login', 'auth', 'login', NULL, NULL, NULL, NULL, NULL, 'http://localhost/ems/login.php', 'POST', '{\"username\":\"محمد\",\"password\":\"[REDACTED]\",\"csrf_token\":\"[REDACTED]\"}', 200, '2026-05-23 15:45:06'),
(74, 4, 0, 0, 4, 1, 'ادارة التشغيل', 'DRVvvyq9fzI,ZfTI5luXxKt-7mLvcH7o5lib4-EoBkLGsxRk', '::1', 'Mozilla/5.0 (Windows NT 10.0; Win64; x64) AppleWebKit/537.36 (KHTML, like Gecko) Chrome/148.0.0.0 Safari/537.36', 'logout', 'auth', 'logout', NULL, NULL, NULL, NULL, NULL, 'http://localhost/ems/logout.php', 'GET', NULL, 200, '2026-05-23 15:47:25'),
(75, 4, 0, 0, 6, 3, 'ادارة الاسطول', 'xHb5A,SSiTGG0ECNCbSx2kn48EOwNiCS2jBfVnGpvpofx,yW', '::1', 'Mozilla/5.0 (Windows NT 10.0; Win64; x64) AppleWebKit/537.36 (KHTML, like Gecko) Chrome/148.0.0.0 Safari/537.36', 'login', 'auth', 'login', NULL, NULL, NULL, NULL, NULL, 'http://localhost/ems/login.php', 'POST', '{\"username\":\"يسن\",\"password\":\"[REDACTED]\",\"csrf_token\":\"[REDACTED]\"}', 200, '2026-05-23 15:47:31'),
(76, 4, 0, 0, 6, 3, 'ادارة الاسطول', 'uQO71ppJ67A6PtmZQZkz7OBGGw4TNxqMNqHfod37r3ZDXsKw', '::1', 'Mozilla/5.0 (Windows NT 10.0; Win64; x64) AppleWebKit/537.36 (KHTML, like Gecko) Chrome/148.0.0.0 Safari/537.36', 'logout', 'auth', 'logout', NULL, NULL, NULL, NULL, NULL, 'http://localhost/ems/logout.php', 'GET', NULL, 200, '2026-05-23 15:49:53'),
(77, 4, 0, 0, 7, 4, 'ادارة الموارد البشرية', 'pLxrccD-J3PfVOFcTneAOAVU0xpCV5s2seAPvy85CK2BoAPg', '::1', 'Mozilla/5.0 (Windows NT 10.0; Win64; x64) AppleWebKit/537.36 (KHTML, like Gecko) Chrome/148.0.0.0 Safari/537.36', 'login', 'auth', 'login', NULL, NULL, NULL, NULL, NULL, 'http://localhost/ems/login.php', 'POST', '{\"username\":\"اروينا\",\"password\":\"[REDACTED]\",\"csrf_token\":\"[REDACTED]\"}', 200, '2026-05-23 15:49:57'),
(78, 4, 0, 0, 7, 4, 'ادارة الموارد البشرية', 'pLxrccD-J3PfVOFcTneAOAVU0xpCV5s2seAPvy85CK2BoAPg', '::1', 'Mozilla/5.0 (Windows NT 10.0; Win64; x64) AppleWebKit/537.36 (KHTML, like Gecko) Chrome/148.0.0.0 Safari/537.36', 'logout', 'auth', 'logout', NULL, NULL, NULL, NULL, NULL, 'http://localhost/ems/logout.php', 'GET', NULL, 200, '2026-05-23 15:50:28'),
(79, 4, 4, 4, 11, 6, 'مدير حركة وتشغيل', 'B3WL-KeNuf7gdUm-rQink9d2oMpMbpiRgI0LiUo0O68LS360', '::1', 'Mozilla/5.0 (Windows NT 10.0; Win64; x64) AppleWebKit/537.36 (KHTML, like Gecko) Chrome/148.0.0.0 Safari/537.36', 'login', 'auth', 'login', NULL, NULL, NULL, NULL, NULL, 'http://localhost/ems/login.php', 'POST', '{\"username\":\"حركة - الروسية\",\"password\":\"[REDACTED]\",\"csrf_token\":\"[REDACTED]\"}', 200, '2026-05-23 15:50:32'),
(80, 4, 4, 4, 11, 6, 'مدير حركة وتشغيل', 'B3WL-KeNuf7gdUm-rQink9d2oMpMbpiRgI0LiUo0O68LS360', '::1', 'Mozilla/5.0 (Windows NT 10.0; Win64; x64) AppleWebKit/537.36 (KHTML, like Gecko) Chrome/148.0.0.0 Safari/537.36', 'logout', 'auth', 'logout', NULL, NULL, NULL, NULL, NULL, 'http://localhost/ems/logout.php', 'GET', NULL, 200, '2026-05-23 15:51:50'),
(81, 4, 0, 0, 6, 3, 'ادارة الاسطول', 'QbjPIvbWkizbtFBKba8oyN4AU-uFrKVvQnvG0T7KZaIMW4o7', '::1', 'Mozilla/5.0 (Windows NT 10.0; Win64; x64) AppleWebKit/537.36 (KHTML, like Gecko) Chrome/148.0.0.0 Safari/537.36', 'login', 'auth', 'login', NULL, NULL, NULL, NULL, NULL, 'http://localhost/ems/login.php', 'POST', '{\"username\":\"يسن\",\"password\":\"[REDACTED]\",\"csrf_token\":\"[REDACTED]\"}', 200, '2026-05-23 15:51:55'),
(82, 4, 0, 0, 6, 3, 'ادارة الاسطول', 'QbjPIvbWkizbtFBKba8oyN4AU-uFrKVvQnvG0T7KZaIMW4o7', '::1', 'Mozilla/5.0 (Windows NT 10.0; Win64; x64) AppleWebKit/537.36 (KHTML, like Gecko) Chrome/148.0.0.0 Safari/537.36', 'logout', 'auth', 'logout', NULL, NULL, NULL, NULL, NULL, 'http://localhost/ems/logout.php', 'GET', NULL, 200, '2026-05-23 15:52:10'),
(83, 4, 4, 4, 12, 5, 'مدير الموقع', 'Wc8T75WGRmOrz-dCHMgw6Iy8cuXlbB6-7GHfrQG0JMlBS-HX', '::1', 'Mozilla/5.0 (Windows NT 10.0; Win64; x64) AppleWebKit/537.36 (KHTML, like Gecko) Chrome/148.0.0.0 Safari/537.36', 'login', 'auth', 'login', NULL, NULL, NULL, NULL, NULL, 'http://localhost/ems/login.php', 'POST', '{\"username\":\"مدير موقع الروسية\",\"password\":\"[REDACTED]\",\"csrf_token\":\"[REDACTED]\"}', 200, '2026-05-23 15:52:16'),
(84, 4, 4, 4, 12, 5, 'مدير الموقع', 'Wc8T75WGRmOrz-dCHMgw6Iy8cuXlbB6-7GHfrQG0JMlBS-HX', '::1', 'Mozilla/5.0 (Windows NT 10.0; Win64; x64) AppleWebKit/537.36 (KHTML, like Gecko) Chrome/148.0.0.0 Safari/537.36', 'logout', 'auth', 'logout', NULL, NULL, NULL, NULL, NULL, 'http://localhost/ems/logout.php', 'GET', NULL, 200, '2026-05-23 15:53:21'),
(85, 4, 0, 0, 6, 3, 'ادارة الاسطول', 'R,OCwC3zuMb87EaconByCbhgWRKOHN3XbAmdDe0xASecHWLB', '::1', 'Mozilla/5.0 (Windows NT 10.0; Win64; x64) AppleWebKit/537.36 (KHTML, like Gecko) Chrome/148.0.0.0 Safari/537.36', 'login', 'auth', 'login', NULL, NULL, NULL, NULL, NULL, 'http://localhost/ems/login.php', 'POST', '{\"username\":\"يسن\",\"password\":\"[REDACTED]\",\"csrf_token\":\"[REDACTED]\"}', 200, '2026-05-23 15:53:27'),
(86, 4, 0, 0, 6, 3, 'ادارة الاسطول', 'R,OCwC3zuMb87EaconByCbhgWRKOHN3XbAmdDe0xASecHWLB', '::1', 'Mozilla/5.0 (Windows NT 10.0; Win64; x64) AppleWebKit/537.36 (KHTML, like Gecko) Chrome/148.0.0.0 Safari/537.36', 'hours_approval', 'approvals', 'get_notes', 'get_notes', NULL, 217, NULL, NULL, 'http://localhost/ems/Approvals/hours_approval.php', 'POST', '{\"action\":\"get_notes\",\"timesheet_id\":\"217\"}', 200, '2026-05-23 15:54:13'),
(87, 4, 0, 0, 6, 3, 'ادارة الاسطول', 'R,OCwC3zuMb87EaconByCbhgWRKOHN3XbAmdDe0xASecHWLB', '::1', 'Mozilla/5.0 (Windows NT 10.0; Win64; x64) AppleWebKit/537.36 (KHTML, like Gecko) Chrome/148.0.0.0 Safari/537.36', 'logout', 'auth', 'logout', NULL, NULL, NULL, NULL, NULL, 'http://localhost/ems/logout.php', 'GET', NULL, 200, '2026-05-23 15:55:54'),
(88, 4, 0, 0, 7, 4, 'ادارة الموارد البشرية', 'yucJWv9EqO,SVJJHzy20rsnMj3,kF9eAW-BIuIFhBUgehK0Y', '::1', 'Mozilla/5.0 (Windows NT 10.0; Win64; x64) AppleWebKit/537.36 (KHTML, like Gecko) Chrome/148.0.0.0 Safari/537.36', 'login', 'auth', 'login', NULL, NULL, NULL, NULL, NULL, 'http://localhost/ems/login.php', 'POST', '{\"username\":\"اروينا\",\"password\":\"[REDACTED]\",\"csrf_token\":\"[REDACTED]\"}', 200, '2026-05-23 15:55:58'),
(89, 4, 0, 0, 7, 4, 'ادارة الموارد البشرية', 'yucJWv9EqO,SVJJHzy20rsnMj3,kF9eAW-BIuIFhBUgehK0Y', '::1', 'Mozilla/5.0 (Windows NT 10.0; Win64; x64) AppleWebKit/537.36 (KHTML, like Gecko) Chrome/148.0.0.0 Safari/537.36', 'logout', 'auth', 'logout', NULL, NULL, NULL, NULL, NULL, 'http://localhost/ems/logout.php', 'GET', NULL, 200, '2026-05-23 15:56:49'),
(90, 4, 0, 0, 13, 12, 'ادارة المبيعات', 'NcFxEc3Ae5tYiWZmXVZqAWZVDiUFdRBY8,sJhqQhF2WxqIth', '::1', 'Mozilla/5.0 (Windows NT 10.0; Win64; x64) AppleWebKit/537.36 (KHTML, like Gecko) Chrome/148.0.0.0 Safari/537.36', 'login', 'auth', 'login', NULL, NULL, NULL, NULL, NULL, 'http://localhost/ems/login.php', 'POST', '{\"username\":\"مبيعات\",\"password\":\"[REDACTED]\",\"csrf_token\":\"[REDACTED]\"}', 200, '2026-05-23 15:56:55'),
(91, 4, 0, 0, 13, 12, 'ادارة المبيعات', 'NcFxEc3Ae5tYiWZmXVZqAWZVDiUFdRBY8,sJhqQhF2WxqIth', '::1', 'Mozilla/5.0 (Windows NT 10.0; Win64; x64) AppleWebKit/537.36 (KHTML, like Gecko) Chrome/148.0.0.0 Safari/537.36', 'send_message', 'chats', 'send', 'إرسال', NULL, 25, NULL, '{\"receiver_id\":4,\"message_id\":25}', 'http://localhost/ems/chats/send_message.php', 'POST', '{\"receiver_id\":\"4\",\"message\":\"tgl gt\"}', 200, '2026-05-23 15:57:51'),
(92, 4, 0, 0, 13, 12, 'ادارة المبيعات', 'NcFxEc3Ae5tYiWZmXVZqAWZVDiUFdRBY8,sJhqQhF2WxqIth', '::1', 'Mozilla/5.0 (Windows NT 10.0; Win64; x64) AppleWebKit/537.36 (KHTML, like Gecko) Chrome/148.0.0.0 Safari/537.36', 'send_message', 'chats', 'send', 'إرسال', NULL, 26, NULL, '{\"receiver_id\":14,\"message_id\":26}', 'http://localhost/ems/chats/send_message.php', 'POST', '{\"receiver_id\":\"14\",\"message\":\"tm gl\"}', 200, '2026-05-23 15:57:55'),
(93, 4, 0, 0, 13, 12, 'ادارة المبيعات', 'NcFxEc3Ae5tYiWZmXVZqAWZVDiUFdRBY8,sJhqQhF2WxqIth', '::1', 'Mozilla/5.0 (Windows NT 10.0; Win64; x64) AppleWebKit/537.36 (KHTML, like Gecko) Chrome/148.0.0.0 Safari/537.36', 'send_message', 'chats', 'send', 'إرسال', NULL, 27, NULL, '{\"receiver_id\":10,\"message_id\":27}', 'http://localhost/ems/chats/send_message.php', 'POST', '{\"receiver_id\":\"10\",\"message\":\"tgm\"}', 200, '2026-05-23 15:58:02'),
(94, 4, 0, 0, 13, 12, 'ادارة المبيعات', 'NcFxEc3Ae5tYiWZmXVZqAWZVDiUFdRBY8,sJhqQhF2WxqIth', '::1', 'Mozilla/5.0 (Windows NT 10.0; Win64; x64) AppleWebKit/537.36 (KHTML, like Gecko) Chrome/148.0.0.0 Safari/537.36', 'send_message', 'chats', 'send', 'إرسال', NULL, 28, NULL, '{\"receiver_id\":6,\"message_id\":28}', 'http://localhost/ems/chats/send_message.php', 'POST', '{\"receiver_id\":\"6\",\"message\":\"tmglt\"}', 200, '2026-05-23 15:58:07'),
(95, 4, 0, 0, 13, 12, 'ادارة المبيعات', 'NcFxEc3Ae5tYiWZmXVZqAWZVDiUFdRBY8,sJhqQhF2WxqIth', '::1', 'Mozilla/5.0 (Windows NT 10.0; Win64; x64) AppleWebKit/537.36 (KHTML, like Gecko) Chrome/148.0.0.0 Safari/537.36', 'logout', 'auth', 'logout', NULL, NULL, NULL, NULL, NULL, 'http://localhost/ems/logout.php', 'GET', NULL, 200, '2026-05-23 15:58:09'),
(96, 4, 0, 0, 6, 3, 'ادارة الاسطول', 'rNcRMho7HT68ee79,-KyqEYTbfa1y0n-ahVbASTlucoF3lun', '::1', 'Mozilla/5.0 (Windows NT 10.0; Win64; x64) AppleWebKit/537.36 (KHTML, like Gecko) Chrome/148.0.0.0 Safari/537.36', 'login', 'auth', 'login', NULL, NULL, NULL, NULL, NULL, 'http://localhost/ems/login.php', 'POST', '{\"username\":\"يسن\",\"password\":\"[REDACTED]\",\"csrf_token\":\"[REDACTED]\"}', 200, '2026-05-23 15:58:14'),
(97, 4, 0, 0, 6, 3, 'ادارة الاسطول', 'rNcRMho7HT68ee79,-KyqEYTbfa1y0n-ahVbASTlucoF3lun', '::1', 'Mozilla/5.0 (Windows NT 10.0; Win64; x64) AppleWebKit/537.36 (KHTML, like Gecko) Chrome/148.0.0.0 Safari/537.36', 'logout', 'auth', 'logout', NULL, NULL, NULL, NULL, NULL, 'http://localhost/ems/logout.php', 'GET', NULL, 200, '2026-05-23 15:59:10'),
(98, 4, 4, 4, 12, 5, 'مدير الموقع', '5mZabL-zXnvJJXi7zP2Ok3AxgwhpykgwKxQ,BT-VHfmU,FyU', '::1', 'Mozilla/5.0 (Windows NT 10.0; Win64; x64) AppleWebKit/537.36 (KHTML, like Gecko) Chrome/148.0.0.0 Safari/537.36', 'login', 'auth', 'login', NULL, NULL, NULL, NULL, NULL, 'http://localhost/ems/login.php', 'POST', '{\"username\":\"مدير موقع الروسية\",\"password\":\"[REDACTED]\",\"csrf_token\":\"[REDACTED]\"}', 200, '2026-05-23 15:59:22'),
(99, 4, 4, 4, 12, 5, 'مدير الموقع', '5mZabL-zXnvJJXi7zP2Ok3AxgwhpykgwKxQ,BT-VHfmU,FyU', '::1', 'Mozilla/5.0 (Windows NT 10.0; Win64; x64) AppleWebKit/537.36 (KHTML, like Gecko) Chrome/148.0.0.0 Safari/537.36', 'timesheet', 'timesheet', 'get_event_types', 'get_event_types', NULL, NULL, NULL, NULL, 'http://localhost/ems/Timesheet/timesheet.php?type=1', 'GET', '{\"action\":\"get_event_types\",\"equipment_type\":\"1\"}', 200, '2026-05-23 15:59:34'),
(100, 4, 4, 4, 12, 5, 'مدير الموقع', '5mZabL-zXnvJJXi7zP2Ok3AxgwhpykgwKxQ,BT-VHfmU,FyU', '::1', 'Mozilla/5.0 (Windows NT 10.0; Win64; x64) AppleWebKit/537.36 (KHTML, like Gecko) Chrome/148.0.0.0 Safari/537.36', 'timesheet', 'timesheet', 'get_event_types', 'get_event_types', NULL, NULL, NULL, NULL, 'http://localhost/ems/Timesheet/timesheet.php?type=1', 'GET', '{\"action\":\"get_event_types\",\"equipment_type\":\"3\"}', 200, '2026-05-23 15:59:34'),
(101, 4, 4, 4, 12, 5, 'مدير الموقع', '5mZabL-zXnvJJXi7zP2Ok3AxgwhpykgwKxQ,BT-VHfmU,FyU', '::1', 'Mozilla/5.0 (Windows NT 10.0; Win64; x64) AppleWebKit/537.36 (KHTML, like Gecko) Chrome/148.0.0.0 Safari/537.36', 'timesheet', 'timesheet', 'get_event_types', 'get_event_types', NULL, NULL, NULL, NULL, 'http://localhost/ems/Timesheet/timesheet.php?type=1', 'GET', '{\"action\":\"get_event_types\",\"equipment_type\":\"1\"}', 200, '2026-05-23 15:59:34'),
(102, 4, 4, 4, 12, 5, 'مدير الموقع', '5mZabL-zXnvJJXi7zP2Ok3AxgwhpykgwKxQ,BT-VHfmU,FyU', '::1', 'Mozilla/5.0 (Windows NT 10.0; Win64; x64) AppleWebKit/537.36 (KHTML, like Gecko) Chrome/148.0.0.0 Safari/537.36', 'timesheet', 'timesheet', 'get_event_types', 'get_event_types', NULL, NULL, NULL, NULL, 'http://localhost/ems/Timesheet/timesheet.php?type=1', 'GET', '{\"action\":\"get_event_types\",\"equipment_type\":\"1\"}', 200, '2026-05-23 15:59:58'),
(103, 4, 4, 4, 12, 5, 'مدير الموقع', '5mZabL-zXnvJJXi7zP2Ok3AxgwhpykgwKxQ,BT-VHfmU,FyU', '::1', 'Mozilla/5.0 (Windows NT 10.0; Win64; x64) AppleWebKit/537.36 (KHTML, like Gecko) Chrome/148.0.0.0 Safari/537.36', 'timesheet', 'timesheet', 'get_event_types', 'get_event_types', NULL, NULL, NULL, NULL, 'http://localhost/ems/Timesheet/timesheet.php?type=1', 'GET', '{\"action\":\"get_event_types\",\"equipment_type\":\"3\"}', 200, '2026-05-23 15:59:58'),
(104, 4, 4, 4, 12, 5, 'مدير الموقع', '5mZabL-zXnvJJXi7zP2Ok3AxgwhpykgwKxQ,BT-VHfmU,FyU', '::1', 'Mozilla/5.0 (Windows NT 10.0; Win64; x64) AppleWebKit/537.36 (KHTML, like Gecko) Chrome/148.0.0.0 Safari/537.36', 'timesheet', 'timesheet', 'get_event_types', 'get_event_types', NULL, NULL, NULL, NULL, 'http://localhost/ems/Timesheet/timesheet.php?type=1', 'GET', '{\"action\":\"get_event_types\",\"equipment_type\":\"1\"}', 200, '2026-05-23 15:59:58'),
(105, 4, 4, 4, 12, 5, 'مدير الموقع', '5mZabL-zXnvJJXi7zP2Ok3AxgwhpykgwKxQ,BT-VHfmU,FyU', '::1', 'Mozilla/5.0 (Windows NT 10.0; Win64; x64) AppleWebKit/537.36 (KHTML, like Gecko) Chrome/148.0.0.0 Safari/537.36', 'timesheet', 'timesheet', 'get_main_cats', 'get_main_cats', NULL, NULL, NULL, NULL, 'http://localhost/ems/Timesheet/timesheet.php?type=1', 'GET', '{\"action\":\"get_main_cats\",\"equipment_type\":\"1\",\"event_type_code\":\"OPR\"}', 200, '2026-05-23 16:00:30'),
(106, 4, 4, 4, 12, 5, 'مدير الموقع', '5mZabL-zXnvJJXi7zP2Ok3AxgwhpykgwKxQ,BT-VHfmU,FyU', '::1', 'Mozilla/5.0 (Windows NT 10.0; Win64; x64) AppleWebKit/537.36 (KHTML, like Gecko) Chrome/148.0.0.0 Safari/537.36', 'timesheet', 'timesheet', 'get_sub_cats', 'get_sub_cats', NULL, NULL, NULL, NULL, 'http://localhost/ems/Timesheet/timesheet.php?type=1', 'GET', '{\"action\":\"get_sub_cats\",\"equipment_type\":\"1\",\"event_type_code\":\"OPR\",\"main_cat_code\":\"OPP\"}', 200, '2026-05-23 16:00:32');
INSERT INTO `activity_logs` (`id`, `company_id`, `project_id`, `contract_id`, `user_id`, `role_id`, `role_name`, `session_id`, `ip_address`, `user_agent`, `screen_name`, `module_name`, `action_type`, `button_name`, `field_name`, `record_id`, `old_value`, `new_value`, `url`, `http_method`, `request_payload`, `response_status`, `created_at`) VALUES
(107, 4, 4, 4, 12, 5, 'مدير الموقع', '5mZabL-zXnvJJXi7zP2Ok3AxgwhpykgwKxQ,BT-VHfmU,FyU', '::1', 'Mozilla/5.0 (Windows NT 10.0; Win64; x64) AppleWebKit/537.36 (KHTML, like Gecko) Chrome/148.0.0.0 Safari/537.36', 'timesheet', 'timesheet', 'get_details', 'get_details', NULL, NULL, NULL, NULL, 'http://localhost/ems/Timesheet/timesheet.php?type=1', 'GET', '{\"action\":\"get_details\",\"equipment_type\":\"1\",\"event_type_code\":\"OPR\",\"main_cat_code\":\"OPP\",\"sub_cat\":\"ساعات إنتاج\"}', 200, '2026-05-23 16:00:34'),
(108, 4, 4, 4, 12, 5, 'مدير الموقع', '5mZabL-zXnvJJXi7zP2Ok3AxgwhpykgwKxQ,BT-VHfmU,FyU', '::1', 'Mozilla/5.0 (Windows NT 10.0; Win64; x64) AppleWebKit/537.36 (KHTML, like Gecko) Chrome/148.0.0.0 Safari/537.36', 'timesheet', 'timesheet', 'get_event_types', 'get_event_types', NULL, NULL, NULL, NULL, 'http://localhost/ems/Timesheet/timesheet.php?type=2', 'GET', '{\"action\":\"get_event_types\",\"equipment_type\":\"2\"}', 200, '2026-05-23 16:00:56'),
(109, 4, 4, 4, 12, 5, 'مدير الموقع', '5mZabL-zXnvJJXi7zP2Ok3AxgwhpykgwKxQ,BT-VHfmU,FyU', '::1', 'Mozilla/5.0 (Windows NT 10.0; Win64; x64) AppleWebKit/537.36 (KHTML, like Gecko) Chrome/148.0.0.0 Safari/537.36', 'timesheet', 'timesheet', 'get_event_types', 'get_event_types', NULL, NULL, NULL, NULL, 'http://localhost/ems/Timesheet/timesheet.php?type=2', 'GET', '{\"action\":\"get_event_types\",\"equipment_type\":\"3\"}', 200, '2026-05-23 16:00:56'),
(110, 4, 4, 4, 12, 5, 'مدير الموقع', '5mZabL-zXnvJJXi7zP2Ok3AxgwhpykgwKxQ,BT-VHfmU,FyU', '::1', 'Mozilla/5.0 (Windows NT 10.0; Win64; x64) AppleWebKit/537.36 (KHTML, like Gecko) Chrome/148.0.0.0 Safari/537.36', 'timesheet', 'timesheet', 'get_event_types', 'get_event_types', NULL, NULL, NULL, NULL, 'http://localhost/ems/Timesheet/timesheet.php?type=2', 'GET', '{\"action\":\"get_event_types\",\"equipment_type\":\"2\"}', 200, '2026-05-23 16:00:56'),
(111, 4, 4, 4, 12, 5, 'مدير الموقع', '5mZabL-zXnvJJXi7zP2Ok3AxgwhpykgwKxQ,BT-VHfmU,FyU', '::1', 'Mozilla/5.0 (Windows NT 10.0; Win64; x64) AppleWebKit/537.36 (KHTML, like Gecko) Chrome/148.0.0.0 Safari/537.36', 'hours_approval_followup', 'approvals', 'get_notes', 'get_notes', NULL, 245, NULL, NULL, 'http://localhost/ems/Approvals/hours_approval_followup.php', 'POST', '{\"action\":\"get_notes\",\"timesheet_id\":\"245\"}', 200, '2026-05-23 16:01:33'),
(112, 4, 4, 4, 12, 5, 'مدير الموقع', '5mZabL-zXnvJJXi7zP2Ok3AxgwhpykgwKxQ,BT-VHfmU,FyU', '::1', 'Mozilla/5.0 (Windows NT 10.0; Win64; x64) AppleWebKit/537.36 (KHTML, like Gecko) Chrome/148.0.0.0 Safari/537.36', 'project_users', 'main', 'create', 'create', NULL, NULL, NULL, NULL, 'http://localhost/ems/main/project_users.php', 'POST', '{\"username\":\"مدير موقع الروسية\",\"uid\":\"0\"}', 200, '2026-05-23 16:03:00'),
(113, 4, 4, 4, 12, 5, 'مدير الموقع', '5mZabL-zXnvJJXi7zP2Ok3AxgwhpykgwKxQ,BT-VHfmU,FyU', '::1', 'Mozilla/5.0 (Windows NT 10.0; Win64; x64) AppleWebKit/537.36 (KHTML, like Gecko) Chrome/148.0.0.0 Safari/537.36', 'logout', 'auth', 'logout', NULL, NULL, NULL, NULL, NULL, 'http://localhost/ems/logout.php', 'GET', NULL, 200, '2026-05-23 16:03:04'),
(114, 4, 4, 4, 12, 5, 'مدير الموقع', 'EqJQqI5gMCODZ5AkhijZI3KVRbQEKwnGwP2p0CbEoMMr41K3', '::1', 'Mozilla/5.0 (Windows NT 10.0; Win64; x64) AppleWebKit/537.36 (KHTML, like Gecko) Chrome/148.0.0.0 Safari/537.36', 'login', 'auth', 'login', NULL, NULL, NULL, NULL, NULL, 'http://localhost/ems/login.php', 'POST', '{\"username\":\"مدير موقع الروسية\",\"password\":\"[REDACTED]\",\"csrf_token\":\"[REDACTED]\"}', 200, '2026-05-23 16:06:32'),
(115, 4, 4, 4, 12, 5, 'مدير الموقع', 'EqJQqI5gMCODZ5AkhijZI3KVRbQEKwnGwP2p0CbEoMMr41K3', '::1', 'Mozilla/5.0 (Windows NT 10.0; Win64; x64) AppleWebKit/537.36 (KHTML, like Gecko) Chrome/148.0.0.0 Safari/537.36', 'timesheet', 'timesheet', 'get_event_types', 'get_event_types', NULL, NULL, NULL, NULL, 'http://localhost/ems/Timesheet/timesheet.php?type=3', 'GET', '{\"action\":\"get_event_types\",\"equipment_type\":\"1\"}', 200, '2026-05-23 16:18:06'),
(116, 4, 4, 4, 12, 5, 'مدير الموقع', 'EqJQqI5gMCODZ5AkhijZI3KVRbQEKwnGwP2p0CbEoMMr41K3', '::1', 'Mozilla/5.0 (Windows NT 10.0; Win64; x64) AppleWebKit/537.36 (KHTML, like Gecko) Chrome/148.0.0.0 Safari/537.36', 'timesheet', 'timesheet', 'get_event_types', 'get_event_types', NULL, NULL, NULL, NULL, 'http://localhost/ems/Timesheet/timesheet.php?type=3', 'GET', '{\"action\":\"get_event_types\",\"equipment_type\":\"3\"}', 200, '2026-05-23 16:18:06'),
(117, 4, 4, 4, 12, 5, 'مدير الموقع', 'EqJQqI5gMCODZ5AkhijZI3KVRbQEKwnGwP2p0CbEoMMr41K3', '::1', 'Mozilla/5.0 (Windows NT 10.0; Win64; x64) AppleWebKit/537.36 (KHTML, like Gecko) Chrome/148.0.0.0 Safari/537.36', 'timesheet', 'timesheet', 'get_event_types', 'get_event_types', NULL, NULL, NULL, NULL, 'http://localhost/ems/Timesheet/timesheet.php?type=3', 'GET', '{\"action\":\"get_event_types\",\"equipment_type\":\"3\"}', 200, '2026-05-23 16:18:06'),
(118, 4, 0, 0, 4, 1, 'ادارة التشغيل', 'WQO2kO8TDe3VUSYYq4t0qPn,ozXBZZ3ghGMnLzU7iVHIwojU', '127.0.0.1', 'Mozilla/5.0 (Windows NT 10.0; Win64; x64; rv:150.0) Gecko/20100101 Firefox/150.0', 'login', 'auth', 'login', NULL, NULL, NULL, NULL, NULL, 'http://localhost/ems/login.php?timeout=1', 'POST', '{\"username\":\"محمد\",\"password\":\"[REDACTED]\",\"csrf_token\":\"[REDACTED]\"}', 200, '2026-05-25 06:00:40'),
(119, 4, 0, 0, 4, 1, 'ادارة التشغيل', 'WQO2kO8TDe3VUSYYq4t0qPn,ozXBZZ3ghGMnLzU7iVHIwojU', '127.0.0.1', 'Mozilla/5.0 (Windows NT 10.0; Win64; x64; rv:150.0) Gecko/20100101 Firefox/150.0', 'logout', 'auth', 'logout', NULL, NULL, NULL, NULL, NULL, 'http://localhost/ems/logout.php', 'GET', NULL, 200, '2026-05-25 06:05:33'),
(120, 4, 0, 0, 6, 3, 'ادارة الاسطول', 'VocVJBZ-v6KPDIDSNyFRAyMSm2128,W5SCAxwijdVQJJw8AC', '127.0.0.1', 'Mozilla/5.0 (Windows NT 10.0; Win64; x64; rv:150.0) Gecko/20100101 Firefox/150.0', 'login', 'auth', 'login', NULL, NULL, NULL, NULL, NULL, 'http://localhost/ems/login.php', 'POST', '{\"username\":\"يسن\",\"password\":\"[REDACTED]\",\"csrf_token\":\"[REDACTED]\"}', 200, '2026-05-25 06:05:40'),
(121, 4, 0, 0, 13, 12, 'ادارة المبيعات', 'NL-xP6z9-fPeGndKtWr2Hv6WP1kDyE50ABOK1JgMWQdkAo-f', '::1', 'Mozilla/5.0 (Windows NT 10.0; Win64; x64) AppleWebKit/537.36 (KHTML, like Gecko) Chrome/148.0.0.0 Safari/537.36', 'login', 'auth', 'login', NULL, NULL, NULL, NULL, NULL, 'http://localhost/ems/login.php?timeout=1', 'POST', '{\"username\":\"مبيعات\",\"password\":\"[REDACTED]\",\"csrf_token\":\"[REDACTED]\"}', 200, '2026-05-25 08:32:12'),
(122, 4, 0, 0, 13, 12, 'ادارة المبيعات', 'NL-xP6z9-fPeGndKtWr2Hv6WP1kDyE50ABOK1JgMWQdkAo-f', '::1', 'Mozilla/5.0 (Windows NT 10.0; Win64; x64) AppleWebKit/537.36 (KHTML, like Gecko) Chrome/148.0.0.0 Safari/537.36', 'contracts', 'contracts', 'create', 'create', NULL, NULL, NULL, NULL, 'http://localhost/ems/Contracts/contracts.php', 'POST', '{\"contract_id\":\"5\"}', 200, '2026-05-25 08:33:13'),
(123, 4, 0, 0, 13, 12, 'ادارة المبيعات', 'NL-xP6z9-fPeGndKtWr2Hv6WP1kDyE50ABOK1JgMWQdkAo-f', '::1', 'Mozilla/5.0 (Windows NT 10.0; Win64; x64) AppleWebKit/537.36 (KHTML, like Gecko) Chrome/148.0.0.0 Safari/537.36', 'logout', 'auth', 'logout', NULL, NULL, NULL, NULL, NULL, 'http://localhost/ems/logout.php', 'GET', NULL, 200, '2026-05-25 08:34:51'),
(124, 4, 0, 0, 4, 1, 'ادارة التشغيل', 'Kvp3HCckOGZ5Zmj4ZPCD,D90F68-9jNdMVIUnO4p3CN-UYde', '::1', 'Mozilla/5.0 (Windows NT 10.0; Win64; x64) AppleWebKit/537.36 (KHTML, like Gecko) Chrome/148.0.0.0 Safari/537.36', 'login', 'auth', 'login', NULL, NULL, NULL, NULL, NULL, 'http://localhost/ems/login.php', 'POST', '{\"username\":\"محمد\",\"password\":\"[REDACTED]\",\"csrf_token\":\"[REDACTED]\"}', 200, '2026-05-25 08:34:59'),
(125, 4, 0, 0, 4, 1, 'ادارة التشغيل', 'Kvp3HCckOGZ5Zmj4ZPCD,D90F68-9jNdMVIUnO4p3CN-UYde', '::1', 'Mozilla/5.0 (Windows NT 10.0; Win64; x64) AppleWebKit/537.36 (KHTML, like Gecko) Chrome/148.0.0.0 Safari/537.36', 'logout', 'auth', 'logout', NULL, NULL, NULL, NULL, NULL, 'http://localhost/ems/logout.php', 'GET', NULL, 200, '2026-05-25 08:35:33'),
(126, 4, 4, 4, 12, 5, 'مدير الموقع', '9XqPvfN-HHEkJi8VZ2o-v,WIiswqXD3GO2o8iY,HNxStMHHt', '::1', 'Mozilla/5.0 (Windows NT 10.0; Win64; x64) AppleWebKit/537.36 (KHTML, like Gecko) Chrome/148.0.0.0 Safari/537.36', 'login', 'auth', 'login', NULL, NULL, NULL, NULL, NULL, 'http://localhost/ems/login.php', 'POST', '{\"username\":\"مدير موقع الروسية\",\"password\":\"[REDACTED]\",\"csrf_token\":\"[REDACTED]\"}', 200, '2026-05-25 08:35:41'),
(127, 4, 4, 4, 12, 5, 'مدير الموقع', '9XqPvfN-HHEkJi8VZ2o-v,WIiswqXD3GO2o8iY,HNxStMHHt', '::1', 'Mozilla/5.0 (Windows NT 10.0; Win64; x64) AppleWebKit/537.36 (KHTML, like Gecko) Chrome/148.0.0.0 Safari/537.36', 'timesheet', 'timesheet', 'get_event_types', 'get_event_types', NULL, NULL, NULL, NULL, 'http://localhost/ems/Timesheet/timesheet.php?type=1', 'GET', '{\"action\":\"get_event_types\",\"equipment_type\":\"1\"}', 200, '2026-05-25 08:36:00'),
(128, 4, 4, 4, 12, 5, 'مدير الموقع', '9XqPvfN-HHEkJi8VZ2o-v,WIiswqXD3GO2o8iY,HNxStMHHt', '::1', 'Mozilla/5.0 (Windows NT 10.0; Win64; x64) AppleWebKit/537.36 (KHTML, like Gecko) Chrome/148.0.0.0 Safari/537.36', 'timesheet', 'timesheet', 'get_event_types', 'get_event_types', NULL, NULL, NULL, NULL, 'http://localhost/ems/Timesheet/timesheet.php?type=1', 'GET', '{\"action\":\"get_event_types\",\"equipment_type\":\"3\"}', 200, '2026-05-25 08:36:00'),
(129, 4, 4, 4, 12, 5, 'مدير الموقع', '9XqPvfN-HHEkJi8VZ2o-v,WIiswqXD3GO2o8iY,HNxStMHHt', '::1', 'Mozilla/5.0 (Windows NT 10.0; Win64; x64) AppleWebKit/537.36 (KHTML, like Gecko) Chrome/148.0.0.0 Safari/537.36', 'timesheet', 'timesheet', 'get_event_types', 'get_event_types', NULL, NULL, NULL, NULL, 'http://localhost/ems/Timesheet/timesheet.php?type=1', 'GET', '{\"action\":\"get_event_types\",\"equipment_type\":\"1\"}', 200, '2026-05-25 08:36:00'),
(130, 4, 4, 4, 12, 5, 'مدير الموقع', '9XqPvfN-HHEkJi8VZ2o-v,WIiswqXD3GO2o8iY,HNxStMHHt', '::1', 'Mozilla/5.0 (Windows NT 10.0; Win64; x64) AppleWebKit/537.36 (KHTML, like Gecko) Chrome/148.0.0.0 Safari/537.36', 'logout', 'auth', 'logout', NULL, NULL, NULL, NULL, NULL, 'http://localhost/ems/logout.php', 'GET', NULL, 200, '2026-05-25 08:36:26'),
(131, 4, 0, 0, 4, 1, 'ادارة التشغيل', 'vTcjjiJGQTGkE,AtJiFDBkOYyWXTJe6RwRWAGzgrSfAWvp-L', '::1', 'Mozilla/5.0 (Windows NT 10.0; Win64; x64) AppleWebKit/537.36 (KHTML, like Gecko) Chrome/148.0.0.0 Safari/537.36', 'login', 'auth', 'login', NULL, NULL, NULL, NULL, NULL, 'http://localhost/ems/login.php', 'POST', '{\"username\":\"محمد\",\"password\":\"[REDACTED]\",\"csrf_token\":\"[REDACTED]\"}', 200, '2026-05-25 08:36:46'),
(132, 4, 0, 0, 4, 1, 'ادارة التشغيل', 'vTcjjiJGQTGkE,AtJiFDBkOYyWXTJe6RwRWAGzgrSfAWvp-L', '::1', 'Mozilla/5.0 (Windows NT 10.0; Win64; x64) AppleWebKit/537.36 (KHTML, like Gecko) Chrome/148.0.0.0 Safari/537.36', 'logout', 'auth', 'logout', NULL, NULL, NULL, NULL, NULL, 'http://localhost/ems/logout.php', 'GET', NULL, 200, '2026-05-25 08:37:10'),
(133, 4, 0, 0, 6, 3, 'ادارة الاسطول', 'gigcUjQm-SJxk5RJJpI,E4DUHWTFTnbUlce,j60VrV2b2nuy', '::1', 'Mozilla/5.0 (Windows NT 10.0; Win64; x64) AppleWebKit/537.36 (KHTML, like Gecko) Chrome/148.0.0.0 Safari/537.36', 'login', 'auth', 'login', NULL, NULL, NULL, NULL, NULL, 'http://localhost/ems/login.php', 'POST', '{\"username\":\"يسن\",\"password\":\"[REDACTED]\",\"csrf_token\":\"[REDACTED]\"}', 200, '2026-05-25 08:37:17'),
(134, 4, 0, 0, 6, 3, 'ادارة الاسطول', 'gigcUjQm-SJxk5RJJpI,E4DUHWTFTnbUlce,j60VrV2b2nuy', '::1', 'Mozilla/5.0 (Windows NT 10.0; Win64; x64) AppleWebKit/537.36 (KHTML, like Gecko) Chrome/148.0.0.0 Safari/537.36', 'logout', 'auth', 'logout', NULL, NULL, NULL, NULL, NULL, 'http://localhost/ems/logout.php', 'GET', NULL, 200, '2026-05-26 11:01:41'),
(135, 4, 0, 0, 4, 1, 'ادارة التشغيل', 'gEFjskrNhEz7xDI2PNzTpFuzQRHDERGgDuSVFnHUjrCYZ2X5', '::1', 'Mozilla/5.0 (Windows NT 10.0; Win64; x64) AppleWebKit/537.36 (KHTML, like Gecko) Chrome/148.0.0.0 Safari/537.36', 'login', 'auth', 'login', NULL, NULL, NULL, NULL, NULL, 'http://localhost/ems/login.php', 'POST', '{\"username\":\"محمد\",\"password\":\"[REDACTED]\",\"csrf_token\":\"[REDACTED]\"}', 200, '2026-05-26 11:01:54'),
(136, 4, 0, 0, 4, 1, 'ادارة التشغيل', 'gEFjskrNhEz7xDI2PNzTpFuzQRHDERGgDuSVFnHUjrCYZ2X5', '::1', 'Mozilla/5.0 (Windows NT 10.0; Win64; x64) AppleWebKit/537.36 (KHTML, like Gecko) Chrome/148.0.0.0 Safari/537.36', 'logout', 'auth', 'logout', NULL, NULL, NULL, NULL, NULL, 'http://localhost/ems/logout.php', 'GET', NULL, 200, '2026-05-26 11:05:10'),
(137, 4, 0, 0, 4, 1, 'ادارة التشغيل', 'siOX7pAJYwMW6JCohwdukTpQ1ihFepKGqoQj-2,HXsl2jKUA', '::1', 'Mozilla/5.0 (Windows NT 10.0; Win64; x64) AppleWebKit/537.36 (KHTML, like Gecko) Chrome/148.0.0.0 Safari/537.36', 'login', 'auth', 'login', NULL, NULL, NULL, NULL, NULL, 'http://localhost/ems/login.php', 'POST', '{\"username\":\"محمد\",\"password\":\"[REDACTED]\",\"csrf_token\":\"[REDACTED]\"}', 200, '2026-05-26 11:06:31'),
(138, 4, 0, 0, 4, 1, 'ادارة التشغيل', 'siOX7pAJYwMW6JCohwdukTpQ1ihFepKGqoQj-2,HXsl2jKUA', '::1', 'Mozilla/5.0 (Windows NT 10.0; Win64; x64) AppleWebKit/537.36 (KHTML, like Gecko) Chrome/148.0.0.0 Safari/537.36', 'logout', 'auth', 'logout', NULL, NULL, NULL, NULL, NULL, 'http://localhost/ems/logout.php', 'GET', NULL, 200, '2026-05-26 11:08:39'),
(139, 4, 0, 0, 13, 12, 'ادارة المبيعات', 'fM31J1Bz-3rhlHLaO06fDTCPIC7Bt94aq8qroTojzLIb47,1', '::1', 'Mozilla/5.0 (Windows NT 10.0; Win64; x64) AppleWebKit/537.36 (KHTML, like Gecko) Chrome/148.0.0.0 Safari/537.36', 'login', 'auth', 'login', NULL, NULL, NULL, NULL, NULL, 'http://localhost/ems/login.php', 'POST', '{\"username\":\"مبيعات\",\"password\":\"[REDACTED]\",\"csrf_token\":\"[REDACTED]\"}', 200, '2026-05-26 11:08:46'),
(140, 4, 0, 0, 13, 12, 'ادارة المبيعات', 'fM31J1Bz-3rhlHLaO06fDTCPIC7Bt94aq8qroTojzLIb47,1', '::1', 'Mozilla/5.0 (Windows NT 10.0; Win64; x64) AppleWebKit/537.36 (KHTML, like Gecko) Chrome/148.0.0.0 Safari/537.36', 'logout', 'auth', 'logout', NULL, NULL, NULL, NULL, NULL, 'http://localhost/ems/logout.php', 'GET', NULL, 200, '2026-05-26 11:11:23'),
(141, 4, 0, 0, 6, 3, 'ادارة الاسطول', 'O7-hTEUuH49fsEJZBlP1qAqaBf7ScgWoGWDFuJSk78pHRN4k', '::1', 'Mozilla/5.0 (Windows NT 10.0; Win64; x64) AppleWebKit/537.36 (KHTML, like Gecko) Chrome/148.0.0.0 Safari/537.36', 'login', 'auth', 'login', NULL, NULL, NULL, NULL, NULL, 'http://localhost/ems/login.php', 'POST', '{\"username\":\"يسن\",\"password\":\"[REDACTED]\",\"csrf_token\":\"[REDACTED]\"}', 200, '2026-05-26 11:11:35'),
(142, 4, 0, 0, 6, 3, 'ادارة الاسطول', 'O7-hTEUuH49fsEJZBlP1qAqaBf7ScgWoGWDFuJSk78pHRN4k', '::1', 'Mozilla/5.0 (Windows NT 10.0; Win64; x64) AppleWebKit/537.36 (KHTML, like Gecko) Chrome/148.0.0.0 Safari/537.36', 'logout', 'auth', 'logout', NULL, NULL, NULL, NULL, NULL, 'http://localhost/ems/logout.php', 'GET', NULL, 200, '2026-05-26 11:19:30'),
(143, 4, 4, 4, 12, 5, 'مدير الموقع', 'A8j,DHB5Qw9zmWK-jVCrXrf05KCRYz,1nxEn2mddypgWplTt', '::1', 'Mozilla/5.0 (Windows NT 10.0; Win64; x64) AppleWebKit/537.36 (KHTML, like Gecko) Chrome/148.0.0.0 Safari/537.36', 'login', 'auth', 'login', NULL, NULL, NULL, NULL, NULL, 'http://localhost/ems/login.php', 'POST', '{\"username\":\"مدير موقع الروسية\",\"password\":\"[REDACTED]\",\"csrf_token\":\"[REDACTED]\"}', 200, '2026-05-26 11:19:36'),
(144, 4, 4, 4, 12, 5, 'مدير الموقع', 'A8j,DHB5Qw9zmWK-jVCrXrf05KCRYz,1nxEn2mddypgWplTt', '::1', 'Mozilla/5.0 (Windows NT 10.0; Win64; x64) AppleWebKit/537.36 (KHTML, like Gecko) Chrome/148.0.0.0 Safari/537.36', 'timesheet', 'timesheet', 'get_event_types', 'get_event_types', NULL, NULL, NULL, NULL, 'http://localhost/ems/Timesheet/timesheet.php?type=1', 'GET', '{\"action\":\"get_event_types\",\"equipment_type\":\"3\"}', 200, '2026-05-26 11:19:41'),
(145, 4, 4, 4, 12, 5, 'مدير الموقع', 'A8j,DHB5Qw9zmWK-jVCrXrf05KCRYz,1nxEn2mddypgWplTt', '::1', 'Mozilla/5.0 (Windows NT 10.0; Win64; x64) AppleWebKit/537.36 (KHTML, like Gecko) Chrome/148.0.0.0 Safari/537.36', 'timesheet', 'timesheet', 'get_event_types', 'get_event_types', NULL, NULL, NULL, NULL, 'http://localhost/ems/Timesheet/timesheet.php?type=1', 'GET', '{\"action\":\"get_event_types\",\"equipment_type\":\"1\"}', 200, '2026-05-26 11:19:41'),
(146, 4, 4, 4, 12, 5, 'مدير الموقع', 'A8j,DHB5Qw9zmWK-jVCrXrf05KCRYz,1nxEn2mddypgWplTt', '::1', 'Mozilla/5.0 (Windows NT 10.0; Win64; x64) AppleWebKit/537.36 (KHTML, like Gecko) Chrome/148.0.0.0 Safari/537.36', 'timesheet', 'timesheet', 'get_event_types', 'get_event_types', NULL, NULL, NULL, NULL, 'http://localhost/ems/Timesheet/timesheet.php?type=1', 'GET', '{\"action\":\"get_event_types\",\"equipment_type\":\"1\"}', 200, '2026-05-26 11:19:41'),
(147, 4, 4, 4, 12, 5, 'مدير الموقع', 'A8j,DHB5Qw9zmWK-jVCrXrf05KCRYz,1nxEn2mddypgWplTt', '::1', 'Mozilla/5.0 (Windows NT 10.0; Win64; x64) AppleWebKit/537.36 (KHTML, like Gecko) Chrome/148.0.0.0 Safari/537.36', 'logout', 'auth', 'logout', NULL, NULL, NULL, NULL, NULL, 'http://localhost/ems/logout.php', 'GET', NULL, 200, '2026-05-26 11:30:46'),
(148, 4, 4, 4, 11, 6, 'مدير حركة وتشغيل', 'Pu3,e2HDOXdDzTyETjdlKRU0iVq0dIlpRc0-7hHj16IgrbSV', '::1', 'Mozilla/5.0 (Windows NT 10.0; Win64; x64) AppleWebKit/537.36 (KHTML, like Gecko) Chrome/148.0.0.0 Safari/537.36', 'login', 'auth', 'login', NULL, NULL, NULL, NULL, NULL, 'http://localhost/ems/login.php', 'POST', '{\"username\":\"حركة - الروسية\",\"password\":\"[REDACTED]\",\"csrf_token\":\"[REDACTED]\"}', 200, '2026-05-26 11:30:50'),
(149, 4, 4, 4, 11, 6, 'مدير حركة وتشغيل', 'Pu3,e2HDOXdDzTyETjdlKRU0iVq0dIlpRc0-7hHj16IgrbSV', '::1', 'Mozilla/5.0 (Windows NT 10.0; Win64; x64) AppleWebKit/537.36 (KHTML, like Gecko) Chrome/148.0.0.0 Safari/537.36', 'logout', 'auth', 'logout', NULL, NULL, NULL, NULL, NULL, 'http://localhost/ems/logout.php', 'GET', NULL, 200, '2026-05-26 11:47:55'),
(150, 4, 0, 0, 7, 4, 'ادارة الموارد البشرية', 'e49VcPmojGJ23IxP3y2IIXusMf3yGKdsj-7b2FibgFsypVL2', '::1', 'Mozilla/5.0 (Windows NT 10.0; Win64; x64) AppleWebKit/537.36 (KHTML, like Gecko) Chrome/148.0.0.0 Safari/537.36', 'login', 'auth', 'login', NULL, NULL, NULL, NULL, NULL, 'http://localhost/ems/login.php', 'POST', '{\"username\":\"اروينا\",\"password\":\"[REDACTED]\",\"csrf_token\":\"[REDACTED]\"}', 200, '2026-05-26 11:48:00'),
(151, 4, 0, 0, 7, 4, 'ادارة الموارد البشرية', 'e49VcPmojGJ23IxP3y2IIXusMf3yGKdsj-7b2FibgFsypVL2', '::1', 'Mozilla/5.0 (Windows NT 10.0; Win64; x64) AppleWebKit/537.36 (KHTML, like Gecko) Chrome/148.0.0.0 Safari/537.36', 'logout', 'auth', 'logout', NULL, NULL, NULL, NULL, NULL, 'http://localhost/ems/logout.php', 'GET', NULL, 200, '2026-05-26 11:49:29'),
(152, 4, 4, 4, 11, 6, 'مدير حركة وتشغيل', 'z9DUOvZV8r6czaYk6coQrkSTfoJ7Ns1LTabNcvtRW0NgguaD', '::1', 'Mozilla/5.0 (Windows NT 10.0; Win64; x64) AppleWebKit/537.36 (KHTML, like Gecko) Chrome/148.0.0.0 Safari/537.36', 'login', 'auth', 'login', NULL, NULL, NULL, NULL, NULL, 'http://localhost/ems/login.php', 'POST', '{\"username\":\"حركة - الروسية\",\"password\":\"[REDACTED]\",\"csrf_token\":\"[REDACTED]\"}', 200, '2026-05-26 11:49:34'),
(153, 4, 4, 4, 11, 6, 'مدير حركة وتشغيل', 'z9DUOvZV8r6czaYk6coQrkSTfoJ7Ns1LTabNcvtRW0NgguaD', '::1', 'Mozilla/5.0 (Windows NT 10.0; Win64; x64) AppleWebKit/537.36 (KHTML, like Gecko) Chrome/148.0.0.0 Safari/537.36', 'logout', 'auth', 'logout', NULL, NULL, NULL, NULL, NULL, 'http://localhost/ems/logout.php', 'GET', NULL, 200, '2026-05-26 11:51:56'),
(154, 4, 0, 0, 7, 4, 'ادارة الموارد البشرية', 'Td8KJFiC2CZIYCQ00GMXickDqeZzGOAF4v8imG,-mOfxPCx1', '::1', 'Mozilla/5.0 (Windows NT 10.0; Win64; x64) AppleWebKit/537.36 (KHTML, like Gecko) Chrome/148.0.0.0 Safari/537.36', 'login', 'auth', 'login', NULL, NULL, NULL, NULL, NULL, 'http://localhost/ems/login.php', 'POST', '{\"username\":\"اروينا\",\"password\":\"[REDACTED]\",\"csrf_token\":\"[REDACTED]\"}', 200, '2026-05-26 11:52:00'),
(155, 4, 0, 0, 7, 4, 'ادارة الموارد البشرية', 'Td8KJFiC2CZIYCQ00GMXickDqeZzGOAF4v8imG,-mOfxPCx1', '::1', 'Mozilla/5.0 (Windows NT 10.0; Win64; x64) AppleWebKit/537.36 (KHTML, like Gecko) Chrome/148.0.0.0 Safari/537.36', 'logout', 'auth', 'logout', NULL, NULL, NULL, NULL, NULL, 'http://localhost/ems/logout.php', 'GET', NULL, 200, '2026-05-26 11:53:20'),
(156, 4, 0, 0, 4, 1, 'ادارة التشغيل', 'XcYi1UJdBLW39QvDLU8GBiYErQ7fduTi-2RB3FCY4gKrp3Yo', '::1', 'Mozilla/5.0 (Windows NT 10.0; Win64; x64) AppleWebKit/537.36 (KHTML, like Gecko) Chrome/148.0.0.0 Safari/537.36', 'login', 'auth', 'login', NULL, NULL, NULL, NULL, NULL, 'http://localhost/ems/login.php', 'POST', '{\"username\":\"محمد\",\"password\":\"[REDACTED]\",\"csrf_token\":\"[REDACTED]\"}', 200, '2026-05-26 11:53:26'),
(157, 4, 0, 0, 4, 1, 'ادارة التشغيل', 'XcYi1UJdBLW39QvDLU8GBiYErQ7fduTi-2RB3FCY4gKrp3Yo', '::1', 'Mozilla/5.0 (Windows NT 10.0; Win64; x64) AppleWebKit/537.36 (KHTML, like Gecko) Chrome/148.0.0.0 Safari/537.36', 'logout', 'auth', 'logout', NULL, NULL, NULL, NULL, NULL, 'http://localhost/ems/logout.php', 'GET', NULL, 200, '2026-05-26 12:03:34'),
(158, 4, 0, 0, 7, 4, 'ادارة الموارد البشرية', 'NRxdj6XLn6J0FQL2wQU,NryHKTTZDjDPnunl0QReg35438Z-', '::1', 'Mozilla/5.0 (Windows NT 10.0; Win64; x64) AppleWebKit/537.36 (KHTML, like Gecko) Chrome/148.0.0.0 Safari/537.36', 'login', 'auth', 'login', NULL, NULL, NULL, NULL, NULL, 'http://localhost/ems/login.php', 'POST', '{\"username\":\"اروينا\",\"password\":\"[REDACTED]\",\"csrf_token\":\"[REDACTED]\"}', 200, '2026-05-26 12:03:38'),
(159, 4, 0, 0, 4, 1, 'ادارة التشغيل', '2JYcsrFZhyJLJQRsje2Avo-USJYPugjhp6UnwGdT0E5ZxZm9', '::1', 'Mozilla/5.0 (Windows NT 10.0; Win64; x64) AppleWebKit/537.36 (KHTML, like Gecko) Chrome/148.0.0.0 Safari/537.36', 'login', 'auth', 'login', NULL, NULL, NULL, NULL, NULL, 'http://localhost/ems/login.php', 'POST', '{\"username\":\"محمد\",\"password\":\"[REDACTED]\",\"csrf_token\":\"[REDACTED]\"}', 200, '2026-05-30 09:43:44'),
(160, 4, 4, 4, 11, 6, 'مدير حركة وتشغيل', 'ZHOE9VsX-x3fPcBfUZ-nAgaGupK-F1DlfaLBrsrBDtHVM1sS', '::1', 'Mozilla/5.0 (Windows NT 10.0; Win64; x64) AppleWebKit/537.36 (KHTML, like Gecko) Chrome/148.0.0.0 Safari/537.36', 'login', 'auth', 'login', NULL, NULL, NULL, NULL, NULL, 'http://localhost/ems/login.php', 'POST', '{\"username\":\"حركة - الروسية\",\"password\":\"[REDACTED]\",\"csrf_token\":\"[REDACTED]\"}', 200, '2026-05-30 21:15:23'),
(161, 4, 4, 4, 11, 6, 'مدير حركة وتشغيل', 'ZHOE9VsX-x3fPcBfUZ-nAgaGupK-F1DlfaLBrsrBDtHVM1sS', '::1', 'Mozilla/5.0 (Windows NT 10.0; Win64; x64) AppleWebKit/537.36 (KHTML, like Gecko) Chrome/148.0.0.0 Safari/537.36', 'movement_operations', 'movement', 'save_single_operation', 'save_single_operation', NULL, NULL, NULL, NULL, 'http://localhost/ems/movement/movement_operations.php?project_id=4', 'POST', '{\"action\":\"save_single_operation\",\"op_id\":\"16\",\"equipment_category\":\"أساسي\",\"shift_type\":\"B\",\"status\":\"1\",\"start\":\"2026-05-11\",\"end\":\"2026-07-01\",\"json\":\"1\"}', 200, '2026-05-30 21:15:48'),
(162, 4, 4, 4, 11, 6, 'مدير حركة وتشغيل', 'ZHOE9VsX-x3fPcBfUZ-nAgaGupK-F1DlfaLBrsrBDtHVM1sS', '::1', 'Mozilla/5.0 (Windows NT 10.0; Win64; x64) AppleWebKit/537.36 (KHTML, like Gecko) Chrome/148.0.0.0 Safari/537.36', 'move_oprators', 'movement', 'update', 'update', NULL, 14, NULL, NULL, 'http://localhost/ems/movement/move_oprators.php', 'POST', '{\"operation_id\":\"14\",\"shift_type\":\"N\"}', 200, '2026-05-30 21:16:28'),
(163, 4, 4, 4, 11, 6, 'مدير حركة وتشغيل', 'FezqYXIatBIOmlC,qJ4AXYYKA,G4gLrVogpQX6aTYzZTEJw1', '::1', 'Mozilla/5.0 (Windows NT 10.0; Win64; x64) AppleWebKit/537.36 (KHTML, like Gecko) Chrome/148.0.0.0 Safari/537.36', 'login', 'auth', 'login', NULL, NULL, NULL, NULL, NULL, 'http://localhost/ems/login.php?timeout=1', 'POST', '{\"username\":\"حركة - الروسية\",\"password\":\"[REDACTED]\",\"csrf_token\":\"[REDACTED]\"}', 200, '2026-05-30 22:43:48'),
(164, 4, 4, 4, 11, 6, 'مدير حركة وتشغيل', 'FezqYXIatBIOmlC,qJ4AXYYKA,G4gLrVogpQX6aTYzZTEJw1', '::1', 'Mozilla/5.0 (Windows NT 10.0; Win64; x64) AppleWebKit/537.36 (KHTML, like Gecko) Chrome/148.0.0.0 Safari/537.36', 'movement_operations', 'movement', 'save_single_operation', 'save_single_operation', NULL, NULL, NULL, NULL, 'http://localhost/ems/movement/movement_operations.php?project_id=4', 'POST', '{\"action\":\"save_single_operation\",\"op_id\":\"16\",\"equipment_category\":\"أساسي\",\"shift_type\":\"D\",\"status\":\"1\",\"start\":\"2026-05-11\",\"end\":\"2026-07-01\",\"json\":\"1\"}', 200, '2026-05-30 22:56:39'),
(165, 4, 4, 4, 11, 6, 'مدير حركة وتشغيل', 'FezqYXIatBIOmlC,qJ4AXYYKA,G4gLrVogpQX6aTYzZTEJw1', '::1', 'Mozilla/5.0 (Windows NT 10.0; Win64; x64) AppleWebKit/537.36 (KHTML, like Gecko) Chrome/148.0.0.0 Safari/537.36', 'movement_operations', 'movement', 'create', 'add_new_driver', NULL, 22, NULL, NULL, 'http://localhost/ems/movement/movement_operations.php?project_id=4', 'POST', '{\"action\":\"add_new_driver\",\"driver_id\":\"22\",\"equipment_id\":\"8\",\"shift_type\":\"D\",\"start_date\":\"2026-05-31\",\"end_date\":\"\",\"json\":\"1\"}', 200, '2026-05-30 22:58:40'),
(166, 4, 4, 4, 11, 6, 'مدير حركة وتشغيل', 'FezqYXIatBIOmlC,qJ4AXYYKA,G4gLrVogpQX6aTYzZTEJw1', '::1', 'Mozilla/5.0 (Windows NT 10.0; Win64; x64) AppleWebKit/537.36 (KHTML, like Gecko) Chrome/148.0.0.0 Safari/537.36', 'movement_operations', 'movement', 'save_single_driver', 'save_single_driver', NULL, NULL, NULL, NULL, 'http://localhost/ems/movement/movement_operations.php?project_id=4', 'POST', '{\"action\":\"save_single_driver\",\"rel_id\":\"23\",\"shift_type\":\"D\",\"status\":\"0\",\"end_date\":\"2026-05-30\",\"json\":\"1\"}', 200, '2026-05-30 23:04:41'),
(167, 4, 4, 4, 11, 6, 'مدير حركة وتشغيل', 'FezqYXIatBIOmlC,qJ4AXYYKA,G4gLrVogpQX6aTYzZTEJw1', '::1', 'Mozilla/5.0 (Windows NT 10.0; Win64; x64) AppleWebKit/537.36 (KHTML, like Gecko) Chrome/148.0.0.0 Safari/537.36', 'movement_operations', 'movement', 'save_single_driver', 'save_single_driver', NULL, NULL, NULL, NULL, 'http://localhost/ems/movement/movement_operations.php?project_id=4', 'POST', '{\"action\":\"save_single_driver\",\"rel_id\":\"7\",\"shift_type\":\"D\",\"status\":\"1\",\"start_date\":\"2026-04-01\",\"end_date\":\"\",\"json\":\"1\"}', 200, '2026-05-30 23:08:25'),
(168, 4, 4, 4, 11, 6, 'مدير حركة وتشغيل', 'FezqYXIatBIOmlC,qJ4AXYYKA,G4gLrVogpQX6aTYzZTEJw1', '::1', 'Mozilla/5.0 (Windows NT 10.0; Win64; x64) AppleWebKit/537.36 (KHTML, like Gecko) Chrome/148.0.0.0 Safari/537.36', 'logout', 'auth', 'logout', NULL, NULL, NULL, NULL, NULL, 'http://localhost/ems/logout.php', 'GET', NULL, 200, '2026-05-30 23:09:44'),
(169, 4, 0, 0, 6, 3, 'ادارة الاسطول', 'SrYC1z6XsgNbM5oVjhSBNmO9lnnAqBdn2ZYRhxWqpR8RCKoj', '::1', 'Mozilla/5.0 (Windows NT 10.0; Win64; x64) AppleWebKit/537.36 (KHTML, like Gecko) Chrome/148.0.0.0 Safari/537.36', 'login', 'auth', 'login', NULL, NULL, NULL, NULL, NULL, 'http://localhost/ems/login.php', 'POST', '{\"username\":\"يسن\",\"password\":\"[REDACTED]\",\"csrf_token\":\"[REDACTED]\"}', 200, '2026-05-30 23:09:49'),
(170, 4, 0, 0, 6, 3, 'ادارة الاسطول', 'SrYC1z6XsgNbM5oVjhSBNmO9lnnAqBdn2ZYRhxWqpR8RCKoj', '::1', 'Mozilla/5.0 (Windows NT 10.0; Win64; x64) AppleWebKit/537.36 (KHTML, like Gecko) Chrome/148.0.0.0 Safari/537.36', 'logout', 'auth', 'logout', NULL, NULL, NULL, NULL, NULL, 'http://localhost/ems/logout.php', 'GET', NULL, 200, '2026-05-30 23:10:14'),
(171, 4, 0, 0, 6, 3, 'ادارة الاسطول', 'Eg9OxQD64C3cSZi2KTzLazJXlVHwFkCH3yyuY2nz6hjRbpuK', '::1', 'Mozilla/5.0 (Windows NT 10.0; Win64; x64) AppleWebKit/537.36 (KHTML, like Gecko) Chrome/148.0.0.0 Safari/537.36', 'login', 'auth', 'login', NULL, NULL, NULL, NULL, NULL, 'http://localhost/ems/login.php', 'POST', '{\"username\":\"يسن\",\"password\":\"[REDACTED]\",\"csrf_token\":\"[REDACTED]\"}', 200, '2026-05-30 23:10:17'),
(172, 4, 0, 0, 6, 3, 'ادارة الاسطول', 'Eg9OxQD64C3cSZi2KTzLazJXlVHwFkCH3yyuY2nz6hjRbpuK', '::1', 'Mozilla/5.0 (Windows NT 10.0; Win64; x64) AppleWebKit/537.36 (KHTML, like Gecko) Chrome/148.0.0.0 Safari/537.36', 'equipments_fleet', 'equipments', 'create', 'create', NULL, NULL, NULL, NULL, 'http://localhost/ems/Equipments/equipments_fleet.php', 'POST', '{\"suppliers\":\"7\",\"code\":\"itx\",\"type\":\"1\",\"name\":\"itx\",\"serial_number\":\"1212389\",\"chassis_number\":\"\",\"machine_number\":\"\",\"manufacturer\":\"\",\"model\":\"\",\"manufacturing_year\":\"\",\"import_year\":\"\",\"equipment_condition\":\"في حالة جيدة\",\"operating_hours\":\"\",\"engine_condition\":\"جيدة\",\"tires_condition\":\"N/A\",\"actual_owner_name\":\"\",\"owner_type\":\"\",\"owner_phone\":\"\",\"owner_supplier_relation\":\"\",\"license_number\":\"\",\"license_authority\":\"\",\"document_type\":\"\",\"license_expiry_date\":\"\",\"inspection_certificate_number\":\"\",\"last_inspection_date\":\"\",\"current_location\":\"\",\"availability_state\":\"متوفرة\",\"site_supervisor_name\":\"\",\"site_supervisor_contact\":\"\",\"estimated_value\":\"\",\"daily_rental_price\":\"\",\"monthly_rental_price\":\"\",\"insurance_status\":\"\",\"general_notes\":\"\",\"last_maintenance_date\":\"\",\"status\":\"0\"}', 302, '2026-05-30 23:11:35'),
(173, 4, 0, 0, 6, 3, 'ادارة الاسطول', 'Eg9OxQD64C3cSZi2KTzLazJXlVHwFkCH3yyuY2nz6hjRbpuK', '::1', 'Mozilla/5.0 (Windows NT 10.0; Win64; x64) AppleWebKit/537.36 (KHTML, like Gecko) Chrome/148.0.0.0 Safari/537.36', 'oprators', 'oprators', 'update', 'save_operation', NULL, 7, NULL, NULL, 'http://localhost/ems/Oprators/oprators.php?project_id=4', 'POST', '{\"operation_id\":\"\",\"project_id\":\"4\",\"contract_id\":\"4\",\"supplier_id\":\"7\",\"type\":\"1\",\"equipment\":\"15\",\"equipment_category\":\"أساسي\",\"start\":\"2026-05-31\",\"end\":\"2027-02-19\",\"hours\":\"0\",\"total_equipment_hours\":\"200\",\"shift_hours\":\"10\",\"shift_type\":\"B\",\"status\":\"1\",\"action\":\"save_operation\",\"save_operation_submit\":\"\"}', 200, '2026-05-30 23:12:14'),
(174, 4, 0, 0, 6, 3, 'ادارة الاسطول', 'Eg9OxQD64C3cSZi2KTzLazJXlVHwFkCH3yyuY2nz6hjRbpuK', '::1', 'Mozilla/5.0 (Windows NT 10.0; Win64; x64) AppleWebKit/537.36 (KHTML, like Gecko) Chrome/148.0.0.0 Safari/537.36', 'logout', 'auth', 'logout', NULL, NULL, NULL, NULL, NULL, 'http://localhost/ems/logout.php', 'GET', NULL, 200, '2026-05-30 23:12:24'),
(175, 4, 4, 4, 11, 6, 'مدير حركة وتشغيل', 'LQSWN1lDrYbq,wHEY1QalewfbLoCbHBY-e7B48-SUog2MhnK', '::1', 'Mozilla/5.0 (Windows NT 10.0; Win64; x64) AppleWebKit/537.36 (KHTML, like Gecko) Chrome/148.0.0.0 Safari/537.36', 'login', 'auth', 'login', NULL, NULL, NULL, NULL, NULL, 'http://localhost/ems/login.php', 'POST', '{\"username\":\"حركة - الروسية\",\"password\":\"[REDACTED]\",\"csrf_token\":\"[REDACTED]\"}', 200, '2026-05-30 23:12:28'),
(176, 4, 4, 4, 11, 6, 'مدير حركة وتشغيل', 'LQSWN1lDrYbq,wHEY1QalewfbLoCbHBY-e7B48-SUog2MhnK', '::1', 'Mozilla/5.0 (Windows NT 10.0; Win64; x64) AppleWebKit/537.36 (KHTML, like Gecko) Chrome/148.0.0.0 Safari/537.36', 'movement_operations', 'movement', 'create', 'add_new_driver', NULL, 19, NULL, NULL, 'http://localhost/ems/movement/movement_operations.php?project_id=4', 'POST', '{\"action\":\"add_new_driver\",\"driver_id\":\"19\",\"equipment_id\":\"15\",\"shift_type\":\"B\",\"start_date\":\"2026-05-31\",\"end_date\":\"\",\"json\":\"1\"}', 200, '2026-05-30 23:14:06'),
(177, 4, 4, 4, 11, 6, 'مدير حركة وتشغيل', 'LQSWN1lDrYbq,wHEY1QalewfbLoCbHBY-e7B48-SUog2MhnK', '::1', 'Mozilla/5.0 (Windows NT 10.0; Win64; x64) AppleWebKit/537.36 (KHTML, like Gecko) Chrome/148.0.0.0 Safari/537.36', 'logout', 'auth', 'logout', NULL, NULL, NULL, NULL, NULL, 'http://localhost/ems/logout.php', 'GET', NULL, 200, '2026-05-30 23:14:12'),
(178, 4, 4, 4, 12, 5, 'مدير الموقع', 'V,Bw-CxTQvGQp9S8ap4seuLNqocB39w8B4OforJIEwoJSl3w', '::1', 'Mozilla/5.0 (Windows NT 10.0; Win64; x64) AppleWebKit/537.36 (KHTML, like Gecko) Chrome/148.0.0.0 Safari/537.36', 'login', 'auth', 'login', NULL, NULL, NULL, NULL, NULL, 'http://localhost/ems/login.php', 'POST', '{\"username\":\"مدير موقع الروسية\",\"password\":\"[REDACTED]\",\"csrf_token\":\"[REDACTED]\"}', 200, '2026-05-30 23:14:24'),
(179, 4, 4, 4, 12, 5, 'مدير الموقع', 'V,Bw-CxTQvGQp9S8ap4seuLNqocB39w8B4OforJIEwoJSl3w', '::1', 'Mozilla/5.0 (Windows NT 10.0; Win64; x64) AppleWebKit/537.36 (KHTML, like Gecko) Chrome/148.0.0.0 Safari/537.36', 'timesheet', 'timesheet', 'get_event_types', 'get_event_types', NULL, NULL, NULL, NULL, 'http://localhost/ems/Timesheet/timesheet.php?type=1', 'GET', '{\"action\":\"get_event_types\",\"equipment_type\":\"1\"}', 200, '2026-05-30 23:14:28'),
(180, 4, 4, 4, 12, 5, 'مدير الموقع', 'V,Bw-CxTQvGQp9S8ap4seuLNqocB39w8B4OforJIEwoJSl3w', '::1', 'Mozilla/5.0 (Windows NT 10.0; Win64; x64) AppleWebKit/537.36 (KHTML, like Gecko) Chrome/148.0.0.0 Safari/537.36', 'timesheet', 'timesheet', 'get_event_types', 'get_event_types', NULL, NULL, NULL, NULL, 'http://localhost/ems/Timesheet/timesheet.php?type=1', 'GET', '{\"action\":\"get_event_types\",\"equipment_type\":\"3\"}', 200, '2026-05-30 23:14:28'),
(181, 4, 4, 4, 12, 5, 'مدير الموقع', 'V,Bw-CxTQvGQp9S8ap4seuLNqocB39w8B4OforJIEwoJSl3w', '::1', 'Mozilla/5.0 (Windows NT 10.0; Win64; x64) AppleWebKit/537.36 (KHTML, like Gecko) Chrome/148.0.0.0 Safari/537.36', 'timesheet', 'timesheet', 'get_event_types', 'get_event_types', NULL, NULL, NULL, NULL, 'http://localhost/ems/Timesheet/timesheet.php?type=1', 'GET', '{\"action\":\"get_event_types\",\"equipment_type\":\"1\"}', 200, '2026-05-30 23:14:28'),
(182, 4, 4, 4, 12, 5, 'مدير الموقع', 'V,Bw-CxTQvGQp9S8ap4seuLNqocB39w8B4OforJIEwoJSl3w', '::1', 'Mozilla/5.0 (Windows NT 10.0; Win64; x64) AppleWebKit/537.36 (KHTML, like Gecko) Chrome/148.0.0.0 Safari/537.36', 'timesheet', 'timesheet', 'get_main_cats', 'get_main_cats', NULL, NULL, NULL, NULL, 'http://localhost/ems/Timesheet/timesheet.php?type=1', 'GET', '{\"action\":\"get_main_cats\",\"equipment_type\":\"1\",\"event_type_code\":\"MNT\"}', 200, '2026-05-30 23:14:42'),
(183, 4, 4, 4, 12, 5, 'مدير الموقع', 'V,Bw-CxTQvGQp9S8ap4seuLNqocB39w8B4OforJIEwoJSl3w', '::1', 'Mozilla/5.0 (Windows NT 10.0; Win64; x64) AppleWebKit/537.36 (KHTML, like Gecko) Chrome/148.0.0.0 Safari/537.36', 'timesheet', 'timesheet', 'get_sub_cats', 'get_sub_cats', NULL, NULL, NULL, NULL, 'http://localhost/ems/Timesheet/timesheet.php?type=1', 'GET', '{\"action\":\"get_sub_cats\",\"equipment_type\":\"1\",\"event_type_code\":\"MNT\",\"main_cat_code\":\"PMC\"}', 200, '2026-05-30 23:14:43'),
(184, 4, 4, 4, 12, 5, 'مدير الموقع', 'V,Bw-CxTQvGQp9S8ap4seuLNqocB39w8B4OforJIEwoJSl3w', '::1', 'Mozilla/5.0 (Windows NT 10.0; Win64; x64) AppleWebKit/537.36 (KHTML, like Gecko) Chrome/148.0.0.0 Safari/537.36', 'timesheet', 'timesheet', 'get_details', 'get_details', NULL, NULL, NULL, NULL, 'http://localhost/ems/Timesheet/timesheet.php?type=1', 'GET', '{\"action\":\"get_details\",\"equipment_type\":\"1\",\"event_type_code\":\"MNT\",\"main_cat_code\":\"PMC\",\"sub_cat\":\"صيانة تصحيحية\"}', 200, '2026-05-30 23:14:45'),
(185, 4, 0, 0, 4, 1, 'ادارة التشغيل', 'CiuVs54hMgi33kBwDClpfCDWAnu,HL58Z0P6jVAtZl9VqSoJ', '::1', 'Mozilla/5.0 (Windows NT 10.0; Win64; x64) AppleWebKit/537.36 (KHTML, like Gecko) Chrome/148.0.0.0 Safari/537.36', 'login', 'auth', 'login', NULL, NULL, NULL, NULL, NULL, 'http://localhost/ems/login.php?timeout=1', 'POST', '{\"username\":\"محمد\",\"password\":\"[REDACTED]\",\"csrf_token\":\"[REDACTED]\"}', 200, '2026-05-31 08:39:37'),
(186, 4, 0, 0, 4, 1, 'ادارة التشغيل', 'CiuVs54hMgi33kBwDClpfCDWAnu,HL58Z0P6jVAtZl9VqSoJ', '::1', 'Mozilla/5.0 (Windows NT 10.0; Win64; x64) AppleWebKit/537.36 (KHTML, like Gecko) Chrome/148.0.0.0 Safari/537.36', 'logout', 'auth', 'logout', NULL, NULL, NULL, NULL, NULL, 'http://localhost/ems/logout.php', 'GET', NULL, 200, '2026-05-31 09:01:42'),
(187, 4, 4, 4, 11, 6, 'مدير حركة وتشغيل', '-AYFiavqvPZ0NiBHnayWw808xQ,VzHNGu7j0O57hMLvXpO11', '::1', 'Mozilla/5.0 (Windows NT 10.0; Win64; x64) AppleWebKit/537.36 (KHTML, like Gecko) Chrome/148.0.0.0 Safari/537.36', 'login', 'auth', 'login', NULL, NULL, NULL, NULL, NULL, 'http://localhost/ems/login.php', 'POST', '{\"username\":\"حركة - الروسية\",\"password\":\"[REDACTED]\",\"csrf_token\":\"[REDACTED]\"}', 200, '2026-05-31 09:01:48'),
(188, 4, 4, 4, 11, 6, 'مدير حركة وتشغيل', '-AYFiavqvPZ0NiBHnayWw808xQ,VzHNGu7j0O57hMLvXpO11', '::1', 'Mozilla/5.0 (Windows NT 10.0; Win64; x64) AppleWebKit/537.36 (KHTML, like Gecko) Chrome/148.0.0.0 Safari/537.36', 'logout', 'auth', 'logout', NULL, NULL, NULL, NULL, NULL, 'http://localhost/ems/logout.php', 'GET', NULL, 200, '2026-05-31 09:07:42'),
(189, 4, 0, 0, 4, 1, 'ادارة التشغيل', '5kfl-yFO6u798XlUJ016,ECyQVEueEkj91vpW43tE,COY6zE', '::1', 'Mozilla/5.0 (Windows NT 10.0; Win64; x64) AppleWebKit/537.36 (KHTML, like Gecko) Chrome/148.0.0.0 Safari/537.36', 'login', 'auth', 'login', NULL, NULL, NULL, NULL, NULL, 'http://localhost/ems/login.php', 'POST', '{\"username\":\"محمد\",\"password\":\"[REDACTED]\",\"csrf_token\":\"[REDACTED]\"}', 200, '2026-05-31 09:07:49'),
(190, 4, 0, 0, 4, 1, 'ادارة التشغيل', 'UOP98HwfljRLWgEBjP0iUqCFlWrQVKlsoejZNYWjVgeVg757', '::1', 'Mozilla/5.0 (Windows NT 10.0; Win64; x64) AppleWebKit/537.36 (KHTML, like Gecko) Chrome/148.0.0.0 Safari/537.36', 'logout', 'auth', 'logout', NULL, NULL, NULL, NULL, NULL, 'http://localhost/ems/logout.php', 'GET', NULL, 200, '2026-05-31 09:50:19'),
(191, 4, 4, 4, 11, 6, 'مدير حركة وتشغيل', 'BJ,35m47Aan57-bZWK7CKsecA0vI5LRtWG0K5YwhhMZ4vXJ7', '::1', 'Mozilla/5.0 (Windows NT 10.0; Win64; x64) AppleWebKit/537.36 (KHTML, like Gecko) Chrome/148.0.0.0 Safari/537.36', 'login', 'auth', 'login', NULL, NULL, NULL, NULL, NULL, 'http://localhost/ems/login.php', 'POST', '{\"username\":\"حركة - الروسية\",\"password\":\"[REDACTED]\",\"csrf_token\":\"[REDACTED]\"}', 200, '2026-05-31 09:50:24'),
(192, 4, 4, 4, 11, 6, 'مدير حركة وتشغيل', 'BJ,35m47Aan57-bZWK7CKsecA0vI5LRtWG0K5YwhhMZ4vXJ7', '::1', 'Mozilla/5.0 (Windows NT 10.0; Win64; x64) AppleWebKit/537.36 (KHTML, like Gecko) Chrome/148.0.0.0 Safari/537.36', 'logout', 'auth', 'logout', NULL, NULL, NULL, NULL, NULL, 'http://localhost/ems/logout.php', 'GET', NULL, 200, '2026-05-31 09:50:47'),
(193, 4, 0, 0, 4, 1, 'ادارة التشغيل', 'm-LRrfPEs9NjRuIn1K-Zh6tDbHnbP5p-YSBqkijP3TOrq7TB', '::1', 'Mozilla/5.0 (Windows NT 10.0; Win64; x64) AppleWebKit/537.36 (KHTML, like Gecko) Chrome/148.0.0.0 Safari/537.36', 'login', 'auth', 'login', NULL, NULL, NULL, NULL, NULL, 'http://localhost/ems/login.php', 'POST', '{\"username\":\"محمد\",\"password\":\"[REDACTED]\",\"csrf_token\":\"[REDACTED]\"}', 200, '2026-05-31 09:57:24'),
(194, 4, 0, 0, 4, 1, 'ادارة التشغيل', 'm-LRrfPEs9NjRuIn1K-Zh6tDbHnbP5p-YSBqkijP3TOrq7TB', '::1', 'Mozilla/5.0 (Windows NT 10.0; Win64; x64) AppleWebKit/537.36 (KHTML, like Gecko) Chrome/148.0.0.0 Safari/537.36', 'logout', 'auth', 'logout', NULL, NULL, NULL, NULL, NULL, 'http://localhost/ems/logout.php', 'GET', NULL, 200, '2026-05-31 10:07:41'),
(195, 4, 0, 0, 4, 1, 'ادارة التشغيل', '3MEAIZhlj65N1Eomo-ai-34mC-t1VKz1O7W1my6DnouaEmBW', '::1', 'Mozilla/5.0 (Windows NT 10.0; Win64; x64) AppleWebKit/537.36 (KHTML, like Gecko) Chrome/148.0.0.0 Safari/537.36', 'login', 'auth', 'login', NULL, NULL, NULL, NULL, NULL, 'http://localhost/ems/login.php', 'POST', '{\"username\":\"محمد\",\"password\":\"[REDACTED]\",\"csrf_token\":\"[REDACTED]\"}', 200, '2026-05-31 10:07:44'),
(196, 4, 0, 0, 4, 1, 'ادارة التشغيل', '3MEAIZhlj65N1Eomo-ai-34mC-t1VKz1O7W1my6DnouaEmBW', '::1', 'Mozilla/5.0 (Windows NT 10.0; Win64; x64) AppleWebKit/537.36 (KHTML, like Gecko) Chrome/148.0.0.0 Safari/537.36', 'logout', 'auth', 'logout', NULL, NULL, NULL, NULL, NULL, 'http://localhost/ems/logout.php', 'GET', NULL, 200, '2026-05-31 14:37:33'),
(197, 4, 0, 0, 4, 1, 'ادارة التشغيل', 'Y0luAKjXTkiWqj50g5mCII63lgLcmIjV8wkpybKM8qsoYArj', '::1', 'Mozilla/5.0 (Windows NT 10.0; Win64; x64) AppleWebKit/537.36 (KHTML, like Gecko) Chrome/148.0.0.0 Safari/537.36', 'login', 'auth', 'login', NULL, NULL, NULL, NULL, NULL, 'http://localhost/ems/login.php', 'POST', '{\"username\":\"محمد\",\"password\":\"[REDACTED]\",\"csrf_token\":\"[REDACTED]\"}', 200, '2026-05-31 14:37:36'),
(198, 4, 0, 0, 4, 1, 'ادارة التشغيل', 'Y0luAKjXTkiWqj50g5mCII63lgLcmIjV8wkpybKM8qsoYArj', '::1', 'Mozilla/5.0 (Windows NT 10.0; Win64; x64) AppleWebKit/537.36 (KHTML, like Gecko) Chrome/148.0.0.0 Safari/537.36', 'logout', 'auth', 'logout', NULL, NULL, NULL, NULL, NULL, 'http://localhost/ems/logout.php', 'GET', NULL, 200, '2026-05-31 14:37:41'),
(199, 4, 0, 0, 6, 3, 'ادارة الاسطول', 'SkWssbypUPT0-JHzYJoCIl-gSh,ZDi31S4TGZ7H6uLHmMccl', '::1', 'Mozilla/5.0 (Windows NT 10.0; Win64; x64) AppleWebKit/537.36 (KHTML, like Gecko) Chrome/148.0.0.0 Safari/537.36', 'login', 'auth', 'login', NULL, NULL, NULL, NULL, NULL, 'http://localhost/ems/login.php', 'POST', '{\"username\":\"يسن\",\"password\":\"[REDACTED]\",\"csrf_token\":\"[REDACTED]\"}', 200, '2026-05-31 14:37:53'),
(200, 4, 0, 0, 6, 3, 'ادارة الاسطول', 'SkWssbypUPT0-JHzYJoCIl-gSh,ZDi31S4TGZ7H6uLHmMccl', '::1', 'Mozilla/5.0 (Windows NT 10.0; Win64; x64) AppleWebKit/537.36 (KHTML, like Gecko) Chrome/148.0.0.0 Safari/537.36', 'logout', 'auth', 'logout', NULL, NULL, NULL, NULL, NULL, 'http://localhost/ems/logout.php', 'GET', NULL, 200, '2026-05-31 14:40:20'),
(201, 4, 0, 0, 4, 1, 'ادارة التشغيل', 'y3QN1Yf5MZ8iYIVHIT79wvgLebmB,Im8BNuSZgI05W3XYGdM', '::1', 'Mozilla/5.0 (Windows NT 10.0; Win64; x64) AppleWebKit/537.36 (KHTML, like Gecko) Chrome/148.0.0.0 Safari/537.36', 'login', 'auth', 'login', NULL, NULL, NULL, NULL, NULL, 'http://localhost/ems/login.php', 'POST', '{\"username\":\"محمد\",\"password\":\"[REDACTED]\",\"csrf_token\":\"[REDACTED]\"}', 200, '2026-05-31 14:40:26'),
(202, 4, 0, 0, 4, 1, 'ادارة التشغيل', 'P19sZXSfg6q0VhPCGP2eVbQRlR,PiBnetui9fYitDt3Q,rmr', '::1', 'Mozilla/5.0 (Windows NT 10.0; Win64; x64) AppleWebKit/537.36 (KHTML, like Gecko) Chrome/148.0.0.0 Safari/537.36', 'login', 'auth', 'login', NULL, NULL, NULL, NULL, NULL, 'http://localhost/ems/login.php?timeout=1', 'POST', '{\"username\":\"محمد\",\"password\":\"[REDACTED]\",\"csrf_token\":\"[REDACTED]\"}', 200, '2026-05-31 20:00:08'),
(203, 4, 0, 0, 4, 1, 'ادارة التشغيل', 'P19sZXSfg6q0VhPCGP2eVbQRlR,PiBnetui9fYitDt3Q,rmr', '::1', 'Mozilla/5.0 (Windows NT 10.0; Win64; x64) AppleWebKit/537.36 (KHTML, like Gecko) Chrome/148.0.0.0 Safari/537.36', 'logout', 'auth', 'logout', NULL, NULL, NULL, NULL, NULL, 'http://localhost/ems/logout.php', 'GET', NULL, 200, '2026-05-31 20:01:01'),
(204, 4, 0, 0, 6, 3, 'ادارة الاسطول', 'mZvcSUHS,yembC1BjV3J,bN6rU8N6v2UKbON-7QZJbN0XL9Y', '::1', 'Mozilla/5.0 (Windows NT 10.0; Win64; x64) AppleWebKit/537.36 (KHTML, like Gecko) Chrome/148.0.0.0 Safari/537.36', 'login', 'auth', 'login', NULL, NULL, NULL, NULL, NULL, 'http://localhost/ems/login.php', 'POST', '{\"username\":\"يسن\",\"password\":\"[REDACTED]\",\"csrf_token\":\"[REDACTED]\"}', 200, '2026-05-31 20:01:06'),
(205, 4, 0, 0, 6, 3, 'ادارة الاسطول', 'mZvcSUHS,yembC1BjV3J,bN6rU8N6v2UKbON-7QZJbN0XL9Y', '::1', 'Mozilla/5.0 (Windows NT 10.0; Win64; x64) AppleWebKit/537.36 (KHTML, like Gecko) Chrome/148.0.0.0 Safari/537.36', 'logout', 'auth', 'logout', NULL, NULL, NULL, NULL, NULL, 'http://localhost/ems/logout.php', 'GET', NULL, 200, '2026-05-31 20:01:23'),
(206, 4, 4, 4, 12, 5, 'مدير الموقع', 'AXoe0KhQlrERgH-CZGP9LbCY0vOv0CIgnVFHEQkDBch4iLKR', '::1', 'Mozilla/5.0 (Windows NT 10.0; Win64; x64) AppleWebKit/537.36 (KHTML, like Gecko) Chrome/148.0.0.0 Safari/537.36', 'login', 'auth', 'login', NULL, NULL, NULL, NULL, NULL, 'http://localhost/ems/login.php', 'POST', '{\"username\":\"مدير موقع الروسية\",\"password\":\"[REDACTED]\",\"csrf_token\":\"[REDACTED]\"}', 200, '2026-05-31 20:01:27'),
(207, 4, 4, 4, 12, 5, 'مدير الموقع', 'AXoe0KhQlrERgH-CZGP9LbCY0vOv0CIgnVFHEQkDBch4iLKR', '::1', 'Mozilla/5.0 (Windows NT 10.0; Win64; x64) AppleWebKit/537.36 (KHTML, like Gecko) Chrome/148.0.0.0 Safari/537.36', 'logout', 'auth', 'logout', NULL, NULL, NULL, NULL, NULL, 'http://localhost/ems/logout.php', 'GET', NULL, 200, '2026-05-31 20:02:13'),
(208, 4, 0, 0, 7, 4, 'ادارة الموارد البشرية', 'UThMEyDJwaJL7,2l-5q2aQ37j29Y5DKszcPmbNS8YuWzykIM', '::1', 'Mozilla/5.0 (Windows NT 10.0; Win64; x64) AppleWebKit/537.36 (KHTML, like Gecko) Chrome/148.0.0.0 Safari/537.36', 'login', 'auth', 'login', NULL, NULL, NULL, NULL, NULL, 'http://localhost/ems/login.php', 'POST', '{\"username\":\"اروينا\",\"password\":\"[REDACTED]\",\"csrf_token\":\"[REDACTED]\"}', 200, '2026-05-31 20:02:18'),
(209, 4, 0, 0, 7, 4, 'ادارة الموارد البشرية', 'UThMEyDJwaJL7,2l-5q2aQ37j29Y5DKszcPmbNS8YuWzykIM', '::1', 'Mozilla/5.0 (Windows NT 10.0; Win64; x64) AppleWebKit/537.36 (KHTML, like Gecko) Chrome/148.0.0.0 Safari/537.36', 'logout', 'auth', 'logout', NULL, NULL, NULL, NULL, NULL, 'http://localhost/ems/logout.php', 'GET', NULL, 200, '2026-05-31 20:04:11'),
(210, 4, 0, 0, 4, 1, 'ادارة التشغيل', 'Mg2aMekOffXq33JAcaPIWc9c1unL,5F8oPIPwi1mfPJ,VxvT', '::1', 'Mozilla/5.0 (Windows NT 10.0; Win64; x64) AppleWebKit/537.36 (KHTML, like Gecko) Chrome/148.0.0.0 Safari/537.36', 'login', 'auth', 'login', NULL, NULL, NULL, NULL, NULL, 'http://localhost/ems/login.php', 'POST', '{\"username\":\"محمد\",\"password\":\"[REDACTED]\",\"csrf_token\":\"[REDACTED]\"}', 200, '2026-05-31 20:04:16'),
(211, 4, 0, 0, 4, 1, 'ادارة التشغيل', 'Mg2aMekOffXq33JAcaPIWc9c1unL,5F8oPIPwi1mfPJ,VxvT', '::1', 'Mozilla/5.0 (Windows NT 10.0; Win64; x64) AppleWebKit/537.36 (KHTML, like Gecko) Chrome/148.0.0.0 Safari/537.36', 'logout', 'auth', 'logout', NULL, NULL, NULL, NULL, NULL, 'http://localhost/ems/logout.php', 'GET', NULL, 200, '2026-05-31 20:06:55'),
(212, 4, 0, 0, 6, 3, 'ادارة الاسطول', '0zvshu-pbOuMsNOMVfecqDQqAy2Q5ifk,3BGuw77WIldLPh7', '::1', 'Mozilla/5.0 (Windows NT 10.0; Win64; x64) AppleWebKit/537.36 (KHTML, like Gecko) Chrome/148.0.0.0 Safari/537.36', 'login', 'auth', 'login', NULL, NULL, NULL, NULL, NULL, 'http://localhost/ems/login.php', 'POST', '{\"username\":\"يسن\",\"password\":\"[REDACTED]\",\"csrf_token\":\"[REDACTED]\"}', 200, '2026-05-31 20:07:02'),
(213, 4, 0, 0, 6, 3, 'ادارة الاسطول', '0zvshu-pbOuMsNOMVfecqDQqAy2Q5ifk,3BGuw77WIldLPh7', '::1', 'Mozilla/5.0 (Windows NT 10.0; Win64; x64) AppleWebKit/537.36 (KHTML, like Gecko) Chrome/148.0.0.0 Safari/537.36', 'logout', 'auth', 'logout', NULL, NULL, NULL, NULL, NULL, 'http://localhost/ems/logout.php', 'GET', NULL, 200, '2026-05-31 20:07:28'),
(214, 4, 4, 4, 11, 6, 'مدير حركة وتشغيل', 'xrVYvucV4kw59sRsZpzSsFO7B2WhAIobGXBc6Mtv,n84RkOG', '::1', 'Mozilla/5.0 (Windows NT 10.0; Win64; x64) AppleWebKit/537.36 (KHTML, like Gecko) Chrome/148.0.0.0 Safari/537.36', 'login', 'auth', 'login', NULL, NULL, NULL, NULL, NULL, 'http://localhost/ems/login.php', 'POST', '{\"username\":\"حركة - الروسية\",\"password\":\"[REDACTED]\",\"csrf_token\":\"[REDACTED]\"}', 200, '2026-05-31 20:07:33'),
(215, 4, 4, 4, 11, 6, 'مدير حركة وتشغيل', 'xrVYvucV4kw59sRsZpzSsFO7B2WhAIobGXBc6Mtv,n84RkOG', '::1', 'Mozilla/5.0 (Windows NT 10.0; Win64; x64) AppleWebKit/537.36 (KHTML, like Gecko) Chrome/148.0.0.0 Safari/537.36', 'logout', 'auth', 'logout', NULL, NULL, NULL, NULL, NULL, 'http://localhost/ems/logout.php', 'GET', NULL, 200, '2026-05-31 20:08:14'),
(216, 4, 4, 4, 11, 6, 'مدير حركة وتشغيل', 'lCVBeNjHkbiDTsuCYgf,iasXD4Eh2b76ArOXwQ8rhqZbqjCk', '::1', 'Mozilla/5.0 (Windows NT 10.0; Win64; x64) AppleWebKit/537.36 (KHTML, like Gecko) Chrome/148.0.0.0 Safari/537.36', 'login', 'auth', 'login', NULL, NULL, NULL, NULL, NULL, 'http://localhost/ems/login.php', 'POST', '{\"username\":\"حركة - الروسية\",\"password\":\"[REDACTED]\",\"csrf_token\":\"[REDACTED]\"}', 200, '2026-05-31 20:09:21'),
(217, 4, 4, 4, 11, 6, 'مدير حركة وتشغيل', 'lCVBeNjHkbiDTsuCYgf,iasXD4Eh2b76ArOXwQ8rhqZbqjCk', '::1', 'Mozilla/5.0 (Windows NT 10.0; Win64; x64) AppleWebKit/537.36 (KHTML, like Gecko) Chrome/148.0.0.0 Safari/537.36', 'logout', 'auth', 'logout', NULL, NULL, NULL, NULL, NULL, 'http://localhost/ems/logout.php', 'GET', NULL, 200, '2026-05-31 20:09:56'),
(218, 4, 4, 4, 11, 6, 'مدير حركة وتشغيل', 'm9v7PDOEEllA047ZSVnx,JUZa3KKsSKKvGskYlZ6ElAKXCs3', '::1', 'Mozilla/5.0 (Windows NT 10.0; Win64; x64) AppleWebKit/537.36 (KHTML, like Gecko) Chrome/148.0.0.0 Safari/537.36', 'login', 'auth', 'login', NULL, NULL, NULL, NULL, NULL, 'http://localhost/ems/login.php', 'POST', '{\"username\":\"حركة - الروسية\",\"password\":\"[REDACTED]\",\"csrf_token\":\"[REDACTED]\"}', 200, '2026-05-31 20:10:32'),
(219, 4, 4, 4, 11, 6, 'مدير حركة وتشغيل', 'm9v7PDOEEllA047ZSVnx,JUZa3KKsSKKvGskYlZ6ElAKXCs3', '::1', 'Mozilla/5.0 (Windows NT 10.0; Win64; x64) AppleWebKit/537.36 (KHTML, like Gecko) Chrome/148.0.0.0 Safari/537.36', 'logout', 'auth', 'logout', NULL, NULL, NULL, NULL, NULL, 'http://localhost/ems/logout.php', 'GET', NULL, 200, '2026-05-31 20:17:39'),
(220, 4, 0, 0, 4, 1, 'ادارة التشغيل', 'fK79XiqA-Y0Kr0WBFxRrWw7C8nTGZIQj1I9yB043PMah5jcc', '::1', 'Mozilla/5.0 (Windows NT 10.0; Win64; x64) AppleWebKit/537.36 (KHTML, like Gecko) Chrome/148.0.0.0 Safari/537.36', 'login', 'auth', 'login', NULL, NULL, NULL, NULL, NULL, 'http://localhost/ems/login.php', 'POST', '{\"username\":\"محمد\",\"password\":\"[REDACTED]\",\"csrf_token\":\"[REDACTED]\"}', 200, '2026-06-01 11:10:24'),
(221, 4, 0, 0, 4, 1, 'ادارة التشغيل', 'fK79XiqA-Y0Kr0WBFxRrWw7C8nTGZIQj1I9yB043PMah5jcc', '::1', 'Mozilla/5.0 (Windows NT 10.0; Win64; x64) AppleWebKit/537.36 (KHTML, like Gecko) Chrome/148.0.0.0 Safari/537.36', 'logout', 'auth', 'logout', NULL, NULL, NULL, NULL, NULL, 'http://localhost/ems/logout.php', 'GET', NULL, 200, '2026-06-01 11:19:03'),
(222, 4, 0, 0, 13, 12, 'ادارة المبيعات', 'hPhEmWLIiIJYZMZ7wCDqBE9jvAbBfsmvjTSQ2vPlPummr0w1', '::1', 'Mozilla/5.0 (Windows NT 10.0; Win64; x64) AppleWebKit/537.36 (KHTML, like Gecko) Chrome/148.0.0.0 Safari/537.36', 'login', 'auth', 'login', NULL, NULL, NULL, NULL, NULL, 'http://localhost/ems/login.php', 'POST', '{\"username\":\"مبيعات\",\"password\":\"[REDACTED]\",\"csrf_token\":\"[REDACTED]\"}', 200, '2026-06-01 11:19:21'),
(223, 4, 0, 0, 13, 12, 'ادارة المبيعات', 'hPhEmWLIiIJYZMZ7wCDqBE9jvAbBfsmvjTSQ2vPlPummr0w1', '::1', 'Mozilla/5.0 (Windows NT 10.0; Win64; x64) AppleWebKit/537.36 (KHTML, like Gecko) Chrome/148.0.0.0 Safari/537.36', 'logout', 'auth', 'logout', NULL, NULL, NULL, NULL, NULL, 'http://localhost/ems/logout.php', 'GET', NULL, 200, '2026-06-01 11:19:48');
INSERT INTO `activity_logs` (`id`, `company_id`, `project_id`, `contract_id`, `user_id`, `role_id`, `role_name`, `session_id`, `ip_address`, `user_agent`, `screen_name`, `module_name`, `action_type`, `button_name`, `field_name`, `record_id`, `old_value`, `new_value`, `url`, `http_method`, `request_payload`, `response_status`, `created_at`) VALUES
(224, 4, 4, 4, 11, 6, 'مدير حركة وتشغيل', 'LvKrL1V,zhsMj,GCk3qotgo7DyYHmnk6GLu1b7zhdcIMfeF5', '::1', 'Mozilla/5.0 (Windows NT 10.0; Win64; x64) AppleWebKit/537.36 (KHTML, like Gecko) Chrome/148.0.0.0 Safari/537.36', 'login', 'auth', 'login', NULL, NULL, NULL, NULL, NULL, 'http://localhost/ems/login.php', 'POST', '{\"username\":\"حركة - الروسية\",\"password\":\"[REDACTED]\",\"csrf_token\":\"[REDACTED]\"}', 200, '2026-06-01 11:19:56'),
(225, 4, 4, 4, 11, 6, 'مدير حركة وتشغيل', 'LvKrL1V,zhsMj,GCk3qotgo7DyYHmnk6GLu1b7zhdcIMfeF5', '::1', 'Mozilla/5.0 (Windows NT 10.0; Win64; x64) AppleWebKit/537.36 (KHTML, like Gecko) Chrome/148.0.0.0 Safari/537.36', 'logout', 'auth', 'logout', NULL, NULL, NULL, NULL, NULL, 'http://localhost/ems/logout.php', 'GET', NULL, 200, '2026-06-01 11:24:07'),
(226, 4, 0, 0, 4, 1, 'ادارة التشغيل', '69L8QW9JGzZn-hfGtv0kGzybQfnRVvDmyc,Ruby1FLvRKabS', '::1', 'Mozilla/5.0 (Windows NT 10.0; Win64; x64) AppleWebKit/537.36 (KHTML, like Gecko) Chrome/148.0.0.0 Safari/537.36', 'login', 'auth', 'login', NULL, NULL, NULL, NULL, NULL, 'http://localhost/ems/login.php', 'POST', '{\"username\":\"محمد\",\"password\":\"[REDACTED]\",\"csrf_token\":\"[REDACTED]\"}', 200, '2026-06-01 11:24:18'),
(227, 4, 0, 0, 4, 1, 'ادارة التشغيل', '69L8QW9JGzZn-hfGtv0kGzybQfnRVvDmyc,Ruby1FLvRKabS', '::1', 'Mozilla/5.0 (Windows NT 10.0; Win64; x64) AppleWebKit/537.36 (KHTML, like Gecko) Chrome/148.0.0.0 Safari/537.36', 'logout', 'auth', 'logout', NULL, NULL, NULL, NULL, NULL, 'http://localhost/ems/logout.php', 'GET', NULL, 200, '2026-06-01 11:24:43'),
(228, 4, 0, 0, 13, 12, 'ادارة المبيعات', 'pEHVX4sGXWTKHKHfZF1LNzrBeMDLwjvr00HZjtxv6Dxy7est', '::1', 'Mozilla/5.0 (Windows NT 10.0; Win64; x64) AppleWebKit/537.36 (KHTML, like Gecko) Chrome/148.0.0.0 Safari/537.36', 'login', 'auth', 'login', NULL, NULL, NULL, NULL, NULL, 'http://localhost/ems/login.php', 'POST', '{\"username\":\"مبيعات\",\"password\":\"[REDACTED]\",\"csrf_token\":\"[REDACTED]\"}', 200, '2026-06-01 11:24:49'),
(229, 4, 0, 0, 13, 12, 'ادارة المبيعات', 'pEHVX4sGXWTKHKHfZF1LNzrBeMDLwjvr00HZjtxv6Dxy7est', '::1', 'Mozilla/5.0 (Windows NT 10.0; Win64; x64) AppleWebKit/537.36 (KHTML, like Gecko) Chrome/148.0.0.0 Safari/537.36', 'logout', 'auth', 'logout', NULL, NULL, NULL, NULL, NULL, 'http://localhost/ems/logout.php', 'GET', NULL, 200, '2026-06-01 11:26:41'),
(230, 4, 0, 0, 13, 12, 'ادارة المبيعات', '0F-jijvnSyavNYKDP5oL9ijG,UO7Sx7JO4zztcOvWkNHFu6t', '::1', 'Mozilla/5.0 (Windows NT 10.0; Win64; x64) AppleWebKit/537.36 (KHTML, like Gecko) Chrome/148.0.0.0 Safari/537.36', 'login', 'auth', 'login', NULL, NULL, NULL, NULL, NULL, 'http://localhost/ems/login.php', 'POST', '{\"username\":\"مبيعات\",\"password\":\"[REDACTED]\",\"csrf_token\":\"[REDACTED]\"}', 200, '2026-06-01 11:27:12'),
(231, 4, 0, 0, 13, 12, 'ادارة المبيعات', '0F-jijvnSyavNYKDP5oL9ijG,UO7Sx7JO4zztcOvWkNHFu6t', '::1', 'Mozilla/5.0 (Windows NT 10.0; Win64; x64) AppleWebKit/537.36 (KHTML, like Gecko) Chrome/148.0.0.0 Safari/537.36', 'logout', 'auth', 'logout', NULL, NULL, NULL, NULL, NULL, 'http://localhost/ems/logout.php', 'GET', NULL, 200, '2026-06-01 11:27:26'),
(232, 4, 0, 0, 13, 12, 'ادارة المبيعات', 'R753O2K972ymr6dk8jO4,s0XGlwtVqB,jky7mMfz8Ity39f0', '::1', 'Mozilla/5.0 (Windows NT 10.0; Win64; x64) AppleWebKit/537.36 (KHTML, like Gecko) Chrome/148.0.0.0 Safari/537.36', 'login', 'auth', 'login', NULL, NULL, NULL, NULL, NULL, 'http://localhost/ems/login.php', 'POST', '{\"username\":\"مبيعات\",\"password\":\"[REDACTED]\",\"csrf_token\":\"[REDACTED]\"}', 200, '2026-06-01 11:28:52'),
(233, 4, 0, 0, 13, 12, 'ادارة المبيعات', 'esKLBm3CDuZqOysYLEfuRbMCIxxKCA9hHkmph1FQad59mcmg', '::1', 'Mozilla/5.0 (Windows NT 10.0; Win64; x64) AppleWebKit/537.36 (KHTML, like Gecko) Chrome/148.0.0.0 Safari/537.36', 'logout', 'auth', 'logout', NULL, NULL, NULL, NULL, NULL, 'http://localhost/ems/logout.php', 'GET', NULL, 200, '2026-06-01 11:36:58'),
(234, 4, 0, 0, 7, 4, 'ادارة الموارد البشرية', 'NUR,1C6i3ZVICyXEUaZ,07AJa,Z1ZKuW5C9UNoJBs0DtAttR', '::1', 'Mozilla/5.0 (Windows NT 10.0; Win64; x64) AppleWebKit/537.36 (KHTML, like Gecko) Chrome/148.0.0.0 Safari/537.36', 'login', 'auth', 'login', NULL, NULL, NULL, NULL, NULL, 'http://localhost/ems/login.php', 'POST', '{\"username\":\"اروينا\",\"password\":\"[REDACTED]\",\"csrf_token\":\"[REDACTED]\"}', 200, '2026-06-01 11:37:34'),
(235, 4, 0, 0, 7, 4, 'ادارة الموارد البشرية', 'NUR,1C6i3ZVICyXEUaZ,07AJa,Z1ZKuW5C9UNoJBs0DtAttR', '::1', 'Mozilla/5.0 (Windows NT 10.0; Win64; x64) AppleWebKit/537.36 (KHTML, like Gecko) Chrome/148.0.0.0 Safari/537.36', 'logout', 'auth', 'logout', NULL, NULL, NULL, NULL, NULL, 'http://localhost/ems/logout.php', 'GET', NULL, 200, '2026-06-01 11:37:41'),
(236, 4, 0, 0, 7, 4, 'ادارة الموارد البشرية', '2grsiSMrH7dTNiQQzDaUuhjbnfYFeeCU8F2Dr23jAx-BgHCN', '::1', 'Mozilla/5.0 (Windows NT 10.0; Win64; x64) AppleWebKit/537.36 (KHTML, like Gecko) Chrome/148.0.0.0 Safari/537.36', 'login', 'auth', 'login', NULL, NULL, NULL, NULL, NULL, 'http://localhost/ems/login.php', 'POST', '{\"username\":\"اروينا\",\"password\":\"[REDACTED]\",\"csrf_token\":\"[REDACTED]\"}', 200, '2026-06-01 11:37:59'),
(237, 4, 0, 0, 4, 1, 'ادارة التشغيل', 'QEhaE1R82lQL2Fmmg1MEr1aHb3F93hwMTmuelnbAocleXBS0', '::1', 'Mozilla/5.0 (Windows NT 10.0; Win64; x64) AppleWebKit/537.36 (KHTML, like Gecko) Chrome/148.0.0.0 Safari/537.36', 'login', 'auth', 'login', NULL, NULL, NULL, NULL, NULL, 'http://localhost/ems/login.php', 'POST', '{\"username\":\"محمد\",\"password\":\"[REDACTED]\",\"csrf_token\":\"[REDACTED]\"}', 200, '2026-06-01 14:03:02'),
(238, 4, 0, 0, 4, 1, 'ادارة التشغيل', 'QEhaE1R82lQL2Fmmg1MEr1aHb3F93hwMTmuelnbAocleXBS0', '::1', 'Mozilla/5.0 (Windows NT 10.0; Win64; x64) AppleWebKit/537.36 (KHTML, like Gecko) Chrome/148.0.0.0 Safari/537.36', 'logout', 'auth', 'logout', NULL, NULL, NULL, NULL, NULL, 'http://localhost/ems/logout.php', 'GET', NULL, 200, '2026-06-01 14:04:53'),
(239, 4, 0, 0, 4, 1, 'ادارة التشغيل', 'IXJOg7WkMAUeBopY,-oxqOnMjOD3lmWuUkX540wTX4-UNTBQ', '::1', 'Mozilla/5.0 (Windows NT 10.0; Win64; x64) AppleWebKit/537.36 (KHTML, like Gecko) Chrome/148.0.0.0 Safari/537.36', 'login', 'auth', 'login', NULL, NULL, NULL, NULL, NULL, 'http://localhost/ems/login.php', 'POST', '{\"username\":\"محمد\",\"password\":\"[REDACTED]\",\"csrf_token\":\"[REDACTED]\"}', 200, '2026-06-01 14:05:11'),
(240, 4, 0, 0, 4, 1, 'ادارة التشغيل', 'IXJOg7WkMAUeBopY,-oxqOnMjOD3lmWuUkX540wTX4-UNTBQ', '::1', 'Mozilla/5.0 (Windows NT 10.0; Win64; x64) AppleWebKit/537.36 (KHTML, like Gecko) Chrome/148.0.0.0 Safari/537.36', 'logout', 'auth', 'logout', NULL, NULL, NULL, NULL, NULL, 'http://localhost/ems/logout.php', 'GET', NULL, 200, '2026-06-01 14:10:50'),
(241, 4, 0, 0, 4, 1, 'ادارة التشغيل', 'AjxYzwMCi5XEdgjh593uXF58nMgPcjpi35hlTqZjfM6ZdGiw', '::1', 'Mozilla/5.0 (Windows NT 10.0; Win64; x64) AppleWebKit/537.36 (KHTML, like Gecko) Chrome/148.0.0.0 Safari/537.36', 'login', 'auth', 'login', NULL, NULL, NULL, NULL, NULL, 'http://localhost/ems/login.php', 'POST', '{\"username\":\"محمد\",\"password\":\"[REDACTED]\",\"csrf_token\":\"[REDACTED]\"}', 200, '2026-06-01 14:12:42'),
(242, 4, 0, 0, 4, 1, 'ادارة التشغيل', 'AjxYzwMCi5XEdgjh593uXF58nMgPcjpi35hlTqZjfM6ZdGiw', '::1', 'Mozilla/5.0 (Windows NT 10.0; Win64; x64) AppleWebKit/537.36 (KHTML, like Gecko) Chrome/148.0.0.0 Safari/537.36', 'logout', 'auth', 'logout', NULL, NULL, NULL, NULL, NULL, 'http://localhost/ems/logout.php', 'GET', NULL, 200, '2026-06-01 14:26:26'),
(243, 4, 0, 0, 7, 4, 'ادارة الموارد البشرية', 'mHCdEZ8RGMEf32VWSKtj2KjgrVdU1B8H8bfvkIfLxLXiTHwJ', '::1', 'Mozilla/5.0 (Windows NT 10.0; Win64; x64) AppleWebKit/537.36 (KHTML, like Gecko) Chrome/148.0.0.0 Safari/537.36', 'login', 'auth', 'login', NULL, NULL, NULL, NULL, NULL, 'http://localhost/ems/login.php', 'POST', '{\"username\":\"اروينا\",\"password\":\"[REDACTED]\",\"csrf_token\":\"[REDACTED]\"}', 200, '2026-06-01 14:26:32'),
(244, 4, 0, 0, 7, 4, 'ادارة الموارد البشرية', 'mHCdEZ8RGMEf32VWSKtj2KjgrVdU1B8H8bfvkIfLxLXiTHwJ', '::1', 'Mozilla/5.0 (Windows NT 10.0; Win64; x64) AppleWebKit/537.36 (KHTML, like Gecko) Chrome/148.0.0.0 Safari/537.36', 'logout', 'auth', 'logout', NULL, NULL, NULL, NULL, NULL, 'http://localhost/ems/logout.php', 'GET', NULL, 200, '2026-06-01 14:30:16'),
(245, 4, 0, 0, 7, 4, 'ادارة الموارد البشرية', '9,2qg1xWG92,A08SQhxvwK25uNkYAL9p83JX1PoRUfwAyfpe', '::1', 'Mozilla/5.0 (Windows NT 10.0; Win64; x64) AppleWebKit/537.36 (KHTML, like Gecko) Chrome/148.0.0.0 Safari/537.36', 'login', 'auth', 'login', NULL, NULL, NULL, NULL, NULL, 'http://localhost/ems/login.php', 'POST', '{\"username\":\"اروينا\",\"password\":\"[REDACTED]\",\"csrf_token\":\"[REDACTED]\"}', 200, '2026-06-01 14:30:21'),
(246, 4, 0, 0, 7, 4, 'ادارة الموارد البشرية', '9,2qg1xWG92,A08SQhxvwK25uNkYAL9p83JX1PoRUfwAyfpe', '::1', 'Mozilla/5.0 (Windows NT 10.0; Win64; x64) AppleWebKit/537.36 (KHTML, like Gecko) Chrome/148.0.0.0 Safari/537.36', 'logout', 'auth', 'logout', NULL, NULL, NULL, NULL, NULL, 'http://localhost/ems/logout.php', 'GET', NULL, 200, '2026-06-01 14:31:56'),
(247, 4, 0, 0, 4, 1, 'ادارة التشغيل', 'VJVB,XCRAKxgAWyB4EI70g3P4UTiDyqgi-2tYSaBexg7cT,W', '::1', 'Mozilla/5.0 (Windows NT 10.0; Win64; x64) AppleWebKit/537.36 (KHTML, like Gecko) Chrome/148.0.0.0 Safari/537.36', 'login', 'auth', 'login', NULL, NULL, NULL, NULL, NULL, 'http://localhost/ems/login.php', 'POST', '{\"username\":\"محمد\",\"password\":\"[REDACTED]\",\"csrf_token\":\"[REDACTED]\"}', 200, '2026-06-01 14:32:04'),
(248, 4, 0, 0, 4, 1, 'ادارة التشغيل', 'VJVB,XCRAKxgAWyB4EI70g3P4UTiDyqgi-2tYSaBexg7cT,W', '::1', 'Mozilla/5.0 (Windows NT 10.0; Win64; x64) AppleWebKit/537.36 (KHTML, like Gecko) Chrome/148.0.0.0 Safari/537.36', 'logout', 'auth', 'logout', NULL, NULL, NULL, NULL, NULL, 'http://localhost/ems/logout.php', 'GET', NULL, 200, '2026-06-01 14:33:50'),
(249, 4, 4, 4, 11, 6, 'مدير حركة وتشغيل', 'hJYtvrIIAtIlLYyl,F9VTAle4Wm4xR4Y7p4P2Uhe-WaJrrae', '::1', 'Mozilla/5.0 (Windows NT 10.0; Win64; x64) AppleWebKit/537.36 (KHTML, like Gecko) Chrome/148.0.0.0 Safari/537.36', 'login', 'auth', 'login', NULL, NULL, NULL, NULL, NULL, 'http://localhost/ems/login.php', 'POST', '{\"username\":\"حركة - الروسية\",\"password\":\"[REDACTED]\",\"csrf_token\":\"[REDACTED]\"}', 200, '2026-06-01 14:33:58'),
(250, 4, 4, 4, 11, 6, 'مدير حركة وتشغيل', 'hJYtvrIIAtIlLYyl,F9VTAle4Wm4xR4Y7p4P2Uhe-WaJrrae', '::1', 'Mozilla/5.0 (Windows NT 10.0; Win64; x64) AppleWebKit/537.36 (KHTML, like Gecko) Chrome/148.0.0.0 Safari/537.36', 'movement_operations', 'movement', 'save_single_operation', 'save_single_operation', NULL, NULL, NULL, NULL, 'http://localhost/ems/movement/movement_operations.php?project_id=4', 'POST', '{\"action\":\"save_single_operation\",\"op_id\":\"17\",\"equipment_category\":\"أساسي\",\"shift_type\":\"N\",\"status\":\"1\",\"start\":\"2026-05-31\",\"end\":\"2027-02-19\",\"json\":\"1\"}', 200, '2026-06-01 14:38:03'),
(251, 4, 4, 4, 11, 6, 'مدير حركة وتشغيل', 'hJYtvrIIAtIlLYyl,F9VTAle4Wm4xR4Y7p4P2Uhe-WaJrrae', '::1', 'Mozilla/5.0 (Windows NT 10.0; Win64; x64) AppleWebKit/537.36 (KHTML, like Gecko) Chrome/148.0.0.0 Safari/537.36', 'logout', 'auth', 'logout', NULL, NULL, NULL, NULL, NULL, 'http://localhost/ems/logout.php', 'GET', NULL, 200, '2026-06-02 03:21:14'),
(252, 4, 4, 4, 11, 6, 'مدير حركة وتشغيل', '5-18N54RAzWDstdwVTq-8hTp2LsoikX,xWZfWreu,mpa,Hb9', '::1', 'Mozilla/5.0 (Windows NT 10.0; Win64; x64) AppleWebKit/537.36 (KHTML, like Gecko) Chrome/148.0.0.0 Safari/537.36', 'login', 'auth', 'login', NULL, NULL, NULL, NULL, NULL, 'http://localhost/ems/login.php', 'POST', '{\"username\":\"حركة - الروسية\",\"password\":\"[REDACTED]\",\"csrf_token\":\"[REDACTED]\"}', 200, '2026-06-02 03:21:17'),
(253, 4, 0, 0, 4, 1, 'ادارة التشغيل', 'dWtNTBVPH47QIkcqGv-vTIrqHj4M5axGpALSq0spAE1Tljqj', '::1', 'Mozilla/5.0 (Windows NT 10.0; Win64; x64) AppleWebKit/537.36 (KHTML, like Gecko) Chrome/148.0.0.0 Safari/537.36', 'login', 'auth', 'login', NULL, NULL, NULL, NULL, NULL, 'http://localhost/ems/login.php', 'POST', '{\"username\":\"محمد\",\"password\":\"[REDACTED]\",\"csrf_token\":\"[REDACTED]\"}', 200, '2026-06-02 08:42:20'),
(254, 4, 0, 0, 4, 1, 'ادارة التشغيل', 'dWtNTBVPH47QIkcqGv-vTIrqHj4M5axGpALSq0spAE1Tljqj', '::1', 'Mozilla/5.0 (Windows NT 10.0; Win64; x64) AppleWebKit/537.36 (KHTML, like Gecko) Chrome/148.0.0.0 Safari/537.36', 'logout', 'auth', 'logout', NULL, NULL, NULL, NULL, NULL, 'http://localhost/ems/logout.php', 'GET', NULL, 200, '2026-06-02 08:43:40'),
(255, 4, 4, 4, 11, 6, 'مدير حركة وتشغيل', 'MqSog85Y79jdgIePXFY5Bvc8ZMv24gtcN3EyAwI5o4ieGFXq', '::1', 'Mozilla/5.0 (Windows NT 10.0; Win64; x64) AppleWebKit/537.36 (KHTML, like Gecko) Chrome/148.0.0.0 Safari/537.36', 'login', 'auth', 'login', NULL, NULL, NULL, NULL, NULL, 'http://localhost/ems/login.php', 'POST', '{\"username\":\"حركة - الروسية\",\"password\":\"[REDACTED]\",\"csrf_token\":\"[REDACTED]\"}', 200, '2026-06-02 08:43:45'),
(256, 4, 4, 4, 11, 6, 'مدير حركة وتشغيل', 'MqSog85Y79jdgIePXFY5Bvc8ZMv24gtcN3EyAwI5o4ieGFXq', '::1', 'Mozilla/5.0 (Windows NT 10.0; Win64; x64) AppleWebKit/537.36 (KHTML, like Gecko) Chrome/148.0.0.0 Safari/537.36', 'logout', 'auth', 'logout', NULL, NULL, NULL, NULL, NULL, 'http://localhost/ems/logout.php', 'GET', NULL, 200, '2026-06-02 08:57:09'),
(257, 4, 0, 0, 4, 1, 'ادارة التشغيل', 'lKJjYwWFOaZ1xsY1YkSk1vKE3B9qfc6iZWvZ7C1WZbBj3yTz', '::1', 'Mozilla/5.0 (Windows NT 10.0; Win64; x64) AppleWebKit/537.36 (KHTML, like Gecko) Chrome/148.0.0.0 Safari/537.36', 'login', 'auth', 'login', NULL, NULL, NULL, NULL, NULL, 'http://localhost/ems/login.php', 'POST', '{\"username\":\"محمد\",\"password\":\"[REDACTED]\",\"csrf_token\":\"[REDACTED]\"}', 200, '2026-06-02 08:57:18'),
(258, 4, 0, 0, 4, 1, 'ادارة التشغيل', 'lKJjYwWFOaZ1xsY1YkSk1vKE3B9qfc6iZWvZ7C1WZbBj3yTz', '::1', 'Mozilla/5.0 (Windows NT 10.0; Win64; x64) AppleWebKit/537.36 (KHTML, like Gecko) Chrome/148.0.0.0 Safari/537.36', 'logout', 'auth', 'logout', NULL, NULL, NULL, NULL, NULL, 'http://localhost/ems/logout.php', 'GET', NULL, 200, '2026-06-02 08:58:58'),
(259, 4, 4, 4, 11, 6, 'مدير حركة وتشغيل', 'cTIA4HRQwTyIxeWXMuPGLjHIeSPgxoHqnq2ADiE3IPYNIdRJ', '::1', 'Mozilla/5.0 (Windows NT 10.0; Win64; x64) AppleWebKit/537.36 (KHTML, like Gecko) Chrome/148.0.0.0 Safari/537.36', 'login', 'auth', 'login', NULL, NULL, NULL, NULL, NULL, 'http://localhost/ems/login.php', 'POST', '{\"username\":\"حركة - الروسية\",\"password\":\"[REDACTED]\",\"csrf_token\":\"[REDACTED]\"}', 200, '2026-06-02 09:00:01'),
(260, 4, 4, 4, 11, 6, 'مدير حركة وتشغيل', 'cTIA4HRQwTyIxeWXMuPGLjHIeSPgxoHqnq2ADiE3IPYNIdRJ', '::1', 'Mozilla/5.0 (Windows NT 10.0; Win64; x64) AppleWebKit/537.36 (KHTML, like Gecko) Chrome/148.0.0.0 Safari/537.36', 'logout', 'auth', 'logout', NULL, NULL, NULL, NULL, NULL, 'http://localhost/ems/logout.php', 'GET', NULL, 200, '2026-06-02 09:00:41'),
(261, 4, 0, 0, 7, 4, 'ادارة الموارد البشرية', 'LCmetGbW1Qd17QIEf8t-bSRiWUVK0V-,ouYyWCxtVxz,saAM', '::1', 'Mozilla/5.0 (Windows NT 10.0; Win64; x64) AppleWebKit/537.36 (KHTML, like Gecko) Chrome/148.0.0.0 Safari/537.36', 'login', 'auth', 'login', NULL, NULL, NULL, NULL, NULL, 'http://localhost/ems/login.php', 'POST', '{\"username\":\"اروينا\",\"password\":\"[REDACTED]\",\"csrf_token\":\"[REDACTED]\"}', 200, '2026-06-02 09:00:49'),
(262, 4, 0, 0, 7, 4, 'ادارة الموارد البشرية', 'LCmetGbW1Qd17QIEf8t-bSRiWUVK0V-,ouYyWCxtVxz,saAM', '::1', 'Mozilla/5.0 (Windows NT 10.0; Win64; x64) AppleWebKit/537.36 (KHTML, like Gecko) Chrome/148.0.0.0 Safari/537.36', 'send_broadcast', 'chats', 'send', 'إرسال', NULL, NULL, NULL, '{\"recipients_count\":12,\"failed_count\":0}', 'http://localhost/ems/chats/send_broadcast.php', 'POST', '{\"message\":\"vfmlk\"}', 200, '2026-06-02 09:01:55'),
(263, 4, 0, 0, 7, 4, 'ادارة الموارد البشرية', 'LCmetGbW1Qd17QIEf8t-bSRiWUVK0V-,ouYyWCxtVxz,saAM', '::1', 'Mozilla/5.0 (Windows NT 10.0; Win64; x64) AppleWebKit/537.36 (KHTML, like Gecko) Chrome/148.0.0.0 Safari/537.36', 'logout', 'auth', 'logout', NULL, NULL, NULL, NULL, NULL, 'http://localhost/ems/logout.php', 'GET', NULL, 200, '2026-06-02 09:03:13'),
(264, 4, 0, 0, 13, 12, 'ادارة المبيعات', 'wRSmxBEPc9yAbTd8NRqfcHXd1-glJFsEa0CibWzj6efYowNG', '::1', 'Mozilla/5.0 (Windows NT 10.0; Win64; x64) AppleWebKit/537.36 (KHTML, like Gecko) Chrome/148.0.0.0 Safari/537.36', 'login', 'auth', 'login', NULL, NULL, NULL, NULL, NULL, 'http://localhost/ems/login.php', 'POST', '{\"username\":\"مبيعات\",\"password\":\"[REDACTED]\",\"csrf_token\":\"[REDACTED]\"}', 200, '2026-06-02 09:03:19'),
(265, 4, 0, 0, 13, 12, 'ادارة المبيعات', 'wRSmxBEPc9yAbTd8NRqfcHXd1-glJFsEa0CibWzj6efYowNG', '::1', 'Mozilla/5.0 (Windows NT 10.0; Win64; x64) AppleWebKit/537.36 (KHTML, like Gecko) Chrome/148.0.0.0 Safari/537.36', 'logout', 'auth', 'logout', NULL, NULL, NULL, NULL, NULL, 'http://localhost/ems/logout.php', 'GET', NULL, 200, '2026-06-02 09:06:10'),
(266, 4, 0, 0, 4, 1, 'ادارة التشغيل', 'WJZPsA-DvfpHvKKR4hkrOMyVySL3fpT77dGKQqubQZSJdZaM', '::1', 'Mozilla/5.0 (Windows NT 10.0; Win64; x64) AppleWebKit/537.36 (KHTML, like Gecko) Chrome/148.0.0.0 Safari/537.36', 'login', 'auth', 'login', NULL, NULL, NULL, NULL, NULL, 'http://localhost/ems/login.php', 'POST', '{\"username\":\"محمد\",\"password\":\"[REDACTED]\",\"csrf_token\":\"[REDACTED]\"}', 200, '2026-06-02 09:06:36'),
(267, 4, 0, 0, 4, 1, 'ادارة التشغيل', 'WJZPsA-DvfpHvKKR4hkrOMyVySL3fpT77dGKQqubQZSJdZaM', '::1', 'Mozilla/5.0 (Windows NT 10.0; Win64; x64) AppleWebKit/537.36 (KHTML, like Gecko) Chrome/148.0.0.0 Safari/537.36', 'hours_approval', 'approvals', 'get_notes', 'get_notes', NULL, 184, NULL, NULL, 'http://localhost/ems/Approvals/hours_approval.php', 'POST', '{\"action\":\"get_notes\",\"timesheet_id\":\"184\"}', 200, '2026-06-02 09:13:32'),
(268, 4, 0, 0, 4, 1, 'ادارة التشغيل', 'WJZPsA-DvfpHvKKR4hkrOMyVySL3fpT77dGKQqubQZSJdZaM', '::1', 'Mozilla/5.0 (Windows NT 10.0; Win64; x64) AppleWebKit/537.36 (KHTML, like Gecko) Chrome/148.0.0.0 Safari/537.36', 'logout', 'auth', 'logout', NULL, NULL, NULL, NULL, NULL, 'http://localhost/ems/logout.php', 'GET', NULL, 200, '2026-06-02 09:15:48'),
(269, 4, 0, 0, 5, 2, 'ادارة الموردين', 'MPIC06qmquIFJeKSQmwrAqHDFKPp636wl9tDAc3qQeE2s2t4', '::1', 'Mozilla/5.0 (Windows NT 10.0; Win64; x64) AppleWebKit/537.36 (KHTML, like Gecko) Chrome/148.0.0.0 Safari/537.36', 'login', 'auth', 'login', NULL, NULL, NULL, NULL, NULL, 'http://localhost/ems/login.php', 'POST', '{\"username\":\"مصعب\",\"password\":\"[REDACTED]\",\"csrf_token\":\"[REDACTED]\"}', 200, '2026-06-02 09:15:54'),
(270, 4, 0, 0, 5, 2, 'ادارة الموردين', 'MPIC06qmquIFJeKSQmwrAqHDFKPp636wl9tDAc3qQeE2s2t4', '::1', 'Mozilla/5.0 (Windows NT 10.0; Win64; x64) AppleWebKit/537.36 (KHTML, like Gecko) Chrome/148.0.0.0 Safari/537.36', 'supplierscontracts', 'suppliers', 'create', 'create', NULL, NULL, NULL, NULL, 'http://localhost/ems/Suppliers/supplierscontracts.php?id=9', 'POST', '{\"project_id\":\"4\"}', 200, '2026-06-02 09:16:57'),
(271, 4, 0, 0, 5, 2, 'ادارة الموردين', 'MPIC06qmquIFJeKSQmwrAqHDFKPp636wl9tDAc3qQeE2s2t4', '::1', 'Mozilla/5.0 (Windows NT 10.0; Win64; x64) AppleWebKit/537.36 (KHTML, like Gecko) Chrome/148.0.0.0 Safari/537.36', 'supplierscontracts', 'suppliers', 'create', 'create', NULL, NULL, NULL, NULL, 'http://localhost/ems/Suppliers/supplierscontracts.php?id=9', 'POST', '{\"project_contract_id\":\"4\",\"supplier_contract_id\":\"0\"}', 200, '2026-06-02 09:17:01'),
(272, 4, 0, 0, 5, 2, 'ادارة الموردين', 'MPIC06qmquIFJeKSQmwrAqHDFKPp636wl9tDAc3qQeE2s2t4', '::1', 'Mozilla/5.0 (Windows NT 10.0; Win64; x64) AppleWebKit/537.36 (KHTML, like Gecko) Chrome/148.0.0.0 Safari/537.36', 'logout', 'auth', 'logout', NULL, NULL, NULL, NULL, NULL, 'http://localhost/ems/logout.php', 'GET', NULL, 200, '2026-06-02 09:18:13'),
(273, 4, 0, 0, 6, 3, 'ادارة الاسطول', 'QVwzgptwrZKjBc258FcE7Vhymte0sgkdRsYn0lYSCDQCoj74', '::1', 'Mozilla/5.0 (Windows NT 10.0; Win64; x64) AppleWebKit/537.36 (KHTML, like Gecko) Chrome/148.0.0.0 Safari/537.36', 'login', 'auth', 'login', NULL, NULL, NULL, NULL, NULL, 'http://localhost/ems/login.php', 'POST', '{\"username\":\"يسن\",\"password\":\"[REDACTED]\",\"csrf_token\":\"[REDACTED]\"}', 200, '2026-06-02 09:18:24'),
(274, 4, 0, 0, 6, 3, 'ادارة الاسطول', 'QVwzgptwrZKjBc258FcE7Vhymte0sgkdRsYn0lYSCDQCoj74', '::1', 'Mozilla/5.0 (Windows NT 10.0; Win64; x64) AppleWebKit/537.36 (KHTML, like Gecko) Chrome/148.0.0.0 Safari/537.36', 'logout', 'auth', 'logout', NULL, NULL, NULL, NULL, NULL, 'http://localhost/ems/logout.php', 'GET', NULL, 200, '2026-06-02 09:24:16'),
(275, 4, 0, 0, 7, 4, 'ادارة الموارد البشرية', 'Fb7HuLXVPLh,nQdC4woRR2al-k6mqh8rBqRoWxW3CgwW2XId', '::1', 'Mozilla/5.0 (Windows NT 10.0; Win64; x64) AppleWebKit/537.36 (KHTML, like Gecko) Chrome/148.0.0.0 Safari/537.36', 'login', 'auth', 'login', NULL, NULL, NULL, NULL, NULL, 'http://localhost/ems/login.php', 'POST', '{\"username\":\"اروينا\",\"password\":\"[REDACTED]\",\"csrf_token\":\"[REDACTED]\"}', 200, '2026-06-02 09:24:27'),
(276, 4, 0, 0, 7, 4, 'ادارة الموارد البشرية', 'Fb7HuLXVPLh,nQdC4woRR2al-k6mqh8rBqRoWxW3CgwW2XId', '::1', 'Mozilla/5.0 (Windows NT 10.0; Win64; x64) AppleWebKit/537.36 (KHTML, like Gecko) Chrome/148.0.0.0 Safari/537.36', 'logout', 'auth', 'logout', NULL, NULL, NULL, NULL, NULL, 'http://localhost/ems/logout.php', 'GET', NULL, 200, '2026-06-02 09:26:11'),
(277, 4, 4, 4, 11, 6, 'مدير حركة وتشغيل', 'LTL9SJwuiXCJSQKri2WI9zfflJ82OTmAvWy1bEPhNsLLP8-p', '::1', 'Mozilla/5.0 (Windows NT 10.0; Win64; x64) AppleWebKit/537.36 (KHTML, like Gecko) Chrome/148.0.0.0 Safari/537.36', 'login', 'auth', 'login', NULL, NULL, NULL, NULL, NULL, 'http://localhost/ems/login.php', 'POST', '{\"username\":\"حركة - الروسية\",\"password\":\"[REDACTED]\",\"csrf_token\":\"[REDACTED]\"}', 200, '2026-06-02 09:26:19'),
(278, 4, 4, 4, 11, 6, 'مدير حركة وتشغيل', 'LTL9SJwuiXCJSQKri2WI9zfflJ82OTmAvWy1bEPhNsLLP8-p', '::1', 'Mozilla/5.0 (Windows NT 10.0; Win64; x64) AppleWebKit/537.36 (KHTML, like Gecko) Chrome/148.0.0.0 Safari/537.36', 'movement_operations', 'movement', 'create', 'add_new_driver', NULL, 18, NULL, NULL, 'http://localhost/ems/movement/movement_operations.php?project_id=4', 'POST', '{\"action\":\"add_new_driver\",\"driver_id\":\"18\",\"equipment_id\":\"8\",\"shift_type\":\"N\",\"start_date\":\"2026-06-02\",\"end_date\":\"\",\"json\":\"1\"}', 200, '2026-06-02 09:27:32'),
(279, 4, 4, 4, 11, 6, 'مدير حركة وتشغيل', 'LTL9SJwuiXCJSQKri2WI9zfflJ82OTmAvWy1bEPhNsLLP8-p', '::1', 'Mozilla/5.0 (Windows NT 10.0; Win64; x64) AppleWebKit/537.36 (KHTML, like Gecko) Chrome/148.0.0.0 Safari/537.36', 'movement_operations', 'movement', 'save_single_operation', 'save_single_operation', NULL, NULL, NULL, NULL, 'http://localhost/ems/movement/movement_operations.php?project_id=4', 'POST', '{\"action\":\"save_single_operation\",\"op_id\":\"16\",\"equipment_category\":\"أساسي\",\"shift_type\":\"N\",\"status\":\"1\",\"start\":\"2026-05-11\",\"end\":\"2026-07-01\",\"json\":\"1\"}', 200, '2026-06-02 09:28:28'),
(280, 4, 4, 4, 11, 6, 'مدير حركة وتشغيل', 'LTL9SJwuiXCJSQKri2WI9zfflJ82OTmAvWy1bEPhNsLLP8-p', '::1', 'Mozilla/5.0 (Windows NT 10.0; Win64; x64) AppleWebKit/537.36 (KHTML, like Gecko) Chrome/148.0.0.0 Safari/537.36', 'logout', 'auth', 'logout', NULL, NULL, NULL, NULL, NULL, 'http://localhost/ems/logout.php', 'GET', NULL, 200, '2026-06-02 09:28:57'),
(281, 4, 4, 4, 12, 5, 'مدير الموقع', 'ksF7YG79NVjnZxIal1s7vfLLyCQgF3FA8Yvn,66F9v6D,wCs', '::1', 'Mozilla/5.0 (Windows NT 10.0; Win64; x64) AppleWebKit/537.36 (KHTML, like Gecko) Chrome/148.0.0.0 Safari/537.36', 'login', 'auth', 'login', NULL, NULL, NULL, NULL, NULL, 'http://localhost/ems/login.php', 'POST', '{\"username\":\"مدير موقع الروسية\",\"password\":\"[REDACTED]\",\"csrf_token\":\"[REDACTED]\"}', 200, '2026-06-02 09:29:04'),
(282, 4, 4, 4, 12, 5, 'مدير الموقع', 'ksF7YG79NVjnZxIal1s7vfLLyCQgF3FA8Yvn,66F9v6D,wCs', '::1', 'Mozilla/5.0 (Windows NT 10.0; Win64; x64) AppleWebKit/537.36 (KHTML, like Gecko) Chrome/148.0.0.0 Safari/537.36', 'timesheet', 'timesheet', 'get_event_types', 'get_event_types', NULL, NULL, NULL, NULL, 'http://localhost/ems/Timesheet/timesheet.php?type=1', 'GET', '{\"action\":\"get_event_types\",\"equipment_type\":\"1\"}', 200, '2026-06-02 09:29:48'),
(283, 4, 4, 4, 12, 5, 'مدير الموقع', 'ksF7YG79NVjnZxIal1s7vfLLyCQgF3FA8Yvn,66F9v6D,wCs', '::1', 'Mozilla/5.0 (Windows NT 10.0; Win64; x64) AppleWebKit/537.36 (KHTML, like Gecko) Chrome/148.0.0.0 Safari/537.36', 'timesheet', 'timesheet', 'get_event_types', 'get_event_types', NULL, NULL, NULL, NULL, 'http://localhost/ems/Timesheet/timesheet.php?type=1', 'GET', '{\"action\":\"get_event_types\",\"equipment_type\":\"3\"}', 200, '2026-06-02 09:29:48'),
(284, 4, 4, 4, 12, 5, 'مدير الموقع', 'ksF7YG79NVjnZxIal1s7vfLLyCQgF3FA8Yvn,66F9v6D,wCs', '::1', 'Mozilla/5.0 (Windows NT 10.0; Win64; x64) AppleWebKit/537.36 (KHTML, like Gecko) Chrome/148.0.0.0 Safari/537.36', 'timesheet', 'timesheet', 'get_event_types', 'get_event_types', NULL, NULL, NULL, NULL, 'http://localhost/ems/Timesheet/timesheet.php?type=1', 'GET', '{\"action\":\"get_event_types\",\"equipment_type\":\"1\"}', 200, '2026-06-02 09:29:48'),
(285, 4, 4, 4, 12, 5, 'مدير الموقع', 'ksF7YG79NVjnZxIal1s7vfLLyCQgF3FA8Yvn,66F9v6D,wCs', '::1', 'Mozilla/5.0 (Windows NT 10.0; Win64; x64) AppleWebKit/537.36 (KHTML, like Gecko) Chrome/148.0.0.0 Safari/537.36', 'timesheet', 'timesheet', 'get_main_cats', 'get_main_cats', NULL, NULL, NULL, NULL, 'http://localhost/ems/Timesheet/timesheet.php?type=1', 'GET', '{\"action\":\"get_main_cats\",\"equipment_type\":\"1\",\"event_type_code\":\"EQF\"}', 200, '2026-06-02 09:32:03'),
(286, 4, 4, 4, 12, 5, 'مدير الموقع', 'ksF7YG79NVjnZxIal1s7vfLLyCQgF3FA8Yvn,66F9v6D,wCs', '::1', 'Mozilla/5.0 (Windows NT 10.0; Win64; x64) AppleWebKit/537.36 (KHTML, like Gecko) Chrome/148.0.0.0 Safari/537.36', 'timesheet', 'timesheet', 'get_sub_cats', 'get_sub_cats', NULL, NULL, NULL, NULL, 'http://localhost/ems/Timesheet/timesheet.php?type=1', 'GET', '{\"action\":\"get_sub_cats\",\"equipment_type\":\"1\",\"event_type_code\":\"EQF\",\"main_cat_code\":\"COL\"}', 200, '2026-06-02 09:32:05'),
(287, 4, 4, 4, 12, 5, 'مدير الموقع', 'ksF7YG79NVjnZxIal1s7vfLLyCQgF3FA8Yvn,66F9v6D,wCs', '::1', 'Mozilla/5.0 (Windows NT 10.0; Win64; x64) AppleWebKit/537.36 (KHTML, like Gecko) Chrome/148.0.0.0 Safari/537.36', 'timesheet', 'timesheet', 'get_details', 'get_details', NULL, NULL, NULL, NULL, 'http://localhost/ems/Timesheet/timesheet.php?type=1', 'GET', '{\"action\":\"get_details\",\"equipment_type\":\"1\",\"event_type_code\":\"EQF\",\"main_cat_code\":\"COL\",\"sub_cat\":\"الحساسات\"}', 200, '2026-06-02 09:32:07'),
(288, 4, 4, 4, 12, 5, 'مدير الموقع', 'ksF7YG79NVjnZxIal1s7vfLLyCQgF3FA8Yvn,66F9v6D,wCs', '::1', 'Mozilla/5.0 (Windows NT 10.0; Win64; x64) AppleWebKit/537.36 (KHTML, like Gecko) Chrome/148.0.0.0 Safari/537.36', 'timesheet', 'timesheet', 'get_main_cats', 'get_main_cats', NULL, NULL, NULL, NULL, 'http://localhost/ems/Timesheet/timesheet.php?type=1', 'GET', '{\"action\":\"get_main_cats\",\"equipment_type\":\"1\",\"event_type_code\":\"MNT\"}', 200, '2026-06-02 09:32:16'),
(289, 4, 4, 4, 12, 5, 'مدير الموقع', 'ksF7YG79NVjnZxIal1s7vfLLyCQgF3FA8Yvn,66F9v6D,wCs', '::1', 'Mozilla/5.0 (Windows NT 10.0; Win64; x64) AppleWebKit/537.36 (KHTML, like Gecko) Chrome/148.0.0.0 Safari/537.36', 'timesheet', 'timesheet', 'get_sub_cats', 'get_sub_cats', NULL, NULL, NULL, NULL, 'http://localhost/ems/Timesheet/timesheet.php?type=1', 'GET', '{\"action\":\"get_sub_cats\",\"equipment_type\":\"1\",\"event_type_code\":\"MNT\",\"main_cat_code\":\"PME\"}', 200, '2026-06-02 09:32:18'),
(290, 4, 4, 4, 12, 5, 'مدير الموقع', 'ksF7YG79NVjnZxIal1s7vfLLyCQgF3FA8Yvn,66F9v6D,wCs', '::1', 'Mozilla/5.0 (Windows NT 10.0; Win64; x64) AppleWebKit/537.36 (KHTML, like Gecko) Chrome/148.0.0.0 Safari/537.36', 'timesheet', 'timesheet', 'get_details', 'get_details', NULL, NULL, NULL, NULL, 'http://localhost/ems/Timesheet/timesheet.php?type=1', 'GET', '{\"action\":\"get_details\",\"equipment_type\":\"1\",\"event_type_code\":\"MNT\",\"main_cat_code\":\"PME\",\"sub_cat\":\"صيانة طارئة\"}', 200, '2026-06-02 09:32:20'),
(291, 4, 4, 4, 12, 5, 'مدير الموقع', 'ksF7YG79NVjnZxIal1s7vfLLyCQgF3FA8Yvn,66F9v6D,wCs', '::1', 'Mozilla/5.0 (Windows NT 10.0; Win64; x64) AppleWebKit/537.36 (KHTML, like Gecko) Chrome/148.0.0.0 Safari/537.36', 'timesheet', 'timesheet', 'create', 'create', NULL, NULL, NULL, NULL, 'http://localhost/ems/Timesheet/timesheet.php?type=1', 'POST', '{\"shift\":\"D\",\"operator\":\"12\",\"id\":\"\",\"user_id\":\"12\",\"driver\":\"\",\"date\":\"2026-06-02\",\"shift_hours\":\"10\",\"start_hours\":\"0\",\"start_minutes\":\"0\",\"start_seconds\":\"0\",\"executed_hours\":\"8\",\"bucket_hours\":\"6\",\"jackhammer_hours\":\"2\",\"extra_hours\":\"0\",\"extra_hours_total\":\"0\",\"standby_hours\":\"0\",\"dependence_hours\":\"0\",\"total_work_hours\":\"8\",\"work_notes\":\"\",\"hr_fault\":\"1\",\"maintenance_fault\":\"1\",\"marketing_fault\":\"0\",\"approval_fault\":\"0\",\"other_fault_hours\":\"0\",\"total_fault_hours\":\"2\",\"fault_notes\":\"\",\"end_hours\":\"0\",\"end_minutes\":\"0\",\"end_seconds\":\"0\",\"counter_diff\":\"0 ساعة 0 دقيقة 0 ثانية\",\"fault_type\":\"عطل معدة\",\"fault_department\":\"أعطال التبريد والتكيف\",\"fault_part\":\"الحساسات\",\"fault_details\":\"EX-EQF-COL-08-01 | حساس حرارة\",\"fault_items_json\":\"[{\\\"failure_code_id\\\":94,\\\"event_type_code\\\":\\\"EQF\\\",\\\"event_type_name\\\":\\\"عطل معدة\\\",\\\"main_category_code\\\":\\\"COL\\\",\\\"main_category_name\\\":\\\"أعطال التبريد والتكيف\\\",\\\"sub_category\\\":\\\"الحساسات\\\",\\\"failure_detail\\\":\\\"حساس حرارة\\\",\\\"full_code\\\":\\\"EX-EQF-COL-08-01\\\"},{\\\"failure_code_id\\\":147,\\\"event_type_code\\\":\\\"MNT\\\",\\\"event_type_name\\\":\\\"توقف صيانة\\\",\\\"main_category_code\\\":\\\"PME\\\",\\\"main_category_name\\\":\\\"صيانة طارئة\\\",\\\"sub_category\\\":\\\"صيانة طارئة\\\",\\\"failure_detail\\\":\\\"انقلاب\\\",\\\"full_code\\\":\\\"EX-MNT-PME-00-02\\\"}]\",\"general_notes\":\"\",\"operator_hours\":\"0\",\"machine_standby_hours\":\"0\",\"jackhammer_standby_hours\":\"0\",\"bucket_standby_hours\":\"0\",\"extra_operator_hours\":\"0\",\"operator_standby_hours\":\"1\",\"operator_notes\":\"\",\"type\":\"1\"}', 200, '2026-06-02 09:32:38'),
(292, 4, 4, 4, 12, 5, 'مدير الموقع', 'ksF7YG79NVjnZxIal1s7vfLLyCQgF3FA8Yvn,66F9v6D,wCs', '::1', 'Mozilla/5.0 (Windows NT 10.0; Win64; x64) AppleWebKit/537.36 (KHTML, like Gecko) Chrome/148.0.0.0 Safari/537.36', 'timesheet', 'timesheet', 'get_event_types', 'get_event_types', NULL, NULL, NULL, NULL, 'http://localhost/ems/Timesheet/timesheet.php?type=1', 'GET', '{\"action\":\"get_event_types\",\"equipment_type\":\"1\"}', 200, '2026-06-02 09:32:40'),
(293, 4, 4, 4, 12, 5, 'مدير الموقع', 'ksF7YG79NVjnZxIal1s7vfLLyCQgF3FA8Yvn,66F9v6D,wCs', '::1', 'Mozilla/5.0 (Windows NT 10.0; Win64; x64) AppleWebKit/537.36 (KHTML, like Gecko) Chrome/148.0.0.0 Safari/537.36', 'timesheet', 'timesheet', 'get_event_types', 'get_event_types', NULL, NULL, NULL, NULL, 'http://localhost/ems/Timesheet/timesheet.php?type=1', 'GET', '{\"action\":\"get_event_types\",\"equipment_type\":\"3\"}', 200, '2026-06-02 09:32:40'),
(294, 4, 4, 4, 12, 5, 'مدير الموقع', 'ksF7YG79NVjnZxIal1s7vfLLyCQgF3FA8Yvn,66F9v6D,wCs', '::1', 'Mozilla/5.0 (Windows NT 10.0; Win64; x64) AppleWebKit/537.36 (KHTML, like Gecko) Chrome/148.0.0.0 Safari/537.36', 'timesheet', 'timesheet', 'get_event_types', 'get_event_types', NULL, NULL, NULL, NULL, 'http://localhost/ems/Timesheet/timesheet.php?type=1', 'GET', '{\"action\":\"get_event_types\",\"equipment_type\":\"1\"}', 200, '2026-06-02 09:32:40'),
(295, 4, 4, 4, 12, 5, 'مدير الموقع', 'ksF7YG79NVjnZxIal1s7vfLLyCQgF3FA8Yvn,66F9v6D,wCs', '::1', 'Mozilla/5.0 (Windows NT 10.0; Win64; x64) AppleWebKit/537.36 (KHTML, like Gecko) Chrome/148.0.0.0 Safari/537.36', 'hours_approval', 'approvals', 'get_notes', 'get_notes', NULL, 245, NULL, NULL, 'http://localhost/ems/Approvals/hours_approval.php', 'POST', '{\"action\":\"get_notes\",\"timesheet_id\":\"245\"}', 200, '2026-06-02 09:34:00'),
(296, 4, 4, 4, 12, 5, 'مدير الموقع', 'ksF7YG79NVjnZxIal1s7vfLLyCQgF3FA8Yvn,66F9v6D,wCs', '::1', 'Mozilla/5.0 (Windows NT 10.0; Win64; x64) AppleWebKit/537.36 (KHTML, like Gecko) Chrome/148.0.0.0 Safari/537.36', 'hours_approval', 'approvals', 'get_notes', 'get_notes', NULL, 245, NULL, NULL, 'http://localhost/ems/Approvals/hours_approval.php', 'POST', '{\"action\":\"get_notes\",\"timesheet_id\":\"245\"}', 200, '2026-06-02 09:34:23'),
(297, 4, 4, 4, 12, 5, 'مدير الموقع', 'ksF7YG79NVjnZxIal1s7vfLLyCQgF3FA8Yvn,66F9v6D,wCs', '::1', 'Mozilla/5.0 (Windows NT 10.0; Win64; x64) AppleWebKit/537.36 (KHTML, like Gecko) Chrome/148.0.0.0 Safari/537.36', 'logout', 'auth', 'logout', NULL, NULL, NULL, NULL, NULL, 'http://localhost/ems/logout.php', 'GET', NULL, 200, '2026-06-02 09:36:26'),
(298, 4, 0, 0, 4, 1, 'ادارة التشغيل', '33I5TI6eSa6ZbETV8mAeSGQiPK5CqPrZoae4AGvOgymPLrGk', '::1', 'Mozilla/5.0 (Windows NT 10.0; Win64; x64) AppleWebKit/537.36 (KHTML, like Gecko) Chrome/148.0.0.0 Safari/537.36', 'login', 'auth', 'login', NULL, NULL, NULL, NULL, NULL, 'http://localhost/ems/login.php', 'POST', '{\"username\":\"محمد\",\"password\":\"[REDACTED]\",\"csrf_token\":\"[REDACTED]\"}', 200, '2026-06-02 09:36:31'),
(299, 4, 0, 0, 4, 1, 'ادارة التشغيل', '33I5TI6eSa6ZbETV8mAeSGQiPK5CqPrZoae4AGvOgymPLrGk', '::1', 'Mozilla/5.0 (Windows NT 10.0; Win64; x64) AppleWebKit/537.36 (KHTML, like Gecko) Chrome/148.0.0.0 Safari/537.36', 'hours_approval', 'approvals', 'approve', 'approve', NULL, NULL, NULL, NULL, 'http://localhost/ems/Approvals/hours_approval.php', 'POST', '{\"action\":\"approve\",\"ids\":\"184\"}', 200, '2026-06-02 09:38:32'),
(300, 4, 0, 0, 4, 1, 'ادارة التشغيل', '33I5TI6eSa6ZbETV8mAeSGQiPK5CqPrZoae4AGvOgymPLrGk', '::1', 'Mozilla/5.0 (Windows NT 10.0; Win64; x64) AppleWebKit/537.36 (KHTML, like Gecko) Chrome/148.0.0.0 Safari/537.36', 'hours_approval_followup', 'approvals', 'get_notes', 'get_notes', NULL, 184, NULL, NULL, 'http://localhost/ems/Approvals/hours_approval_followup.php', 'POST', '{\"action\":\"get_notes\",\"timesheet_id\":\"184\"}', 200, '2026-06-02 09:39:03'),
(301, 4, 0, 0, 4, 1, 'ادارة التشغيل', '33I5TI6eSa6ZbETV8mAeSGQiPK5CqPrZoae4AGvOgymPLrGk', '::1', 'Mozilla/5.0 (Windows NT 10.0; Win64; x64) AppleWebKit/537.36 (KHTML, like Gecko) Chrome/148.0.0.0 Safari/537.36', 'hours_approval_followup', 'approvals', 'create', 'add_note', NULL, 184, NULL, NULL, 'http://localhost/ems/Approvals/hours_approval_followup.php', 'POST', '{\"action\":\"add_note\",\"timesheet_id\":\"184\",\"column_name\":\"marketing_fault\",\"column_label\":\"عطل تسويق\",\"note_text\":\"w;lmgfrw;l\"}', 200, '2026-06-02 09:39:10'),
(302, 4, 0, 0, 4, 1, 'ادارة التشغيل', '33I5TI6eSa6ZbETV8mAeSGQiPK5CqPrZoae4AGvOgymPLrGk', '::1', 'Mozilla/5.0 (Windows NT 10.0; Win64; x64) AppleWebKit/537.36 (KHTML, like Gecko) Chrome/148.0.0.0 Safari/537.36', 'hours_approval_followup', 'approvals', 'get_notes', 'get_notes', NULL, 184, NULL, NULL, 'http://localhost/ems/Approvals/hours_approval_followup.php', 'POST', '{\"action\":\"get_notes\",\"timesheet_id\":\"184\"}', 200, '2026-06-02 09:39:10'),
(303, 4, 0, 0, 4, 1, 'ادارة التشغيل', '5F5VSPktG3uiNuBecUyw9yRzl4VVUZh-Wt3tBVrNI4Fp2ybs', '::1', 'Mozilla/5.0 (Windows NT 10.0; Win64; x64) AppleWebKit/537.36 (KHTML, like Gecko) Chrome/148.0.0.0 Safari/537.36', 'login', 'auth', 'login', NULL, NULL, NULL, NULL, NULL, 'http://localhost/ems/login.php', 'POST', '{\"username\":\"محمد\",\"password\":\"[REDACTED]\",\"csrf_token\":\"[REDACTED]\"}', 200, '2026-06-02 09:42:29'),
(304, 4, 0, 0, 4, 1, 'ادارة التشغيل', '1aTG,CkLotxml-0B-HzDrKPF54o5DFu1QJMjYjK2NJdhMSPg', '::1', 'Mozilla/5.0 (Windows NT 10.0; Win64; x64) AppleWebKit/537.36 (KHTML, like Gecko) Chrome/148.0.0.0 Safari/537.36', 'login', 'auth', 'login', NULL, NULL, NULL, NULL, NULL, 'http://localhost/ems/login.php', 'POST', '{\"username\":\"محمد\",\"password\":\"[REDACTED]\",\"csrf_token\":\"[REDACTED]\"}', 200, '2026-06-02 16:32:03'),
(305, 4, 0, 0, 4, 1, 'ادارة التشغيل', '1aTG,CkLotxml-0B-HzDrKPF54o5DFu1QJMjYjK2NJdhMSPg', '::1', 'Mozilla/5.0 (Windows NT 10.0; Win64; x64) AppleWebKit/537.36 (KHTML, like Gecko) Chrome/148.0.0.0 Safari/537.36', 'logout', 'auth', 'logout', NULL, NULL, NULL, NULL, NULL, 'http://localhost/ems/logout.php', 'GET', NULL, 200, '2026-06-02 16:32:53'),
(306, 4, 4, 4, 11, 6, 'مدير حركة وتشغيل', 'EmOSXuCv4YbpSbMZtRZaM5baIjNcT0Q7n3U5BqrljKzFNM9C', '::1', 'Mozilla/5.0 (Windows NT 10.0; Win64; x64) AppleWebKit/537.36 (KHTML, like Gecko) Chrome/148.0.0.0 Safari/537.36', 'login', 'auth', 'login', NULL, NULL, NULL, NULL, NULL, 'http://localhost/ems/login.php', 'POST', '{\"username\":\"حركة - الروسية\",\"password\":\"[REDACTED]\",\"csrf_token\":\"[REDACTED]\"}', 200, '2026-06-02 16:33:02'),
(307, 4, 4, 4, 11, 6, 'مدير حركة وتشغيل', 'EmOSXuCv4YbpSbMZtRZaM5baIjNcT0Q7n3U5BqrljKzFNM9C', '::1', 'Mozilla/5.0 (Windows NT 10.0; Win64; x64) AppleWebKit/537.36 (KHTML, like Gecko) Chrome/148.0.0.0 Safari/537.36', 'logout', 'auth', 'logout', NULL, NULL, NULL, NULL, NULL, 'http://localhost/ems/logout.php', 'GET', NULL, 200, '2026-06-02 16:33:33'),
(308, 4, 4, 4, 11, 6, 'مدير حركة وتشغيل', 'ezPv3gf56BBlsW9aJTNqdiZdONl-qUgmAXLwNWXW3MLfa4d8', '::1', 'Mozilla/5.0 (Windows NT 10.0; Win64; x64) AppleWebKit/537.36 (KHTML, like Gecko) Chrome/148.0.0.0 Safari/537.36', 'login', 'auth', 'login', NULL, NULL, NULL, NULL, NULL, 'http://localhost/ems/login.php', 'POST', '{\"username\":\"حركة - الروسية\",\"password\":\"[REDACTED]\",\"csrf_token\":\"[REDACTED]\"}', 200, '2026-06-02 16:36:07'),
(309, 4, 4, 4, 11, 6, 'مدير حركة وتشغيل', 'ezPv3gf56BBlsW9aJTNqdiZdONl-qUgmAXLwNWXW3MLfa4d8', '::1', 'Mozilla/5.0 (Windows NT 10.0; Win64; x64) AppleWebKit/537.36 (KHTML, like Gecko) Chrome/148.0.0.0 Safari/537.36', 'logout', 'auth', 'logout', NULL, NULL, NULL, NULL, NULL, 'http://localhost/ems/logout.php', 'GET', NULL, 200, '2026-06-02 16:36:35'),
(310, 4, 0, 0, 4, 1, 'ادارة التشغيل', 'oxyELIgMHDFy0XO3xu9IweLTsQ4xp4uw1SiNM1p40zgChsc0', '::1', 'Mozilla/5.0 (Windows NT 10.0; Win64; x64) AppleWebKit/537.36 (KHTML, like Gecko) Chrome/148.0.0.0 Safari/537.36', 'login', 'auth', 'login', NULL, NULL, NULL, NULL, NULL, 'http://localhost/ems/login.php', 'POST', '{\"username\":\"محمد\",\"password\":\"[REDACTED]\",\"csrf_token\":\"[REDACTED]\"}', 200, '2026-06-02 16:36:41'),
(311, 4, 0, 0, 4, 1, 'ادارة التشغيل', 'oxyELIgMHDFy0XO3xu9IweLTsQ4xp4uw1SiNM1p40zgChsc0', '::1', 'Mozilla/5.0 (Windows NT 10.0; Win64; x64) AppleWebKit/537.36 (KHTML, like Gecko) Chrome/148.0.0.0 Safari/537.36', 'send_message', 'chats', 'send', 'إرسال', NULL, 41, NULL, '{\"receiver_id\":7,\"message_id\":41}', 'http://localhost/ems/chats/send_message.php', 'POST', '{\"receiver_id\":\"7\",\"message\":\"نة\"}', 200, '2026-06-02 16:39:00'),
(312, 4, 0, 0, 4, 1, 'ادارة التشغيل', 'YWyGk99nKFqwbgJ5tydKM39k9V9xZkk2fTLdoqs33fHNglgo', '::1', 'Mozilla/5.0 (Windows NT 10.0; Win64; x64) AppleWebKit/537.36 (KHTML, like Gecko) Chrome/148.0.0.0 Safari/537.36', 'login', 'auth', 'login', NULL, NULL, NULL, NULL, NULL, 'http://localhost/ems/login.php', 'POST', '{\"username\":\"محمد\",\"password\":\"[REDACTED]\",\"csrf_token\":\"[REDACTED]\"}', 200, '2026-06-03 16:41:17'),
(313, 4, 0, 0, 4, 1, 'ادارة التشغيل', 'YWyGk99nKFqwbgJ5tydKM39k9V9xZkk2fTLdoqs33fHNglgo', '::1', 'Mozilla/5.0 (Windows NT 10.0; Win64; x64) AppleWebKit/537.36 (KHTML, like Gecko) Chrome/148.0.0.0 Safari/537.36', 'logout', 'auth', 'logout', NULL, NULL, NULL, NULL, NULL, 'http://localhost/ems/logout.php', 'GET', NULL, 200, '2026-06-03 16:43:04'),
(314, 4, 0, 0, 6, 3, 'ادارة الاسطول', 'EBv8Pib9TAKBTmDysDi4RV9Xmyy5zgDVZYzNu7UkQ36DSo,N', '::1', 'Mozilla/5.0 (Windows NT 10.0; Win64; x64) AppleWebKit/537.36 (KHTML, like Gecko) Chrome/148.0.0.0 Safari/537.36', 'login', 'auth', 'login', NULL, NULL, NULL, NULL, NULL, 'http://localhost/ems/login.php', 'POST', '{\"username\":\"يسن\",\"password\":\"[REDACTED]\",\"csrf_token\":\"[REDACTED]\"}', 200, '2026-06-03 16:43:15'),
(315, 4, 0, 0, 6, 3, 'ادارة الاسطول', 'EBv8Pib9TAKBTmDysDi4RV9Xmyy5zgDVZYzNu7UkQ36DSo,N', '::1', 'Mozilla/5.0 (Windows NT 10.0; Win64; x64) AppleWebKit/537.36 (KHTML, like Gecko) Chrome/148.0.0.0 Safari/537.36', 'logout', 'auth', 'logout', NULL, NULL, NULL, NULL, NULL, 'http://localhost/ems/logout.php', 'GET', NULL, 200, '2026-06-03 16:43:37'),
(316, 4, 0, 0, 4, 1, 'ادارة التشغيل', 'BstT79ly31tsR3eAmM5o457W0zqOzrPYS6yjcLbluADvOSCf', '::1', 'Mozilla/5.0 (Windows NT 10.0; Win64; x64) AppleWebKit/537.36 (KHTML, like Gecko) Chrome/148.0.0.0 Safari/537.36', 'login', 'auth', 'login', NULL, NULL, NULL, NULL, NULL, 'http://localhost/ems/login.php', 'POST', '{\"username\":\"محمد\",\"password\":\"[REDACTED]\",\"csrf_token\":\"[REDACTED]\"}', 200, '2026-06-03 16:43:43'),
(317, 4, 0, 0, 4, 1, 'ادارة التشغيل', 'BstT79ly31tsR3eAmM5o457W0zqOzrPYS6yjcLbluADvOSCf', '::1', 'Mozilla/5.0 (Windows NT 10.0; Win64; x64) AppleWebKit/537.36 (KHTML, like Gecko) Chrome/148.0.0.0 Safari/537.36', 'logout', 'auth', 'logout', NULL, NULL, NULL, NULL, NULL, 'http://localhost/ems/logout.php', 'GET', NULL, 200, '2026-06-03 16:43:52'),
(318, 4, 0, 0, 6, 3, 'ادارة الاسطول', 'Z6xaPI8OLX8Y6lczHnUZDNazNVu8avW2RS1Z2-9R,gVgV075', '::1', 'Mozilla/5.0 (Windows NT 10.0; Win64; x64) AppleWebKit/537.36 (KHTML, like Gecko) Chrome/148.0.0.0 Safari/537.36', 'login', 'auth', 'login', NULL, NULL, NULL, NULL, NULL, 'http://localhost/ems/login.php', 'POST', '{\"username\":\"يسن\",\"password\":\"[REDACTED]\",\"csrf_token\":\"[REDACTED]\"}', 200, '2026-06-03 16:43:59'),
(319, 4, 0, 0, 6, 3, 'ادارة الاسطول', 'Z6xaPI8OLX8Y6lczHnUZDNazNVu8avW2RS1Z2-9R,gVgV075', '::1', 'Mozilla/5.0 (Windows NT 10.0; Win64; x64) AppleWebKit/537.36 (KHTML, like Gecko) Chrome/148.0.0.0 Safari/537.36', 'logout', 'auth', 'logout', NULL, NULL, NULL, NULL, NULL, 'http://localhost/ems/logout.php', 'GET', NULL, 200, '2026-06-03 16:44:55'),
(320, 4, 0, 0, 4, 1, 'ادارة التشغيل', 'H5PhoqS,oDCrcFMFwjfQAwq3c49iaWG2rm8vHmjuSKjM8PoA', '::1', 'Mozilla/5.0 (Windows NT 10.0; Win64; x64) AppleWebKit/537.36 (KHTML, like Gecko) Chrome/148.0.0.0 Safari/537.36', 'login', 'auth', 'login', NULL, NULL, NULL, NULL, NULL, 'http://localhost/ems/login.php', 'POST', '{\"username\":\"محمد\",\"password\":\"[REDACTED]\",\"csrf_token\":\"[REDACTED]\"}', 200, '2026-06-03 16:45:16'),
(321, 4, 0, 0, 13, 12, 'ادارة المبيعات', 'atwuxspDhizqmjFBSCusjqIKPTvaITbpaJYPj4rbZvC7T660', '::1', 'Mozilla/5.0 (Windows NT 10.0; Win64; x64) AppleWebKit/537.36 (KHTML, like Gecko) Chrome/148.0.0.0 Safari/537.36', 'login', 'auth', 'login', NULL, NULL, NULL, NULL, NULL, 'http://localhost/ems/login.php', 'POST', '{\"username\":\"مبيعات\",\"password\":\"[REDACTED]\",\"csrf_token\":\"[REDACTED]\"}', 200, '2026-06-04 16:38:36'),
(322, 4, 0, 0, 13, 12, 'ادارة المبيعات', 'atwuxspDhizqmjFBSCusjqIKPTvaITbpaJYPj4rbZvC7T660', '::1', 'Mozilla/5.0 (Windows NT 10.0; Win64; x64) AppleWebKit/537.36 (KHTML, like Gecko) Chrome/148.0.0.0 Safari/537.36', 'clients', 'clients', 'export', 'export', NULL, NULL, NULL, NULL, 'http://localhost/ems/Clients/clients.php', 'GET', '{\"entity\":\"clients\",\"action\":\"export\"}', 200, '2026-06-04 16:39:04'),
(323, 4, 0, 0, 13, 12, 'ادارة المبيعات', 'atwuxspDhizqmjFBSCusjqIKPTvaITbpaJYPj4rbZvC7T660', '::1', 'Mozilla/5.0 (Windows NT 10.0; Win64; x64) AppleWebKit/537.36 (KHTML, like Gecko) Chrome/148.0.0.0 Safari/537.36', 'clients', 'clients', 'import_preview', 'import_preview', NULL, NULL, NULL, NULL, 'http://localhost/ems/Clients/clients.php', 'POST', '{\"csrf_token\":\"[REDACTED]\"}', 200, '2026-06-04 16:39:34'),
(324, 4, 0, 0, 13, 12, 'ادارة المبيعات', 'atwuxspDhizqmjFBSCusjqIKPTvaITbpaJYPj4rbZvC7T660', '::1', 'Mozilla/5.0 (Windows NT 10.0; Win64; x64) AppleWebKit/537.36 (KHTML, like Gecko) Chrome/148.0.0.0 Safari/537.36', 'clients', 'clients', 'import_preview', 'import_preview', NULL, NULL, NULL, NULL, 'http://localhost/ems/Clients/clients.php', 'POST', '{\"csrf_token\":\"[REDACTED]\"}', 200, '2026-06-04 16:40:09'),
(325, 4, 0, 0, 13, 12, 'ادارة المبيعات', 'atwuxspDhizqmjFBSCusjqIKPTvaITbpaJYPj4rbZvC7T660', '::1', 'Mozilla/5.0 (Windows NT 10.0; Win64; x64) AppleWebKit/537.36 (KHTML, like Gecko) Chrome/148.0.0.0 Safari/537.36', 'clients', 'clients', 'import_preview', 'import_preview', NULL, NULL, NULL, NULL, 'http://localhost/ems/Clients/clients.php', 'POST', '{\"csrf_token\":\"[REDACTED]\"}', 200, '2026-06-04 16:40:09'),
(326, 4, 0, 0, 13, 12, 'ادارة المبيعات', 'atwuxspDhizqmjFBSCusjqIKPTvaITbpaJYPj4rbZvC7T660', '::1', 'Mozilla/5.0 (Windows NT 10.0; Win64; x64) AppleWebKit/537.36 (KHTML, like Gecko) Chrome/148.0.0.0 Safari/537.36', 'clients', 'clients', 'template', 'template', NULL, NULL, NULL, NULL, 'http://localhost/ems/Clients/clients.php', 'GET', '{\"entity\":\"clients\",\"action\":\"template\"}', 200, '2026-06-04 16:40:26'),
(327, 4, 0, 0, 13, 12, 'ادارة المبيعات', 'atwuxspDhizqmjFBSCusjqIKPTvaITbpaJYPj4rbZvC7T660', '::1', 'Mozilla/5.0 (Windows NT 10.0; Win64; x64) AppleWebKit/537.36 (KHTML, like Gecko) Chrome/148.0.0.0 Safari/537.36', 'clients', 'clients', 'import_preview', 'import_preview', NULL, NULL, NULL, NULL, 'http://localhost/ems/Clients/clients.php', 'POST', '{\"csrf_token\":\"[REDACTED]\"}', 200, '2026-06-04 16:41:00'),
(328, 4, 0, 0, 13, 12, 'ادارة المبيعات', 'atwuxspDhizqmjFBSCusjqIKPTvaITbpaJYPj4rbZvC7T660', '::1', 'Mozilla/5.0 (Windows NT 10.0; Win64; x64) AppleWebKit/537.36 (KHTML, like Gecko) Chrome/148.0.0.0 Safari/537.36', 'projects', 'projects', 'template', 'template', NULL, NULL, NULL, NULL, 'http://localhost/ems/Projects/projects.php?client_id=2', 'GET', '{\"entity\":\"projects\",\"action\":\"template\"}', 200, '2026-06-04 16:41:44'),
(329, 4, 0, 0, 13, 12, 'ادارة المبيعات', 'atwuxspDhizqmjFBSCusjqIKPTvaITbpaJYPj4rbZvC7T660', '::1', 'Mozilla/5.0 (Windows NT 10.0; Win64; x64) AppleWebKit/537.36 (KHTML, like Gecko) Chrome/148.0.0.0 Safari/537.36', 'projects', 'projects', 'import_preview', 'import_preview', NULL, NULL, NULL, NULL, 'http://localhost/ems/Projects/projects.php?client_id=2', 'POST', '{\"csrf_token\":\"[REDACTED]\"}', 200, '2026-06-04 16:42:10'),
(330, 4, 0, 0, 13, 12, 'ادارة المبيعات', 'atwuxspDhizqmjFBSCusjqIKPTvaITbpaJYPj4rbZvC7T660', '::1', 'Mozilla/5.0 (Windows NT 10.0; Win64; x64) AppleWebKit/537.36 (KHTML, like Gecko) Chrome/148.0.0.0 Safari/537.36', 'logout', 'auth', 'logout', NULL, NULL, NULL, NULL, NULL, 'http://localhost/ems/logout.php', 'GET', NULL, 200, '2026-06-04 16:43:22'),
(331, 4, 0, 0, 7, 4, 'ادارة الموارد البشرية', 'clWs6JiOGqY7kxQ8hdnHKdf3dK39EJnmYJ1onK5EbxL-XEkg', '::1', 'Mozilla/5.0 (Windows NT 10.0; Win64; x64) AppleWebKit/537.36 (KHTML, like Gecko) Chrome/148.0.0.0 Safari/537.36', 'login', 'auth', 'login', NULL, NULL, NULL, NULL, NULL, 'http://localhost/ems/login.php', 'POST', '{\"username\":\"اروينا\",\"password\":\"[REDACTED]\",\"csrf_token\":\"[REDACTED]\"}', 200, '2026-06-04 16:43:30'),
(332, 4, 0, 0, 7, 4, 'ادارة الموارد البشرية', 'clWs6JiOGqY7kxQ8hdnHKdf3dK39EJnmYJ1onK5EbxL-XEkg', '::1', 'Mozilla/5.0 (Windows NT 10.0; Win64; x64) AppleWebKit/537.36 (KHTML, like Gecko) Chrome/148.0.0.0 Safari/537.36', 'drivers', 'drivers', 'template', 'template', NULL, NULL, NULL, NULL, 'http://localhost/ems/Drivers/drivers.php', 'GET', '{\"entity\":\"drivers\",\"action\":\"template\"}', 200, '2026-06-04 16:43:39'),
(333, 4, 0, 0, 7, 4, 'ادارة الموارد البشرية', 'clWs6JiOGqY7kxQ8hdnHKdf3dK39EJnmYJ1onK5EbxL-XEkg', '::1', 'Mozilla/5.0 (Windows NT 10.0; Win64; x64) AppleWebKit/537.36 (KHTML, like Gecko) Chrome/148.0.0.0 Safari/537.36', 'drivers', 'drivers', 'import_preview', 'import_preview', NULL, NULL, NULL, NULL, 'http://localhost/ems/Drivers/drivers.php', 'POST', '{\"csrf_token\":\"[REDACTED]\"}', 200, '2026-06-04 16:44:45'),
(334, 4, 0, 0, 7, 4, 'ادارة الموارد البشرية', 'clWs6JiOGqY7kxQ8hdnHKdf3dK39EJnmYJ1onK5EbxL-XEkg', '::1', 'Mozilla/5.0 (Windows NT 10.0; Win64; x64) AppleWebKit/537.36 (KHTML, like Gecko) Chrome/148.0.0.0 Safari/537.36', 'logout', 'auth', 'logout', NULL, NULL, NULL, NULL, NULL, 'http://localhost/ems/logout.php', 'GET', NULL, 200, '2026-06-04 16:45:31'),
(335, 4, 0, 0, 4, 1, 'ادارة التشغيل', 'sLGDY4ldzsWJMblEvo13DnV9DAKXkDHqPDsz5lCJu-k-PT84', '::1', 'Mozilla/5.0 (Windows NT 10.0; Win64; x64) AppleWebKit/537.36 (KHTML, like Gecko) Chrome/148.0.0.0 Safari/537.36', 'login', 'auth', 'login', NULL, NULL, NULL, NULL, NULL, 'http://localhost/ems/login.php', 'POST', '{\"username\":\"محمد\",\"password\":\"[REDACTED]\",\"csrf_token\":\"[REDACTED]\"}', 200, '2026-06-04 16:45:36'),
(336, 4, 0, 0, 4, 1, 'ادارة التشغيل', 'sLGDY4ldzsWJMblEvo13DnV9DAKXkDHqPDsz5lCJu-k-PT84', '::1', 'Mozilla/5.0 (Windows NT 10.0; Win64; x64) AppleWebKit/537.36 (KHTML, like Gecko) Chrome/148.0.0.0 Safari/537.36', 'logout', 'auth', 'logout', NULL, NULL, NULL, NULL, NULL, 'http://localhost/ems/logout.php', 'GET', NULL, 200, '2026-06-04 16:46:45'),
(337, 4, 4, 4, 11, 6, 'مدير حركة وتشغيل', 'iFk-oNAeT1zoR2SXwWRP0C636SgNVEEOX21SaxwOzKVC9JNQ', '::1', 'Mozilla/5.0 (Windows NT 10.0; Win64; x64) AppleWebKit/537.36 (KHTML, like Gecko) Chrome/148.0.0.0 Safari/537.36', 'login', 'auth', 'login', NULL, NULL, NULL, NULL, NULL, 'http://localhost/ems/login.php', 'POST', '{\"username\":\"حركة - الروسية\",\"password\":\"[REDACTED]\",\"csrf_token\":\"[REDACTED]\"}', 200, '2026-06-04 16:46:53'),
(338, 4, 4, 4, 11, 6, 'مدير حركة وتشغيل', 'iFk-oNAeT1zoR2SXwWRP0C636SgNVEEOX21SaxwOzKVC9JNQ', '::1', 'Mozilla/5.0 (Windows NT 10.0; Win64; x64) AppleWebKit/537.36 (KHTML, like Gecko) Chrome/148.0.0.0 Safari/537.36', 'logout', 'auth', 'logout', NULL, NULL, NULL, NULL, NULL, 'http://localhost/ems/logout.php', 'GET', NULL, 200, '2026-06-04 16:47:29'),
(339, 4, 4, 4, 12, 5, 'مدير الموقع', '497-BxHBp7p4rwi0yYJdgX5BZ5H1fS,f27k7Ss70-9v7Qlhr', '::1', 'Mozilla/5.0 (Windows NT 10.0; Win64; x64) AppleWebKit/537.36 (KHTML, like Gecko) Chrome/148.0.0.0 Safari/537.36', 'login', 'auth', 'login', NULL, NULL, NULL, NULL, NULL, 'http://localhost/ems/login.php', 'POST', '{\"username\":\"مدير موقع الروسية\",\"password\":\"[REDACTED]\",\"csrf_token\":\"[REDACTED]\"}', 200, '2026-06-04 16:47:37');
INSERT INTO `activity_logs` (`id`, `company_id`, `project_id`, `contract_id`, `user_id`, `role_id`, `role_name`, `session_id`, `ip_address`, `user_agent`, `screen_name`, `module_name`, `action_type`, `button_name`, `field_name`, `record_id`, `old_value`, `new_value`, `url`, `http_method`, `request_payload`, `response_status`, `created_at`) VALUES
(340, 4, 4, 4, 12, 5, 'مدير الموقع', '497-BxHBp7p4rwi0yYJdgX5BZ5H1fS,f27k7Ss70-9v7Qlhr', '::1', 'Mozilla/5.0 (Windows NT 10.0; Win64; x64) AppleWebKit/537.36 (KHTML, like Gecko) Chrome/148.0.0.0 Safari/537.36', 'timesheet', 'timesheet', 'get_event_types', 'get_event_types', NULL, NULL, NULL, NULL, 'http://localhost/ems/Timesheet/timesheet.php?type=1', 'GET', '{\"action\":\"get_event_types\",\"equipment_type\":\"1\"}', 200, '2026-06-04 16:47:41'),
(341, 4, 4, 4, 12, 5, 'مدير الموقع', '497-BxHBp7p4rwi0yYJdgX5BZ5H1fS,f27k7Ss70-9v7Qlhr', '::1', 'Mozilla/5.0 (Windows NT 10.0; Win64; x64) AppleWebKit/537.36 (KHTML, like Gecko) Chrome/148.0.0.0 Safari/537.36', 'timesheet', 'timesheet', 'get_event_types', 'get_event_types', NULL, NULL, NULL, NULL, 'http://localhost/ems/Timesheet/timesheet.php?type=1', 'GET', '{\"action\":\"get_event_types\",\"equipment_type\":\"3\"}', 200, '2026-06-04 16:47:41'),
(342, 4, 4, 4, 12, 5, 'مدير الموقع', '497-BxHBp7p4rwi0yYJdgX5BZ5H1fS,f27k7Ss70-9v7Qlhr', '::1', 'Mozilla/5.0 (Windows NT 10.0; Win64; x64) AppleWebKit/537.36 (KHTML, like Gecko) Chrome/148.0.0.0 Safari/537.36', 'timesheet', 'timesheet', 'get_event_types', 'get_event_types', NULL, NULL, NULL, NULL, 'http://localhost/ems/Timesheet/timesheet.php?type=1', 'GET', '{\"action\":\"get_event_types\",\"equipment_type\":\"1\"}', 200, '2026-06-04 16:47:41'),
(343, 4, 4, 4, 12, 5, 'مدير الموقع', '497-BxHBp7p4rwi0yYJdgX5BZ5H1fS,f27k7Ss70-9v7Qlhr', '::1', 'Mozilla/5.0 (Windows NT 10.0; Win64; x64) AppleWebKit/537.36 (KHTML, like Gecko) Chrome/148.0.0.0 Safari/537.36', 'timesheet', 'timesheet', 'template', 'template', NULL, NULL, NULL, NULL, 'http://localhost/ems/Timesheet/timesheet.php?type=1', 'GET', '{\"entity\":\"timesheet\",\"action\":\"template\"}', 200, '2026-06-04 16:47:54'),
(344, 4, 4, 4, 12, 5, 'مدير الموقع', '497-BxHBp7p4rwi0yYJdgX5BZ5H1fS,f27k7Ss70-9v7Qlhr', '::1', 'Mozilla/5.0 (Windows NT 10.0; Win64; x64) AppleWebKit/537.36 (KHTML, like Gecko) Chrome/148.0.0.0 Safari/537.36', 'timesheet', 'timesheet', 'export', 'export', NULL, NULL, NULL, NULL, 'http://localhost/ems/Timesheet/timesheet.php?type=1', 'GET', '{\"entity\":\"timesheet\",\"action\":\"export\"}', 200, '2026-06-04 16:48:53'),
(345, 4, 4, 4, 12, 5, 'مدير الموقع', '497-BxHBp7p4rwi0yYJdgX5BZ5H1fS,f27k7Ss70-9v7Qlhr', '::1', 'Mozilla/5.0 (Windows NT 10.0; Win64; x64) AppleWebKit/537.36 (KHTML, like Gecko) Chrome/148.0.0.0 Safari/537.36', 'timesheet', 'timesheet', 'import_preview', 'import_preview', NULL, NULL, NULL, NULL, 'http://localhost/ems/Timesheet/timesheet.php?type=1', 'POST', '{\"csrf_token\":\"[REDACTED]\"}', 200, '2026-06-04 16:49:18'),
(346, 4, 4, 4, 12, 5, 'مدير الموقع', '497-BxHBp7p4rwi0yYJdgX5BZ5H1fS,f27k7Ss70-9v7Qlhr', '::1', 'Mozilla/5.0 (Windows NT 10.0; Win64; x64) AppleWebKit/537.36 (KHTML, like Gecko) Chrome/148.0.0.0 Safari/537.36', 'logout', 'auth', 'logout', NULL, NULL, NULL, NULL, NULL, 'http://localhost/ems/logout.php', 'GET', NULL, 200, '2026-06-04 16:50:41'),
(347, 4, 0, 0, 4, 1, 'ادارة التشغيل', ',pW81o9PojASZ,MeB6CEVDrShMeEdKZvvwqcYu1tQ,GhavCU', '::1', 'Mozilla/5.0 (Windows NT 10.0; Win64; x64) AppleWebKit/537.36 (KHTML, like Gecko) Chrome/148.0.0.0 Safari/537.36', 'login', 'auth', 'login', NULL, NULL, NULL, NULL, NULL, 'http://localhost/ems/login.php', 'POST', '{\"username\":\"محمد\",\"password\":\"[REDACTED]\",\"csrf_token\":\"[REDACTED]\"}', 200, '2026-06-04 16:50:49'),
(348, 4, 0, 0, 4, 1, 'ادارة التشغيل', ',pW81o9PojASZ,MeB6CEVDrShMeEdKZvvwqcYu1tQ,GhavCU', '::1', 'Mozilla/5.0 (Windows NT 10.0; Win64; x64) AppleWebKit/537.36 (KHTML, like Gecko) Chrome/148.0.0.0 Safari/537.36', 'logout', 'auth', 'logout', NULL, NULL, NULL, NULL, NULL, 'http://localhost/ems/logout.php', 'GET', NULL, 200, '2026-06-04 17:01:07'),
(349, 4, 0, 0, 13, 12, 'ادارة المبيعات', 'cXdhK1gfCqCOu,Ekn23Cu23WyQ,GAiW9ea,Yy733nNXz0ApL', '::1', 'Mozilla/5.0 (Windows NT 10.0; Win64; x64) AppleWebKit/537.36 (KHTML, like Gecko) Chrome/148.0.0.0 Safari/537.36', 'login', 'auth', 'login', NULL, NULL, NULL, NULL, NULL, 'http://localhost/ems/login.php', 'POST', '{\"username\":\"مبيعات\",\"password\":\"[REDACTED]\",\"csrf_token\":\"[REDACTED]\"}', 200, '2026-06-04 17:01:14'),
(350, 4, 0, 0, 13, 12, 'ادارة المبيعات', 'cXdhK1gfCqCOu,Ekn23Cu23WyQ,GAiW9ea,Yy733nNXz0ApL', '::1', 'Mozilla/5.0 (Windows NT 10.0; Win64; x64) AppleWebKit/537.36 (KHTML, like Gecko) Chrome/148.0.0.0 Safari/537.36', 'contracts', 'contracts', 'template', 'template', NULL, NULL, NULL, NULL, 'http://localhost/ems/Contracts/contracts.php?filter_project_id=5', 'GET', '{\"entity\":\"contracts\",\"action\":\"template\"}', 200, '2026-06-04 17:01:32'),
(351, 4, 0, 0, 13, 12, 'ادارة المبيعات', 'cXdhK1gfCqCOu,Ekn23Cu23WyQ,GAiW9ea,Yy733nNXz0ApL', '::1', 'Mozilla/5.0 (Windows NT 10.0; Win64; x64) AppleWebKit/537.36 (KHTML, like Gecko) Chrome/148.0.0.0 Safari/537.36', 'contracts', 'contracts', 'create', 'create', NULL, NULL, NULL, NULL, 'http://localhost/ems/Contracts/contracts.php?filter_project_id=2', 'POST', '{\"contract_id\":\"2\"}', 200, '2026-06-04 17:02:09'),
(352, 4, 0, 0, 13, 12, 'ادارة المبيعات', 'cXdhK1gfCqCOu,Ekn23Cu23WyQ,GAiW9ea,Yy733nNXz0ApL', '::1', 'Mozilla/5.0 (Windows NT 10.0; Win64; x64) AppleWebKit/537.36 (KHTML, like Gecko) Chrome/148.0.0.0 Safari/537.36', 'projects', 'projects', 'template', 'template', NULL, NULL, NULL, NULL, 'http://localhost/ems/Projects/projects.php', 'GET', '{\"entity\":\"projects\",\"action\":\"template\"}', 200, '2026-06-04 17:02:47'),
(353, 4, 0, 0, 13, 12, 'ادارة المبيعات', 'cXdhK1gfCqCOu,Ekn23Cu23WyQ,GAiW9ea,Yy733nNXz0ApL', '::1', 'Mozilla/5.0 (Windows NT 10.0; Win64; x64) AppleWebKit/537.36 (KHTML, like Gecko) Chrome/148.0.0.0 Safari/537.36', 'projects', 'projects', 'import_preview', 'import_preview', NULL, NULL, NULL, NULL, 'http://localhost/ems/Projects/projects.php', 'POST', '{\"csrf_token\":\"[REDACTED]\"}', 200, '2026-06-04 17:03:22'),
(354, 4, 0, 0, 13, 12, 'ادارة المبيعات', 'cXdhK1gfCqCOu,Ekn23Cu23WyQ,GAiW9ea,Yy733nNXz0ApL', '::1', 'Mozilla/5.0 (Windows NT 10.0; Win64; x64) AppleWebKit/537.36 (KHTML, like Gecko) Chrome/148.0.0.0 Safari/537.36', 'projects', 'projects', 'import_commit', 'import_commit', NULL, NULL, NULL, NULL, 'http://localhost/ems/Projects/projects.php', 'POST', '{\"token\":\"[REDACTED]\",\"csrf_token\":\"[REDACTED]\"}', 200, '2026-06-04 17:05:17'),
(355, 4, 0, 0, 13, 12, 'ادارة المبيعات', 'cXdhK1gfCqCOu,Ekn23Cu23WyQ,GAiW9ea,Yy733nNXz0ApL', '::1', 'Mozilla/5.0 (Windows NT 10.0; Win64; x64) AppleWebKit/537.36 (KHTML, like Gecko) Chrome/148.0.0.0 Safari/537.36', 'projects', 'projects', 'import_preview', 'import_preview', NULL, NULL, NULL, NULL, 'http://localhost/ems/Projects/projects.php', 'POST', '{\"csrf_token\":\"[REDACTED]\"}', 200, '2026-06-04 17:05:47'),
(356, 4, 0, 0, 13, 12, 'ادارة المبيعات', 'cXdhK1gfCqCOu,Ekn23Cu23WyQ,GAiW9ea,Yy733nNXz0ApL', '::1', 'Mozilla/5.0 (Windows NT 10.0; Win64; x64) AppleWebKit/537.36 (KHTML, like Gecko) Chrome/148.0.0.0 Safari/537.36', 'logout', 'auth', 'logout', NULL, NULL, NULL, NULL, NULL, 'http://localhost/ems/logout.php', 'GET', NULL, 200, '2026-06-04 17:12:53'),
(357, 4, 0, 0, 4, 1, 'ادارة التشغيل', 'xI0rDhySWHiF9Ferx2GBLQYoJJV8Ah-EnC1jdrmW,E1CeP,x', '::1', 'Mozilla/5.0 (Windows NT 10.0; Win64; x64) AppleWebKit/537.36 (KHTML, like Gecko) Chrome/148.0.0.0 Safari/537.36', 'login', 'auth', 'login', NULL, NULL, NULL, NULL, NULL, 'http://localhost/ems/login.php', 'POST', '{\"username\":\"محمد\",\"password\":\"[REDACTED]\",\"csrf_token\":\"[REDACTED]\"}', 200, '2026-06-04 17:12:59'),
(358, 4, 0, 0, 4, 1, 'ادارة التشغيل', 'xI0rDhySWHiF9Ferx2GBLQYoJJV8Ah-EnC1jdrmW,E1CeP,x', '::1', 'Mozilla/5.0 (Windows NT 10.0; Win64; x64) AppleWebKit/537.36 (KHTML, like Gecko) Chrome/148.0.0.0 Safari/537.36', 'logout', 'auth', 'logout', NULL, NULL, NULL, NULL, NULL, 'http://localhost/ems/logout.php', 'GET', NULL, 200, '2026-06-04 19:05:43'),
(359, 4, 0, 0, 4, 1, 'ادارة التشغيل', '0pupET20HNleDF6z8z0-4bFv7QDCNG58DbXqY,GtasL,JnIz', '::1', 'Mozilla/5.0 (Windows NT 10.0; Win64; x64) AppleWebKit/537.36 (KHTML, like Gecko) Chrome/148.0.0.0 Safari/537.36', 'login', 'auth', 'login', NULL, NULL, NULL, NULL, NULL, 'http://localhost/ems/login.php', 'POST', '{\"username\":\"محمد\",\"password\":\"[REDACTED]\",\"csrf_token\":\"[REDACTED]\"}', 200, '2026-06-04 19:11:08'),
(360, 4, 0, 0, 4, 1, 'ادارة التشغيل', '0pupET20HNleDF6z8z0-4bFv7QDCNG58DbXqY,GtasL,JnIz', '::1', 'Mozilla/5.0 (Windows NT 10.0; Win64; x64) AppleWebKit/537.36 (KHTML, like Gecko) Chrome/148.0.0.0 Safari/537.36', 'logout', 'auth', 'logout', NULL, NULL, NULL, NULL, NULL, 'http://localhost/ems/logout.php', 'GET', NULL, 200, '2026-06-04 19:11:51'),
(361, 4, 0, 0, 13, 12, 'ادارة المبيعات', 'FsRMQj0q1GkVsBJKJrTBrpHt-gA5eHzEMtcqwMxd24Ec4EZI', '::1', 'Mozilla/5.0 (Windows NT 10.0; Win64; x64) AppleWebKit/537.36 (KHTML, like Gecko) Chrome/148.0.0.0 Safari/537.36', 'login', 'auth', 'login', NULL, NULL, NULL, NULL, NULL, 'http://localhost/ems/login.php', 'POST', '{\"username\":\"مبيعات\",\"password\":\"[REDACTED]\",\"csrf_token\":\"[REDACTED]\"}', 200, '2026-06-04 19:11:57'),
(362, 4, 0, 0, 13, 12, 'ادارة المبيعات', 'FsRMQj0q1GkVsBJKJrTBrpHt-gA5eHzEMtcqwMxd24Ec4EZI', '::1', 'Mozilla/5.0 (Windows NT 10.0; Win64; x64) AppleWebKit/537.36 (KHTML, like Gecko) Chrome/148.0.0.0 Safari/537.36', 'logout', 'auth', 'logout', NULL, NULL, NULL, NULL, NULL, 'http://localhost/ems/logout.php', 'GET', NULL, 200, '2026-06-04 19:13:26'),
(363, 4, 4, 4, 11, 6, 'مدير حركة وتشغيل', 'kw5z,eZ16YrXi9jlSwVSkZpUeZbMamRza3VfhUVoN4fpyTH9', '::1', 'Mozilla/5.0 (Windows NT 10.0; Win64; x64) AppleWebKit/537.36 (KHTML, like Gecko) Chrome/148.0.0.0 Safari/537.36', 'login', 'auth', 'login', NULL, NULL, NULL, NULL, NULL, 'http://localhost/ems/login.php', 'POST', '{\"username\":\"حركة - الروسية\",\"password\":\"[REDACTED]\",\"csrf_token\":\"[REDACTED]\"}', 200, '2026-06-04 19:13:37'),
(364, 4, 4, 4, 11, 6, 'مدير حركة وتشغيل', 'kw5z,eZ16YrXi9jlSwVSkZpUeZbMamRza3VfhUVoN4fpyTH9', '::1', 'Mozilla/5.0 (Windows NT 10.0; Win64; x64) AppleWebKit/537.36 (KHTML, like Gecko) Chrome/148.0.0.0 Safari/537.36', 'logout', 'auth', 'logout', NULL, NULL, NULL, NULL, NULL, 'http://localhost/ems/logout.php', 'GET', NULL, 200, '2026-06-04 19:16:35'),
(365, 4, 4, 4, 12, 5, 'مدير الموقع', 'aSH6Z5Jmz3rvzVWYhlrhGoTkgCN7cAA5LPFUHUSOwQVxmOGV', '::1', 'Mozilla/5.0 (Windows NT 10.0; Win64; x64) AppleWebKit/537.36 (KHTML, like Gecko) Chrome/148.0.0.0 Safari/537.36', 'login', 'auth', 'login', NULL, NULL, NULL, NULL, NULL, 'http://localhost/ems/login.php', 'POST', '{\"username\":\"مدير موقع الروسية\",\"password\":\"[REDACTED]\",\"csrf_token\":\"[REDACTED]\"}', 200, '2026-06-04 19:17:06'),
(366, 4, 4, 4, 12, 5, 'مدير الموقع', 'aSH6Z5Jmz3rvzVWYhlrhGoTkgCN7cAA5LPFUHUSOwQVxmOGV', '::1', 'Mozilla/5.0 (Windows NT 10.0; Win64; x64) AppleWebKit/537.36 (KHTML, like Gecko) Chrome/148.0.0.0 Safari/537.36', 'timesheet', 'timesheet', 'get_event_types', 'get_event_types', NULL, NULL, NULL, NULL, 'http://localhost/ems/Timesheet/timesheet.php?type=1', 'GET', '{\"action\":\"get_event_types\",\"equipment_type\":\"1\"}', 200, '2026-06-04 19:17:10'),
(367, 4, 4, 4, 12, 5, 'مدير الموقع', 'aSH6Z5Jmz3rvzVWYhlrhGoTkgCN7cAA5LPFUHUSOwQVxmOGV', '::1', 'Mozilla/5.0 (Windows NT 10.0; Win64; x64) AppleWebKit/537.36 (KHTML, like Gecko) Chrome/148.0.0.0 Safari/537.36', 'timesheet', 'timesheet', 'get_event_types', 'get_event_types', NULL, NULL, NULL, NULL, 'http://localhost/ems/Timesheet/timesheet.php?type=1', 'GET', '{\"action\":\"get_event_types\",\"equipment_type\":\"3\"}', 200, '2026-06-04 19:17:10'),
(368, 4, 4, 4, 12, 5, 'مدير الموقع', 'aSH6Z5Jmz3rvzVWYhlrhGoTkgCN7cAA5LPFUHUSOwQVxmOGV', '::1', 'Mozilla/5.0 (Windows NT 10.0; Win64; x64) AppleWebKit/537.36 (KHTML, like Gecko) Chrome/148.0.0.0 Safari/537.36', 'timesheet', 'timesheet', 'get_event_types', 'get_event_types', NULL, NULL, NULL, NULL, 'http://localhost/ems/Timesheet/timesheet.php?type=1', 'GET', '{\"action\":\"get_event_types\",\"equipment_type\":\"1\"}', 200, '2026-06-04 19:17:10'),
(369, 4, 4, 4, 12, 5, 'مدير الموقع', 'aSH6Z5Jmz3rvzVWYhlrhGoTkgCN7cAA5LPFUHUSOwQVxmOGV', '::1', 'Mozilla/5.0 (Windows NT 10.0; Win64; x64) AppleWebKit/537.36 (KHTML, like Gecko) Chrome/148.0.0.0 Safari/537.36', 'logout', 'auth', 'logout', NULL, NULL, NULL, NULL, NULL, 'http://localhost/ems/logout.php', 'GET', NULL, 200, '2026-06-04 19:17:35'),
(370, 4, 0, 0, 13, 12, 'ادارة المبيعات', 'AITT19GPl8,plMZqSqO4qsQg60I1bRIJHU0LFVqzkH8VKLt2', '::1', 'Mozilla/5.0 (Windows NT 10.0; Win64; x64) AppleWebKit/537.36 (KHTML, like Gecko) Chrome/148.0.0.0 Safari/537.36', 'login', 'auth', 'login', NULL, NULL, NULL, NULL, NULL, 'http://localhost/ems/login.php', 'POST', '{\"username\":\"مبيعات\",\"password\":\"[REDACTED]\",\"csrf_token\":\"[REDACTED]\"}', 200, '2026-06-04 19:17:46'),
(371, 4, 0, 0, 13, 12, 'ادارة المبيعات', 'AITT19GPl8,plMZqSqO4qsQg60I1bRIJHU0LFVqzkH8VKLt2', '::1', 'Mozilla/5.0 (Windows NT 10.0; Win64; x64) AppleWebKit/537.36 (KHTML, like Gecko) Chrome/148.0.0.0 Safari/537.36', 'clients', 'clients', 'export', 'export', NULL, NULL, NULL, NULL, 'http://localhost/ems/Clients/clients.php', 'GET', '{\"entity\":\"clients\",\"action\":\"export\"}', 200, '2026-06-04 19:19:09'),
(372, 4, 0, 0, 13, 12, 'ادارة المبيعات', 'AITT19GPl8,plMZqSqO4qsQg60I1bRIJHU0LFVqzkH8VKLt2', '::1', 'Mozilla/5.0 (Windows NT 10.0; Win64; x64) AppleWebKit/537.36 (KHTML, like Gecko) Chrome/148.0.0.0 Safari/537.36', 'clients', 'clients', 'import_preview', 'import_preview', NULL, NULL, NULL, NULL, 'http://localhost/ems/Clients/clients.php', 'POST', '{\"csrf_token\":\"[REDACTED]\"}', 200, '2026-06-04 19:20:04'),
(373, 4, 0, 0, 13, 12, 'ادارة المبيعات', 'AITT19GPl8,plMZqSqO4qsQg60I1bRIJHU0LFVqzkH8VKLt2', '::1', 'Mozilla/5.0 (Windows NT 10.0; Win64; x64) AppleWebKit/537.36 (KHTML, like Gecko) Chrome/148.0.0.0 Safari/537.36', 'clients', 'clients', 'template', 'template', NULL, NULL, NULL, NULL, 'http://localhost/ems/Clients/clients.php', 'GET', '{\"entity\":\"clients\",\"action\":\"template\"}', 200, '2026-06-04 19:20:18'),
(374, 4, 0, 0, 13, 12, 'ادارة المبيعات', 'AITT19GPl8,plMZqSqO4qsQg60I1bRIJHU0LFVqzkH8VKLt2', '::1', 'Mozilla/5.0 (Windows NT 10.0; Win64; x64) AppleWebKit/537.36 (KHTML, like Gecko) Chrome/148.0.0.0 Safari/537.36', 'clients', 'clients', 'import_preview', 'import_preview', NULL, NULL, NULL, NULL, 'http://localhost/ems/Clients/clients.php', 'POST', '{\"csrf_token\":\"[REDACTED]\"}', 200, '2026-06-04 19:21:03'),
(375, 4, 0, 0, 13, 12, 'ادارة المبيعات', 'aTmL9OS61jfylVSVfJC,PCObEnGZmDOiSpWJsZ0MtelCthMB', '::1', 'Mozilla/5.0 (Windows NT 10.0; Win64; x64) AppleWebKit/537.36 (KHTML, like Gecko) Chrome/148.0.0.0 Safari/537.36', 'login', 'auth', 'login', NULL, NULL, NULL, NULL, NULL, 'http://localhost/ems/login.php?timeout=1', 'POST', '{\"username\":\"مبيعات\",\"password\":\"[REDACTED]\",\"csrf_token\":\"[REDACTED]\"}', 200, '2026-06-06 09:04:53'),
(376, 4, 0, 0, 13, 12, 'ادارة المبيعات', 'aTmL9OS61jfylVSVfJC,PCObEnGZmDOiSpWJsZ0MtelCthMB', '::1', 'Mozilla/5.0 (Windows NT 10.0; Win64; x64) AppleWebKit/537.36 (KHTML, like Gecko) Chrome/148.0.0.0 Safari/537.36', 'projects', 'projects', 'import_preview', 'import_preview', NULL, NULL, NULL, NULL, 'http://localhost/ems/Projects/projects.php', 'POST', '{\"csrf_token\":\"[REDACTED]\"}', 200, '2026-06-06 09:05:08'),
(377, 4, 0, 0, 13, 12, 'ادارة المبيعات', 'aTmL9OS61jfylVSVfJC,PCObEnGZmDOiSpWJsZ0MtelCthMB', '::1', 'Mozilla/5.0 (Windows NT 10.0; Win64; x64) AppleWebKit/537.36 (KHTML, like Gecko) Chrome/148.0.0.0 Safari/537.36', 'projects', 'projects', 'import_preview', 'import_preview', NULL, NULL, NULL, NULL, 'http://localhost/ems/Projects/projects.php', 'POST', '{\"csrf_token\":\"[REDACTED]\"}', 200, '2026-06-06 09:05:42'),
(378, 4, 0, 0, 13, 12, 'ادارة المبيعات', 'aTmL9OS61jfylVSVfJC,PCObEnGZmDOiSpWJsZ0MtelCthMB', '::1', 'Mozilla/5.0 (Windows NT 10.0; Win64; x64) AppleWebKit/537.36 (KHTML, like Gecko) Chrome/148.0.0.0 Safari/537.36', 'projects', 'projects', 'template', 'template', NULL, NULL, NULL, NULL, 'http://localhost/ems/Projects/projects.php', 'GET', '{\"entity\":\"projects\",\"action\":\"template\"}', 200, '2026-06-06 09:06:18'),
(379, 4, 0, 0, 13, 12, 'ادارة المبيعات', 'EXCuWnbRF438fRdEtdDGhC2zW4IOW7YGKVw6RJpYUjq-y4Rz', '::1', 'Mozilla/5.0 (Windows NT 10.0; Win64; x64) AppleWebKit/537.36 (KHTML, like Gecko) Chrome/148.0.0.0 Safari/537.36', 'logout', 'auth', 'logout', NULL, NULL, NULL, NULL, NULL, 'http://localhost/ems/logout.php', 'GET', NULL, 200, '2026-06-06 09:52:02'),
(380, 4, 0, 0, 6, 3, 'ادارة الاسطول', 'mMNdPX7mOUx1fHUJXQhP3JFLUEY1PHJBUnHXWadk8y,8drNN', '::1', 'Mozilla/5.0 (Windows NT 10.0; Win64; x64) AppleWebKit/537.36 (KHTML, like Gecko) Chrome/148.0.0.0 Safari/537.36', 'login', 'auth', 'login', NULL, NULL, NULL, NULL, NULL, 'http://localhost/ems/login.php', 'POST', '{\"username\":\"يسن\",\"password\":\"[REDACTED]\",\"csrf_token\":\"[REDACTED]\"}', 200, '2026-06-06 09:52:16'),
(381, 4, 0, 0, 6, 3, 'ادارة الاسطول', 'mMNdPX7mOUx1fHUJXQhP3JFLUEY1PHJBUnHXWadk8y,8drNN', '::1', 'Mozilla/5.0 (Windows NT 10.0; Win64; x64) AppleWebKit/537.36 (KHTML, like Gecko) Chrome/148.0.0.0 Safari/537.36', 'equipments_fleet', 'equipments', 'template', 'template', NULL, NULL, NULL, NULL, 'http://localhost/ems/Equipments/equipments_fleet.php', 'GET', '{\"entity\":\"equipments\",\"action\":\"template\"}', 200, '2026-06-06 10:07:31'),
(382, 4, 0, 0, 6, 3, 'ادارة الاسطول', 'mMNdPX7mOUx1fHUJXQhP3JFLUEY1PHJBUnHXWadk8y,8drNN', '::1', 'Mozilla/5.0 (Windows NT 10.0; Win64; x64) AppleWebKit/537.36 (KHTML, like Gecko) Chrome/148.0.0.0 Safari/537.36', 'equipments_fleet', 'equipments', 'import_preview', 'import_preview', NULL, NULL, NULL, NULL, 'http://localhost/ems/Equipments/equipments_fleet.php', 'POST', '{\"csrf_token\":\"[REDACTED]\"}', 200, '2026-06-06 10:08:06'),
(383, 4, 0, 0, 6, 3, 'ادارة الاسطول', 'mMNdPX7mOUx1fHUJXQhP3JFLUEY1PHJBUnHXWadk8y,8drNN', '::1', 'Mozilla/5.0 (Windows NT 10.0; Win64; x64) AppleWebKit/537.36 (KHTML, like Gecko) Chrome/148.0.0.0 Safari/537.36', 'equipments_fleet', 'equipments', 'import_preview', 'import_preview', NULL, NULL, NULL, NULL, 'http://localhost/ems/Equipments/equipments_fleet.php', 'POST', '{\"csrf_token\":\"[REDACTED]\"}', 200, '2026-06-06 10:12:48'),
(384, 4, 0, 0, 6, 3, 'ادارة الاسطول', 'mMNdPX7mOUx1fHUJXQhP3JFLUEY1PHJBUnHXWadk8y,8drNN', '::1', 'Mozilla/5.0 (Windows NT 10.0; Win64; x64) AppleWebKit/537.36 (KHTML, like Gecko) Chrome/148.0.0.0 Safari/537.36', 'equipments_fleet', 'equipments', 'import_commit', 'import_commit', NULL, NULL, NULL, NULL, 'http://localhost/ems/Equipments/equipments_fleet.php', 'POST', '{\"token\":\"[REDACTED]\",\"csrf_token\":\"[REDACTED]\"}', 200, '2026-06-06 10:13:02'),
(385, 4, 0, 0, 6, 3, 'ادارة الاسطول', 'mMNdPX7mOUx1fHUJXQhP3JFLUEY1PHJBUnHXWadk8y,8drNN', '::1', 'Mozilla/5.0 (Windows NT 10.0; Win64; x64) AppleWebKit/537.36 (KHTML, like Gecko) Chrome/148.0.0.0 Safari/537.36', 'equipments_fleet', 'equipments', 'create', 'create', NULL, NULL, NULL, NULL, 'http://localhost/ems/Equipments/equipments_fleet.php?edit=18', 'POST', '{\"edit_id\":\"18\",\"suppliers\":\"7\",\"code\":\"EQP-02001-3\",\"type\":\"1\",\"name\":\"EXC\",\"serial_number\":\"EXC-2024-001\",\"chassis_number\":\"CAT320-ABC123456\",\"machine_number\":\"\",\"manufacturer\":\"كاتربيلر\",\"model\":\"320D\",\"manufacturing_year\":\"2018\",\"import_year\":\"2020\",\"equipment_condition\":\"في حالة جيدة\",\"operating_hours\":\"5400\",\"engine_condition\":\"جيدة\",\"tires_condition\":\"N/A\",\"actual_owner_name\":\"محمد علي أحمد\",\"owner_type\":\"مالك فردي\",\"owner_phone\":\"249912345678\",\"owner_supplier_relation\":\"تابع للمورد (مملوكة للمورد نفسه)\",\"license_number\":\"VEH-2024-12345\",\"license_authority\":\"المرور\",\"document_type\":\"\",\"license_expiry_date\":\"2025-12-31\",\"inspection_certificate_number\":\"INS-2024-001\",\"last_inspection_date\":\"2024-06-15\",\"current_location\":\"منجم الذهب الشرقي\",\"availability_state\":\"متوفرة\",\"site_supervisor_name\":\"\",\"site_supervisor_contact\":\"\",\"estimated_value\":\"150000.00\",\"daily_rental_price\":\"500.00\",\"monthly_rental_price\":\"10000.00\",\"insurance_status\":\"مؤمن بالكامل\",\"general_notes\":\"معدة موثوقة، تحتاج صيانة دورية\",\"last_maintenance_date\":\"2024-05-10\",\"status\":\"0\"}', 302, '2026-06-06 10:13:32'),
(386, 4, 0, 0, 6, 3, 'ادارة الاسطول', 'mMNdPX7mOUx1fHUJXQhP3JFLUEY1PHJBUnHXWadk8y,8drNN', '::1', 'Mozilla/5.0 (Windows NT 10.0; Win64; x64) AppleWebKit/537.36 (KHTML, like Gecko) Chrome/148.0.0.0 Safari/537.36', 'logout', 'auth', 'logout', NULL, NULL, NULL, NULL, NULL, 'http://localhost/ems/logout.php', 'GET', NULL, 200, '2026-06-06 10:13:43'),
(387, 4, 0, 0, 7, 4, 'ادارة الموارد البشرية', '8cRuIaHF6mCr3IKE3V,U8hLq0CQu2UNgYc488X2Utva9B2SH', '::1', 'Mozilla/5.0 (Windows NT 10.0; Win64; x64) AppleWebKit/537.36 (KHTML, like Gecko) Chrome/148.0.0.0 Safari/537.36', 'login', 'auth', 'login', NULL, NULL, NULL, NULL, NULL, 'http://localhost/ems/login.php', 'POST', '{\"username\":\"اروينا\",\"password\":\"[REDACTED]\",\"csrf_token\":\"[REDACTED]\"}', 200, '2026-06-06 10:13:49'),
(388, 4, 0, 0, 7, 4, 'ادارة الموارد البشرية', '8cRuIaHF6mCr3IKE3V,U8hLq0CQu2UNgYc488X2Utva9B2SH', '::1', 'Mozilla/5.0 (Windows NT 10.0; Win64; x64) AppleWebKit/537.36 (KHTML, like Gecko) Chrome/148.0.0.0 Safari/537.36', 'drivers', 'drivers', 'template', 'template', NULL, NULL, NULL, NULL, 'http://localhost/ems/Drivers/drivers.php', 'GET', '{\"entity\":\"drivers\",\"action\":\"template\"}', 200, '2026-06-06 10:13:56'),
(389, 4, 0, 0, 7, 4, 'ادارة الموارد البشرية', '8cRuIaHF6mCr3IKE3V,U8hLq0CQu2UNgYc488X2Utva9B2SH', '::1', 'Mozilla/5.0 (Windows NT 10.0; Win64; x64) AppleWebKit/537.36 (KHTML, like Gecko) Chrome/148.0.0.0 Safari/537.36', 'drivers', 'drivers', 'import_preview', 'import_preview', NULL, NULL, NULL, NULL, 'http://localhost/ems/Drivers/drivers.php', 'POST', '{\"csrf_token\":\"[REDACTED]\"}', 200, '2026-06-06 10:14:34'),
(390, 4, 0, 0, 7, 4, 'ادارة الموارد البشرية', '8cRuIaHF6mCr3IKE3V,U8hLq0CQu2UNgYc488X2Utva9B2SH', '::1', 'Mozilla/5.0 (Windows NT 10.0; Win64; x64) AppleWebKit/537.36 (KHTML, like Gecko) Chrome/148.0.0.0 Safari/537.36', 'drivers', 'drivers', 'import_preview', 'import_preview', NULL, NULL, NULL, NULL, 'http://localhost/ems/Drivers/drivers.php', 'POST', '{\"csrf_token\":\"[REDACTED]\"}', 200, '2026-06-06 10:14:53'),
(391, 4, 0, 0, 7, 4, 'ادارة الموارد البشرية', '8cRuIaHF6mCr3IKE3V,U8hLq0CQu2UNgYc488X2Utva9B2SH', '::1', 'Mozilla/5.0 (Windows NT 10.0; Win64; x64) AppleWebKit/537.36 (KHTML, like Gecko) Chrome/148.0.0.0 Safari/537.36', 'drivers', 'drivers', 'import_preview', 'import_preview', NULL, NULL, NULL, NULL, 'http://localhost/ems/Drivers/drivers.php', 'POST', '{\"csrf_token\":\"[REDACTED]\"}', 200, '2026-06-06 10:16:07'),
(392, 4, 0, 0, 7, 4, 'ادارة الموارد البشرية', '8cRuIaHF6mCr3IKE3V,U8hLq0CQu2UNgYc488X2Utva9B2SH', '::1', 'Mozilla/5.0 (Windows NT 10.0; Win64; x64) AppleWebKit/537.36 (KHTML, like Gecko) Chrome/148.0.0.0 Safari/537.36', 'drivers', 'drivers', 'import_commit', 'import_commit', NULL, NULL, NULL, NULL, 'http://localhost/ems/Drivers/drivers.php', 'POST', '{\"token\":\"[REDACTED]\",\"csrf_token\":\"[REDACTED]\"}', 200, '2026-06-06 10:16:18'),
(393, 4, 0, 0, 7, 4, 'ادارة الموارد البشرية', '8cRuIaHF6mCr3IKE3V,U8hLq0CQu2UNgYc488X2Utva9B2SH', '::1', 'Mozilla/5.0 (Windows NT 10.0; Win64; x64) AppleWebKit/537.36 (KHTML, like Gecko) Chrome/148.0.0.0 Safari/537.36', 'drivers', 'drivers', 'import_preview', 'import_preview', NULL, NULL, NULL, NULL, 'http://localhost/ems/Drivers/drivers.php', 'POST', '{\"csrf_token\":\"[REDACTED]\"}', 200, '2026-06-06 10:38:29'),
(394, 4, 0, 0, 7, 4, 'ادارة الموارد البشرية', '8cRuIaHF6mCr3IKE3V,U8hLq0CQu2UNgYc488X2Utva9B2SH', '::1', 'Mozilla/5.0 (Windows NT 10.0; Win64; x64) AppleWebKit/537.36 (KHTML, like Gecko) Chrome/148.0.0.0 Safari/537.36', 'logout', 'auth', 'logout', NULL, NULL, NULL, NULL, NULL, 'http://localhost/ems/logout.php', 'GET', NULL, 200, '2026-06-06 10:39:13'),
(395, 4, 4, 4, 12, 5, 'مدير الموقع', 'idrhTZGXJyWPjcTzv5OUOP,aIafctD8KJzSd-9fzYb3y1kVE', '::1', 'Mozilla/5.0 (Windows NT 10.0; Win64; x64) AppleWebKit/537.36 (KHTML, like Gecko) Chrome/148.0.0.0 Safari/537.36', 'login', 'auth', 'login', NULL, NULL, NULL, NULL, NULL, 'http://localhost/ems/login.php', 'POST', '{\"username\":\"مدير موقع الروسية\",\"password\":\"[REDACTED]\",\"csrf_token\":\"[REDACTED]\"}', 200, '2026-06-06 10:39:35'),
(396, 4, 4, 4, 12, 5, 'مدير الموقع', 'idrhTZGXJyWPjcTzv5OUOP,aIafctD8KJzSd-9fzYb3y1kVE', '::1', 'Mozilla/5.0 (Windows NT 10.0; Win64; x64) AppleWebKit/537.36 (KHTML, like Gecko) Chrome/148.0.0.0 Safari/537.36', 'timesheet', 'timesheet', 'get_event_types', 'get_event_types', NULL, NULL, NULL, NULL, 'http://localhost/ems/Timesheet/timesheet.php?type=1', 'GET', '{\"action\":\"get_event_types\",\"equipment_type\":\"1\"}', 200, '2026-06-06 10:39:40'),
(397, 4, 4, 4, 12, 5, 'مدير الموقع', 'idrhTZGXJyWPjcTzv5OUOP,aIafctD8KJzSd-9fzYb3y1kVE', '::1', 'Mozilla/5.0 (Windows NT 10.0; Win64; x64) AppleWebKit/537.36 (KHTML, like Gecko) Chrome/148.0.0.0 Safari/537.36', 'timesheet', 'timesheet', 'get_event_types', 'get_event_types', NULL, NULL, NULL, NULL, 'http://localhost/ems/Timesheet/timesheet.php?type=1', 'GET', '{\"action\":\"get_event_types\",\"equipment_type\":\"3\"}', 200, '2026-06-06 10:39:40'),
(398, 4, 4, 4, 12, 5, 'مدير الموقع', 'idrhTZGXJyWPjcTzv5OUOP,aIafctD8KJzSd-9fzYb3y1kVE', '::1', 'Mozilla/5.0 (Windows NT 10.0; Win64; x64) AppleWebKit/537.36 (KHTML, like Gecko) Chrome/148.0.0.0 Safari/537.36', 'timesheet', 'timesheet', 'get_event_types', 'get_event_types', NULL, NULL, NULL, NULL, 'http://localhost/ems/Timesheet/timesheet.php?type=1', 'GET', '{\"action\":\"get_event_types\",\"equipment_type\":\"1\"}', 200, '2026-06-06 10:39:40'),
(399, 4, 4, 4, 12, 5, 'مدير الموقع', 'idrhTZGXJyWPjcTzv5OUOP,aIafctD8KJzSd-9fzYb3y1kVE', '::1', 'Mozilla/5.0 (Windows NT 10.0; Win64; x64) AppleWebKit/537.36 (KHTML, like Gecko) Chrome/148.0.0.0 Safari/537.36', 'timesheet', 'timesheet', 'template', 'template', NULL, NULL, NULL, NULL, 'http://localhost/ems/Timesheet/timesheet.php?type=1', 'GET', '{\"entity\":\"timesheet\",\"action\":\"template\"}', 200, '2026-06-06 10:39:45'),
(400, 4, 4, 4, 12, 5, 'مدير الموقع', 'idrhTZGXJyWPjcTzv5OUOP,aIafctD8KJzSd-9fzYb3y1kVE', '::1', 'Mozilla/5.0 (Windows NT 10.0; Win64; x64) AppleWebKit/537.36 (KHTML, like Gecko) Chrome/148.0.0.0 Safari/537.36', 'timesheet', 'timesheet', 'import_preview', 'import_preview', NULL, NULL, NULL, NULL, 'http://localhost/ems/Timesheet/timesheet.php?type=1', 'POST', '{\"csrf_token\":\"[REDACTED]\"}', 200, '2026-06-06 10:40:36'),
(401, 4, 4, 4, 12, 5, 'مدير الموقع', 'idrhTZGXJyWPjcTzv5OUOP,aIafctD8KJzSd-9fzYb3y1kVE', '::1', 'Mozilla/5.0 (Windows NT 10.0; Win64; x64) AppleWebKit/537.36 (KHTML, like Gecko) Chrome/148.0.0.0 Safari/537.36', 'logout', 'auth', 'logout', NULL, NULL, NULL, NULL, NULL, 'http://localhost/ems/logout.php', 'GET', NULL, 200, '2026-06-06 10:41:13'),
(402, 4, 0, 0, 13, 12, 'ادارة المبيعات', 'sdGT-LOXgm,jXTQuXHHLfnn8LeZBivMmxskDfSGc4odwD9hj', '::1', 'Mozilla/5.0 (Windows NT 10.0; Win64; x64) AppleWebKit/537.36 (KHTML, like Gecko) Chrome/148.0.0.0 Safari/537.36', 'login', 'auth', 'login', NULL, NULL, NULL, NULL, NULL, 'http://localhost/ems/login.php', 'POST', '{\"username\":\"مبيعات\",\"password\":\"[REDACTED]\",\"csrf_token\":\"[REDACTED]\"}', 200, '2026-06-06 10:41:25'),
(403, 4, 0, 0, 13, 12, 'ادارة المبيعات', 'sdGT-LOXgm,jXTQuXHHLfnn8LeZBivMmxskDfSGc4odwD9hj', '::1', 'Mozilla/5.0 (Windows NT 10.0; Win64; x64) AppleWebKit/537.36 (KHTML, like Gecko) Chrome/148.0.0.0 Safari/537.36', 'contracts', 'contracts', 'template', 'template', NULL, NULL, NULL, NULL, 'http://localhost/ems/Contracts/contracts.php?filter_project_id=8', 'GET', '{\"entity\":\"contracts\",\"action\":\"template\"}', 200, '2026-06-06 10:41:39'),
(404, 4, 0, 0, 13, 12, 'ادارة المبيعات', 'sdGT-LOXgm,jXTQuXHHLfnn8LeZBivMmxskDfSGc4odwD9hj', '::1', 'Mozilla/5.0 (Windows NT 10.0; Win64; x64) AppleWebKit/537.36 (KHTML, like Gecko) Chrome/148.0.0.0 Safari/537.36', 'contracts', 'contracts', 'export', 'export', NULL, NULL, NULL, NULL, 'http://localhost/ems/Contracts/contracts.php?filter_project_id=8', 'GET', '{\"entity\":\"contracts\",\"action\":\"export\"}', 200, '2026-06-06 10:42:04'),
(405, 4, 0, 0, 13, 12, 'ادارة المبيعات', 'sdGT-LOXgm,jXTQuXHHLfnn8LeZBivMmxskDfSGc4odwD9hj', '::1', 'Mozilla/5.0 (Windows NT 10.0; Win64; x64) AppleWebKit/537.36 (KHTML, like Gecko) Chrome/148.0.0.0 Safari/537.36', 'clients', 'clients', 'template', 'template', NULL, NULL, NULL, NULL, 'http://localhost/ems/Clients/clients.php', 'GET', '{\"entity\":\"clients\",\"action\":\"template\"}', 200, '2026-06-06 10:56:31'),
(406, 4, 0, 0, 13, 12, 'ادارة المبيعات', 'sdGT-LOXgm,jXTQuXHHLfnn8LeZBivMmxskDfSGc4odwD9hj', '::1', 'Mozilla/5.0 (Windows NT 10.0; Win64; x64) AppleWebKit/537.36 (KHTML, like Gecko) Chrome/148.0.0.0 Safari/537.36', 'clients', 'clients', 'import_preview', 'import_preview', NULL, NULL, NULL, NULL, 'http://localhost/ems/Clients/clients.php', 'POST', '{\"csrf_token\":\"[REDACTED]\"}', 200, '2026-06-06 10:57:20'),
(407, 4, 0, 0, 13, 12, 'ادارة المبيعات', 'sdGT-LOXgm,jXTQuXHHLfnn8LeZBivMmxskDfSGc4odwD9hj', '::1', 'Mozilla/5.0 (Windows NT 10.0; Win64; x64) AppleWebKit/537.36 (KHTML, like Gecko) Chrome/148.0.0.0 Safari/537.36', 'clients', 'clients', 'import_commit', 'import_commit', NULL, NULL, NULL, NULL, 'http://localhost/ems/Clients/clients.php', 'POST', '{\"token\":\"[REDACTED]\",\"csrf_token\":\"[REDACTED]\"}', 200, '2026-06-06 10:57:31'),
(408, 4, 0, 0, 13, 12, 'ادارة المبيعات', 'sdGT-LOXgm,jXTQuXHHLfnn8LeZBivMmxskDfSGc4odwD9hj', '::1', 'Mozilla/5.0 (Windows NT 10.0; Win64; x64) AppleWebKit/537.36 (KHTML, like Gecko) Chrome/148.0.0.0 Safari/537.36', 'logout', 'auth', 'logout', NULL, NULL, NULL, NULL, NULL, 'http://localhost/ems/logout.php', 'GET', NULL, 200, '2026-06-06 11:03:59'),
(409, 4, 0, 0, 7, 4, 'ادارة الموارد البشرية', 'gzR4fg3IrZSdk,vuZuJl,Sb2AR2AKeD,rZmyVgjeakkOqI2H', '::1', 'Mozilla/5.0 (Windows NT 10.0; Win64; x64) AppleWebKit/537.36 (KHTML, like Gecko) Chrome/148.0.0.0 Safari/537.36', 'login', 'auth', 'login', NULL, NULL, NULL, NULL, NULL, 'http://localhost/ems/login.php', 'POST', '{\"username\":\"اروينا\",\"password\":\"[REDACTED]\",\"csrf_token\":\"[REDACTED]\"}', 200, '2026-06-06 11:04:05'),
(410, 4, 0, 0, 7, 4, 'ادارة الموارد البشرية', 'gzR4fg3IrZSdk,vuZuJl,Sb2AR2AKeD,rZmyVgjeakkOqI2H', '::1', 'Mozilla/5.0 (Windows NT 10.0; Win64; x64) AppleWebKit/537.36 (KHTML, like Gecko) Chrome/148.0.0.0 Safari/537.36', 'drivers', 'drivers', 'template', 'template', NULL, NULL, NULL, NULL, 'http://localhost/ems/Drivers/drivers.php', 'GET', '{\"entity\":\"drivers\",\"action\":\"template\"}', 200, '2026-06-06 11:04:15'),
(411, 4, 0, 0, 7, 4, 'ادارة الموارد البشرية', 'gzR4fg3IrZSdk,vuZuJl,Sb2AR2AKeD,rZmyVgjeakkOqI2H', '::1', 'Mozilla/5.0 (Windows NT 10.0; Win64; x64) AppleWebKit/537.36 (KHTML, like Gecko) Chrome/148.0.0.0 Safari/537.36', 'logout', 'auth', 'logout', NULL, NULL, NULL, NULL, NULL, 'http://localhost/ems/logout.php', 'GET', NULL, 200, '2026-06-06 11:22:04'),
(412, 4, 0, 0, 13, 12, 'ادارة المبيعات', 'eWn2wGZT1BdNk2X6madUrt6yHOeGyp73ttN,grMZo0oSI9r9', '::1', 'Mozilla/5.0 (Windows NT 10.0; Win64; x64) AppleWebKit/537.36 (KHTML, like Gecko) Chrome/148.0.0.0 Safari/537.36', 'login', 'auth', 'login', NULL, NULL, NULL, NULL, NULL, 'http://localhost/ems/login.php', 'POST', '{\"username\":\"مبيعات\",\"password\":\"[REDACTED]\",\"csrf_token\":\"[REDACTED]\"}', 200, '2026-06-06 11:22:23'),
(413, 4, 0, 0, 13, 12, 'ادارة المبيعات', 'eWn2wGZT1BdNk2X6madUrt6yHOeGyp73ttN,grMZo0oSI9r9', '::1', 'Mozilla/5.0 (Windows NT 10.0; Win64; x64) AppleWebKit/537.36 (KHTML, like Gecko) Chrome/148.0.0.0 Safari/537.36', 'clients', 'clients', 'template', 'template', NULL, NULL, NULL, NULL, 'http://localhost/ems/Clients/clients.php', 'GET', '{\"entity\":\"clients\",\"action\":\"template\"}', 200, '2026-06-06 11:22:27'),
(414, 4, 0, 0, 13, 12, 'ادارة المبيعات', 'eWn2wGZT1BdNk2X6madUrt6yHOeGyp73ttN,grMZo0oSI9r9', '::1', 'Mozilla/5.0 (Windows NT 10.0; Win64; x64) AppleWebKit/537.36 (KHTML, like Gecko) Chrome/148.0.0.0 Safari/537.36', 'clients', 'clients', 'import_preview', 'import_preview', NULL, NULL, NULL, NULL, 'http://localhost/ems/Clients/clients.php', 'POST', '{\"csrf_token\":\"[REDACTED]\"}', 200, '2026-06-06 11:22:34'),
(415, 4, 0, 0, 13, 12, 'ادارة المبيعات', '-v0MRqtW3Ey76MRQQwZZqoNBRQpxaCmjP9F3AsJyONtNyYUt', '::1', 'Mozilla/5.0 (Windows NT 10.0; Win64; x64) AppleWebKit/537.36 (KHTML, like Gecko) Chrome/148.0.0.0 Safari/537.36', 'logout', 'auth', 'logout', NULL, NULL, NULL, NULL, NULL, 'http://localhost/ems/logout.php', 'GET', NULL, 200, '2026-06-06 12:00:46'),
(416, 4, 0, 0, 7, 4, 'ادارة الموارد البشرية', 'v3yivHHK-2A3jQqAAyE87k82YjnsXLSbGB1ImsV94Dbzbp7R', '::1', 'Mozilla/5.0 (Windows NT 10.0; Win64; x64) AppleWebKit/537.36 (KHTML, like Gecko) Chrome/148.0.0.0 Safari/537.36', 'login', 'auth', 'login', NULL, NULL, NULL, NULL, NULL, 'http://localhost/ems/login.php', 'POST', '{\"username\":\"اروينا\",\"password\":\"[REDACTED]\",\"csrf_token\":\"[REDACTED]\"}', 200, '2026-06-06 12:00:51'),
(417, 4, 0, 0, 7, 4, 'ادارة الموارد البشرية', 'v3yivHHK-2A3jQqAAyE87k82YjnsXLSbGB1ImsV94Dbzbp7R', '::1', 'Mozilla/5.0 (Windows NT 10.0; Win64; x64) AppleWebKit/537.36 (KHTML, like Gecko) Chrome/148.0.0.0 Safari/537.36', 'logout', 'auth', 'logout', NULL, NULL, NULL, NULL, NULL, 'http://localhost/ems/logout.php', 'GET', NULL, 200, '2026-06-06 12:00:57'),
(418, 4, 4, 4, 11, 6, 'مدير حركة وتشغيل', 'GUV,sOYc2VRQr8rOkjvlm4aaeVw5x-53eYVkEXxG0sJvyT-r', '::1', 'Mozilla/5.0 (Windows NT 10.0; Win64; x64) AppleWebKit/537.36 (KHTML, like Gecko) Chrome/148.0.0.0 Safari/537.36', 'login', 'auth', 'login', NULL, NULL, NULL, NULL, NULL, 'http://localhost/ems/login.php', 'POST', '{\"username\":\"حركة - الروسية\",\"password\":\"[REDACTED]\",\"csrf_token\":\"[REDACTED]\"}', 200, '2026-06-06 12:01:05'),
(419, 4, 4, 4, 11, 6, 'مدير حركة وتشغيل', 'GUV,sOYc2VRQr8rOkjvlm4aaeVw5x-53eYVkEXxG0sJvyT-r', '::1', 'Mozilla/5.0 (Windows NT 10.0; Win64; x64) AppleWebKit/537.36 (KHTML, like Gecko) Chrome/148.0.0.0 Safari/537.36', 'logout', 'auth', 'logout', NULL, NULL, NULL, NULL, NULL, 'http://localhost/ems/logout.php', 'GET', NULL, 200, '2026-06-06 12:01:29'),
(420, 4, 4, 4, 11, 6, 'مدير حركة وتشغيل', 'Vc5BI2WJpEeIryvRQ8-cKTSgP8WNE8qLFGLLaLeN2883fNeS', '::1', 'Mozilla/5.0 (Windows NT 10.0; Win64; x64) AppleWebKit/537.36 (KHTML, like Gecko) Chrome/148.0.0.0 Safari/537.36', 'login', 'auth', 'login', NULL, NULL, NULL, NULL, NULL, 'http://localhost/ems/login.php', 'POST', '{\"username\":\"حركة - الروسية\",\"password\":\"[REDACTED]\",\"csrf_token\":\"[REDACTED]\"}', 200, '2026-06-06 12:10:35'),
(421, 4, 4, 4, 11, 6, 'مدير حركة وتشغيل', 'jSRBZFNUanfpi5HvWsEjGkSQU9t3IZje1YczmRAz2tAkrCqP', '127.0.0.1', 'Mozilla/5.0 (Windows NT 10.0; Win64; x64; rv:151.0) Gecko/20100101 Firefox/151.0', 'login', 'auth', 'login', NULL, NULL, NULL, NULL, NULL, 'http://localhost/ems/login.php', 'POST', '{\"username\":\"حركة - الروسية\",\"password\":\"[REDACTED]\",\"csrf_token\":\"[REDACTED]\"}', 200, '2026-06-06 13:47:53'),
(422, 4, 4, 4, 11, 6, 'مدير حركة وتشغيل', 'Vc5BI2WJpEeIryvRQ8-cKTSgP8WNE8qLFGLLaLeN2883fNeS', '::1', 'Mozilla/5.0 (Windows NT 10.0; Win64; x64) AppleWebKit/537.36 (KHTML, like Gecko) Chrome/148.0.0.0 Safari/537.36', 'logout', 'auth', 'logout', NULL, NULL, NULL, NULL, NULL, 'http://localhost/ems/logout.php', 'GET', NULL, 200, '2026-06-06 14:25:16'),
(423, 4, 0, 0, 13, 12, 'ادارة المبيعات', 'h10YZlWxSE3HE95jr3ME,u0JiCZRbSxjA88wWZogaf1u0gHJ', '::1', 'Mozilla/5.0 (Windows NT 10.0; Win64; x64) AppleWebKit/537.36 (KHTML, like Gecko) Chrome/148.0.0.0 Safari/537.36', 'login', 'auth', 'login', NULL, NULL, NULL, NULL, NULL, 'http://localhost/ems/login.php', 'POST', '{\"username\":\"مبيعات\",\"password\":\"[REDACTED]\",\"csrf_token\":\"[REDACTED]\"}', 200, '2026-06-06 14:25:23'),
(424, 4, 0, 0, 13, 12, 'ادارة المبيعات', 'h10YZlWxSE3HE95jr3ME,u0JiCZRbSxjA88wWZogaf1u0gHJ', '::1', 'Mozilla/5.0 (Windows NT 10.0; Win64; x64) AppleWebKit/537.36 (KHTML, like Gecko) Chrome/148.0.0.0 Safari/537.36', 'logout', 'auth', 'logout', NULL, NULL, NULL, NULL, NULL, 'http://localhost/ems/logout.php', 'GET', NULL, 200, '2026-06-06 14:34:06'),
(425, 4, 4, 4, 11, 6, 'مدير حركة وتشغيل', 'piJ9ApKPJ6AK7QQnPbDT,zxlZiJOEI9zOSPZR1kt1ojX7b8x', '::1', 'Mozilla/5.0 (Windows NT 10.0; Win64; x64) AppleWebKit/537.36 (KHTML, like Gecko) Chrome/148.0.0.0 Safari/537.36', 'login', 'auth', 'login', NULL, NULL, NULL, NULL, NULL, 'http://localhost/ems/login.php', 'POST', '{\"username\":\"حركة - الروسية\",\"password\":\"[REDACTED]\",\"csrf_token\":\"[REDACTED]\"}', 200, '2026-06-06 14:34:12'),
(426, 4, 4, 4, 11, 6, 'مدير حركة وتشغيل', 'XolJhBmW3Rb6rniQddSiK6ya1WZ0oWtud,C9Ql0YDovJuAvu', '::1', 'Mozilla/5.0 (Windows NT 10.0; Win64; x64) AppleWebKit/537.36 (KHTML, like Gecko) Chrome/148.0.0.0 Safari/537.36', 'login', 'auth', 'login', NULL, NULL, NULL, NULL, NULL, 'http://localhost/ems/login.php?timeout=1', 'POST', '{\"username\":\"حركة - الروسية\",\"password\":\"[REDACTED]\",\"csrf_token\":\"[REDACTED]\"}', 200, '2026-06-06 15:08:46'),
(427, NULL, NULL, NULL, NULL, NULL, NULL, 'xhRbq4Y7d,nFh7oo9GxQ2mP59vO-ttkIYwrtcKV1pXJ46eGg', '::1', 'curl/8.7.1', 'login', 'api', 'create', 'create', NULL, NULL, NULL, NULL, 'http://localhost/ems/api/login', 'POST', NULL, 401, '2026-06-06 18:23:23'),
(428, 4, 4, 4, 11, 6, 'مدير حركة وتشغيل', ',Akr53d-6TSNk22AfAUINGBjHNr3f-svv5KyowNWe4PMbe2N', '::1', 'curl/8.7.1', 'operations', 'api', 'create', 'create', NULL, NULL, NULL, NULL, 'http://localhost/ems/api/operations', 'POST', NULL, 409, '2026-06-06 18:24:40'),
(429, 4, 4, 4, 11, 6, 'مدير حركة وتشغيل', 'iDrx-AIjerxldSgozjepvzg7gn0LxBPZpeEeyCHriuaMFDL4', '::1', 'curl/8.7.1', '13', 'api', 'create', 'create', NULL, NULL, NULL, NULL, 'http://localhost/ems/api/operations/13', 'PUT', NULL, 404, '2026-06-06 18:24:40'),
(430, 4, 4, 4, 11, 6, 'مدير حركة وتشغيل', 'VB4EvAMjkzvBQCZ,ds6R7M856k5UOSI4pQg9qOVybxib5yin', '::1', 'curl/8.7.1', '13', 'api', 'create', 'create', NULL, NULL, NULL, NULL, 'http://localhost/ems/api/operations/13', 'PUT', NULL, 422, '2026-06-06 18:24:40'),
(431, 4, 4, 4, 11, 6, 'مدير حركة وتشغيل', 'b7YIDrPSrNJKNLiKlAwA1dxgJU9jl2V4GEtvY18OOml4yWKZ', '::1', 'curl/8.7.1', '13', 'api', 'create', 'create', NULL, NULL, NULL, NULL, 'http://localhost/ems/api/operations/13', 'PUT', NULL, 200, '2026-06-06 18:26:09'),
(432, 4, 4, 4, 11, 6, 'مدير حركة وتشغيل', 'tL8,nH2iaLi5NWRJise4xJ1k0S4ucdZTnahriNbbBAL7rXVh', '::1', 'curl/8.7.1', '999999', 'api', 'create', 'create', NULL, NULL, NULL, NULL, 'http://localhost/ems/api/operations/999999', 'PUT', NULL, 404, '2026-06-06 18:26:09'),
(433, 4, 4, 4, 11, 6, 'مدير حركة وتشغيل', 'ox78zvtLETPgy4vGD2bMFHVjOHGiObPf3Y7ViyH8jguPl9VB', '::1', 'curl/8.7.1', 'equipment-drivers', 'api', 'create', 'create', NULL, NULL, NULL, NULL, 'http://localhost/ems/api/equipment-drivers', 'POST', NULL, 201, '2026-06-06 18:26:09'),
(434, 4, 4, 4, 11, 6, 'مدير حركة وتشغيل', 'Jw9DSEoUUdCgmHZAgOfGJGLZNzu1AfIHMYX1Wd33KPlhwyIM', '::1', 'curl/8.7.1', 'equipment-drivers', 'api', 'create', 'create', NULL, NULL, NULL, NULL, 'http://localhost/ems/api/equipment-drivers', 'POST', NULL, 409, '2026-06-06 18:26:10'),
(435, 4, 4, 4, 11, 6, 'مدير حركة وتشغيل', 'RZ1xUZmhRoybJn1ZlxKwSyzlm8xev-B37f3Evaa4HrxDTVoO', '::1', 'curl/8.7.1', '26', 'api', 'create', 'create', NULL, NULL, NULL, NULL, 'http://localhost/ems/api/equipment-drivers/26', 'PUT', NULL, 200, '2026-06-06 18:26:33'),
(436, NULL, NULL, NULL, NULL, NULL, NULL, 'lQtMfnNGa0hTPmR0-jCpz28yQuoWwVN-cqf8adon6LV2RWv6', '::1', 'curl/8.7.1', 'login', 'api', 'create', 'create', NULL, NULL, NULL, NULL, 'http://localhost/ems/api/login', 'POST', NULL, 401, '2026-06-06 19:02:44'),
(437, NULL, NULL, NULL, NULL, NULL, NULL, 'YsvSUgEOJkSEa09,8BJLJb2dybN0U2ZfcsqvMRAGrI14kszB', '::1', 'Mozilla/5.0 (Windows NT 10.0; Win64; x64) AppleWebKit/537.36 (KHTML, like Gecko) Code/1.122.1 Chrome/142.0.7444.265 Electron/39.8.8 Safari/537.36', 'web', 'flutter_app', 'create', 'create', NULL, NULL, NULL, NULL, 'http://localhost/ems/flutter_app/build/web/', 'POST', NULL, 200, '2026-06-06 19:05:23'),
(438, 4, 4, 4, 11, 6, 'مدير حركة وتشغيل', 'YsvSUgEOJkSEa09,8BJLJb2dybN0U2ZfcsqvMRAGrI14kszB', '::1', 'Mozilla/5.0 (Windows NT 10.0; Win64; x64) AppleWebKit/537.36 (KHTML, like Gecko) Code/1.122.1 Chrome/142.0.7444.265 Electron/39.8.8 Safari/537.36', 'web', 'flutter_app', 'create', 'create', NULL, NULL, NULL, NULL, 'http://localhost/ems/flutter_app/build/web/', 'POST', NULL, 201, '2026-06-06 19:05:58'),
(439, 4, 4, 4, 11, 6, 'مدير حركة وتشغيل', 'YsvSUgEOJkSEa09,8BJLJb2dybN0U2ZfcsqvMRAGrI14kszB', '::1', 'Mozilla/5.0 (Windows NT 10.0; Win64; x64) AppleWebKit/537.36 (KHTML, like Gecko) Code/1.122.1 Chrome/142.0.7444.265 Electron/39.8.8 Safari/537.36', 'web', 'flutter_app', 'create', 'create', NULL, NULL, NULL, NULL, 'http://localhost/ems/flutter_app/build/web/', 'PUT', NULL, 200, '2026-06-06 19:07:50'),
(440, 4, 4, 4, 11, 6, 'مدير حركة وتشغيل', 'YsvSUgEOJkSEa09,8BJLJb2dybN0U2ZfcsqvMRAGrI14kszB', '::1', 'Mozilla/5.0 (Windows NT 10.0; Win64; x64) AppleWebKit/537.36 (KHTML, like Gecko) Code/1.122.1 Chrome/142.0.7444.265 Electron/39.8.8 Safari/537.36', 'web', 'flutter_app', 'create', 'create', NULL, NULL, NULL, NULL, 'http://localhost/ems/flutter_app/build/web/', 'PUT', NULL, 200, '2026-06-06 19:08:15'),
(441, 4, 4, 4, 11, 6, 'مدير حركة وتشغيل', 'YsvSUgEOJkSEa09,8BJLJb2dybN0U2ZfcsqvMRAGrI14kszB', '::1', 'Mozilla/5.0 (Windows NT 10.0; Win64; x64) AppleWebKit/537.36 (KHTML, like Gecko) Code/1.122.1 Chrome/142.0.7444.265 Electron/39.8.8 Safari/537.36', 'web', 'flutter_app', 'create', 'create', NULL, NULL, NULL, NULL, 'http://localhost/ems/flutter_app/build/web/', 'POST', NULL, 201, '2026-06-06 19:09:58'),
(442, 4, 4, 4, 11, 6, 'مدير حركة وتشغيل', 'YsvSUgEOJkSEa09,8BJLJb2dybN0U2ZfcsqvMRAGrI14kszB', '::1', 'Mozilla/5.0 (Windows NT 10.0; Win64; x64) AppleWebKit/537.36 (KHTML, like Gecko) Code/1.122.1 Chrome/142.0.7444.265 Electron/39.8.8 Safari/537.36', 'web', 'flutter_app', 'create', 'create', NULL, NULL, NULL, NULL, 'http://localhost/ems/flutter_app/build/web/', 'PUT', NULL, 200, '2026-06-06 19:11:22'),
(443, 4, 4, 4, 11, 6, 'مدير حركة وتشغيل', 'jSRBZFNUanfpi5HvWsEjGkSQU9t3IZje1YczmRAz2tAkrCqP', '127.0.0.1', 'Mozilla/5.0 (Windows NT 10.0; Win64; x64; rv:151.0) Gecko/20100101 Firefox/151.0', 'logout', 'auth', 'logout', NULL, NULL, NULL, NULL, NULL, 'http://localhost/ems/logout.php', 'GET', NULL, 200, '2026-06-06 19:17:44'),
(444, NULL, NULL, NULL, NULL, NULL, NULL, 'uz3sgyaOOhioEruv3y-pTaFU9AKQE5lAYgR9Gx1fp500XQhE', '127.0.0.1', 'Mozilla/5.0 (Windows NT 10.0; Win64; x64; rv:151.0) Gecko/20100101 Firefox/151.0', 'web', 'flutter_app', 'create', 'create', NULL, NULL, NULL, NULL, 'http://localhost/ems/flutter_app/build/web/', 'POST', NULL, 200, '2026-06-06 19:54:42'),
(445, NULL, NULL, NULL, NULL, NULL, NULL, 'A3cCF07qV9ex2TCXpxsWcHtz0PgQEZ0J5Wm4EOkVajfers0-', '192.168.1.21', 'Dart/3.6 (dart:io)', 'login', 'api', 'create', 'create', NULL, NULL, NULL, NULL, 'http://192.168.1.9/ems/api/login', 'POST', NULL, 401, '2026-06-06 20:18:10'),
(446, NULL, NULL, NULL, NULL, NULL, NULL, 'z,lPD5Hi-W-aJ,BflXLgADt6DRa6YkaUKPi-,W6pw3HPHH5-', '192.168.1.21', 'Dart/3.6 (dart:io)', 'login', 'api', 'create', 'create', NULL, NULL, NULL, NULL, 'http://192.168.1.9/ems/api/login', 'POST', NULL, 200, '2026-06-06 20:18:27'),
(447, 4, 4, 4, 11, 6, 'مدير حركة وتشغيل', 'pQ0wCK8tPNR6wYNfKlyy8W1ffRcRED2gNHcjl43,6jqt3w,H', '192.168.1.21', 'Dart/3.6 (dart:io)', '17', 'api', 'create', 'create', NULL, NULL, NULL, NULL, 'http://192.168.1.9/ems/api/operations/17', 'PUT', NULL, 200, '2026-06-06 20:19:21'),
(448, 4, 4, 4, 11, 6, 'مدير حركة وتشغيل', 'pxSuGFo5Oy21gh9dMd3hPXFwM80lbsrJ9irrZPSL54HKnId7', '192.168.1.21', 'Dart/3.6 (dart:io)', '17', 'api', 'create', 'create', NULL, NULL, NULL, NULL, 'http://192.168.1.9/ems/api/operations/17', 'PUT', NULL, 200, '2026-06-06 20:19:31'),
(449, NULL, NULL, NULL, NULL, NULL, NULL, 'g7,lnAvu2ZAJ1V7,IToh8HrSBT6Rt4M59g9dyaiLT3lKS26S', '192.168.1.21', 'Dart/3.6 (dart:io)', 'login', 'api', 'create', 'create', NULL, NULL, NULL, NULL, 'http://192.168.1.9/ems/api/login', 'POST', NULL, 200, '2026-06-07 07:33:00'),
(450, 4, 4, 4, 11, 6, 'مدير حركة وتشغيل', 'bJ9XZoZ0g7FLJ-Ss0s8cONulvB3B6AHe5rKxkF0z5h-TSYf5', '192.168.1.21', 'Dart/3.6 (dart:io)', 'logout', 'api', 'create', 'create', NULL, NULL, NULL, NULL, 'http://192.168.1.9/ems/api/logout', 'POST', NULL, 200, '2026-06-07 07:33:04'),
(451, NULL, NULL, NULL, NULL, NULL, NULL, 'kUt7na2kvw-POOk0-UKncBFbPTKcfHDMPsSG,f18Hnnc16su', '192.168.1.21', 'Dart/3.6 (dart:io)', 'login', 'api', 'create', 'create', NULL, NULL, NULL, NULL, 'http://192.168.1.9/ems/api/login', 'POST', NULL, 200, '2026-06-07 07:33:21'),
(452, 4, 0, 0, 4, 1, 'ادارة التشغيل', '4HF2FjFu-oW1ijBqhBucKhlqWCOHN0R0x9dlZxEyZTjXoRRo', '127.0.0.1', 'Mozilla/5.0 (Windows NT 10.0; Win64; x64; rv:151.0) Gecko/20100101 Firefox/151.0', 'login', 'auth', 'login', NULL, NULL, NULL, NULL, NULL, 'http://localhost/ems/login.php?timeout=1', 'POST', '{\"username\":\"محمد\",\"password\":\"[REDACTED]\",\"csrf_token\":\"[REDACTED]\"}', 200, '2026-06-07 11:41:42'),
(453, 4, 0, 0, 4, 1, 'ادارة التشغيل', 'u89Cj5c9hmAEfc9tSu9rMBi2wZIXaS5TVh8qeB7MV8ETUeVA', '::1', 'Mozilla/5.0 (Windows NT 10.0; Win64; x64) AppleWebKit/537.36 (KHTML, like Gecko) Chrome/148.0.0.0 Safari/537.36', 'login', 'auth', 'login', NULL, NULL, NULL, NULL, NULL, 'http://localhost/ems/login.php', 'POST', '{\"username\":\"محمد\",\"password\":\"[REDACTED]\",\"csrf_token\":\"[REDACTED]\"}', 200, '2026-06-07 14:44:08'),
(454, 4, 0, 0, 4, 1, 'ادارة التشغيل', 'u89Cj5c9hmAEfc9tSu9rMBi2wZIXaS5TVh8qeB7MV8ETUeVA', '::1', 'Mozilla/5.0 (Windows NT 10.0; Win64; x64) AppleWebKit/537.36 (KHTML, like Gecko) Chrome/148.0.0.0 Safari/537.36', 'send_message', 'chats', 'send', 'إرسال', NULL, 42, NULL, '{\"receiver_id\":5,\"message_id\":42}', 'http://localhost/ems/chats/send_message.php', 'POST', '{\"receiver_id\":\"5\",\"message\":\"lflmvc\"}', 200, '2026-06-07 14:44:27'),
(455, 4, 0, 0, 4, 1, 'ادارة التشغيل', 'LB02CWfYz2PzH,EtSSRK8rPGKV2ot5aXtePwJkimSu2jdQf5', '::1', 'Mozilla/5.0 (Windows NT 10.0; Win64; x64) AppleWebKit/537.36 (KHTML, like Gecko) Chrome/148.0.0.0 Safari/537.36', 'logout', 'auth', 'logout', NULL, NULL, NULL, NULL, NULL, 'http://localhost/ems/logout.php', 'GET', NULL, 200, '2026-06-07 14:47:46'),
(456, 4, 0, 0, 4, 1, 'ادارة التشغيل', '0ZFSxC5bKNRFLettSA1jU26eCM6hxkiZrVtmU4cslGfXPybw', '::1', 'Mozilla/5.0 (Windows NT 10.0; Win64; x64) AppleWebKit/537.36 (KHTML, like Gecko) Chrome/148.0.0.0 Safari/537.36', 'login', 'auth', 'login', NULL, NULL, NULL, NULL, NULL, 'http://localhost/ems/login.php', 'POST', '{\"username\":\"محمد\",\"password\":\"[REDACTED]\",\"csrf_token\":\"[REDACTED]\"}', 200, '2026-06-07 14:47:52'),
(457, 4, 0, 0, 4, 1, 'ادارة التشغيل', '0ZFSxC5bKNRFLettSA1jU26eCM6hxkiZrVtmU4cslGfXPybw', '::1', 'Mozilla/5.0 (Windows NT 10.0; Win64; x64) AppleWebKit/537.36 (KHTML, like Gecko) Chrome/148.0.0.0 Safari/537.36', 'logout', 'auth', 'logout', NULL, NULL, NULL, NULL, NULL, 'http://localhost/ems/logout.php', 'GET', NULL, 200, '2026-06-07 14:47:56'),
(458, 4, 0, 0, 13, 12, 'ادارة المبيعات', 'HsqO,XgZkwrrNh4nB9kOMHT8lr,klB7Ae6X4iYdbHwPSPbTL', '::1', 'Mozilla/5.0 (Windows NT 10.0; Win64; x64) AppleWebKit/537.36 (KHTML, like Gecko) Chrome/148.0.0.0 Safari/537.36', 'login', 'auth', 'login', NULL, NULL, NULL, NULL, NULL, 'http://localhost/ems/login.php', 'POST', '{\"username\":\"مبيعات\",\"password\":\"[REDACTED]\",\"csrf_token\":\"[REDACTED]\"}', 200, '2026-06-07 14:48:04'),
(459, 4, 0, 0, 13, 12, 'ادارة المبيعات', 'HsqO,XgZkwrrNh4nB9kOMHT8lr,klB7Ae6X4iYdbHwPSPbTL', '::1', 'Mozilla/5.0 (Windows NT 10.0; Win64; x64) AppleWebKit/537.36 (KHTML, like Gecko) Chrome/148.0.0.0 Safari/537.36', 'logout', 'auth', 'logout', NULL, NULL, NULL, NULL, NULL, 'http://localhost/ems/logout.php', 'GET', NULL, 200, '2026-06-07 14:48:44'),
(460, 4, 4, 4, 11, 6, 'مدير حركة وتشغيل', 'vTl4mv8giuihgC3NJHGAZ40RfpSc9w7gIIK-96M9LYokFFot', '::1', 'Mozilla/5.0 (Windows NT 10.0; Win64; x64) AppleWebKit/537.36 (KHTML, like Gecko) Chrome/148.0.0.0 Safari/537.36', 'login', 'auth', 'login', NULL, NULL, NULL, NULL, NULL, 'http://localhost/ems/login.php', 'POST', '{\"username\":\"حركة - الروسية\",\"password\":\"[REDACTED]\",\"csrf_token\":\"[REDACTED]\"}', 200, '2026-06-07 14:48:49'),
(461, 4, 4, 4, 11, 6, 'مدير حركة وتشغيل', 'vTl4mv8giuihgC3NJHGAZ40RfpSc9w7gIIK-96M9LYokFFot', '::1', 'Mozilla/5.0 (Windows NT 10.0; Win64; x64) AppleWebKit/537.36 (KHTML, like Gecko) Chrome/148.0.0.0 Safari/537.36', 'logout', 'auth', 'logout', NULL, NULL, NULL, NULL, NULL, 'http://localhost/ems/logout.php', 'GET', NULL, 200, '2026-06-07 14:49:56'),
(462, 4, 4, 4, 12, 5, 'مدير الموقع', ',okGsbNMFma7aqdL8bbN84sknrTAzelYv1OxXN02sFTSHCsO', '::1', 'Mozilla/5.0 (Windows NT 10.0; Win64; x64) AppleWebKit/537.36 (KHTML, like Gecko) Chrome/148.0.0.0 Safari/537.36', 'login', 'auth', 'login', NULL, NULL, NULL, NULL, NULL, 'http://localhost/ems/login.php', 'POST', '{\"username\":\"مدير موقع الروسية\",\"password\":\"[REDACTED]\",\"csrf_token\":\"[REDACTED]\"}', 200, '2026-06-07 14:50:06'),
(463, 4, 4, 4, 12, 5, 'مدير الموقع', ',okGsbNMFma7aqdL8bbN84sknrTAzelYv1OxXN02sFTSHCsO', '::1', 'Mozilla/5.0 (Windows NT 10.0; Win64; x64) AppleWebKit/537.36 (KHTML, like Gecko) Chrome/148.0.0.0 Safari/537.36', 'timesheet', 'timesheet', 'get_event_types', 'get_event_types', NULL, NULL, NULL, NULL, 'http://localhost/ems/Timesheet/timesheet.php?type=1', 'GET', '{\"action\":\"get_event_types\",\"equipment_type\":\"1\"}', 200, '2026-06-07 14:50:10');
INSERT INTO `activity_logs` (`id`, `company_id`, `project_id`, `contract_id`, `user_id`, `role_id`, `role_name`, `session_id`, `ip_address`, `user_agent`, `screen_name`, `module_name`, `action_type`, `button_name`, `field_name`, `record_id`, `old_value`, `new_value`, `url`, `http_method`, `request_payload`, `response_status`, `created_at`) VALUES
(464, 4, 4, 4, 12, 5, 'مدير الموقع', ',okGsbNMFma7aqdL8bbN84sknrTAzelYv1OxXN02sFTSHCsO', '::1', 'Mozilla/5.0 (Windows NT 10.0; Win64; x64) AppleWebKit/537.36 (KHTML, like Gecko) Chrome/148.0.0.0 Safari/537.36', 'timesheet', 'timesheet', 'get_event_types', 'get_event_types', NULL, NULL, NULL, NULL, 'http://localhost/ems/Timesheet/timesheet.php?type=1', 'GET', '{\"action\":\"get_event_types\",\"equipment_type\":\"3\"}', 200, '2026-06-07 14:50:10'),
(465, 4, 4, 4, 12, 5, 'مدير الموقع', ',okGsbNMFma7aqdL8bbN84sknrTAzelYv1OxXN02sFTSHCsO', '::1', 'Mozilla/5.0 (Windows NT 10.0; Win64; x64) AppleWebKit/537.36 (KHTML, like Gecko) Chrome/148.0.0.0 Safari/537.36', 'timesheet', 'timesheet', 'get_event_types', 'get_event_types', NULL, NULL, NULL, NULL, 'http://localhost/ems/Timesheet/timesheet.php?type=1', 'GET', '{\"action\":\"get_event_types\",\"equipment_type\":\"1\"}', 200, '2026-06-07 14:50:10'),
(466, 4, 4, 4, 12, 5, 'مدير الموقع', ',okGsbNMFma7aqdL8bbN84sknrTAzelYv1OxXN02sFTSHCsO', '::1', 'Mozilla/5.0 (Windows NT 10.0; Win64; x64) AppleWebKit/537.36 (KHTML, like Gecko) Chrome/148.0.0.0 Safari/537.36', 'timesheet', 'timesheet', 'get_event_types', 'get_event_types', NULL, NULL, NULL, NULL, 'http://localhost/ems/Timesheet/timesheet.php?type=1', 'GET', '{\"action\":\"get_event_types\",\"equipment_type\":\"1\"}', 200, '2026-06-07 14:50:15'),
(467, 4, 4, 4, 12, 5, 'مدير الموقع', ',okGsbNMFma7aqdL8bbN84sknrTAzelYv1OxXN02sFTSHCsO', '::1', 'Mozilla/5.0 (Windows NT 10.0; Win64; x64) AppleWebKit/537.36 (KHTML, like Gecko) Chrome/148.0.0.0 Safari/537.36', 'timesheet', 'timesheet', 'get_event_types', 'get_event_types', NULL, NULL, NULL, NULL, 'http://localhost/ems/Timesheet/timesheet.php?type=1', 'GET', '{\"action\":\"get_event_types\",\"equipment_type\":\"3\"}', 200, '2026-06-07 14:50:15'),
(468, 4, 4, 4, 12, 5, 'مدير الموقع', ',okGsbNMFma7aqdL8bbN84sknrTAzelYv1OxXN02sFTSHCsO', '::1', 'Mozilla/5.0 (Windows NT 10.0; Win64; x64) AppleWebKit/537.36 (KHTML, like Gecko) Chrome/148.0.0.0 Safari/537.36', 'timesheet', 'timesheet', 'get_event_types', 'get_event_types', NULL, NULL, NULL, NULL, 'http://localhost/ems/Timesheet/timesheet.php?type=1', 'GET', '{\"action\":\"get_event_types\",\"equipment_type\":\"1\"}', 200, '2026-06-07 14:50:15'),
(469, 4, 4, 4, 12, 5, 'مدير الموقع', ',okGsbNMFma7aqdL8bbN84sknrTAzelYv1OxXN02sFTSHCsO', '::1', 'Mozilla/5.0 (Windows NT 10.0; Win64; x64) AppleWebKit/537.36 (KHTML, like Gecko) Chrome/148.0.0.0 Safari/537.36', 'timesheet', 'timesheet', 'get_event_types', 'get_event_types', NULL, NULL, NULL, NULL, 'http://localhost/ems/Timesheet/timesheet.php?type=1', 'GET', '{\"action\":\"get_event_types\",\"equipment_type\":\"1\"}', 200, '2026-06-07 15:07:21'),
(470, 4, 4, 4, 12, 5, 'مدير الموقع', ',okGsbNMFma7aqdL8bbN84sknrTAzelYv1OxXN02sFTSHCsO', '::1', 'Mozilla/5.0 (Windows NT 10.0; Win64; x64) AppleWebKit/537.36 (KHTML, like Gecko) Chrome/148.0.0.0 Safari/537.36', 'timesheet', 'timesheet', 'get_event_types', 'get_event_types', NULL, NULL, NULL, NULL, 'http://localhost/ems/Timesheet/timesheet.php?type=1', 'GET', '{\"action\":\"get_event_types\",\"equipment_type\":\"3\"}', 200, '2026-06-07 15:07:21'),
(471, 4, 4, 4, 12, 5, 'مدير الموقع', ',okGsbNMFma7aqdL8bbN84sknrTAzelYv1OxXN02sFTSHCsO', '::1', 'Mozilla/5.0 (Windows NT 10.0; Win64; x64) AppleWebKit/537.36 (KHTML, like Gecko) Chrome/148.0.0.0 Safari/537.36', 'timesheet', 'timesheet', 'get_event_types', 'get_event_types', NULL, NULL, NULL, NULL, 'http://localhost/ems/Timesheet/timesheet.php?type=1', 'GET', '{\"action\":\"get_event_types\",\"equipment_type\":\"1\"}', 200, '2026-06-07 15:07:21'),
(472, 4, 4, 5, 14, 5, 'مدير الموقع', 'kChWy-L1vCAgcxGAWCGVP9pTWLUsQ,Qp4mrdgxZId-NWet3C', '::1', 'curl/8.7.1', 'timesheets', 'api', 'create', 'create', NULL, NULL, NULL, NULL, 'http://localhost/ems/api/timesheets', 'POST', NULL, 201, '2026-06-07 16:50:05'),
(473, 4, 4, 5, 14, 5, 'مدير الموقع', 'TY6APOYAuhPTzEpvZk,EnYpPy6Ad,h6sjNwJHrA,gBqw7d-D', '::1', 'curl/8.7.1', 'timesheets', 'api', 'create', 'create', NULL, NULL, NULL, NULL, 'http://localhost/ems/api/timesheets', 'POST', NULL, 422, '2026-06-07 16:50:06'),
(474, 4, 4, 5, 14, 5, 'مدير الموقع', 'aXhErgEDI-,izz85aRVxGQHbAh8Y0R1FhwRkqKbz2o0TqTxh', '::1', 'curl/8.7.1', 'timesheets', 'api', 'create', 'create', NULL, NULL, NULL, NULL, 'http://localhost/ems/api/sync/timesheets', 'POST', NULL, 200, '2026-06-07 16:51:11'),
(475, 4, 4, 5, 14, 5, 'مدير الموقع', '8X1CCAeCmFUhla0a8O7ae7WaRuv9skJQj9tJprB0ONPRcOjC', '::1', 'curl/8.7.1', 'timesheets', 'api', 'create', 'create', NULL, NULL, NULL, NULL, 'http://localhost/ems/api/sync/timesheets', 'POST', NULL, 200, '2026-06-07 16:51:12'),
(476, 4, 4, 5, 14, 5, 'مدير الموقع', 'M5fjxRfihricm5edGPKu0PH2u8k07sN5jojcG9J9KJ3hL,en', '::1', 'curl/8.7.1', '250', 'api', 'create', 'create', NULL, NULL, NULL, NULL, 'http://localhost/ems/api/timesheets/250', 'DELETE', NULL, 200, '2026-06-07 16:51:48'),
(477, 4, 4, 5, 14, 5, 'مدير الموقع', 'Qs0yz1pcFm8fW0YO7F2Cc8ul7dB3z5KimydWLVk,kMJk8G86', '::1', 'curl/8.7.1', '251', 'api', 'create', 'create', NULL, NULL, NULL, NULL, 'http://localhost/ems/api/timesheets/251', 'DELETE', NULL, 200, '2026-06-07 16:51:48'),
(478, 4, 0, 0, 4, 1, 'ادارة التشغيل', '4HF2FjFu-oW1ijBqhBucKhlqWCOHN0R0x9dlZxEyZTjXoRRo', '127.0.0.1', 'Mozilla/5.0 (Windows NT 10.0; Win64; x64; rv:151.0) Gecko/20100101 Firefox/151.0', 'logout', 'auth', 'logout', NULL, NULL, NULL, NULL, NULL, 'http://localhost/ems/logout.php', 'GET', NULL, 200, '2026-06-07 17:41:48'),
(479, NULL, NULL, NULL, NULL, NULL, NULL, 'cCIhAFBCVoOu1hoH0or-AXZIncTkgjXkljaIZf2TeUNqoZk-', '192.168.1.21', 'Dart/3.6 (dart:io)', 'login', 'api', 'create', 'create', NULL, NULL, NULL, NULL, 'http://192.168.1.9/ems/api/login', 'POST', NULL, 200, '2026-06-07 17:42:46'),
(480, 4, 4, 4, 12, 5, 'مدير الموقع', 'irQFlEgWHr7g7dctr2JCo7lwbxqX2AmmHLKztGS8odb54vDk', '192.168.1.21', 'Dart/3.6 (dart:io)', 'timesheets', 'api', 'create', 'create', NULL, NULL, NULL, NULL, 'http://192.168.1.9/ems/api/sync/timesheets', 'POST', NULL, 200, '2026-06-07 17:45:22'),
(481, 4, 4, 4, 12, 5, 'مدير الموقع', 'ExUUc,LNPdy,Xi8Z4NemSFQc4KFgN0qD-GLeIOnRDDaGksja', '127.0.0.1', 'Mozilla/5.0 (Windows NT 10.0; Win64; x64; rv:151.0) Gecko/20100101 Firefox/151.0', 'login', 'auth', 'login', NULL, NULL, NULL, NULL, NULL, 'http://localhost/ems/login.php', 'POST', '{\"username\":\"مدير موقع الروسية\",\"password\":\"[REDACTED]\",\"csrf_token\":\"[REDACTED]\"}', 200, '2026-06-07 17:45:49'),
(482, 4, 4, 4, 12, 5, 'مدير الموقع', 'ExUUc,LNPdy,Xi8Z4NemSFQc4KFgN0qD-GLeIOnRDDaGksja', '127.0.0.1', 'Mozilla/5.0 (Windows NT 10.0; Win64; x64; rv:151.0) Gecko/20100101 Firefox/151.0', 'timesheet', 'timesheet', 'get_event_types', 'get_event_types', NULL, NULL, NULL, NULL, 'http://localhost/ems/Timesheet/timesheet.php?type=1', 'GET', '{\"action\":\"get_event_types\",\"equipment_type\":\"1\"}', 200, '2026-06-07 17:45:57'),
(483, 4, 4, 4, 12, 5, 'مدير الموقع', 'ExUUc,LNPdy,Xi8Z4NemSFQc4KFgN0qD-GLeIOnRDDaGksja', '127.0.0.1', 'Mozilla/5.0 (Windows NT 10.0; Win64; x64; rv:151.0) Gecko/20100101 Firefox/151.0', 'timesheet', 'timesheet', 'get_event_types', 'get_event_types', NULL, NULL, NULL, NULL, 'http://localhost/ems/Timesheet/timesheet.php?type=1', 'GET', '{\"action\":\"get_event_types\",\"equipment_type\":\"1\"}', 200, '2026-06-07 17:45:57'),
(484, 4, 4, 4, 12, 5, 'مدير الموقع', 'ExUUc,LNPdy,Xi8Z4NemSFQc4KFgN0qD-GLeIOnRDDaGksja', '127.0.0.1', 'Mozilla/5.0 (Windows NT 10.0; Win64; x64; rv:151.0) Gecko/20100101 Firefox/151.0', 'timesheet', 'timesheet', 'get_event_types', 'get_event_types', NULL, NULL, NULL, NULL, 'http://localhost/ems/Timesheet/timesheet.php?type=1', 'GET', '{\"action\":\"get_event_types\",\"equipment_type\":\"3\"}', 200, '2026-06-07 17:45:57'),
(485, 4, 4, 4, 12, 5, 'مدير الموقع', 'ppaVi-zQbxaasW-rYPuD3W-oVE6Wkw4bRIqUPOu78IxrS7RN', '192.168.1.21', 'Dart/3.6 (dart:io)', 'timesheets', 'api', 'create', 'create', NULL, NULL, NULL, NULL, 'http://192.168.1.9/ems/api/sync/timesheets', 'POST', NULL, 200, '2026-06-07 17:59:26'),
(486, 4, 4, 4, 12, 5, 'مدير الموقع', '9n6q14M9nmie9PvacIxJGca7ul4WRJgNWgnKoPZPlBsqfNuf', '192.168.1.21', 'Dart/3.6 (dart:io)', 'timesheets', 'api', 'create', 'create', NULL, NULL, NULL, NULL, 'http://192.168.1.9/ems/api/sync/timesheets', 'POST', NULL, 200, '2026-06-07 20:06:07'),
(487, NULL, NULL, NULL, NULL, NULL, NULL, '6t,vEyr3i3HcYKUyEa3GmOUpzdl7HygeDt7sk6b1aOLCsMRE', '192.168.1.21', 'Dart/3.6 (dart:io)', 'login', 'api', 'create', 'create', NULL, NULL, NULL, NULL, 'http://192.168.1.9/ems/api/login', 'POST', NULL, 401, '2026-06-07 20:40:28'),
(488, NULL, NULL, NULL, NULL, NULL, NULL, 'OGuuPWyeSSedNbzwnWHjk0miof0gZwa42hVwg-khng3XZWF8', '192.168.1.21', 'Dart/3.6 (dart:io)', 'login', 'api', 'create', 'create', NULL, NULL, NULL, NULL, 'http://192.168.1.9/ems/api/login', 'POST', NULL, 401, '2026-06-07 20:40:34'),
(489, NULL, NULL, NULL, NULL, NULL, NULL, 'MAeUAf,yNejuaA1prAyajHgPx0Ytbzc6AYOEkgZWHYCQW,Oj', '192.168.1.21', 'Dart/3.6 (dart:io)', 'login', 'api', 'create', 'create', NULL, NULL, NULL, NULL, 'http://192.168.1.9/ems/api/login', 'POST', NULL, 200, '2026-06-07 20:40:46'),
(490, 4, 4, 4, 12, 5, 'مدير الموقع', ',okGsbNMFma7aqdL8bbN84sknrTAzelYv1OxXN02sFTSHCsO', '::1', 'Mozilla/5.0 (Windows NT 10.0; Win64; x64) AppleWebKit/537.36 (KHTML, like Gecko) Chrome/148.0.0.0 Safari/537.36', 'logout', 'auth', 'logout', NULL, NULL, NULL, NULL, NULL, 'http://localhost/ems/logout.php', 'GET', NULL, 200, '2026-06-07 20:52:31'),
(491, 4, 4, 4, 11, 6, 'مدير حركة وتشغيل', 'SG,G63E9,Ay5kulQGaR,0mZrco,SIWS11jaBTqZAK2aUz2v2', '::1', 'Mozilla/5.0 (Windows NT 10.0; Win64; x64) AppleWebKit/537.36 (KHTML, like Gecko) Chrome/148.0.0.0 Safari/537.36', 'login', 'auth', 'login', NULL, NULL, NULL, NULL, NULL, 'http://localhost/ems/login.php', 'POST', '{\"username\":\"حركة - الروسية\",\"password\":\"[REDACTED]\",\"csrf_token\":\"[REDACTED]\"}', 200, '2026-06-07 20:52:37'),
(492, 4, 4, 4, 11, 6, 'مدير حركة وتشغيل', 'SG,G63E9,Ay5kulQGaR,0mZrco,SIWS11jaBTqZAK2aUz2v2', '::1', 'Mozilla/5.0 (Windows NT 10.0; Win64; x64) AppleWebKit/537.36 (KHTML, like Gecko) Chrome/148.0.0.0 Safari/537.36', 'logout', 'auth', 'logout', NULL, NULL, NULL, NULL, NULL, 'http://localhost/ems/logout.php', 'GET', NULL, 200, '2026-06-07 20:52:54'),
(493, 4, 0, 0, 6, 3, 'ادارة الاسطول', 'Jo4MKZjWqhH3ttus8WdIXWUQQnOL0p6Luq0kWjjGMwfSWYaO', '::1', 'Mozilla/5.0 (Windows NT 10.0; Win64; x64) AppleWebKit/537.36 (KHTML, like Gecko) Chrome/148.0.0.0 Safari/537.36', 'login', 'auth', 'login', NULL, NULL, NULL, NULL, NULL, 'http://localhost/ems/login.php', 'POST', '{\"username\":\"يسن\",\"password\":\"[REDACTED]\",\"csrf_token\":\"[REDACTED]\"}', 200, '2026-06-07 20:53:00'),
(494, 4, 0, 0, 6, 3, 'ادارة الاسطول', 'Jo4MKZjWqhH3ttus8WdIXWUQQnOL0p6Luq0kWjjGMwfSWYaO', '::1', 'Mozilla/5.0 (Windows NT 10.0; Win64; x64) AppleWebKit/537.36 (KHTML, like Gecko) Chrome/148.0.0.0 Safari/537.36', 'oprators', 'oprators', 'update', 'save_operation', NULL, 7, NULL, NULL, 'http://localhost/ems/Oprators/oprators.php?project_id=4', 'POST', '{\"operation_id\":\"\",\"project_id\":\"4\",\"contract_id\":\"4\",\"supplier_id\":\"7\",\"type\":\"1\",\"equipment\":\"18\",\"equipment_category\":\"أساسي\",\"start\":\"2026-06-07\",\"end\":\"2027-02-19\",\"hours\":\"0\",\"total_equipment_hours\":\"500\",\"shift_hours\":\"10\",\"shift_type\":\"D\",\"status\":\"1\",\"action\":\"save_operation\",\"save_operation_submit\":\"\"}', 200, '2026-06-07 20:54:02'),
(495, 4, 4, 4, 11, 6, 'مدير حركة وتشغيل', 'AIlgHQgElnHmuGciD0lV4Xib23DaZUKoqdFgXZPIuFdEfkeC', '192.168.1.21', 'Dart/3.6 (dart:io)', 'equipment-drivers', 'api', 'create', 'create', NULL, NULL, NULL, NULL, 'http://192.168.1.9/ems/api/equipment-drivers', 'POST', NULL, 201, '2026-06-07 20:55:18'),
(496, 4, 4, 4, 12, 5, 'مدير الموقع', '44souziOLlWIpg4l1YH1YbZ0DqLVExX1-JtkUlIlWLP7zIvs', '192.168.1.21', 'Dart/3.6 (dart:io)', 'timesheets', 'api', 'create', 'create', NULL, NULL, NULL, NULL, 'http://192.168.1.9/ems/api/sync/timesheets', 'POST', NULL, 200, '2026-06-07 20:58:07'),
(497, 4, 4, 4, 12, 5, 'مدير الموقع', 'KxWI7SobTuQWPcuGnP-PJzy7LfCb6AX8aeVYoPIglfytntOt', '192.168.1.21', 'Dart/3.6 (dart:io)', 'timesheets', 'api', 'create', 'create', NULL, NULL, NULL, NULL, 'http://192.168.1.9/ems/api/sync/timesheets', 'POST', NULL, 200, '2026-06-07 20:58:20'),
(498, 4, 4, 4, 12, 5, 'مدير الموقع', 'vP7q2lqF8Xc9iXISXh2MaM4yy897IddncR4Qmb6ntSIdnZL-', '192.168.1.21', 'Dart/3.6 (dart:io)', 'timesheets', 'api', 'create', 'create', NULL, NULL, NULL, NULL, 'http://192.168.1.9/ems/api/sync/timesheets', 'POST', NULL, 200, '2026-06-07 20:59:23'),
(499, 4, 4, 4, 12, 5, 'مدير الموقع', 'cNTICyww51m-e1hhM7D7tzcP6Wpxqc1Cpx6HH1,Gd0reploY', '192.168.1.21', 'Dart/3.6 (dart:io)', 'timesheets', 'api', 'create', 'create', NULL, NULL, NULL, NULL, 'http://192.168.1.9/ems/api/sync/timesheets', 'POST', NULL, 200, '2026-06-07 20:59:26'),
(500, 4, 4, 4, 12, 5, 'مدير الموقع', 'qqTld3MYu86ThPKpMW6VpDmAGPuS4xQc2PhOLcNMq2FE4Ki7', '192.168.1.21', 'Dart/3.6 (dart:io)', 'timesheets', 'api', 'create', 'create', NULL, NULL, NULL, NULL, 'http://192.168.1.9/ems/api/sync/timesheets', 'POST', NULL, 200, '2026-06-07 21:00:04'),
(501, 4, 4, 4, 12, 5, 'مدير الموقع', 'IuDswl6n8gBTbw5DM8O7Zj6BTr2HbhmXiXBgPclxkN7i-2tR', '192.168.1.21', 'Dart/3.6 (dart:io)', 'timesheets', 'api', 'create', 'create', NULL, NULL, NULL, NULL, 'http://192.168.1.9/ems/api/sync/timesheets', 'POST', NULL, 200, '2026-06-07 21:00:12'),
(502, 4, 4, 4, 12, 5, 'مدير الموقع', 'nHxk3I8ytN-ogZ8OOyU090MFNViYTuTvcCGhSBB0ENCzPGVa', '192.168.1.21', 'Dart/3.6 (dart:io)', 'timesheets', 'api', 'create', 'create', NULL, NULL, NULL, NULL, 'http://192.168.1.9/ems/api/sync/timesheets', 'POST', NULL, 200, '2026-06-07 21:00:20'),
(503, 4, 0, 0, 6, 3, 'ادارة الاسطول', 'Jo4MKZjWqhH3ttus8WdIXWUQQnOL0p6Luq0kWjjGMwfSWYaO', '::1', 'Mozilla/5.0 (Windows NT 10.0; Win64; x64) AppleWebKit/537.36 (KHTML, like Gecko) Chrome/148.0.0.0 Safari/537.36', 'project_users', 'main', 'create', 'create', NULL, NULL, NULL, NULL, 'http://localhost/ems/main/project_users.php', 'POST', '{\"username\":\"يسن\",\"uid\":\"0\"}', 200, '2026-06-08 06:10:41'),
(504, 4, 0, 0, 6, 3, 'ادارة الاسطول', 'Jo4MKZjWqhH3ttus8WdIXWUQQnOL0p6Luq0kWjjGMwfSWYaO', '::1', 'Mozilla/5.0 (Windows NT 10.0; Win64; x64) AppleWebKit/537.36 (KHTML, like Gecko) Chrome/148.0.0.0 Safari/537.36', 'project_users', 'main', 'create', 'create', NULL, NULL, NULL, NULL, 'http://localhost/ems/main/project_users.php', 'POST', '{\"username\":\"يسن\",\"uid\":\"0\"}', 200, '2026-06-08 06:21:52'),
(505, 4, 0, 0, 6, 3, 'ادارة الاسطول', 'Jo4MKZjWqhH3ttus8WdIXWUQQnOL0p6Luq0kWjjGMwfSWYaO', '::1', 'Mozilla/5.0 (Windows NT 10.0; Win64; x64) AppleWebKit/537.36 (KHTML, like Gecko) Chrome/148.0.0.0 Safari/537.36', 'logout', 'auth', 'logout', NULL, NULL, NULL, NULL, NULL, 'http://localhost/ems/logout.php', 'GET', NULL, 200, '2026-06-08 06:27:19'),
(506, 4, 0, 0, 6, 3, 'ادارة الاسطول', 'AZ2KjerLo8dxl58wRX819oqlyuuc0qUA-6,JnPRnEAsZkt6-', '::1', 'Mozilla/5.0 (Windows NT 10.0; Win64; x64) AppleWebKit/537.36 (KHTML, like Gecko) Chrome/148.0.0.0 Safari/537.36', 'login', 'auth', 'login', NULL, NULL, NULL, NULL, NULL, 'http://localhost/ems/login.php', 'POST', '{\"username\":\"يسن\",\"password\":\"[REDACTED]\",\"csrf_token\":\"[REDACTED]\"}', 200, '2026-06-08 06:27:22'),
(507, 4, 0, 0, 6, 3, 'ادارة الاسطول', 'AZ2KjerLo8dxl58wRX819oqlyuuc0qUA-6,JnPRnEAsZkt6-', '::1', 'Mozilla/5.0 (Windows NT 10.0; Win64; x64) AppleWebKit/537.36 (KHTML, like Gecko) Chrome/148.0.0.0 Safari/537.36', 'logout', 'auth', 'logout', NULL, NULL, NULL, NULL, NULL, 'http://localhost/ems/logout.php', 'GET', NULL, 200, '2026-06-08 06:27:42'),
(508, 4, 0, 0, 4, 1, 'ادارة التشغيل', 'inkBgOvJrlPVATQCu9KGLwcnvZwMwrWGYOQT1O4x,JSRwpBn', '::1', 'Mozilla/5.0 (Windows NT 10.0; Win64; x64) AppleWebKit/537.36 (KHTML, like Gecko) Chrome/148.0.0.0 Safari/537.36', 'login', 'auth', 'login', NULL, NULL, NULL, NULL, NULL, 'http://localhost/ems/login.php', 'POST', '{\"username\":\"محمد\",\"password\":\"[REDACTED]\",\"csrf_token\":\"[REDACTED]\"}', 200, '2026-06-08 06:27:48'),
(509, 4, 0, 0, 4, 1, 'ادارة التشغيل', 'inkBgOvJrlPVATQCu9KGLwcnvZwMwrWGYOQT1O4x,JSRwpBn', '::1', 'Mozilla/5.0 (Windows NT 10.0; Win64; x64) AppleWebKit/537.36 (KHTML, like Gecko) Chrome/148.0.0.0 Safari/537.36', 'logout', 'auth', 'logout', NULL, NULL, NULL, NULL, NULL, 'http://localhost/ems/logout.php', 'GET', NULL, 200, '2026-06-08 06:35:19'),
(510, 4, 4, 4, 11, 6, 'مدير حركة وتشغيل', '1k1x,X57ZBKZzZGd8XARWnjd7Y6he4SSwDx4ELPdlT15Qisd', '::1', 'Mozilla/5.0 (Windows NT 10.0; Win64; x64) AppleWebKit/537.36 (KHTML, like Gecko) Chrome/148.0.0.0 Safari/537.36', 'login', 'auth', 'login', NULL, NULL, NULL, NULL, NULL, 'http://localhost/ems/login.php', 'POST', '{\"username\":\"حركة - الروسية\",\"password\":\"[REDACTED]\",\"csrf_token\":\"[REDACTED]\"}', 200, '2026-06-08 06:35:25'),
(511, 4, 4, 4, 11, 6, 'مدير حركة وتشغيل', '1k1x,X57ZBKZzZGd8XARWnjd7Y6he4SSwDx4ELPdlT15Qisd', '::1', 'Mozilla/5.0 (Windows NT 10.0; Win64; x64) AppleWebKit/537.36 (KHTML, like Gecko) Chrome/148.0.0.0 Safari/537.36', 'movement_operations', 'movement', 'save_single_driver', 'save_single_driver', NULL, NULL, NULL, NULL, 'http://localhost/ems/movement/movement_operations.php?project_id=4', 'POST', '{\"action\":\"save_single_driver\",\"rel_id\":\"14\",\"shift_type\":\"B\",\"status\":\"0\",\"end_date\":\"2026-06-08\",\"json\":\"1\"}', 200, '2026-06-08 06:35:49'),
(512, 4, 4, 4, 11, 6, 'مدير حركة وتشغيل', '1k1x,X57ZBKZzZGd8XARWnjd7Y6he4SSwDx4ELPdlT15Qisd', '::1', 'Mozilla/5.0 (Windows NT 10.0; Win64; x64) AppleWebKit/537.36 (KHTML, like Gecko) Chrome/148.0.0.0 Safari/537.36', 'logout', 'auth', 'logout', NULL, NULL, NULL, NULL, NULL, 'http://localhost/ems/logout.php', 'GET', NULL, 200, '2026-06-08 06:36:31'),
(513, 4, 0, 0, 7, 4, 'ادارة الموارد البشرية', 'JCIX,mKJiNcXkJA8sO2le7cI1CjOuscYNR6RdJc7PiiJZFAf', '::1', 'Mozilla/5.0 (Windows NT 10.0; Win64; x64) AppleWebKit/537.36 (KHTML, like Gecko) Chrome/148.0.0.0 Safari/537.36', 'login', 'auth', 'login', NULL, NULL, NULL, NULL, NULL, 'http://localhost/ems/login.php', 'POST', '{\"username\":\"اروينا\",\"password\":\"[REDACTED]\",\"csrf_token\":\"[REDACTED]\"}', 200, '2026-06-08 06:36:40'),
(514, 4, 0, 0, 7, 4, 'ادارة الموارد البشرية', 'JCIX,mKJiNcXkJA8sO2le7cI1CjOuscYNR6RdJc7PiiJZFAf', '::1', 'Mozilla/5.0 (Windows NT 10.0; Win64; x64) AppleWebKit/537.36 (KHTML, like Gecko) Chrome/148.0.0.0 Safari/537.36', 'drivers', 'drivers', 'update', 'update', NULL, 23, NULL, NULL, 'http://localhost/ems/Drivers/drivers.php', 'POST', '{\"id\":\"23\",\"name\":\"جديد فضل جديد\",\"driver_code\":\"131355\",\"nickname\":\"جديد\",\"identity_type\":\"بطاقة هوية وطنية\",\"identity_number\":\"3132131331\",\"identity_expiry_date\":\"2026-05-08\",\"driver_photo\":\"\",\"identity_photo\":\"\",\"license_number\":\"61313\",\"license_type\":\"فئة د (شاحنات ثقيلة)\",\"license_expiry_date\":\"2026-05-03\",\"license_issuer\":\"مرور عطبرة\",\"specialized_equipment\":[\"حفارة (Excavator)\",\"دوزر (Dozer)\",\"جرافة (Loader)\"],\"years_in_field\":\"8\",\"years_on_equipment\":\"5\",\"skill_level\":\"كفء (3-5 سنوات)\",\"certificates\":\"\",\"owner_supervisor\":\"شركة صابركو\",\"supplier_id\":\"5\",\"project_id\":\"4\",\"employment_affiliation\":\"تابع لمالك المعدة مباشرة\",\"salary_type\":\"شهري\",\"monthly_salary\":\"1000.00\",\"email\":\"sudan@gmail.com\",\"phone\":\"6531533161\",\"phone_alternative\":\"532121235855\",\"address\":\"الخناق\",\"performance_rating\":\"جيد جداً\",\"behavior_record\":\"ممتاز (لا توجد شكاوى)\",\"accident_record\":\"نظيف (لا توجد حوادث)\",\"health_status\":\"سليم تماماً\",\"vaccinations_status\":\"محدثة\",\"health_issues\":\"\",\"previous_employer\":\"دال للتعدين\",\"employment_duration\":\"4\",\"reference_contact\":\"\",\"general_notes\":\"\",\"driver_status\":\"نشط\",\"start_date\":\"2025-09-08\",\"status\":\"1\"}', 302, '2026-06-08 06:37:20'),
(515, 4, 0, 0, 7, 4, 'ادارة الموارد البشرية', 'JCIX,mKJiNcXkJA8sO2le7cI1CjOuscYNR6RdJc7PiiJZFAf', '::1', 'Mozilla/5.0 (Windows NT 10.0; Win64; x64) AppleWebKit/537.36 (KHTML, like Gecko) Chrome/148.0.0.0 Safari/537.36', 'logout', 'auth', 'logout', NULL, NULL, NULL, NULL, NULL, 'http://localhost/ems/logout.php', 'GET', NULL, 200, '2026-06-08 06:37:24'),
(516, 4, 4, 4, 11, 6, 'مدير حركة وتشغيل', 'Zbv7F2-ZDIpviK54iy1haCBg3XUgnWtObGnGqKxlEuVDvv8R', '::1', 'Mozilla/5.0 (Windows NT 10.0; Win64; x64) AppleWebKit/537.36 (KHTML, like Gecko) Chrome/148.0.0.0 Safari/537.36', 'login', 'auth', 'login', NULL, NULL, NULL, NULL, NULL, 'http://localhost/ems/login.php', 'POST', '{\"username\":\"حركة - الروسية\",\"password\":\"[REDACTED]\",\"csrf_token\":\"[REDACTED]\"}', 200, '2026-06-08 06:37:50'),
(517, 4, 4, 4, 11, 6, 'مدير حركة وتشغيل', 'PCbIjZhenys0j6zuoQWvElLuvREVywNs2kT7kd-dWphOaWx8', '::1', 'Mozilla/5.0 (Windows NT 10.0; Win64; x64) AppleWebKit/537.36 (KHTML, like Gecko) Chrome/148.0.0.0 Safari/537.36', 'logout', 'auth', 'logout', NULL, NULL, NULL, NULL, NULL, 'http://localhost/ems/logout.php', 'GET', NULL, 200, '2026-06-08 06:48:46'),
(518, 4, 4, 4, 12, 5, 'مدير الموقع', 'ChC1HZHEZyaYpElFaz5455PTOPW4,,12GjYxaGHWWCIBnr4M', '::1', 'Mozilla/5.0 (Windows NT 10.0; Win64; x64) AppleWebKit/537.36 (KHTML, like Gecko) Chrome/148.0.0.0 Safari/537.36', 'login', 'auth', 'login', NULL, NULL, NULL, NULL, NULL, 'http://localhost/ems/login.php', 'POST', '{\"username\":\"مدير موقع الروسية\",\"password\":\"[REDACTED]\",\"csrf_token\":\"[REDACTED]\"}', 200, '2026-06-08 06:48:54'),
(519, 4, 4, 4, 12, 5, 'مدير الموقع', 'ChC1HZHEZyaYpElFaz5455PTOPW4,,12GjYxaGHWWCIBnr4M', '::1', 'Mozilla/5.0 (Windows NT 10.0; Win64; x64) AppleWebKit/537.36 (KHTML, like Gecko) Chrome/148.0.0.0 Safari/537.36', 'timesheet', 'timesheet', 'get_event_types', 'get_event_types', NULL, NULL, NULL, NULL, 'http://localhost/ems/Timesheet/timesheet.php?type=1', 'GET', '{\"action\":\"get_event_types\",\"equipment_type\":\"1\"}', 200, '2026-06-08 06:49:03'),
(520, 4, 4, 4, 12, 5, 'مدير الموقع', 'ChC1HZHEZyaYpElFaz5455PTOPW4,,12GjYxaGHWWCIBnr4M', '::1', 'Mozilla/5.0 (Windows NT 10.0; Win64; x64) AppleWebKit/537.36 (KHTML, like Gecko) Chrome/148.0.0.0 Safari/537.36', 'timesheet', 'timesheet', 'get_event_types', 'get_event_types', NULL, NULL, NULL, NULL, 'http://localhost/ems/Timesheet/timesheet.php?type=1', 'GET', '{\"action\":\"get_event_types\",\"equipment_type\":\"3\"}', 200, '2026-06-08 06:49:03'),
(521, 4, 4, 4, 12, 5, 'مدير الموقع', 'ChC1HZHEZyaYpElFaz5455PTOPW4,,12GjYxaGHWWCIBnr4M', '::1', 'Mozilla/5.0 (Windows NT 10.0; Win64; x64) AppleWebKit/537.36 (KHTML, like Gecko) Chrome/148.0.0.0 Safari/537.36', 'timesheet', 'timesheet', 'get_event_types', 'get_event_types', NULL, NULL, NULL, NULL, 'http://localhost/ems/Timesheet/timesheet.php?type=1', 'GET', '{\"action\":\"get_event_types\",\"equipment_type\":\"1\"}', 200, '2026-06-08 06:49:03'),
(522, 4, 4, 4, 12, 5, 'مدير الموقع', 'ChC1HZHEZyaYpElFaz5455PTOPW4,,12GjYxaGHWWCIBnr4M', '::1', 'Mozilla/5.0 (Windows NT 10.0; Win64; x64) AppleWebKit/537.36 (KHTML, like Gecko) Chrome/148.0.0.0 Safari/537.36', 'timesheet', 'timesheet', 'get_event_types', 'get_event_types', NULL, NULL, NULL, NULL, 'http://localhost/ems/Timesheet/timesheet.php?type=1', 'GET', '{\"action\":\"get_event_types\",\"equipment_type\":\"1\"}', 200, '2026-06-08 06:49:12'),
(523, 4, 4, 4, 12, 5, 'مدير الموقع', 'ChC1HZHEZyaYpElFaz5455PTOPW4,,12GjYxaGHWWCIBnr4M', '::1', 'Mozilla/5.0 (Windows NT 10.0; Win64; x64) AppleWebKit/537.36 (KHTML, like Gecko) Chrome/148.0.0.0 Safari/537.36', 'timesheet', 'timesheet', 'get_event_types', 'get_event_types', NULL, NULL, NULL, NULL, 'http://localhost/ems/Timesheet/timesheet.php?type=1', 'GET', '{\"action\":\"get_event_types\",\"equipment_type\":\"3\"}', 200, '2026-06-08 06:49:12'),
(524, 4, 4, 4, 12, 5, 'مدير الموقع', 'ChC1HZHEZyaYpElFaz5455PTOPW4,,12GjYxaGHWWCIBnr4M', '::1', 'Mozilla/5.0 (Windows NT 10.0; Win64; x64) AppleWebKit/537.36 (KHTML, like Gecko) Chrome/148.0.0.0 Safari/537.36', 'timesheet', 'timesheet', 'get_event_types', 'get_event_types', NULL, NULL, NULL, NULL, 'http://localhost/ems/Timesheet/timesheet.php?type=1', 'GET', '{\"action\":\"get_event_types\",\"equipment_type\":\"1\"}', 200, '2026-06-08 06:49:12'),
(525, 4, 4, 4, 12, 5, 'مدير الموقع', 'ChC1HZHEZyaYpElFaz5455PTOPW4,,12GjYxaGHWWCIBnr4M', '::1', 'Mozilla/5.0 (Windows NT 10.0; Win64; x64) AppleWebKit/537.36 (KHTML, like Gecko) Chrome/148.0.0.0 Safari/537.36', 'timesheet', 'timesheet', 'get_event_types', 'get_event_types', NULL, NULL, NULL, NULL, 'http://localhost/ems/Timesheet/timesheet.php?type=1', 'GET', '{\"action\":\"get_event_types\",\"equipment_type\":\"1\"}', 200, '2026-06-08 06:49:20'),
(526, 4, 4, 4, 12, 5, 'مدير الموقع', 'ChC1HZHEZyaYpElFaz5455PTOPW4,,12GjYxaGHWWCIBnr4M', '::1', 'Mozilla/5.0 (Windows NT 10.0; Win64; x64) AppleWebKit/537.36 (KHTML, like Gecko) Chrome/148.0.0.0 Safari/537.36', 'timesheet', 'timesheet', 'get_event_types', 'get_event_types', NULL, NULL, NULL, NULL, 'http://localhost/ems/Timesheet/timesheet.php?type=1', 'GET', '{\"action\":\"get_event_types\",\"equipment_type\":\"3\"}', 200, '2026-06-08 06:49:20'),
(527, 4, 4, 4, 12, 5, 'مدير الموقع', 'ChC1HZHEZyaYpElFaz5455PTOPW4,,12GjYxaGHWWCIBnr4M', '::1', 'Mozilla/5.0 (Windows NT 10.0; Win64; x64) AppleWebKit/537.36 (KHTML, like Gecko) Chrome/148.0.0.0 Safari/537.36', 'timesheet', 'timesheet', 'get_event_types', 'get_event_types', NULL, NULL, NULL, NULL, 'http://localhost/ems/Timesheet/timesheet.php?type=1', 'GET', '{\"action\":\"get_event_types\",\"equipment_type\":\"1\"}', 200, '2026-06-08 06:49:20'),
(528, 4, 4, 4, 12, 5, 'مدير الموقع', 'ChC1HZHEZyaYpElFaz5455PTOPW4,,12GjYxaGHWWCIBnr4M', '::1', 'Mozilla/5.0 (Windows NT 10.0; Win64; x64) AppleWebKit/537.36 (KHTML, like Gecko) Chrome/148.0.0.0 Safari/537.36', 'logout', 'auth', 'logout', NULL, NULL, NULL, NULL, NULL, 'http://localhost/ems/logout.php', 'GET', NULL, 200, '2026-06-08 06:51:46'),
(529, 4, 0, 0, 4, 1, 'ادارة التشغيل', 'WLI,txHETVrP9soomxBVdDFrHjSkh0axh6F90LTJ9nT4sjIm', '::1', 'Mozilla/5.0 (Windows NT 10.0; Win64; x64) AppleWebKit/537.36 (KHTML, like Gecko) Chrome/148.0.0.0 Safari/537.36', 'login', 'auth', 'login', NULL, NULL, NULL, NULL, NULL, 'http://localhost/ems/login.php', 'POST', '{\"username\":\"محمد\",\"password\":\"[REDACTED]\",\"csrf_token\":\"[REDACTED]\"}', 200, '2026-06-08 06:51:52'),
(530, 4, 0, 0, 4, 1, 'ادارة التشغيل', 'WLI,txHETVrP9soomxBVdDFrHjSkh0axh6F90LTJ9nT4sjIm', '::1', 'Mozilla/5.0 (Windows NT 10.0; Win64; x64) AppleWebKit/537.36 (KHTML, like Gecko) Chrome/148.0.0.0 Safari/537.36', 'logout', 'auth', 'logout', NULL, NULL, NULL, NULL, NULL, 'http://localhost/ems/logout.php', 'GET', NULL, 200, '2026-06-08 07:00:39'),
(531, 4, 4, 4, 12, 5, 'مدير الموقع', 'sDADgBGco1LmCoZ9rWSqWQN1zU9S,xVNbDW4gELeWdRcMMRq', '::1', 'Mozilla/5.0 (Windows NT 10.0; Win64; x64) AppleWebKit/537.36 (KHTML, like Gecko) Chrome/148.0.0.0 Safari/537.36', 'login', 'auth', 'login', NULL, NULL, NULL, NULL, NULL, 'http://localhost/ems/login.php', 'POST', '{\"username\":\"مدير موقع الروسية\",\"password\":\"[REDACTED]\",\"csrf_token\":\"[REDACTED]\"}', 200, '2026-06-08 07:00:45'),
(532, 4, 4, 4, 12, 5, 'مدير الموقع', 'sDADgBGco1LmCoZ9rWSqWQN1zU9S,xVNbDW4gELeWdRcMMRq', '::1', 'Mozilla/5.0 (Windows NT 10.0; Win64; x64) AppleWebKit/537.36 (KHTML, like Gecko) Chrome/148.0.0.0 Safari/537.36', 'timesheet', 'timesheet', 'get_event_types', 'get_event_types', NULL, NULL, NULL, NULL, 'http://localhost/ems/Timesheet/timesheet.php?type=1', 'GET', '{\"action\":\"get_event_types\",\"equipment_type\":\"1\"}', 200, '2026-06-08 07:00:49'),
(533, 4, 4, 4, 12, 5, 'مدير الموقع', 'sDADgBGco1LmCoZ9rWSqWQN1zU9S,xVNbDW4gELeWdRcMMRq', '::1', 'Mozilla/5.0 (Windows NT 10.0; Win64; x64) AppleWebKit/537.36 (KHTML, like Gecko) Chrome/148.0.0.0 Safari/537.36', 'timesheet', 'timesheet', 'get_event_types', 'get_event_types', NULL, NULL, NULL, NULL, 'http://localhost/ems/Timesheet/timesheet.php?type=1', 'GET', '{\"action\":\"get_event_types\",\"equipment_type\":\"3\"}', 200, '2026-06-08 07:00:49'),
(534, 4, 4, 4, 12, 5, 'مدير الموقع', 'sDADgBGco1LmCoZ9rWSqWQN1zU9S,xVNbDW4gELeWdRcMMRq', '::1', 'Mozilla/5.0 (Windows NT 10.0; Win64; x64) AppleWebKit/537.36 (KHTML, like Gecko) Chrome/148.0.0.0 Safari/537.36', 'timesheet', 'timesheet', 'get_event_types', 'get_event_types', NULL, NULL, NULL, NULL, 'http://localhost/ems/Timesheet/timesheet.php?type=1', 'GET', '{\"action\":\"get_event_types\",\"equipment_type\":\"1\"}', 200, '2026-06-08 07:00:49'),
(535, 4, 4, 4, 12, 5, 'مدير الموقع', 'sDADgBGco1LmCoZ9rWSqWQN1zU9S,xVNbDW4gELeWdRcMMRq', '::1', 'Mozilla/5.0 (Windows NT 10.0; Win64; x64) AppleWebKit/537.36 (KHTML, like Gecko) Chrome/148.0.0.0 Safari/537.36', 'timesheet', 'timesheet', 'get_main_cats', 'get_main_cats', NULL, NULL, NULL, NULL, 'http://localhost/ems/Timesheet/timesheet.php?type=1', 'GET', '{\"action\":\"get_main_cats\",\"equipment_type\":\"1\",\"event_type_code\":\"OPR\"}', 200, '2026-06-08 07:00:55'),
(536, 4, 4, 4, 12, 5, 'مدير الموقع', 'sDADgBGco1LmCoZ9rWSqWQN1zU9S,xVNbDW4gELeWdRcMMRq', '::1', 'Mozilla/5.0 (Windows NT 10.0; Win64; x64) AppleWebKit/537.36 (KHTML, like Gecko) Chrome/148.0.0.0 Safari/537.36', 'timesheet', 'timesheet', 'get_sub_cats', 'get_sub_cats', NULL, NULL, NULL, NULL, 'http://localhost/ems/Timesheet/timesheet.php?type=1', 'GET', '{\"action\":\"get_sub_cats\",\"equipment_type\":\"1\",\"event_type_code\":\"OPR\",\"main_cat_code\":\"OPP\"}', 200, '2026-06-08 07:00:57'),
(537, 4, 4, 4, 12, 5, 'مدير الموقع', 'sDADgBGco1LmCoZ9rWSqWQN1zU9S,xVNbDW4gELeWdRcMMRq', '::1', 'Mozilla/5.0 (Windows NT 10.0; Win64; x64) AppleWebKit/537.36 (KHTML, like Gecko) Chrome/148.0.0.0 Safari/537.36', 'timesheet', 'timesheet', 'get_details', 'get_details', NULL, NULL, NULL, NULL, 'http://localhost/ems/Timesheet/timesheet.php?type=1', 'GET', '{\"action\":\"get_details\",\"equipment_type\":\"1\",\"event_type_code\":\"OPR\",\"main_cat_code\":\"OPP\",\"sub_cat\":\"ساعات إنتاج\"}', 200, '2026-06-08 07:00:58'),
(538, 4, 4, 4, 12, 5, 'مدير الموقع', 'sDADgBGco1LmCoZ9rWSqWQN1zU9S,xVNbDW4gELeWdRcMMRq', '::1', 'Mozilla/5.0 (Windows NT 10.0; Win64; x64) AppleWebKit/537.36 (KHTML, like Gecko) Chrome/148.0.0.0 Safari/537.36', 'timesheet', 'timesheet', 'get_main_cats', 'get_main_cats', NULL, NULL, NULL, NULL, 'http://localhost/ems/Timesheet/timesheet.php?type=1', 'GET', '{\"action\":\"get_main_cats\",\"equipment_type\":\"1\",\"event_type_code\":\"CST\"}', 200, '2026-06-08 07:01:03'),
(539, 4, 4, 4, 12, 5, 'مدير الموقع', 'sDADgBGco1LmCoZ9rWSqWQN1zU9S,xVNbDW4gELeWdRcMMRq', '::1', 'Mozilla/5.0 (Windows NT 10.0; Win64; x64) AppleWebKit/537.36 (KHTML, like Gecko) Chrome/148.0.0.0 Safari/537.36', 'timesheet', 'timesheet', 'get_sub_cats', 'get_sub_cats', NULL, NULL, NULL, NULL, 'http://localhost/ems/Timesheet/timesheet.php?type=1', 'GET', '{\"action\":\"get_sub_cats\",\"equipment_type\":\"1\",\"event_type_code\":\"CST\",\"main_cat_code\":\"CSP\"}', 200, '2026-06-08 07:01:05'),
(540, 4, 4, 4, 12, 5, 'مدير الموقع', 'sDADgBGco1LmCoZ9rWSqWQN1zU9S,xVNbDW4gELeWdRcMMRq', '::1', 'Mozilla/5.0 (Windows NT 10.0; Win64; x64) AppleWebKit/537.36 (KHTML, like Gecko) Chrome/148.0.0.0 Safari/537.36', 'timesheet', 'timesheet', 'get_details', 'get_details', NULL, NULL, NULL, NULL, 'http://localhost/ems/Timesheet/timesheet.php?type=1', 'GET', '{\"action\":\"get_details\",\"equipment_type\":\"1\",\"event_type_code\":\"CST\",\"main_cat_code\":\"CSP\",\"sub_cat\":\"عدم جهوزية الإنتاج\"}', 200, '2026-06-08 07:01:07'),
(541, 4, 4, 4, 12, 5, 'مدير الموقع', 'sDADgBGco1LmCoZ9rWSqWQN1zU9S,xVNbDW4gELeWdRcMMRq', '::1', 'Mozilla/5.0 (Windows NT 10.0; Win64; x64) AppleWebKit/537.36 (KHTML, like Gecko) Chrome/148.0.0.0 Safari/537.36', 'send_message', 'chats', 'send', 'إرسال', NULL, 43, NULL, '{\"receiver_id\":5,\"message_id\":43}', 'http://localhost/ems/chats/send_message.php', 'POST', '{\"receiver_id\":\"5\",\"message\":\"ةن\"}', 200, '2026-06-08 07:07:31'),
(542, 4, 4, 4, 12, 5, 'مدير الموقع', 'sDADgBGco1LmCoZ9rWSqWQN1zU9S,xVNbDW4gELeWdRcMMRq', '::1', 'Mozilla/5.0 (Windows NT 10.0; Win64; x64) AppleWebKit/537.36 (KHTML, like Gecko) Chrome/148.0.0.0 Safari/537.36', 'hours_approval', 'approvals', 'get_notes', 'get_notes', NULL, 240, NULL, NULL, 'http://localhost/ems/Approvals/hours_approval.php', 'POST', '{\"action\":\"get_notes\",\"timesheet_id\":\"240\"}', 200, '2026-06-08 07:08:00'),
(543, 4, 4, 4, 12, 5, 'مدير الموقع', 'sDADgBGco1LmCoZ9rWSqWQN1zU9S,xVNbDW4gELeWdRcMMRq', '::1', 'Mozilla/5.0 (Windows NT 10.0; Win64; x64) AppleWebKit/537.36 (KHTML, like Gecko) Chrome/148.0.0.0 Safari/537.36', 'hours_approval', 'approvals', 'create', 'add_note', NULL, 240, NULL, NULL, 'http://localhost/ems/Approvals/hours_approval.php', 'POST', '{\"action\":\"add_note\",\"timesheet_id\":\"240\",\"column_name\":\"shift\",\"column_label\":\"الوردية\",\"note_text\":\"ةةم\"}', 200, '2026-06-08 07:08:07'),
(544, 4, 4, 4, 12, 5, 'مدير الموقع', 'sDADgBGco1LmCoZ9rWSqWQN1zU9S,xVNbDW4gELeWdRcMMRq', '::1', 'Mozilla/5.0 (Windows NT 10.0; Win64; x64) AppleWebKit/537.36 (KHTML, like Gecko) Chrome/148.0.0.0 Safari/537.36', 'hours_approval', 'approvals', 'get_notes', 'get_notes', NULL, 240, NULL, NULL, 'http://localhost/ems/Approvals/hours_approval.php', 'POST', '{\"action\":\"get_notes\",\"timesheet_id\":\"240\"}', 200, '2026-06-08 07:08:07'),
(545, 4, 4, 4, 12, 5, 'مدير الموقع', 'sDADgBGco1LmCoZ9rWSqWQN1zU9S,xVNbDW4gELeWdRcMMRq', '::1', 'Mozilla/5.0 (Windows NT 10.0; Win64; x64) AppleWebKit/537.36 (KHTML, like Gecko) Chrome/148.0.0.0 Safari/537.36', 'timesheet', 'timesheet', 'get_event_types', 'get_event_types', NULL, NULL, NULL, NULL, 'http://localhost/ems/Timesheet/timesheet.php?type=1', 'GET', '{\"action\":\"get_event_types\",\"equipment_type\":\"1\"}', 200, '2026-06-08 07:09:04'),
(546, 4, 4, 4, 12, 5, 'مدير الموقع', 'sDADgBGco1LmCoZ9rWSqWQN1zU9S,xVNbDW4gELeWdRcMMRq', '::1', 'Mozilla/5.0 (Windows NT 10.0; Win64; x64) AppleWebKit/537.36 (KHTML, like Gecko) Chrome/148.0.0.0 Safari/537.36', 'timesheet', 'timesheet', 'get_event_types', 'get_event_types', NULL, NULL, NULL, NULL, 'http://localhost/ems/Timesheet/timesheet.php?type=1', 'GET', '{\"action\":\"get_event_types\",\"equipment_type\":\"3\"}', 200, '2026-06-08 07:09:04'),
(547, 4, 4, 4, 12, 5, 'مدير الموقع', 'sDADgBGco1LmCoZ9rWSqWQN1zU9S,xVNbDW4gELeWdRcMMRq', '::1', 'Mozilla/5.0 (Windows NT 10.0; Win64; x64) AppleWebKit/537.36 (KHTML, like Gecko) Chrome/148.0.0.0 Safari/537.36', 'timesheet', 'timesheet', 'get_event_types', 'get_event_types', NULL, NULL, NULL, NULL, 'http://localhost/ems/Timesheet/timesheet.php?type=1', 'GET', '{\"action\":\"get_event_types\",\"equipment_type\":\"1\"}', 200, '2026-06-08 07:09:04'),
(548, 4, 4, 4, 12, 5, 'مدير الموقع', 'NEWdTME0xb0tctFdmJDJ7ajRa0uHp,FNSOnc0wqHBKk8FVTC', '192.168.1.21', 'Dart/3.6 (dart:io)', 'timesheets', 'api', 'create', 'create', NULL, NULL, NULL, NULL, 'http://192.168.1.9/ems/api/sync/timesheets', 'POST', NULL, 200, '2026-06-08 07:09:39'),
(549, 4, 4, 4, 12, 5, 'مدير الموقع', 'Yy6a7bbRzBpQx5BZlYsgHLfVNnCiFypzobY9RMhEbqVHvSiJ', '192.168.1.21', 'Dart/3.6 (dart:io)', 'timesheets', 'api', 'create', 'create', NULL, NULL, NULL, NULL, 'http://192.168.1.9/ems/api/sync/timesheets', 'POST', NULL, 200, '2026-06-08 07:10:02'),
(550, 4, 4, 4, 12, 5, 'مدير الموقع', 'sDADgBGco1LmCoZ9rWSqWQN1zU9S,xVNbDW4gELeWdRcMMRq', '::1', 'Mozilla/5.0 (Windows NT 10.0; Win64; x64) AppleWebKit/537.36 (KHTML, like Gecko) Chrome/148.0.0.0 Safari/537.36', 'logout', 'auth', 'logout', NULL, NULL, NULL, NULL, NULL, 'http://localhost/ems/logout.php', 'GET', NULL, 200, '2026-06-08 07:10:59'),
(551, 4, 4, 4, 11, 6, 'مدير حركة وتشغيل', 'rFWUrTasVWlv1M5RKfrHgAAF5mREfSttMxG3PztbhT3sygOD', '::1', 'Mozilla/5.0 (Windows NT 10.0; Win64; x64) AppleWebKit/537.36 (KHTML, like Gecko) Chrome/148.0.0.0 Safari/537.36', 'login', 'auth', 'login', NULL, NULL, NULL, NULL, NULL, 'http://localhost/ems/login.php', 'POST', '{\"username\":\"حركة - الروسية\",\"password\":\"[REDACTED]\",\"csrf_token\":\"[REDACTED]\"}', 200, '2026-06-08 07:11:08'),
(552, 4, 4, 4, 11, 6, 'مدير حركة وتشغيل', 'rFWUrTasVWlv1M5RKfrHgAAF5mREfSttMxG3PztbhT3sygOD', '::1', 'Mozilla/5.0 (Windows NT 10.0; Win64; x64) AppleWebKit/537.36 (KHTML, like Gecko) Chrome/148.0.0.0 Safari/537.36', 'movement_operations', 'movement', 'create', 'add_new_driver', NULL, 23, NULL, NULL, 'http://localhost/ems/movement/movement_operations.php', 'POST', '{\"action\":\"add_new_driver\",\"driver_id\":\"23\",\"equipment_id\":\"15\",\"shift_type\":\"N\",\"start_date\":\"2026-06-08\",\"end_date\":\"\",\"json\":\"1\"}', 200, '2026-06-08 07:11:39'),
(553, 4, 4, 4, 12, 5, 'مدير الموقع', 'BURWfOTNANmgsh9Cf9SCUTQ-Tx35JIRySG6OE8PJdSZClJPT', '192.168.1.21', 'Dart/3.6 (dart:io)', 'timesheets', 'api', 'create', 'create', NULL, NULL, NULL, NULL, 'http://192.168.1.9/ems/api/sync/timesheets', 'POST', NULL, 200, '2026-06-08 07:12:41'),
(554, 4, 4, 4, 12, 5, 'مدير الموقع', 'JfscYG,ZHpKFre3P0hL2peYxOgy6,flKChMVOc1QHyM17tPM', '192.168.1.21', 'Dart/3.6 (dart:io)', 'timesheets', 'api', 'create', 'create', NULL, NULL, NULL, NULL, 'http://192.168.1.9/ems/api/sync/timesheets', 'POST', NULL, 200, '2026-06-08 07:13:06'),
(555, 4, 4, 4, 12, 5, 'مدير الموقع', 'fLCRYyAGP0cBtE,M17WzjPet1jT,7GfB5P1AV4RRP6IXVGYp', '192.168.1.21', 'Dart/3.6 (dart:io)', 'timesheets', 'api', 'create', 'create', NULL, NULL, NULL, NULL, 'http://192.168.1.9/ems/api/sync/timesheets', 'POST', NULL, 200, '2026-06-08 07:13:39'),
(556, 4, 4, 4, 11, 6, 'مدير حركة وتشغيل', 'rFWUrTasVWlv1M5RKfrHgAAF5mREfSttMxG3PztbhT3sygOD', '::1', 'Mozilla/5.0 (Windows NT 10.0; Win64; x64) AppleWebKit/537.36 (KHTML, like Gecko) Chrome/148.0.0.0 Safari/537.36', 'movement_operations', 'movement', 'save_single_driver', 'save_single_driver', NULL, NULL, NULL, NULL, 'http://localhost/ems/movement/movement_operations.php', 'POST', '{\"action\":\"save_single_driver\",\"rel_id\":\"29\",\"shift_type\":\"B\",\"status\":\"1\",\"start_date\":\"2026-06-07\",\"end_date\":\"\",\"json\":\"1\"}', 200, '2026-06-08 07:14:15'),
(557, 4, 4, 4, 11, 6, 'مدير حركة وتشغيل', 'rFWUrTasVWlv1M5RKfrHgAAF5mREfSttMxG3PztbhT3sygOD', '::1', 'Mozilla/5.0 (Windows NT 10.0; Win64; x64) AppleWebKit/537.36 (KHTML, like Gecko) Chrome/148.0.0.0 Safari/537.36', 'movement_operations', 'movement', 'save_single_driver', 'save_single_driver', NULL, NULL, NULL, NULL, 'http://localhost/ems/movement/movement_operations.php', 'POST', '{\"action\":\"save_single_driver\",\"rel_id\":\"25\",\"shift_type\":\"N\",\"status\":\"0\",\"end_date\":\"2026-06-08\",\"json\":\"1\"}', 200, '2026-06-08 07:14:51'),
(558, 4, 4, 4, 11, 6, 'مدير حركة وتشغيل', 'rFWUrTasVWlv1M5RKfrHgAAF5mREfSttMxG3PztbhT3sygOD', '::1', 'Mozilla/5.0 (Windows NT 10.0; Win64; x64) AppleWebKit/537.36 (KHTML, like Gecko) Chrome/148.0.0.0 Safari/537.36', 'movement_operations', 'movement', 'create', 'add_new_driver', NULL, 11, NULL, NULL, 'http://localhost/ems/movement/movement_operations.php', 'POST', '{\"action\":\"add_new_driver\",\"driver_id\":\"11\",\"equipment_id\":\"18\",\"shift_type\":\"B\",\"start_date\":\"2026-06-08\",\"end_date\":\"\",\"json\":\"1\"}', 200, '2026-06-08 07:15:04'),
(559, 4, 4, 4, 11, 6, 'مدير حركة وتشغيل', 'rFWUrTasVWlv1M5RKfrHgAAF5mREfSttMxG3PztbhT3sygOD', '::1', 'Mozilla/5.0 (Windows NT 10.0; Win64; x64) AppleWebKit/537.36 (KHTML, like Gecko) Chrome/148.0.0.0 Safari/537.36', 'logout', 'auth', 'logout', NULL, NULL, NULL, NULL, NULL, 'http://localhost/ems/logout.php', 'GET', NULL, 200, '2026-06-08 07:20:08'),
(560, 4, 0, 0, 6, 3, 'ادارة الاسطول', 'IH6yKu26S3GviABY72v18QEgCQ6-5NvIlYbXceGeAli,WofZ', '::1', 'Mozilla/5.0 (Windows NT 10.0; Win64; x64) AppleWebKit/537.36 (KHTML, like Gecko) Chrome/148.0.0.0 Safari/537.36', 'login', 'auth', 'login', NULL, NULL, NULL, NULL, NULL, 'http://localhost/ems/login.php', 'POST', '{\"username\":\"يسن\",\"password\":\"[REDACTED]\",\"csrf_token\":\"[REDACTED]\"}', 200, '2026-06-08 07:20:13'),
(561, 4, 0, 0, 6, 3, 'ادارة الاسطول', 'IH6yKu26S3GviABY72v18QEgCQ6-5NvIlYbXceGeAli,WofZ', '::1', 'Mozilla/5.0 (Windows NT 10.0; Win64; x64) AppleWebKit/537.36 (KHTML, like Gecko) Chrome/148.0.0.0 Safari/537.36', 'equipments_fleet', 'equipments', 'create', 'create', NULL, NULL, NULL, NULL, 'http://localhost/ems/Equipments/equipments_fleet.php', 'POST', '{\"suppliers\":\"5\",\"code\":\"mcc120\",\"type\":\"1\",\"name\":\"m\",\"serial_number\":\"\",\"chassis_number\":\"\",\"machine_number\":\"\",\"manufacturer\":\"\",\"model\":\"\",\"manufacturing_year\":\"\",\"import_year\":\"\",\"equipment_condition\":\"في حالة جيدة\",\"operating_hours\":\"\",\"engine_condition\":\"جيدة\",\"tires_condition\":\"N/A\",\"actual_owner_name\":\"\",\"owner_type\":\"\",\"owner_phone\":\"\",\"owner_supplier_relation\":\"\",\"license_number\":\"\",\"license_authority\":\"\",\"document_type\":\"\",\"license_expiry_date\":\"\",\"inspection_certificate_number\":\"\",\"last_inspection_date\":\"\",\"current_location\":\"\",\"availability_state\":\"متوفرة\",\"site_supervisor_name\":\"\",\"site_supervisor_contact\":\"\",\"estimated_value\":\"\",\"daily_rental_price\":\"\",\"monthly_rental_price\":\"\",\"insurance_status\":\"\",\"general_notes\":\"\",\"last_maintenance_date\":\"\",\"status\":\"0\"}', 302, '2026-06-08 07:22:20'),
(562, 4, 0, 0, 6, 3, 'ادارة الاسطول', 'IH6yKu26S3GviABY72v18QEgCQ6-5NvIlYbXceGeAli,WofZ', '::1', 'Mozilla/5.0 (Windows NT 10.0; Win64; x64) AppleWebKit/537.36 (KHTML, like Gecko) Chrome/148.0.0.0 Safari/537.36', 'oprators', 'oprators', 'update', 'save_operation', NULL, 5, NULL, NULL, 'http://localhost/ems/Oprators/oprators.php?project_id=4', 'POST', '{\"operation_id\":\"\",\"project_id\":\"4\",\"contract_id\":\"5\",\"supplier_id\":\"5\",\"type\":\"1\",\"equipment\":\"19\",\"equipment_category\":\"احتياطي\",\"start\":\"2026-06-08\",\"end\":\"2026-11-01\",\"hours\":\"0\",\"total_equipment_hours\":\"0\",\"shift_hours\":\"8.94\",\"shift_type\":\"B\",\"status\":\"1\",\"action\":\"save_operation\",\"save_operation_submit\":\"\"}', 200, '2026-06-08 07:23:15'),
(563, 4, 0, 0, 6, 3, 'ادارة الاسطول', 'xbkPttyAh4o-Y2nK2,ZgLtAyHTQ2tXlmJP8XyQRfbFWUSJPp', '::1', 'Mozilla/5.0 (Windows NT 10.0; Win64; x64) AppleWebKit/537.36 (KHTML, like Gecko) Chrome/148.0.0.0 Safari/537.36', 'oprators', 'oprators', 'update', 'save_operation', NULL, 19, NULL, NULL, 'http://localhost/ems/Oprators/oprators.php?project_id=4', 'POST', '{\"operation_id\":\"19\",\"project_id\":\"4\",\"contract_id\":\"5\",\"supplier_id\":\"5\",\"type\":\"1\",\"equipment\":\"19\",\"equipment_category\":\"احتياطي\",\"start\":\"2026-06-08\",\"end\":\"2026-11-01\",\"hours\":\"0\",\"total_equipment_hours\":\"0.00\",\"shift_hours\":\"9\",\"shift_type\":\"B\",\"status\":\"1\",\"action\":\"save_operation\",\"save_operation_submit\":\"\"}', 200, '2026-06-08 07:54:31'),
(564, 4, 0, 0, 6, 3, 'ادارة الاسطول', 'xEtOY7m8SFENq7CH5vZ1AjvG3Dru8tkj-QbWl44D8YHdFEW4', '::1', 'Mozilla/5.0 (Windows NT 10.0; Win64; x64) AppleWebKit/537.36 (KHTML, like Gecko) Chrome/148.0.0.0 Safari/537.36', 'manage_failure_codes', 'equipments', 'export', 'export', NULL, NULL, NULL, NULL, 'http://localhost/ems/Equipments/manage_failure_codes.php', 'GET', '{\"entity\":\"failure_codes\",\"action\":\"export\"}', 200, '2026-06-08 08:33:13'),
(565, 4, 0, 0, 6, 3, 'ادارة الاسطول', 'xEtOY7m8SFENq7CH5vZ1AjvG3Dru8tkj-QbWl44D8YHdFEW4', '::1', 'Mozilla/5.0 (Windows NT 10.0; Win64; x64) AppleWebKit/537.36 (KHTML, like Gecko) Chrome/148.0.0.0 Safari/537.36', 'logout', 'auth', 'logout', NULL, NULL, NULL, NULL, NULL, 'http://localhost/ems/logout.php', 'GET', NULL, 200, '2026-06-08 08:34:07'),
(566, 4, 4, 4, 11, 6, 'مدير حركة وتشغيل', 'Sh93yY4JCJp,uGH03QYxv4GQw4aZa5mP45eMEah-WzY8iEOa', '::1', 'Mozilla/5.0 (Windows NT 10.0; Win64; x64) AppleWebKit/537.36 (KHTML, like Gecko) Chrome/148.0.0.0 Safari/537.36', 'login', 'auth', 'login', NULL, NULL, NULL, NULL, NULL, 'http://localhost/ems/login.php', 'POST', '{\"username\":\"حركة - الروسية\",\"password\":\"[REDACTED]\",\"csrf_token\":\"[REDACTED]\"}', 200, '2026-06-08 08:34:13'),
(567, 4, 4, 4, 11, 6, 'مدير حركة وتشغيل', 'Sh93yY4JCJp,uGH03QYxv4GQw4aZa5mP45eMEah-WzY8iEOa', '::1', 'Mozilla/5.0 (Windows NT 10.0; Win64; x64) AppleWebKit/537.36 (KHTML, like Gecko) Chrome/148.0.0.0 Safari/537.36', 'logout', 'auth', 'logout', NULL, NULL, NULL, NULL, NULL, 'http://localhost/ems/logout.php', 'GET', NULL, 200, '2026-06-08 09:05:28'),
(568, 4, 0, 0, 7, 4, 'ادارة الموارد البشرية', 'L4RZU5UXFkVMlrt0yBv,DMQ5HHTsuhHr,emVgs,i3fpE8lJO', '::1', 'Mozilla/5.0 (Windows NT 10.0; Win64; x64) AppleWebKit/537.36 (KHTML, like Gecko) Chrome/148.0.0.0 Safari/537.36', 'login', 'auth', 'login', NULL, NULL, NULL, NULL, NULL, 'http://localhost/ems/login.php', 'POST', '{\"username\":\"اروينا\",\"password\":\"[REDACTED]\",\"csrf_token\":\"[REDACTED]\"}', 200, '2026-06-08 09:05:45'),
(569, 4, 0, 0, 7, 4, 'ادارة الموارد البشرية', 'L4RZU5UXFkVMlrt0yBv,DMQ5HHTsuhHr,emVgs,i3fpE8lJO', '::1', 'Mozilla/5.0 (Windows NT 10.0; Win64; x64) AppleWebKit/537.36 (KHTML, like Gecko) Chrome/148.0.0.0 Safari/537.36', 'drivercontracts', 'drivers', 'create', 'create', NULL, NULL, NULL, NULL, 'http://localhost/ems/Drivers/drivercontracts.php?id=27', 'POST', '{\"project_id\":\"4\"}', 200, '2026-06-08 09:06:22'),
(570, 4, 0, 0, 7, 4, 'ادارة الموارد البشرية', 'L4RZU5UXFkVMlrt0yBv,DMQ5HHTsuhHr,emVgs,i3fpE8lJO', '::1', 'Mozilla/5.0 (Windows NT 10.0; Win64; x64) AppleWebKit/537.36 (KHTML, like Gecko) Chrome/148.0.0.0 Safari/537.36', 'drivercontracts', 'drivers', 'create', 'create', NULL, NULL, NULL, NULL, 'http://localhost/ems/Drivers/drivercontracts.php?id=27', 'POST', '{\"project_contract_id\":\"4\",\"driver_contract_id\":\"0\"}', 200, '2026-06-08 09:06:24'),
(571, 4, 0, 0, 7, 4, 'ادارة الموارد البشرية', 'L4RZU5UXFkVMlrt0yBv,DMQ5HHTsuhHr,emVgs,i3fpE8lJO', '::1', 'Mozilla/5.0 (Windows NT 10.0; Win64; x64) AppleWebKit/537.36 (KHTML, like Gecko) Chrome/148.0.0.0 Safari/537.36', 'logout', 'auth', 'logout', NULL, NULL, NULL, NULL, NULL, 'http://localhost/ems/logout.php', 'GET', NULL, 200, '2026-06-08 09:52:12'),
(572, 4, 0, 0, 6, 3, 'ادارة الاسطول', 'cW0iIgEIiGA998l5oRt1xQr9ct,qWRDRfAq9rDKWvd9-GyNt', '::1', 'Mozilla/5.0 (Windows NT 10.0; Win64; x64) AppleWebKit/537.36 (KHTML, like Gecko) Chrome/148.0.0.0 Safari/537.36', 'login', 'auth', 'login', NULL, NULL, NULL, NULL, NULL, 'http://localhost/ems/login.php', 'POST', '{\"username\":\"يسن\",\"password\":\"[REDACTED]\",\"csrf_token\":\"[REDACTED]\"}', 200, '2026-06-08 09:52:25'),
(573, 4, 0, 0, 6, 3, 'ادارة الاسطول', 'dZp1tUiPP7wfm4BeZlw18pYABqbYhrqhXjYta3p2k9VthA-1', '::1', 'Mozilla/5.0 (Windows NT 10.0; Win64; x64) AppleWebKit/537.36 (KHTML, like Gecko) Chrome/148.0.0.0 Safari/537.36', 'oprators', 'oprators', 'update', 'save_operation', NULL, 5, NULL, NULL, 'http://localhost/ems/Oprators/oprators.php?project_id=4', 'POST', '{\"operation_id\":\"\",\"project_id\":\"4\",\"contract_id\":\"5\",\"supplier_id\":\"5\",\"type\":\"1\",\"equipment\":\"19\",\"equipment_category\":\"أساسي\",\"start\":\"2026-06-08\",\"end\":\"2026-11-01\",\"hours\":\"0\",\"total_equipment_hours\":\"0\",\"shift_hours\":\"0\",\"shift_type\":\"B\",\"status\":\"1\",\"action\":\"save_operation\",\"save_operation_submit\":\"\"}', 200, '2026-06-08 11:12:01'),
(574, 4, 0, 0, 6, 3, 'ادارة الاسطول', '6S5ZeL7R6AWkx92hrNG9pCuT8Y4ESCNT53R3zcVJFDIgbMKw', '::1', 'Mozilla/5.0 (Windows NT 10.0; Win64; x64) AppleWebKit/537.36 (KHTML, like Gecko) Chrome/148.0.0.0 Safari/537.36', 'equipments_fleet', 'equipments', 'create', 'create', NULL, NULL, NULL, NULL, 'http://localhost/ems/Equipments/equipments_fleet.php', 'POST', '{\"suppliers\":\"8\",\"code\":\"tx10\",\"type\":\"1\",\"name\":\"tx10\",\"serial_number\":\"\",\"chassis_number\":\"\",\"machine_number\":\"\",\"manufacturer\":\"\",\"model\":\"\",\"manufacturing_year\":\"\",\"import_year\":\"\",\"equipment_condition\":\"في حالة جيدة\",\"operating_hours\":\"\",\"engine_condition\":\"جيدة\",\"tires_condition\":\"N/A\",\"actual_owner_name\":\"\",\"owner_type\":\"\",\"owner_phone\":\"\",\"owner_supplier_relation\":\"\",\"license_number\":\"\",\"license_authority\":\"\",\"document_type\":\"\",\"license_expiry_date\":\"\",\"inspection_certificate_number\":\"\",\"last_inspection_date\":\"\",\"current_location\":\"\",\"availability_state\":\"متوفرة\",\"site_supervisor_name\":\"\",\"site_supervisor_contact\":\"\",\"estimated_value\":\"\",\"daily_rental_price\":\"\",\"monthly_rental_price\":\"\",\"insurance_status\":\"\",\"general_notes\":\"\",\"last_maintenance_date\":\"\",\"status\":\"0\"}', 302, '2026-06-08 11:36:30'),
(575, 4, 0, 0, 6, 3, 'ادارة الاسطول', '6S5ZeL7R6AWkx92hrNG9pCuT8Y4ESCNT53R3zcVJFDIgbMKw', '::1', 'Mozilla/5.0 (Windows NT 10.0; Win64; x64) AppleWebKit/537.36 (KHTML, like Gecko) Chrome/148.0.0.0 Safari/537.36', 'oprators', 'oprators', 'update', 'save_operation', NULL, 8, NULL, NULL, 'http://localhost/ems/Oprators/oprators.php?project_id=4', 'POST', '{\"operation_id\":\"\",\"project_id\":\"4\",\"contract_id\":\"5\",\"supplier_id\":\"8\",\"type\":\"1\",\"equipment\":\"20\",\"equipment_category\":\"أساسي\",\"start\":\"2026-06-08\",\"end\":\"2026-11-01\",\"hours\":\"0\",\"total_equipment_hours\":\"0\",\"shift_hours\":\"0\",\"shift_type\":\"B\",\"status\":\"1\",\"action\":\"save_operation\",\"save_operation_submit\":\"\"}', 200, '2026-06-08 11:37:14'),
(576, 4, 0, 0, 6, 3, 'ادارة الاسطول', '6S5ZeL7R6AWkx92hrNG9pCuT8Y4ESCNT53R3zcVJFDIgbMKw', '::1', 'Mozilla/5.0 (Windows NT 10.0; Win64; x64) AppleWebKit/537.36 (KHTML, like Gecko) Chrome/148.0.0.0 Safari/537.36', 'logout', 'auth', 'logout', NULL, NULL, NULL, NULL, NULL, 'http://localhost/ems/logout.php', 'GET', NULL, 200, '2026-06-08 11:38:37'),
(577, 4, 0, 0, 5, 2, 'ادارة الموردين', 'opWqhHQ1zPF-cnNKafxIfUcPK8EUsECqHNuVatNFhtQchdZV', '::1', 'Mozilla/5.0 (Windows NT 10.0; Win64; x64) AppleWebKit/537.36 (KHTML, like Gecko) Chrome/148.0.0.0 Safari/537.36', 'login', 'auth', 'login', NULL, NULL, NULL, NULL, NULL, 'http://localhost/ems/login.php', 'POST', '{\"username\":\"مصعب\",\"password\":\"[REDACTED]\",\"csrf_token\":\"[REDACTED]\"}', 200, '2026-06-08 11:38:46');
INSERT INTO `activity_logs` (`id`, `company_id`, `project_id`, `contract_id`, `user_id`, `role_id`, `role_name`, `session_id`, `ip_address`, `user_agent`, `screen_name`, `module_name`, `action_type`, `button_name`, `field_name`, `record_id`, `old_value`, `new_value`, `url`, `http_method`, `request_payload`, `response_status`, `created_at`) VALUES
(578, 4, 0, 0, 5, 2, 'ادارة الموردين', 'opWqhHQ1zPF-cnNKafxIfUcPK8EUsECqHNuVatNFhtQchdZV', '::1', 'Mozilla/5.0 (Windows NT 10.0; Win64; x64) AppleWebKit/537.36 (KHTML, like Gecko) Chrome/148.0.0.0 Safari/537.36', 'supplierscontracts', 'suppliers', 'create', 'create', NULL, NULL, NULL, NULL, 'http://localhost/ems/Suppliers/supplierscontracts.php?id=8', 'POST', '{\"project_id\":\"4\"}', 200, '2026-06-08 11:39:17'),
(579, 4, 0, 0, 5, 2, 'ادارة الموردين', 'opWqhHQ1zPF-cnNKafxIfUcPK8EUsECqHNuVatNFhtQchdZV', '::1', 'Mozilla/5.0 (Windows NT 10.0; Win64; x64) AppleWebKit/537.36 (KHTML, like Gecko) Chrome/148.0.0.0 Safari/537.36', 'supplierscontracts', 'suppliers', 'create', 'create', NULL, NULL, NULL, NULL, 'http://localhost/ems/Suppliers/supplierscontracts.php?id=8', 'POST', '{\"contract_id\":\"6\"}', 200, '2026-06-08 11:39:18'),
(580, 4, 0, 0, 5, 2, 'ادارة الموردين', 'opWqhHQ1zPF-cnNKafxIfUcPK8EUsECqHNuVatNFhtQchdZV', '::1', 'Mozilla/5.0 (Windows NT 10.0; Win64; x64) AppleWebKit/537.36 (KHTML, like Gecko) Chrome/148.0.0.0 Safari/537.36', 'supplierscontracts', 'suppliers', 'create', 'create', NULL, NULL, NULL, NULL, 'http://localhost/ems/Suppliers/supplierscontracts.php?id=8', 'POST', '{\"project_contract_id\":\"5\",\"supplier_contract_id\":\"6\"}', 200, '2026-06-08 11:39:18'),
(581, 4, 0, 0, 5, 2, 'ادارة الموردين', 'opWqhHQ1zPF-cnNKafxIfUcPK8EUsECqHNuVatNFhtQchdZV', '::1', 'Mozilla/5.0 (Windows NT 10.0; Win64; x64) AppleWebKit/537.36 (KHTML, like Gecko) Chrome/148.0.0.0 Safari/537.36', 'supplierscontracts', 'suppliers', 'update', 'update', NULL, 6, NULL, NULL, 'http://localhost/ems/Suppliers/supplierscontracts.php?id=8', 'POST', '{\"id\":\"6\",\"supplier_id\":\"8\",\"project_id\":\"4\",\"project_contract_id\":\"5\",\"hours_monthly_target\":\"10\",\"forecasted_contracted_hours\":\"890\",\"contract_signing_date\":\"2026-04-26\",\"grace_period_days\":\"5\",\"actual_start\":\"2026-05-04\",\"actual_end\":\"2026-08-01\",\"contract_duration_days\":\"89\",\"price_currency_contract\":\"دولار\",\"paid_contract\":\"\",\"payment_time\":\" مؤخر\",\"guarantees\":\"\",\"payment_date\":\"2026-08-08\",\"equip_shifts_contract\":\"2\",\"shift_contract\":\"10\",\"equip_total_contract\":\"20\",\"total_contract_permonth\":\"600\",\"total_contract\":\"1800\",\"daily_operators\":\"1\",\"transportation\":\"مالك المعدة\",\"place_for_living\":\"مالك المشروع\",\"accommodation\":\"مالك المشروع\",\"workshop\":\"مالك المعدة\",\"equip_type_1\":\"3\",\"equip_size_1\":\"340\",\"equip_count_1\":\"2\",\"equip_count_basic_1\":\"1\",\"equip_count_backup_1\":\"1\",\"equip_operators_1\":\"\",\"equip_assistants_1\":\"1\",\"equip_shifts_1\":\"2\",\"shift1_start_1\":\"18:00:00\",\"shift1_end_1\":\"04:00:00\",\"shift2_start_1\":\"06:00:00\",\"shift2_end_1\":\"16:00:00\",\"equip_unit_1\":\"متر طولي\",\"shift_hours_1\":\"10.00\",\"equip_total_month_1\":\"10\",\"equip_target_per_month_1\":\"\",\"equip_total_contract_1\":\"890\",\"equip_price_currency_1\":\"دولار\",\"equip_price_1\":\"50.00\",\"equip_supervisors_1\":\"0\",\"equip_technicians_1\":\"0\",\"daily_work_hours\":\"20\",\"first_party\":\"\",\"second_party\":\"\",\"witness_one\":\"\",\"witness_two\":\"\"}', 200, '2026-06-08 11:39:43'),
(582, 4, 0, 0, 5, 2, 'ادارة الموردين', 'opWqhHQ1zPF-cnNKafxIfUcPK8EUsECqHNuVatNFhtQchdZV', '::1', 'Mozilla/5.0 (Windows NT 10.0; Win64; x64) AppleWebKit/537.36 (KHTML, like Gecko) Chrome/148.0.0.0 Safari/537.36', 'supplierscontracts', 'suppliers', 'create', 'create', NULL, NULL, NULL, NULL, 'http://localhost/ems/Suppliers/supplierscontracts.php?id=8', 'POST', '{\"contract_id\":\"6\"}', 200, '2026-06-08 11:39:46'),
(583, 4, 0, 0, 5, 2, 'ادارة الموردين', 'opWqhHQ1zPF-cnNKafxIfUcPK8EUsECqHNuVatNFhtQchdZV', '::1', 'Mozilla/5.0 (Windows NT 10.0; Win64; x64) AppleWebKit/537.36 (KHTML, like Gecko) Chrome/148.0.0.0 Safari/537.36', 'supplierscontracts', 'suppliers', 'create', 'create', NULL, NULL, NULL, NULL, 'http://localhost/ems/Suppliers/supplierscontracts.php?id=8', 'POST', '{\"project_id\":\"4\"}', 200, '2026-06-08 11:39:46'),
(584, 4, 0, 0, 5, 2, 'ادارة الموردين', 'opWqhHQ1zPF-cnNKafxIfUcPK8EUsECqHNuVatNFhtQchdZV', '::1', 'Mozilla/5.0 (Windows NT 10.0; Win64; x64) AppleWebKit/537.36 (KHTML, like Gecko) Chrome/148.0.0.0 Safari/537.36', 'supplierscontracts', 'suppliers', 'create', 'create', NULL, NULL, NULL, NULL, 'http://localhost/ems/Suppliers/supplierscontracts.php?id=8', 'POST', '{\"project_contract_id\":\"5\",\"supplier_contract_id\":\"6\"}', 200, '2026-06-08 11:39:46'),
(585, 4, 0, 0, 5, 2, 'ادارة الموردين', 'opWqhHQ1zPF-cnNKafxIfUcPK8EUsECqHNuVatNFhtQchdZV', '::1', 'Mozilla/5.0 (Windows NT 10.0; Win64; x64) AppleWebKit/537.36 (KHTML, like Gecko) Chrome/148.0.0.0 Safari/537.36', 'logout', 'auth', 'logout', NULL, NULL, NULL, NULL, NULL, 'http://localhost/ems/logout.php', 'GET', NULL, 200, '2026-06-08 11:39:58'),
(586, 4, 0, 0, 6, 3, 'ادارة الاسطول', 'rYaDoqJ8gRoxsMdxpx0ARvkrgWvmn3UuOMOLbz826YHThTvb', '::1', 'Mozilla/5.0 (Windows NT 10.0; Win64; x64) AppleWebKit/537.36 (KHTML, like Gecko) Chrome/148.0.0.0 Safari/537.36', 'login', 'auth', 'login', NULL, NULL, NULL, NULL, NULL, 'http://localhost/ems/login.php', 'POST', '{\"username\":\"يسن\",\"password\":\"[REDACTED]\",\"csrf_token\":\"[REDACTED]\"}', 200, '2026-06-08 11:40:10'),
(587, 4, 0, 0, 6, 3, 'ادارة الاسطول', 'rYaDoqJ8gRoxsMdxpx0ARvkrgWvmn3UuOMOLbz826YHThTvb', '::1', 'Mozilla/5.0 (Windows NT 10.0; Win64; x64) AppleWebKit/537.36 (KHTML, like Gecko) Chrome/148.0.0.0 Safari/537.36', 'oprators', 'oprators', 'update', 'save_operation', NULL, 8, NULL, NULL, 'http://localhost/ems/Oprators/oprators.php?project_id=4', 'POST', '{\"operation_id\":\"\",\"project_id\":\"4\",\"contract_id\":\"5\",\"supplier_id\":\"8\",\"type\":\"1\",\"equipment\":\"20\",\"equipment_category\":\"أساسي\",\"start\":\"2026-06-08\",\"end\":\"2026-11-01\",\"hours\":\"0\",\"total_equipment_hours\":\"0\",\"shift_hours\":\"0\",\"shift_type\":\"B\",\"status\":\"1\",\"action\":\"save_operation\",\"save_operation_submit\":\"\"}', 200, '2026-06-08 11:40:58'),
(588, 4, 0, 0, 6, 3, 'ادارة الاسطول', 'rYaDoqJ8gRoxsMdxpx0ARvkrgWvmn3UuOMOLbz826YHThTvb', '::1', 'Mozilla/5.0 (Windows NT 10.0; Win64; x64) AppleWebKit/537.36 (KHTML, like Gecko) Chrome/148.0.0.0 Safari/537.36', 'oprators', 'oprators', 'update', 'save_operation', NULL, 8, NULL, NULL, 'http://localhost/ems/Oprators/oprators.php?project_id=4', 'POST', '{\"operation_id\":\"\",\"project_id\":\"4\",\"contract_id\":\"5\",\"supplier_id\":\"8\",\"type\":\"1\",\"equipment\":\"20\",\"equipment_category\":\"احتياطي\",\"start\":\"2026-06-08\",\"end\":\"2026-11-01\",\"hours\":\"0\",\"total_equipment_hours\":\"100\",\"shift_hours\":\"10\",\"shift_type\":\"B\",\"status\":\"1\",\"action\":\"save_operation\",\"save_operation_submit\":\"\"}', 200, '2026-06-08 11:41:31'),
(589, 4, 0, 0, 6, 3, 'ادارة الاسطول', 'rYaDoqJ8gRoxsMdxpx0ARvkrgWvmn3UuOMOLbz826YHThTvb', '::1', 'Mozilla/5.0 (Windows NT 10.0; Win64; x64) AppleWebKit/537.36 (KHTML, like Gecko) Chrome/148.0.0.0 Safari/537.36', 'logout', 'auth', 'logout', NULL, NULL, NULL, NULL, NULL, 'http://localhost/ems/logout.php', 'GET', NULL, 200, '2026-06-08 11:42:30'),
(590, 4, 0, 0, 6, 3, 'ادارة الاسطول', 'PRgWUTjmu5ZuRfJEa2NI5HI0zgCXk1xFdkUmpv0qGV0KiUqh', '::1', 'Mozilla/5.0 (Windows NT 10.0; Win64; x64) AppleWebKit/537.36 (KHTML, like Gecko) Chrome/148.0.0.0 Safari/537.36', 'login', 'auth', 'login', NULL, NULL, NULL, NULL, NULL, 'http://localhost/ems/login.php', 'POST', '{\"username\":\"يسن\",\"password\":\"[REDACTED]\",\"csrf_token\":\"[REDACTED]\"}', 200, '2026-06-08 11:42:33'),
(591, 4, 0, 0, 6, 3, 'ادارة الاسطول', 'PRgWUTjmu5ZuRfJEa2NI5HI0zgCXk1xFdkUmpv0qGV0KiUqh', '::1', 'Mozilla/5.0 (Windows NT 10.0; Win64; x64) AppleWebKit/537.36 (KHTML, like Gecko) Chrome/148.0.0.0 Safari/537.36', 'equipments_fleet', 'equipments', 'create', 'create', NULL, NULL, NULL, NULL, 'http://localhost/ems/Equipments/equipments_fleet.php?edit=20', 'POST', '{\"edit_id\":\"20\",\"suppliers\":\"8\",\"code\":\"tx10\",\"type\":\"3\",\"name\":\"tx10\",\"serial_number\":\"\",\"chassis_number\":\"\",\"machine_number\":\"\",\"manufacturer\":\"\",\"model\":\"\",\"manufacturing_year\":\"\",\"import_year\":\"\",\"equipment_condition\":\"في حالة جيدة\",\"operating_hours\":\"\",\"engine_condition\":\"جيدة\",\"tires_condition\":\"N/A\",\"actual_owner_name\":\"\",\"owner_type\":\"\",\"owner_phone\":\"\",\"owner_supplier_relation\":\"\",\"license_number\":\"\",\"license_authority\":\"\",\"document_type\":\"\",\"license_expiry_date\":\"\",\"inspection_certificate_number\":\"\",\"last_inspection_date\":\"\",\"current_location\":\"\",\"availability_state\":\"متوفرة\",\"site_supervisor_name\":\"\",\"site_supervisor_contact\":\"\",\"estimated_value\":\"\",\"daily_rental_price\":\"\",\"monthly_rental_price\":\"\",\"insurance_status\":\"\",\"general_notes\":\"\",\"last_maintenance_date\":\"\",\"status\":\"0\"}', 302, '2026-06-08 11:42:49'),
(592, 4, 0, 0, 6, 3, 'ادارة الاسطول', 'PRgWUTjmu5ZuRfJEa2NI5HI0zgCXk1xFdkUmpv0qGV0KiUqh', '::1', 'Mozilla/5.0 (Windows NT 10.0; Win64; x64) AppleWebKit/537.36 (KHTML, like Gecko) Chrome/148.0.0.0 Safari/537.36', 'project_users', 'main', 'create', 'create', NULL, NULL, NULL, NULL, 'http://localhost/ems/main/project_users.php', 'POST', '{\"username\":\"يسن\",\"uid\":\"0\"}', 200, '2026-06-08 11:42:55'),
(593, 4, 0, 0, 6, 3, 'ادارة الاسطول', 'PRgWUTjmu5ZuRfJEa2NI5HI0zgCXk1xFdkUmpv0qGV0KiUqh', '::1', 'Mozilla/5.0 (Windows NT 10.0; Win64; x64) AppleWebKit/537.36 (KHTML, like Gecko) Chrome/148.0.0.0 Safari/537.36', 'oprators', 'oprators', 'update', 'save_operation', NULL, 8, NULL, NULL, 'http://localhost/ems/Oprators/oprators.php?project_id=4', 'POST', '{\"operation_id\":\"\",\"project_id\":\"4\",\"contract_id\":\"5\",\"supplier_id\":\"8\",\"type\":\"3\",\"equipment\":\"20\",\"equipment_category\":\"احتياطي\",\"start\":\"2026-06-08\",\"end\":\"2026-11-01\",\"hours\":\"0\",\"total_equipment_hours\":\"100\",\"shift_hours\":\"9.99\",\"shift_type\":\"B\",\"status\":\"1\",\"action\":\"save_operation\",\"save_operation_submit\":\"\"}', 200, '2026-06-08 11:43:27'),
(594, 4, 0, 0, 6, 3, 'ادارة الاسطول', 'PRgWUTjmu5ZuRfJEa2NI5HI0zgCXk1xFdkUmpv0qGV0KiUqh', '::1', 'Mozilla/5.0 (Windows NT 10.0; Win64; x64) AppleWebKit/537.36 (KHTML, like Gecko) Chrome/148.0.0.0 Safari/537.36', 'oprators', 'oprators', 'update', 'save_operation', NULL, 8, NULL, NULL, 'http://localhost/ems/Oprators/oprators.php?project_id=4', 'POST', '{\"operation_id\":\"\",\"project_id\":\"4\",\"contract_id\":\"5\",\"supplier_id\":\"8\",\"type\":\"3\",\"equipment\":\"20\",\"equipment_category\":\"أساسي\",\"start\":\"2026-06-08\",\"end\":\"2026-11-01\",\"hours\":\"0\",\"total_equipment_hours\":\"0\",\"shift_hours\":\"0\",\"shift_type\":\"B\",\"status\":\"1\",\"action\":\"save_operation\",\"save_operation_submit\":\"\"}', 200, '2026-06-08 11:45:26'),
(595, 4, 0, 0, 6, 3, 'ادارة الاسطول', 'PRgWUTjmu5ZuRfJEa2NI5HI0zgCXk1xFdkUmpv0qGV0KiUqh', '::1', 'Mozilla/5.0 (Windows NT 10.0; Win64; x64) AppleWebKit/537.36 (KHTML, like Gecko) Chrome/148.0.0.0 Safari/537.36', 'logout', 'auth', 'logout', NULL, NULL, NULL, NULL, NULL, 'http://localhost/ems/logout.php', 'GET', NULL, 200, '2026-06-08 11:46:44'),
(596, 4, 0, 0, 5, 2, 'ادارة الموردين', 'pn7Br7zyiytlv,hpze8gzYc1oH6TqpFB9vSKzt456IcyShp,', '::1', 'Mozilla/5.0 (Windows NT 10.0; Win64; x64) AppleWebKit/537.36 (KHTML, like Gecko) Chrome/148.0.0.0 Safari/537.36', 'login', 'auth', 'login', NULL, NULL, NULL, NULL, NULL, 'http://localhost/ems/login.php', 'POST', '{\"username\":\"مصعب\",\"password\":\"[REDACTED]\",\"csrf_token\":\"[REDACTED]\"}', 200, '2026-06-08 11:46:56'),
(597, 4, 0, 0, 5, 2, 'ادارة الموردين', 'pn7Br7zyiytlv,hpze8gzYc1oH6TqpFB9vSKzt456IcyShp,', '::1', 'Mozilla/5.0 (Windows NT 10.0; Win64; x64) AppleWebKit/537.36 (KHTML, like Gecko) Chrome/148.0.0.0 Safari/537.36', 'logout', 'auth', 'logout', NULL, NULL, NULL, NULL, NULL, 'http://localhost/ems/logout.php', 'GET', NULL, 200, '2026-06-08 11:47:52'),
(598, 4, 0, 0, 6, 3, 'ادارة الاسطول', 'JipM,l17J12L5MzWCk2uWyCmhyOQOJa7X4I1uy01S08rPJrA', '::1', 'Mozilla/5.0 (Windows NT 10.0; Win64; x64) AppleWebKit/537.36 (KHTML, like Gecko) Chrome/148.0.0.0 Safari/537.36', 'login', 'auth', 'login', NULL, NULL, NULL, NULL, NULL, 'http://localhost/ems/login.php', 'POST', '{\"username\":\"يسن\",\"password\":\"[REDACTED]\",\"csrf_token\":\"[REDACTED]\"}', 200, '2026-06-08 11:48:02'),
(599, 4, 0, 0, 6, 3, 'ادارة الاسطول', 'JipM,l17J12L5MzWCk2uWyCmhyOQOJa7X4I1uy01S08rPJrA', '::1', 'Mozilla/5.0 (Windows NT 10.0; Win64; x64) AppleWebKit/537.36 (KHTML, like Gecko) Chrome/148.0.0.0 Safari/537.36', 'logout', 'auth', 'logout', NULL, NULL, NULL, NULL, NULL, 'http://localhost/ems/logout.php', 'GET', NULL, 200, '2026-06-08 11:48:33'),
(600, 4, 0, 0, 5, 2, 'ادارة الموردين', 'eeJPE89zfJU7v2vC5USutA-tP229JrgXmAZaTKTh8Xp78SB7', '::1', 'Mozilla/5.0 (Windows NT 10.0; Win64; x64) AppleWebKit/537.36 (KHTML, like Gecko) Chrome/148.0.0.0 Safari/537.36', 'login', 'auth', 'login', NULL, NULL, NULL, NULL, NULL, 'http://localhost/ems/login.php', 'POST', '{\"username\":\"مصعب\",\"password\":\"[REDACTED]\",\"csrf_token\":\"[REDACTED]\"}', 200, '2026-06-08 11:48:38'),
(601, 4, 0, 0, 5, 2, 'ادارة الموردين', 'eeJPE89zfJU7v2vC5USutA-tP229JrgXmAZaTKTh8Xp78SB7', '::1', 'Mozilla/5.0 (Windows NT 10.0; Win64; x64) AppleWebKit/537.36 (KHTML, like Gecko) Chrome/148.0.0.0 Safari/537.36', 'suppliers', 'suppliers', 'delete', 'delete', NULL, 4, NULL, NULL, 'http://localhost/ems/Suppliers/suppliers.php', 'GET', '{\"delete_id\":\"4\"}', 302, '2026-06-08 11:48:53'),
(602, 4, 0, 0, 5, 2, 'ادارة الموردين', 'eeJPE89zfJU7v2vC5USutA-tP229JrgXmAZaTKTh8Xp78SB7', '::1', 'Mozilla/5.0 (Windows NT 10.0; Win64; x64) AppleWebKit/537.36 (KHTML, like Gecko) Chrome/148.0.0.0 Safari/537.36', 'logout', 'auth', 'logout', NULL, NULL, NULL, NULL, NULL, 'http://localhost/ems/logout.php', 'GET', NULL, 200, '2026-06-08 11:49:13'),
(603, 4, 0, 0, 6, 3, 'ادارة الاسطول', 'ZtIQ2Nt3lx3wgCYhNF74Zbm4mXZebN2zAsshDfrVJTDbcdNP', '::1', 'Mozilla/5.0 (Windows NT 10.0; Win64; x64) AppleWebKit/537.36 (KHTML, like Gecko) Chrome/148.0.0.0 Safari/537.36', 'login', 'auth', 'login', NULL, NULL, NULL, NULL, NULL, 'http://localhost/ems/login.php', 'POST', '{\"username\":\"يسن\",\"password\":\"[REDACTED]\",\"csrf_token\":\"[REDACTED]\"}', 200, '2026-06-08 11:49:24'),
(604, 4, 0, 0, 6, 3, 'ادارة الاسطول', 'ZtIQ2Nt3lx3wgCYhNF74Zbm4mXZebN2zAsshDfrVJTDbcdNP', '::1', 'Mozilla/5.0 (Windows NT 10.0; Win64; x64) AppleWebKit/537.36 (KHTML, like Gecko) Chrome/148.0.0.0 Safari/537.36', 'equipments_fleet', 'equipments', 'create', 'create', NULL, NULL, NULL, NULL, 'http://localhost/ems/Equipments/equipments_fleet.php?edit=14', 'POST', '{\"edit_id\":\"14\",\"suppliers\":\"7\",\"code\":\"tq10\",\"type\":\"2\",\"name\":\"tq10\",\"serial_number\":\"\",\"chassis_number\":\"\",\"machine_number\":\"\",\"manufacturer\":\"\",\"model\":\"\",\"manufacturing_year\":\"\",\"import_year\":\"\",\"equipment_condition\":\"في حالة جيدة\",\"operating_hours\":\"\",\"engine_condition\":\"جيدة\",\"tires_condition\":\"N/A\",\"actual_owner_name\":\"\",\"owner_type\":\"\",\"owner_phone\":\"\",\"owner_supplier_relation\":\"\",\"license_number\":\"\",\"license_authority\":\"\",\"document_type\":\"\",\"license_expiry_date\":\"\",\"inspection_certificate_number\":\"\",\"last_inspection_date\":\"\",\"current_location\":\"\",\"availability_state\":\"متوفرة\",\"site_supervisor_name\":\"\",\"site_supervisor_contact\":\"\",\"estimated_value\":\"\",\"daily_rental_price\":\"\",\"monthly_rental_price\":\"\",\"insurance_status\":\"\",\"general_notes\":\"\",\"last_maintenance_date\":\"\",\"status\":\"0\"}', 302, '2026-06-08 11:49:44'),
(605, 4, 0, 0, 6, 3, 'ادارة الاسطول', 'ZtIQ2Nt3lx3wgCYhNF74Zbm4mXZebN2zAsshDfrVJTDbcdNP', '::1', 'Mozilla/5.0 (Windows NT 10.0; Win64; x64) AppleWebKit/537.36 (KHTML, like Gecko) Chrome/148.0.0.0 Safari/537.36', 'equipments_fleet', 'equipments', 'create', 'create', NULL, NULL, NULL, NULL, 'http://localhost/ems/Equipments/equipments_fleet.php?edit=13', 'POST', '{\"edit_id\":\"13\",\"suppliers\":\"7\",\"code\":\"H1\",\"type\":\"3\",\"name\":\"h1\",\"serial_number\":\"\",\"chassis_number\":\"\",\"machine_number\":\"\",\"manufacturer\":\"\",\"model\":\"\",\"manufacturing_year\":\"\",\"import_year\":\"\",\"equipment_condition\":\"في حالة جيدة\",\"operating_hours\":\"\",\"engine_condition\":\"جيدة\",\"tires_condition\":\"N/A\",\"actual_owner_name\":\"\",\"owner_type\":\"\",\"owner_phone\":\"\",\"owner_supplier_relation\":\"\",\"license_number\":\"\",\"license_authority\":\"\",\"document_type\":\"\",\"license_expiry_date\":\"\",\"inspection_certificate_number\":\"\",\"last_inspection_date\":\"\",\"current_location\":\"\",\"availability_state\":\"متوفرة\",\"site_supervisor_name\":\"\",\"site_supervisor_contact\":\"\",\"estimated_value\":\"\",\"daily_rental_price\":\"\",\"monthly_rental_price\":\"\",\"insurance_status\":\"\",\"general_notes\":\"\",\"last_maintenance_date\":\"\",\"status\":\"0\"}', 302, '2026-06-08 11:49:58'),
(606, 4, 0, 0, 6, 3, 'ادارة الاسطول', 'ZtIQ2Nt3lx3wgCYhNF74Zbm4mXZebN2zAsshDfrVJTDbcdNP', '::1', 'Mozilla/5.0 (Windows NT 10.0; Win64; x64) AppleWebKit/537.36 (KHTML, like Gecko) Chrome/148.0.0.0 Safari/537.36', 'equipments_fleet', 'equipments', 'create', 'create', NULL, NULL, NULL, NULL, 'http://localhost/ems/Equipments/equipments_fleet.php?edit=12', 'POST', '{\"edit_id\":\"12\",\"suppliers\":\"7\",\"code\":\"DM01\",\"type\":\"3\",\"name\":\"Drill Machine\",\"serial_number\":\"20251101\",\"chassis_number\":\"20251101\",\"machine_number\":\"DTH Drilling RIG ADET D3\",\"manufacturer\":\"ADET\",\"model\":\"DTH Drilling RIG ADET D3\",\"manufacturing_year\":\"2025\",\"import_year\":\"2024\",\"equipment_condition\":\"جديدة (لم تستخدم)\",\"operating_hours\":\"\",\"engine_condition\":\"ممتازة\",\"tires_condition\":\"N/A\",\"actual_owner_name\":\"شركة إكوبيشن للإستثمار المحدودة\",\"owner_type\":\"شركة متخصصة\",\"owner_phone\":\"249912345678\",\"owner_supplier_relation\":\"مالك مباشر (يتعاقد معنا مباشرة)\",\"license_number\":\"PZUN02021016811\",\"license_authority\":\"الجمارك\",\"document_type\":\"شهادة وارد\",\"license_expiry_date\":\"2026-05-07\",\"inspection_certificate_number\":\"\",\"last_inspection_date\":\"2026-05-07\",\"current_location\":\"الشركة الروسية\",\"availability_state\":\"متوفرة\",\"site_supervisor_name\":\"\",\"site_supervisor_contact\":\"\",\"estimated_value\":\"100000.00\",\"daily_rental_price\":\"\",\"monthly_rental_price\":\"\",\"insurance_status\":\"\",\"general_notes\":\"\",\"last_maintenance_date\":\"\",\"status\":\"0\"}', 302, '2026-06-08 11:50:14'),
(607, 4, 0, 0, 6, 3, 'ادارة الاسطول', 'ZtIQ2Nt3lx3wgCYhNF74Zbm4mXZebN2zAsshDfrVJTDbcdNP', '::1', 'Mozilla/5.0 (Windows NT 10.0; Win64; x64) AppleWebKit/537.36 (KHTML, like Gecko) Chrome/148.0.0.0 Safari/537.36', 'equipments_fleet', 'equipments', 'create', 'create', NULL, NULL, NULL, NULL, 'http://localhost/ems/Equipments/equipments_fleet.php?edit=5', 'POST', '{\"edit_id\":\"5\",\"suppliers\":\"8\",\"code\":\"EX26\",\"type\":\"1\",\"name\":\"HMK220LC-2\",\"serial_number\":\"6D16-A73071\",\"chassis_number\":\"HMKH2520V0J125053\",\"machine_number\":\"\",\"manufacturer\":\"HIDROMEK\",\"model\":\"HMK220LC-2\",\"manufacturing_year\":\"2019\",\"import_year\":\"2019\",\"equipment_condition\":\"في حالة جيدة\",\"operating_hours\":\"12000\",\"engine_condition\":\"جيدة\",\"tires_condition\":\"N/A\",\"actual_owner_name\":\"EQUIPATION\",\"owner_type\":\"\",\"owner_phone\":\"249912345678\",\"owner_supplier_relation\":\"\",\"license_number\":\"PZUS02019024755\",\"license_authority\":\"الجمارك\",\"document_type\":\"\",\"license_expiry_date\":\"2019-11-23\",\"inspection_certificate_number\":\"1319126\",\"last_inspection_date\":\"2021-10-15\",\"current_location\":\"الشركة الروسية\",\"availability_state\":\"متوفرة\",\"site_supervisor_name\":\"\",\"site_supervisor_contact\":\"\",\"estimated_value\":\"95000.01\",\"daily_rental_price\":\"800.00\",\"monthly_rental_price\":\"24000.00\",\"insurance_status\":\"\",\"general_notes\":\"\",\"last_maintenance_date\":\"2026-04-10\",\"status\":\"0\"}', 302, '2026-06-08 11:50:31'),
(608, 4, 0, 0, 6, 3, 'ادارة الاسطول', 'ZtIQ2Nt3lx3wgCYhNF74Zbm4mXZebN2zAsshDfrVJTDbcdNP', '::1', 'Mozilla/5.0 (Windows NT 10.0; Win64; x64) AppleWebKit/537.36 (KHTML, like Gecko) Chrome/148.0.0.0 Safari/537.36', 'logout', 'auth', 'logout', NULL, NULL, NULL, NULL, NULL, 'http://localhost/ems/logout.php', 'GET', NULL, 200, '2026-06-08 11:50:38'),
(609, 4, 0, 0, 5, 2, 'ادارة الموردين', 'uqu-hPrNlSl6DDK1ixcvXotlwMC3KCMeyMqm5ldFtK0ruqJK', '::1', 'Mozilla/5.0 (Windows NT 10.0; Win64; x64) AppleWebKit/537.36 (KHTML, like Gecko) Chrome/148.0.0.0 Safari/537.36', 'login', 'auth', 'login', NULL, NULL, NULL, NULL, NULL, 'http://localhost/ems/login.php', 'POST', '{\"username\":\"مصعب\",\"password\":\"[REDACTED]\",\"csrf_token\":\"[REDACTED]\"}', 200, '2026-06-08 11:50:46'),
(610, 4, 0, 0, 5, 2, 'ادارة الموردين', 'uqu-hPrNlSl6DDK1ixcvXotlwMC3KCMeyMqm5ldFtK0ruqJK', '::1', 'Mozilla/5.0 (Windows NT 10.0; Win64; x64) AppleWebKit/537.36 (KHTML, like Gecko) Chrome/148.0.0.0 Safari/537.36', 'suppliers', 'suppliers', 'delete', 'delete', NULL, 4, NULL, NULL, 'http://localhost/ems/Suppliers/suppliers.php', 'GET', '{\"delete_id\":\"4\"}', 302, '2026-06-08 11:50:55'),
(611, 4, 0, 0, 5, 2, 'ادارة الموردين', 'uqu-hPrNlSl6DDK1ixcvXotlwMC3KCMeyMqm5ldFtK0ruqJK', '::1', 'Mozilla/5.0 (Windows NT 10.0; Win64; x64) AppleWebKit/537.36 (KHTML, like Gecko) Chrome/148.0.0.0 Safari/537.36', 'logout', 'auth', 'logout', NULL, NULL, NULL, NULL, NULL, 'http://localhost/ems/logout.php', 'GET', NULL, 200, '2026-06-08 11:51:31'),
(612, 4, 0, 0, 6, 3, 'ادارة الاسطول', '3wJd1HppnINuvJj5I-t-V2Bp4Ryjs5mApSg,bTj4G7pBb6,J', '::1', 'Mozilla/5.0 (Windows NT 10.0; Win64; x64) AppleWebKit/537.36 (KHTML, like Gecko) Chrome/148.0.0.0 Safari/537.36', 'login', 'auth', 'login', NULL, NULL, NULL, NULL, NULL, 'http://localhost/ems/login.php', 'POST', '{\"username\":\"يسن\",\"password\":\"[REDACTED]\",\"csrf_token\":\"[REDACTED]\"}', 200, '2026-06-08 11:51:36'),
(613, 4, 0, 0, 6, 3, 'ادارة الاسطول', '3wJd1HppnINuvJj5I-t-V2Bp4Ryjs5mApSg,bTj4G7pBb6,J', '::1', 'Mozilla/5.0 (Windows NT 10.0; Win64; x64) AppleWebKit/537.36 (KHTML, like Gecko) Chrome/148.0.0.0 Safari/537.36', 'logout', 'auth', 'logout', NULL, NULL, NULL, NULL, NULL, 'http://localhost/ems/logout.php', 'GET', NULL, 200, '2026-06-08 11:52:02'),
(614, 4, 0, 0, 6, 3, 'ادارة الاسطول', 'Fy6SHk27sMvCAO,P9Q5MbCkLsByQPebN,af91t0abHqRKaNg', '::1', 'Mozilla/5.0 (Windows NT 10.0; Win64; x64) AppleWebKit/537.36 (KHTML, like Gecko) Chrome/148.0.0.0 Safari/537.36', 'login', 'auth', 'login', NULL, NULL, NULL, NULL, NULL, 'http://localhost/ems/login.php', 'POST', '{\"username\":\"يسن\",\"password\":\"[REDACTED]\",\"csrf_token\":\"[REDACTED]\"}', 200, '2026-06-08 11:52:04'),
(615, 4, 0, 0, 6, 3, 'ادارة الاسطول', 'Fy6SHk27sMvCAO,P9Q5MbCkLsByQPebN,af91t0abHqRKaNg', '::1', 'Mozilla/5.0 (Windows NT 10.0; Win64; x64) AppleWebKit/537.36 (KHTML, like Gecko) Chrome/148.0.0.0 Safari/537.36', 'equipments_fleet', 'equipments', 'create', 'create', NULL, NULL, NULL, NULL, 'http://localhost/ems/Equipments/equipments_fleet.php?edit=8', 'POST', '{\"edit_id\":\"8\",\"suppliers\":\"5\",\"code\":\"EX22\",\"type\":\"1\",\"name\":\"HX 340 SL\",\"serial_number\":\"82463818\",\"chassis_number\":\"HHKHE944CN0000360\",\"machine_number\":\"\",\"manufacturer\":\"HYUNDAI\",\"model\":\"HX340SL\",\"manufacturing_year\":\"2022\",\"import_year\":\"2022\",\"equipment_condition\":\"في حالة جيدة\",\"operating_hours\":\"10000\",\"engine_condition\":\"جيدة\",\"tires_condition\":\"N/A\",\"actual_owner_name\":\"EQUIPATION\",\"owner_type\":\"أخرى\",\"owner_phone\":\"249912345678\",\"owner_supplier_relation\":\"\",\"license_number\":\"PZUN02021014933\",\"license_authority\":\"الجمارك\",\"document_type\":\"\",\"license_expiry_date\":\"0001-01-01\",\"inspection_certificate_number\":\"\",\"last_inspection_date\":\"\",\"current_location\":\"نورايا\",\"availability_state\":\"متوفرة\",\"site_supervisor_name\":\"\",\"site_supervisor_contact\":\"\",\"estimated_value\":\"180000.00\",\"daily_rental_price\":\"800.00\",\"monthly_rental_price\":\"24000.00\",\"insurance_status\":\"مؤمن بالكامل\",\"general_notes\":\"\",\"last_maintenance_date\":\"2026-05-04\",\"status\":\"0\"}', 302, '2026-06-08 11:52:24'),
(616, 4, 0, 0, 6, 3, 'ادارة الاسطول', 'Fy6SHk27sMvCAO,P9Q5MbCkLsByQPebN,af91t0abHqRKaNg', '::1', 'Mozilla/5.0 (Windows NT 10.0; Win64; x64) AppleWebKit/537.36 (KHTML, like Gecko) Chrome/148.0.0.0 Safari/537.36', 'logout', 'auth', 'logout', NULL, NULL, NULL, NULL, NULL, 'http://localhost/ems/logout.php', 'GET', NULL, 200, '2026-06-08 11:52:33'),
(617, 4, 0, 0, 5, 2, 'ادارة الموردين', '04Pu6Xpb7JrKqb13QGJ2Rkzjju54NLpx1e-hfVcoT0mVHcif', '::1', 'Mozilla/5.0 (Windows NT 10.0; Win64; x64) AppleWebKit/537.36 (KHTML, like Gecko) Chrome/148.0.0.0 Safari/537.36', 'login', 'auth', 'login', NULL, NULL, NULL, NULL, NULL, 'http://localhost/ems/login.php', 'POST', '{\"username\":\"مصعب\",\"password\":\"[REDACTED]\",\"csrf_token\":\"[REDACTED]\"}', 200, '2026-06-08 11:52:39'),
(618, 4, 0, 0, 5, 2, 'ادارة الموردين', '04Pu6Xpb7JrKqb13QGJ2Rkzjju54NLpx1e-hfVcoT0mVHcif', '::1', 'Mozilla/5.0 (Windows NT 10.0; Win64; x64) AppleWebKit/537.36 (KHTML, like Gecko) Chrome/148.0.0.0 Safari/537.36', 'suppliers', 'suppliers', 'delete', 'delete', NULL, 4, NULL, NULL, 'http://localhost/ems/Suppliers/suppliers.php', 'GET', '{\"delete_id\":\"4\"}', 302, '2026-06-08 11:52:46'),
(619, 4, 0, 0, 5, 2, 'ادارة الموردين', '04Pu6Xpb7JrKqb13QGJ2Rkzjju54NLpx1e-hfVcoT0mVHcif', '::1', 'Mozilla/5.0 (Windows NT 10.0; Win64; x64) AppleWebKit/537.36 (KHTML, like Gecko) Chrome/148.0.0.0 Safari/537.36', 'logout', 'auth', 'logout', NULL, NULL, NULL, NULL, NULL, 'http://localhost/ems/logout.php', 'GET', NULL, 200, '2026-06-08 11:52:51'),
(620, 4, 0, 0, 6, 3, 'ادارة الاسطول', 'r3v3w0wWgO8ZG3z0flhyldmz7hBLM4ik,FR7S74OhJHXRiMc', '::1', 'Mozilla/5.0 (Windows NT 10.0; Win64; x64) AppleWebKit/537.36 (KHTML, like Gecko) Chrome/148.0.0.0 Safari/537.36', 'login', 'auth', 'login', NULL, NULL, NULL, NULL, NULL, 'http://localhost/ems/login.php', 'POST', '{\"username\":\"يسن\",\"password\":\"[REDACTED]\",\"csrf_token\":\"[REDACTED]\"}', 200, '2026-06-08 11:52:58'),
(621, 4, 0, 0, 6, 3, 'ادارة الاسطول', 'r3v3w0wWgO8ZG3z0flhyldmz7hBLM4ik,FR7S74OhJHXRiMc', '::1', 'Mozilla/5.0 (Windows NT 10.0; Win64; x64) AppleWebKit/537.36 (KHTML, like Gecko) Chrome/148.0.0.0 Safari/537.36', 'equipments_fleet', 'equipments', 'create', 'create', NULL, NULL, NULL, NULL, 'http://localhost/ems/Equipments/equipments_fleet.php?edit=17', 'POST', '{\"edit_id\":\"17\",\"suppliers\":\"7\",\"code\":\"EQP-00201-2\",\"type\":\"1\",\"name\":\"EXC\",\"serial_number\":\"EXC-2024-001\",\"chassis_number\":\"CAT320-ABC123456\",\"machine_number\":\"\",\"manufacturer\":\"كاتربيلر\",\"model\":\"320D\",\"manufacturing_year\":\"2018\",\"import_year\":\"2020\",\"equipment_condition\":\"في حالة جيدة\",\"operating_hours\":\"5400\",\"engine_condition\":\"جيدة\",\"tires_condition\":\"N/A\",\"actual_owner_name\":\"محمد علي أحمد\",\"owner_type\":\"مالك فردي\",\"owner_phone\":\"249912345678\",\"owner_supplier_relation\":\"تابع للمورد (مملوكة للمورد نفسه)\",\"license_number\":\"VEH-2024-12345\",\"license_authority\":\"المرور\",\"document_type\":\"\",\"license_expiry_date\":\"2025-12-31\",\"inspection_certificate_number\":\"INS-2024-001\",\"last_inspection_date\":\"2024-06-15\",\"current_location\":\"منجم الذهب الشرقي\",\"availability_state\":\"متوفرة\",\"site_supervisor_name\":\"\",\"site_supervisor_contact\":\"\",\"estimated_value\":\"150000.00\",\"daily_rental_price\":\"500.00\",\"monthly_rental_price\":\"10000.00\",\"insurance_status\":\"مؤمن بالكامل\",\"general_notes\":\"معدة موثوقة، تحتاج صيانة دورية\",\"last_maintenance_date\":\"2024-05-10\",\"status\":\"0\"}', 302, '2026-06-08 11:54:09'),
(622, 4, 0, 0, 6, 3, 'ادارة الاسطول', 'r3v3w0wWgO8ZG3z0flhyldmz7hBLM4ik,FR7S74OhJHXRiMc', '::1', 'Mozilla/5.0 (Windows NT 10.0; Win64; x64) AppleWebKit/537.36 (KHTML, like Gecko) Chrome/148.0.0.0 Safari/537.36', 'equipments_fleet', 'equipments', 'create', 'create', NULL, NULL, NULL, NULL, 'http://localhost/ems/Equipments/equipments_fleet.php?edit=16', 'POST', '{\"edit_id\":\"16\",\"suppliers\":\"7\",\"code\":\"EQP-02001\",\"type\":\"1\",\"name\":\"EXC\",\"serial_number\":\"EXC-2024-001\",\"chassis_number\":\"CAT320-ABC123456\",\"machine_number\":\"\",\"manufacturer\":\"كاتربيلر\",\"model\":\"320D\",\"manufacturing_year\":\"2018\",\"import_year\":\"2020\",\"equipment_condition\":\"في حالة جيدة\",\"operating_hours\":\"5400\",\"engine_condition\":\"جيدة\",\"tires_condition\":\"N/A\",\"actual_owner_name\":\"محمد علي أحمد\",\"owner_type\":\"مالك فردي\",\"owner_phone\":\"249912345678\",\"owner_supplier_relation\":\"تابع للمورد (مملوكة للمورد نفسه)\",\"license_number\":\"VEH-2024-12345\",\"license_authority\":\"المرور\",\"document_type\":\"\",\"license_expiry_date\":\"2025-12-31\",\"inspection_certificate_number\":\"INS-2024-001\",\"last_inspection_date\":\"2024-06-15\",\"current_location\":\"منجم الذهب الشرقي\",\"availability_state\":\"متوفرة\",\"site_supervisor_name\":\"\",\"site_supervisor_contact\":\"\",\"estimated_value\":\"150000.00\",\"daily_rental_price\":\"500.00\",\"monthly_rental_price\":\"10000.00\",\"insurance_status\":\"مؤمن بالكامل\",\"general_notes\":\"معدة موثوقة، تحتاج صيانة دورية\",\"last_maintenance_date\":\"2024-05-10\",\"status\":\"0\"}', 302, '2026-06-08 11:54:20'),
(623, 4, 0, 0, 6, 3, 'ادارة الاسطول', 'r3v3w0wWgO8ZG3z0flhyldmz7hBLM4ik,FR7S74OhJHXRiMc', '::1', 'Mozilla/5.0 (Windows NT 10.0; Win64; x64) AppleWebKit/537.36 (KHTML, like Gecko) Chrome/148.0.0.0 Safari/537.36', 'oprators', 'oprators', 'update', 'save_operation', NULL, 7, NULL, NULL, 'http://localhost/ems/Oprators/oprators.php?project_id=4', 'POST', '{\"operation_id\":\"\",\"project_id\":\"4\",\"contract_id\":\"4\",\"supplier_id\":\"7\",\"type\":\"1\",\"equipment\":\"16\",\"equipment_category\":\"أساسي\",\"start\":\"2026-06-08\",\"end\":\"2027-02-19\",\"hours\":\"0\",\"total_equipment_hours\":\"100\",\"shift_hours\":\"10\",\"shift_type\":\"B\",\"status\":\"1\",\"action\":\"save_operation\",\"save_operation_submit\":\"\"}', 200, '2026-06-08 11:55:04'),
(624, 4, 0, 0, 6, 3, 'ادارة الاسطول', 'r3v3w0wWgO8ZG3z0flhyldmz7hBLM4ik,FR7S74OhJHXRiMc', '::1', 'Mozilla/5.0 (Windows NT 10.0; Win64; x64) AppleWebKit/537.36 (KHTML, like Gecko) Chrome/148.0.0.0 Safari/537.36', 'oprators', 'oprators', 'update', 'save_operation', NULL, 7, NULL, NULL, 'http://localhost/ems/Oprators/oprators.php?project_id=4', 'POST', '{\"operation_id\":\"\",\"project_id\":\"4\",\"contract_id\":\"4\",\"supplier_id\":\"7\",\"type\":\"1\",\"equipment\":\"16\",\"equipment_category\":\"أساسي\",\"start\":\"2026-06-08\",\"end\":\"2027-02-19\",\"hours\":\"0\",\"total_equipment_hours\":\"0\",\"shift_hours\":\"0\",\"shift_type\":\"B\",\"status\":\"1\",\"action\":\"save_operation\",\"save_operation_submit\":\"\"}', 200, '2026-06-08 11:56:11'),
(625, 4, 0, 0, 6, 3, 'ادارة الاسطول', 'r3v3w0wWgO8ZG3z0flhyldmz7hBLM4ik,FR7S74OhJHXRiMc', '::1', 'Mozilla/5.0 (Windows NT 10.0; Win64; x64) AppleWebKit/537.36 (KHTML, like Gecko) Chrome/148.0.0.0 Safari/537.36', 'logout', 'auth', 'logout', NULL, NULL, NULL, NULL, NULL, 'http://localhost/ems/logout.php', 'GET', NULL, 200, '2026-06-08 11:56:41'),
(626, 4, 0, 0, 5, 2, 'ادارة الموردين', '72U4A,KDM6MInOBgenxD8,ABfSi2,PWE4lD3SalS3psRQwS6', '::1', 'Mozilla/5.0 (Windows NT 10.0; Win64; x64) AppleWebKit/537.36 (KHTML, like Gecko) Chrome/148.0.0.0 Safari/537.36', 'login', 'auth', 'login', NULL, NULL, NULL, NULL, NULL, 'http://localhost/ems/login.php', 'POST', '{\"username\":\"مصعب\",\"password\":\"[REDACTED]\",\"csrf_token\":\"[REDACTED]\"}', 200, '2026-06-08 11:56:49'),
(627, 4, 0, 0, 5, 2, 'ادارة الموردين', '72U4A,KDM6MInOBgenxD8,ABfSi2,PWE4lD3SalS3psRQwS6', '::1', 'Mozilla/5.0 (Windows NT 10.0; Win64; x64) AppleWebKit/537.36 (KHTML, like Gecko) Chrome/148.0.0.0 Safari/537.36', 'supplierscontracts', 'suppliers', 'create', 'create', NULL, NULL, NULL, NULL, 'http://localhost/ems/Suppliers/supplierscontracts.php', 'POST', '{\"project_id\":\"4\"}', 200, '2026-06-08 11:57:41'),
(628, 4, 0, 0, 5, 2, 'ادارة الموردين', '72U4A,KDM6MInOBgenxD8,ABfSi2,PWE4lD3SalS3psRQwS6', '::1', 'Mozilla/5.0 (Windows NT 10.0; Win64; x64) AppleWebKit/537.36 (KHTML, like Gecko) Chrome/148.0.0.0 Safari/537.36', 'supplierscontracts', 'suppliers', 'create', 'create', NULL, NULL, NULL, NULL, 'http://localhost/ems/Suppliers/supplierscontracts.php', 'POST', '{\"contract_id\":\"7\"}', 200, '2026-06-08 11:57:41'),
(629, 4, 0, 0, 5, 2, 'ادارة الموردين', '72U4A,KDM6MInOBgenxD8,ABfSi2,PWE4lD3SalS3psRQwS6', '::1', 'Mozilla/5.0 (Windows NT 10.0; Win64; x64) AppleWebKit/537.36 (KHTML, like Gecko) Chrome/148.0.0.0 Safari/537.36', 'supplierscontracts', 'suppliers', 'create', 'create', NULL, NULL, NULL, NULL, 'http://localhost/ems/Suppliers/supplierscontracts.php', 'POST', '{\"project_contract_id\":\"4\",\"supplier_contract_id\":\"7\"}', 200, '2026-06-08 11:57:41'),
(630, 4, 0, 0, 5, 2, 'ادارة الموردين', '72U4A,KDM6MInOBgenxD8,ABfSi2,PWE4lD3SalS3psRQwS6', '::1', 'Mozilla/5.0 (Windows NT 10.0; Win64; x64) AppleWebKit/537.36 (KHTML, like Gecko) Chrome/148.0.0.0 Safari/537.36', 'supplierscontracts', 'suppliers', 'update', 'update', NULL, 7, NULL, NULL, 'http://localhost/ems/Suppliers/supplierscontracts.php', 'POST', '{\"id\":\"7\",\"supplier_id\":\"7\",\"project_id\":\"4\",\"project_contract_id\":\"4\",\"hours_monthly_target\":\"60\",\"forecasted_contracted_hours\":\"2160\",\"contract_signing_date\":\"2026-05-01\",\"grace_period_days\":\"2\",\"actual_start\":\"2026-07-09\",\"actual_end\":\"2026-08-14\",\"contract_duration_days\":\"36\",\"price_currency_contract\":\"دولار\",\"paid_contract\":\"2000\",\"payment_time\":\"مقدم\",\"guarantees\":\"\",\"payment_date\":\"\",\"equip_shifts_contract\":\"0\",\"shift_contract\":\"0\",\"equip_total_contract\":\"0\",\"total_contract_permonth\":\"0\",\"total_contract\":\"0\",\"daily_operators\":\"0\",\"transportation\":\"\",\"place_for_living\":\"\",\"accommodation\":\"\",\"workshop\":\"\",\"equip_type_1\":\"1\",\"equip_size_1\":\"56\",\"equip_count_1\":\"5\",\"equip_count_basic_1\":\"3\",\"equip_count_backup_1\":\"0\",\"equip_operators_1\":\"\",\"equip_assistants_1\":\"0\",\"equip_shifts_1\":\"2\",\"shift1_start_1\":\"00:00:00\",\"shift1_end_1\":\"00:00:00\",\"shift2_start_1\":\"00:00:00\",\"shift2_end_1\":\"00:00:00\",\"equip_unit_1\":\"\",\"shift_hours_1\":\"20.00\",\"equip_total_month_1\":\"60\",\"equip_target_per_month_1\":\"\",\"equip_total_contract_1\":\"2160\",\"equip_price_currency_1\":\"\",\"equip_price_1\":\"0.00\",\"equip_supervisors_1\":\"0\",\"equip_technicians_1\":\"0\",\"daily_work_hours\":\"20\",\"first_party\":\"\",\"second_party\":\"\",\"witness_one\":\"\",\"witness_two\":\"\"}', 200, '2026-06-08 11:57:56'),
(631, 4, 0, 0, 5, 2, 'ادارة الموردين', '72U4A,KDM6MInOBgenxD8,ABfSi2,PWE4lD3SalS3psRQwS6', '::1', 'Mozilla/5.0 (Windows NT 10.0; Win64; x64) AppleWebKit/537.36 (KHTML, like Gecko) Chrome/148.0.0.0 Safari/537.36', 'supplierscontracts', 'suppliers', 'create', 'create', NULL, NULL, NULL, NULL, 'http://localhost/ems/Suppliers/supplierscontracts.php?id=7', 'POST', '{\"project_id\":\"4\"}', 200, '2026-06-08 11:59:17'),
(632, 4, 0, 0, 5, 2, 'ادارة الموردين', '72U4A,KDM6MInOBgenxD8,ABfSi2,PWE4lD3SalS3psRQwS6', '::1', 'Mozilla/5.0 (Windows NT 10.0; Win64; x64) AppleWebKit/537.36 (KHTML, like Gecko) Chrome/148.0.0.0 Safari/537.36', 'supplierscontracts', 'suppliers', 'create', 'create', NULL, NULL, NULL, NULL, 'http://localhost/ems/Suppliers/supplierscontracts.php?id=7', 'POST', '{\"contract_id\":\"7\"}', 200, '2026-06-08 11:59:17'),
(633, 4, 0, 0, 5, 2, 'ادارة الموردين', '72U4A,KDM6MInOBgenxD8,ABfSi2,PWE4lD3SalS3psRQwS6', '::1', 'Mozilla/5.0 (Windows NT 10.0; Win64; x64) AppleWebKit/537.36 (KHTML, like Gecko) Chrome/148.0.0.0 Safari/537.36', 'supplierscontracts', 'suppliers', 'create', 'create', NULL, NULL, NULL, NULL, 'http://localhost/ems/Suppliers/supplierscontracts.php?id=7', 'POST', '{\"project_contract_id\":\"4\",\"supplier_contract_id\":\"7\"}', 200, '2026-06-08 11:59:17'),
(634, 4, 0, 0, 5, 2, 'ادارة الموردين', '72U4A,KDM6MInOBgenxD8,ABfSi2,PWE4lD3SalS3psRQwS6', '::1', 'Mozilla/5.0 (Windows NT 10.0; Win64; x64) AppleWebKit/537.36 (KHTML, like Gecko) Chrome/148.0.0.0 Safari/537.36', 'supplierscontracts', 'suppliers', 'update', 'update', NULL, 7, NULL, NULL, 'http://localhost/ems/Suppliers/supplierscontracts.php?id=7', 'POST', '{\"id\":\"7\",\"supplier_id\":\"7\",\"project_id\":\"4\",\"project_contract_id\":\"4\",\"hours_monthly_target\":\"60\",\"forecasted_contracted_hours\":\"2160\",\"contract_signing_date\":\"2026-05-01\",\"grace_period_days\":\"2\",\"actual_start\":\"2026-07-09\",\"actual_end\":\"2026-08-14\",\"contract_duration_days\":\"36\",\"price_currency_contract\":\"دولار\",\"paid_contract\":\"2000\",\"payment_time\":\"مقدم\",\"guarantees\":\"\",\"payment_date\":\"\",\"equip_shifts_contract\":\"0\",\"shift_contract\":\"0\",\"equip_total_contract\":\"0\",\"total_contract_permonth\":\"0\",\"total_contract\":\"0\",\"daily_operators\":\"0\",\"transportation\":\"\",\"place_for_living\":\"\",\"accommodation\":\"\",\"workshop\":\"\",\"equip_type_1\":\"1\",\"equip_size_1\":\"56\",\"equip_count_1\":\"5\",\"equip_count_basic_1\":\"3\",\"equip_count_backup_1\":\"1\",\"equip_operators_1\":\"2\",\"equip_assistants_1\":\"2\",\"equip_shifts_1\":\"2\",\"shift1_start_1\":\"00:00:00\",\"shift1_end_1\":\"00:00:00\",\"shift2_start_1\":\"00:00:00\",\"shift2_end_1\":\"00:00:00\",\"equip_unit_1\":\"\",\"shift_hours_1\":\"20.00\",\"equip_total_month_1\":\"60\",\"equip_target_per_month_1\":\"\",\"equip_total_contract_1\":\"2160\",\"equip_price_currency_1\":\"\",\"equip_price_1\":\"0.00\",\"equip_supervisors_1\":\"2\",\"equip_technicians_1\":\"0\",\"daily_work_hours\":\"20\",\"first_party\":\"\",\"second_party\":\"\",\"witness_one\":\"\",\"witness_two\":\"\"}', 200, '2026-06-08 12:00:22'),
(635, 4, 0, 0, 5, 2, 'ادارة الموردين', '72U4A,KDM6MInOBgenxD8,ABfSi2,PWE4lD3SalS3psRQwS6', '::1', 'Mozilla/5.0 (Windows NT 10.0; Win64; x64) AppleWebKit/537.36 (KHTML, like Gecko) Chrome/148.0.0.0 Safari/537.36', 'supplierscontracts', 'suppliers', 'create', 'create', NULL, NULL, NULL, NULL, 'http://localhost/ems/Suppliers/supplierscontracts.php?id=7', 'POST', '{\"project_id\":\"4\"}', 200, '2026-06-08 12:04:27'),
(636, 4, 0, 0, 5, 2, 'ادارة الموردين', '72U4A,KDM6MInOBgenxD8,ABfSi2,PWE4lD3SalS3psRQwS6', '::1', 'Mozilla/5.0 (Windows NT 10.0; Win64; x64) AppleWebKit/537.36 (KHTML, like Gecko) Chrome/148.0.0.0 Safari/537.36', 'supplierscontracts', 'suppliers', 'create', 'create', NULL, NULL, NULL, NULL, 'http://localhost/ems/Suppliers/supplierscontracts.php?id=7', 'POST', '{\"contract_id\":\"7\"}', 200, '2026-06-08 12:04:27'),
(637, 4, 0, 0, 5, 2, 'ادارة الموردين', '72U4A,KDM6MInOBgenxD8,ABfSi2,PWE4lD3SalS3psRQwS6', '::1', 'Mozilla/5.0 (Windows NT 10.0; Win64; x64) AppleWebKit/537.36 (KHTML, like Gecko) Chrome/148.0.0.0 Safari/537.36', 'supplierscontracts', 'suppliers', 'create', 'create', NULL, NULL, NULL, NULL, 'http://localhost/ems/Suppliers/supplierscontracts.php?id=7', 'POST', '{\"project_contract_id\":\"4\",\"supplier_contract_id\":\"7\"}', 200, '2026-06-08 12:04:27'),
(638, 4, 0, 0, 5, 2, 'ادارة الموردين', '72U4A,KDM6MInOBgenxD8,ABfSi2,PWE4lD3SalS3psRQwS6', '::1', 'Mozilla/5.0 (Windows NT 10.0; Win64; x64) AppleWebKit/537.36 (KHTML, like Gecko) Chrome/148.0.0.0 Safari/537.36', 'supplierscontracts', 'suppliers', 'update', 'update', NULL, 7, NULL, NULL, 'http://localhost/ems/Suppliers/supplierscontracts.php?id=7', 'POST', '{\"id\":\"7\",\"supplier_id\":\"7\",\"project_id\":\"4\",\"project_contract_id\":\"4\",\"hours_monthly_target\":\"60\",\"forecasted_contracted_hours\":\"2160\",\"contract_signing_date\":\"2026-05-01\",\"grace_period_days\":\"2\",\"actual_start\":\"2026-07-09\",\"actual_end\":\"2026-08-14\",\"contract_duration_days\":\"36\",\"price_currency_contract\":\"دولار\",\"paid_contract\":\"2000\",\"payment_time\":\"مقدم\",\"guarantees\":\"\",\"payment_date\":\"\",\"equip_shifts_contract\":\"0\",\"shift_contract\":\"0\",\"equip_total_contract\":\"0\",\"total_contract_permonth\":\"0\",\"total_contract\":\"0\",\"daily_operators\":\"0\",\"transportation\":\"\",\"place_for_living\":\"\",\"accommodation\":\"\",\"workshop\":\"\",\"equip_type_1\":\"1\",\"equip_size_1\":\"56\",\"equip_count_1\":\"5\",\"equip_count_basic_1\":\"3\",\"equip_count_backup_1\":\"1\",\"equip_operators_1\":\"\",\"equip_assistants_1\":\"2\",\"equip_shifts_1\":\"2\",\"shift1_start_1\":\"00:00:00\",\"shift1_end_1\":\"00:00:00\",\"shift2_start_1\":\"00:00:00\",\"shift2_end_1\":\"00:00:00\",\"equip_unit_1\":\"\",\"shift_hours_1\":\"20.00\",\"equip_total_month_1\":\"60\",\"equip_target_per_month_1\":\"\",\"equip_total_contract_1\":\"2160\",\"equip_price_currency_1\":\"\",\"equip_price_1\":\"0.00\",\"equip_supervisors_1\":\"2\",\"equip_technicians_1\":\"0\",\"daily_work_hours\":\"20\",\"first_party\":\"\",\"second_party\":\"\",\"witness_one\":\"\",\"witness_two\":\"\"}', 200, '2026-06-08 12:04:40'),
(639, 4, 0, 0, 5, 2, 'ادارة الموردين', '72U4A,KDM6MInOBgenxD8,ABfSi2,PWE4lD3SalS3psRQwS6', '::1', 'Mozilla/5.0 (Windows NT 10.0; Win64; x64) AppleWebKit/537.36 (KHTML, like Gecko) Chrome/148.0.0.0 Safari/537.36', 'supplierscontracts', 'suppliers', 'create', 'create', NULL, NULL, NULL, NULL, 'http://localhost/ems/Suppliers/supplierscontracts.php?id=7', 'POST', '{\"project_id\":\"4\"}', 200, '2026-06-08 12:04:59'),
(640, 4, 0, 0, 5, 2, 'ادارة الموردين', '72U4A,KDM6MInOBgenxD8,ABfSi2,PWE4lD3SalS3psRQwS6', '::1', 'Mozilla/5.0 (Windows NT 10.0; Win64; x64) AppleWebKit/537.36 (KHTML, like Gecko) Chrome/148.0.0.0 Safari/537.36', 'supplierscontracts', 'suppliers', 'create', 'create', NULL, NULL, NULL, NULL, 'http://localhost/ems/Suppliers/supplierscontracts.php?id=7', 'POST', '{\"contract_id\":\"7\"}', 200, '2026-06-08 12:04:59'),
(641, 4, 0, 0, 5, 2, 'ادارة الموردين', '72U4A,KDM6MInOBgenxD8,ABfSi2,PWE4lD3SalS3psRQwS6', '::1', 'Mozilla/5.0 (Windows NT 10.0; Win64; x64) AppleWebKit/537.36 (KHTML, like Gecko) Chrome/148.0.0.0 Safari/537.36', 'supplierscontracts', 'suppliers', 'create', 'create', NULL, NULL, NULL, NULL, 'http://localhost/ems/Suppliers/supplierscontracts.php?id=7', 'POST', '{\"project_contract_id\":\"4\",\"supplier_contract_id\":\"7\"}', 200, '2026-06-08 12:04:59'),
(642, 4, 0, 0, 5, 2, 'ادارة الموردين', '72U4A,KDM6MInOBgenxD8,ABfSi2,PWE4lD3SalS3psRQwS6', '::1', 'Mozilla/5.0 (Windows NT 10.0; Win64; x64) AppleWebKit/537.36 (KHTML, like Gecko) Chrome/148.0.0.0 Safari/537.36', 'supplierscontracts', 'suppliers', 'update', 'update', NULL, 7, NULL, NULL, 'http://localhost/ems/Suppliers/supplierscontracts.php?id=7', 'POST', '{\"id\":\"7\",\"supplier_id\":\"7\",\"project_id\":\"4\",\"project_contract_id\":\"4\",\"hours_monthly_target\":\"60\",\"forecasted_contracted_hours\":\"2160\",\"contract_signing_date\":\"2026-05-01\",\"grace_period_days\":\"2\",\"actual_start\":\"2026-07-09\",\"actual_end\":\"2026-08-14\",\"contract_duration_days\":\"36\",\"price_currency_contract\":\"دولار\",\"paid_contract\":\"2000\",\"payment_time\":\"مقدم\",\"guarantees\":\"\",\"payment_date\":\"\",\"equip_shifts_contract\":\"0\",\"shift_contract\":\"0\",\"equip_total_contract\":\"0\",\"total_contract_permonth\":\"0\",\"total_contract\":\"0\",\"daily_operators\":\"0\",\"transportation\":\"\",\"place_for_living\":\"\",\"accommodation\":\"\",\"workshop\":\"\",\"equip_type_1\":\"1\",\"equip_size_1\":\"56\",\"equip_count_1\":\"5\",\"equip_count_basic_1\":\"3\",\"equip_count_backup_1\":\"2\",\"equip_operators_1\":\"2\",\"equip_assistants_1\":\"2\",\"equip_shifts_1\":\"2\",\"shift1_start_1\":\"00:00:00\",\"shift1_end_1\":\"00:00:00\",\"shift2_start_1\":\"00:00:00\",\"shift2_end_1\":\"00:00:00\",\"equip_unit_1\":\"\",\"shift_hours_1\":\"20.00\",\"equip_total_month_1\":\"60\",\"equip_target_per_month_1\":\"\",\"equip_total_contract_1\":\"2160\",\"equip_price_currency_1\":\"\",\"equip_price_1\":\"0.00\",\"equip_supervisors_1\":\"2\",\"equip_technicians_1\":\"0\",\"daily_work_hours\":\"20\",\"first_party\":\"\",\"second_party\":\"\",\"witness_one\":\"\",\"witness_two\":\"\"}', 200, '2026-06-08 12:05:16'),
(643, 4, 0, 0, 5, 2, 'ادارة الموردين', '72U4A,KDM6MInOBgenxD8,ABfSi2,PWE4lD3SalS3psRQwS6', '::1', 'Mozilla/5.0 (Windows NT 10.0; Win64; x64) AppleWebKit/537.36 (KHTML, like Gecko) Chrome/148.0.0.0 Safari/537.36', 'supplierscontracts', 'suppliers', 'create', 'create', NULL, NULL, NULL, NULL, 'http://localhost/ems/Suppliers/supplierscontracts.php?id=7', 'POST', '{\"project_id\":\"4\"}', 200, '2026-06-08 12:05:30'),
(644, 4, 0, 0, 5, 2, 'ادارة الموردين', '72U4A,KDM6MInOBgenxD8,ABfSi2,PWE4lD3SalS3psRQwS6', '::1', 'Mozilla/5.0 (Windows NT 10.0; Win64; x64) AppleWebKit/537.36 (KHTML, like Gecko) Chrome/148.0.0.0 Safari/537.36', 'supplierscontracts', 'suppliers', 'create', 'create', NULL, NULL, NULL, NULL, 'http://localhost/ems/Suppliers/supplierscontracts.php?id=7', 'POST', '{\"contract_id\":\"7\"}', 200, '2026-06-08 12:05:30'),
(645, 4, 0, 0, 5, 2, 'ادارة الموردين', '72U4A,KDM6MInOBgenxD8,ABfSi2,PWE4lD3SalS3psRQwS6', '::1', 'Mozilla/5.0 (Windows NT 10.0; Win64; x64) AppleWebKit/537.36 (KHTML, like Gecko) Chrome/148.0.0.0 Safari/537.36', 'supplierscontracts', 'suppliers', 'create', 'create', NULL, NULL, NULL, NULL, 'http://localhost/ems/Suppliers/supplierscontracts.php?id=7', 'POST', '{\"project_contract_id\":\"4\",\"supplier_contract_id\":\"7\"}', 200, '2026-06-08 12:05:30'),
(646, 4, 0, 0, 5, 2, 'ادارة الموردين', '72U4A,KDM6MInOBgenxD8,ABfSi2,PWE4lD3SalS3psRQwS6', '::1', 'Mozilla/5.0 (Windows NT 10.0; Win64; x64) AppleWebKit/537.36 (KHTML, like Gecko) Chrome/148.0.0.0 Safari/537.36', 'supplierscontracts', 'suppliers', 'update', 'update', NULL, 7, NULL, NULL, 'http://localhost/ems/Suppliers/supplierscontracts.php?id=7', 'POST', '{\"id\":\"7\",\"supplier_id\":\"7\",\"project_id\":\"4\",\"project_contract_id\":\"4\",\"hours_monthly_target\":\"60\",\"forecasted_contracted_hours\":\"2160\",\"contract_signing_date\":\"2026-05-01\",\"grace_period_days\":\"2\",\"actual_start\":\"2026-07-09\",\"actual_end\":\"2026-08-14\",\"contract_duration_days\":\"36\",\"price_currency_contract\":\"دولار\",\"paid_contract\":\"2000\",\"payment_time\":\"مقدم\",\"guarantees\":\"\",\"payment_date\":\"\",\"equip_shifts_contract\":\"0\",\"shift_contract\":\"0\",\"equip_total_contract\":\"0\",\"total_contract_permonth\":\"0\",\"total_contract\":\"0\",\"daily_operators\":\"0\",\"transportation\":\"\",\"place_for_living\":\"\",\"accommodation\":\"\",\"workshop\":\"\",\"equip_type_1\":\"1\",\"equip_size_1\":\"56\",\"equip_count_1\":\"5\",\"equip_count_basic_1\":\"3\",\"equip_count_backup_1\":\"2\",\"equip_operators_1\":\"0\",\"equip_assistants_1\":\"2\",\"equip_shifts_1\":\"2\",\"shift1_start_1\":\"00:00:00\",\"shift1_end_1\":\"00:00:00\",\"shift2_start_1\":\"00:00:00\",\"shift2_end_1\":\"00:00:00\",\"equip_unit_1\":\"\",\"shift_hours_1\":\"20.00\",\"equip_total_month_1\":\"60\",\"equip_target_per_month_1\":\"\",\"equip_total_contract_1\":\"2160\",\"equip_price_currency_1\":\"\",\"equip_price_1\":\"0.00\",\"equip_supervisors_1\":\"2\",\"equip_technicians_1\":\"0\",\"daily_work_hours\":\"20\",\"first_party\":\"\",\"second_party\":\"\",\"witness_one\":\"\",\"witness_two\":\"\"}', 200, '2026-06-08 12:05:42'),
(647, 4, 0, 0, 5, 2, 'ادارة الموردين', '72U4A,KDM6MInOBgenxD8,ABfSi2,PWE4lD3SalS3psRQwS6', '::1', 'Mozilla/5.0 (Windows NT 10.0; Win64; x64) AppleWebKit/537.36 (KHTML, like Gecko) Chrome/148.0.0.0 Safari/537.36', 'supplierscontracts', 'suppliers', 'create', 'create', NULL, NULL, NULL, NULL, 'http://localhost/ems/Suppliers/supplierscontracts.php?id=7', 'POST', '{\"project_id\":\"4\"}', 200, '2026-06-08 12:05:45'),
(648, 4, 0, 0, 5, 2, 'ادارة الموردين', '72U4A,KDM6MInOBgenxD8,ABfSi2,PWE4lD3SalS3psRQwS6', '::1', 'Mozilla/5.0 (Windows NT 10.0; Win64; x64) AppleWebKit/537.36 (KHTML, like Gecko) Chrome/148.0.0.0 Safari/537.36', 'supplierscontracts', 'suppliers', 'create', 'create', NULL, NULL, NULL, NULL, 'http://localhost/ems/Suppliers/supplierscontracts.php?id=7', 'POST', '{\"contract_id\":\"7\"}', 200, '2026-06-08 12:05:45'),
(649, 4, 0, 0, 5, 2, 'ادارة الموردين', '72U4A,KDM6MInOBgenxD8,ABfSi2,PWE4lD3SalS3psRQwS6', '::1', 'Mozilla/5.0 (Windows NT 10.0; Win64; x64) AppleWebKit/537.36 (KHTML, like Gecko) Chrome/148.0.0.0 Safari/537.36', 'supplierscontracts', 'suppliers', 'create', 'create', NULL, NULL, NULL, NULL, 'http://localhost/ems/Suppliers/supplierscontracts.php?id=7', 'POST', '{\"project_contract_id\":\"4\",\"supplier_contract_id\":\"7\"}', 200, '2026-06-08 12:05:45'),
(650, 4, 0, 0, 5, 2, 'ادارة الموردين', '72U4A,KDM6MInOBgenxD8,ABfSi2,PWE4lD3SalS3psRQwS6', '::1', 'Mozilla/5.0 (Windows NT 10.0; Win64; x64) AppleWebKit/537.36 (KHTML, like Gecko) Chrome/148.0.0.0 Safari/537.36', 'logout', 'auth', 'logout', NULL, NULL, NULL, NULL, NULL, 'http://localhost/ems/logout.php', 'GET', NULL, 200, '2026-06-08 12:06:02'),
(651, 4, 0, 0, 6, 3, 'ادارة الاسطول', 'WLXUSKlmB71qEDEX3X,DptiGcc4-02Us0MVMwHYBzI6hT,bT', '::1', 'Mozilla/5.0 (Windows NT 10.0; Win64; x64) AppleWebKit/537.36 (KHTML, like Gecko) Chrome/148.0.0.0 Safari/537.36', 'login', 'auth', 'login', NULL, NULL, NULL, NULL, NULL, 'http://localhost/ems/login.php', 'POST', '{\"username\":\"يسن\",\"password\":\"[REDACTED]\",\"csrf_token\":\"[REDACTED]\"}', 200, '2026-06-08 12:06:13');
INSERT INTO `activity_logs` (`id`, `company_id`, `project_id`, `contract_id`, `user_id`, `role_id`, `role_name`, `session_id`, `ip_address`, `user_agent`, `screen_name`, `module_name`, `action_type`, `button_name`, `field_name`, `record_id`, `old_value`, `new_value`, `url`, `http_method`, `request_payload`, `response_status`, `created_at`) VALUES
(652, 4, 0, 0, 6, 3, 'ادارة الاسطول', 'WLXUSKlmB71qEDEX3X,DptiGcc4-02Us0MVMwHYBzI6hT,bT', '::1', 'Mozilla/5.0 (Windows NT 10.0; Win64; x64) AppleWebKit/537.36 (KHTML, like Gecko) Chrome/148.0.0.0 Safari/537.36', 'oprators', 'oprators', 'update', 'save_operation', NULL, 7, NULL, NULL, 'http://localhost/ems/Oprators/oprators.php?project_id=4', 'POST', '{\"operation_id\":\"\",\"project_id\":\"4\",\"contract_id\":\"4\",\"supplier_id\":\"7\",\"type\":\"1\",\"equipment\":\"16\",\"equipment_category\":\"أساسي\",\"start\":\"2026-06-08\",\"end\":\"2027-02-19\",\"hours\":\"0\",\"total_equipment_hours\":\"10\",\"shift_hours\":\"10\",\"shift_type\":\"B\",\"status\":\"1\",\"action\":\"save_operation\",\"save_operation_submit\":\"\"}', 200, '2026-06-08 12:07:18'),
(653, 4, 0, 0, 6, 3, 'ادارة الاسطول', 'WLXUSKlmB71qEDEX3X,DptiGcc4-02Us0MVMwHYBzI6hT,bT', '::1', 'Mozilla/5.0 (Windows NT 10.0; Win64; x64) AppleWebKit/537.36 (KHTML, like Gecko) Chrome/148.0.0.0 Safari/537.36', 'logout', 'auth', 'logout', NULL, NULL, NULL, NULL, NULL, 'http://localhost/ems/logout.php', 'GET', NULL, 200, '2026-06-08 12:08:09'),
(654, 4, 0, 0, 5, 2, 'ادارة الموردين', 'GQZxGuwtLK5XX3A-Ri9uZfmJuxM3Y2Ul2g8c4mx9G95CvuYm', '::1', 'Mozilla/5.0 (Windows NT 10.0; Win64; x64) AppleWebKit/537.36 (KHTML, like Gecko) Chrome/148.0.0.0 Safari/537.36', 'login', 'auth', 'login', NULL, NULL, NULL, NULL, NULL, 'http://localhost/ems/login.php', 'POST', '{\"username\":\"مصعب\",\"password\":\"[REDACTED]\",\"csrf_token\":\"[REDACTED]\"}', 200, '2026-06-08 12:08:15'),
(655, 4, 0, 0, 5, 2, 'ادارة الموردين', 'GQZxGuwtLK5XX3A-Ri9uZfmJuxM3Y2Ul2g8c4mx9G95CvuYm', '::1', 'Mozilla/5.0 (Windows NT 10.0; Win64; x64) AppleWebKit/537.36 (KHTML, like Gecko) Chrome/148.0.0.0 Safari/537.36', 'supplierscontracts', 'suppliers', 'create', 'create', NULL, NULL, NULL, NULL, 'http://localhost/ems/Suppliers/supplierscontracts.php', 'POST', '{\"project_id\":\"4\"}', 200, '2026-06-08 12:08:21'),
(656, 4, 0, 0, 5, 2, 'ادارة الموردين', 'GQZxGuwtLK5XX3A-Ri9uZfmJuxM3Y2Ul2g8c4mx9G95CvuYm', '::1', 'Mozilla/5.0 (Windows NT 10.0; Win64; x64) AppleWebKit/537.36 (KHTML, like Gecko) Chrome/148.0.0.0 Safari/537.36', 'supplierscontracts', 'suppliers', 'create', 'create', NULL, NULL, NULL, NULL, 'http://localhost/ems/Suppliers/supplierscontracts.php', 'POST', '{\"contract_id\":\"7\"}', 200, '2026-06-08 12:08:21'),
(657, 4, 0, 0, 5, 2, 'ادارة الموردين', 'GQZxGuwtLK5XX3A-Ri9uZfmJuxM3Y2Ul2g8c4mx9G95CvuYm', '::1', 'Mozilla/5.0 (Windows NT 10.0; Win64; x64) AppleWebKit/537.36 (KHTML, like Gecko) Chrome/148.0.0.0 Safari/537.36', 'supplierscontracts', 'suppliers', 'create', 'create', NULL, NULL, NULL, NULL, 'http://localhost/ems/Suppliers/supplierscontracts.php', 'POST', '{\"project_contract_id\":\"4\",\"supplier_contract_id\":\"7\"}', 200, '2026-06-08 12:08:21'),
(658, 4, 0, 0, 5, 2, 'ادارة الموردين', 'GQZxGuwtLK5XX3A-Ri9uZfmJuxM3Y2Ul2g8c4mx9G95CvuYm', '::1', 'Mozilla/5.0 (Windows NT 10.0; Win64; x64) AppleWebKit/537.36 (KHTML, like Gecko) Chrome/148.0.0.0 Safari/537.36', 'supplierscontracts', 'suppliers', 'update', 'update', NULL, 7, NULL, NULL, 'http://localhost/ems/Suppliers/supplierscontracts.php', 'POST', '{\"id\":\"7\",\"supplier_id\":\"7\",\"project_id\":\"4\",\"project_contract_id\":\"4\",\"hours_monthly_target\":\"80\",\"forecasted_contracted_hours\":\"2880\",\"contract_signing_date\":\"2026-05-01\",\"grace_period_days\":\"2\",\"actual_start\":\"2026-07-09\",\"actual_end\":\"2026-08-14\",\"contract_duration_days\":\"36\",\"price_currency_contract\":\"دولار\",\"paid_contract\":\"2000\",\"payment_time\":\"مقدم\",\"guarantees\":\"\",\"payment_date\":\"\",\"equip_shifts_contract\":\"0\",\"shift_contract\":\"0\",\"equip_total_contract\":\"0\",\"total_contract_permonth\":\"0\",\"total_contract\":\"0\",\"daily_operators\":\"0\",\"transportation\":\"\",\"place_for_living\":\"\",\"accommodation\":\"\",\"workshop\":\"\",\"equip_type_1\":\"1\",\"equip_size_1\":\"56\",\"equip_count_1\":\"6\",\"equip_count_basic_1\":\"4\",\"equip_count_backup_1\":\"2\",\"equip_operators_1\":\"\",\"equip_assistants_1\":\"2\",\"equip_shifts_1\":\"2\",\"shift1_start_1\":\"00:00:00\",\"shift1_end_1\":\"00:00:00\",\"shift2_start_1\":\"00:00:00\",\"shift2_end_1\":\"00:00:00\",\"equip_unit_1\":\"\",\"shift_hours_1\":\"20.00\",\"equip_total_month_1\":\"80\",\"equip_target_per_month_1\":\"\",\"equip_total_contract_1\":\"2880\",\"equip_price_currency_1\":\"\",\"equip_price_1\":\"0.00\",\"equip_supervisors_1\":\"2\",\"equip_technicians_1\":\"0\",\"daily_work_hours\":\"20\",\"first_party\":\"\",\"second_party\":\"\",\"witness_one\":\"\",\"witness_two\":\"\"}', 200, '2026-06-08 12:08:50'),
(659, 4, 0, 0, 5, 2, 'ادارة الموردين', 'GQZxGuwtLK5XX3A-Ri9uZfmJuxM3Y2Ul2g8c4mx9G95CvuYm', '::1', 'Mozilla/5.0 (Windows NT 10.0; Win64; x64) AppleWebKit/537.36 (KHTML, like Gecko) Chrome/148.0.0.0 Safari/537.36', 'supplierscontracts', 'suppliers', 'create', 'create', NULL, NULL, NULL, NULL, 'http://localhost/ems/Suppliers/supplierscontracts.php?id=7', 'POST', '{\"project_id\":\"4\"}', 200, '2026-06-08 12:09:05'),
(660, 4, 0, 0, 5, 2, 'ادارة الموردين', 'GQZxGuwtLK5XX3A-Ri9uZfmJuxM3Y2Ul2g8c4mx9G95CvuYm', '::1', 'Mozilla/5.0 (Windows NT 10.0; Win64; x64) AppleWebKit/537.36 (KHTML, like Gecko) Chrome/148.0.0.0 Safari/537.36', 'supplierscontracts', 'suppliers', 'create', 'create', NULL, NULL, NULL, NULL, 'http://localhost/ems/Suppliers/supplierscontracts.php?id=7', 'POST', '{\"contract_id\":\"7\"}', 200, '2026-06-08 12:09:05'),
(661, 4, 0, 0, 5, 2, 'ادارة الموردين', 'GQZxGuwtLK5XX3A-Ri9uZfmJuxM3Y2Ul2g8c4mx9G95CvuYm', '::1', 'Mozilla/5.0 (Windows NT 10.0; Win64; x64) AppleWebKit/537.36 (KHTML, like Gecko) Chrome/148.0.0.0 Safari/537.36', 'supplierscontracts', 'suppliers', 'create', 'create', NULL, NULL, NULL, NULL, 'http://localhost/ems/Suppliers/supplierscontracts.php?id=7', 'POST', '{\"project_contract_id\":\"4\",\"supplier_contract_id\":\"7\"}', 200, '2026-06-08 12:09:05'),
(662, 4, 0, 0, 5, 2, 'ادارة الموردين', 'GQZxGuwtLK5XX3A-Ri9uZfmJuxM3Y2Ul2g8c4mx9G95CvuYm', '::1', 'Mozilla/5.0 (Windows NT 10.0; Win64; x64) AppleWebKit/537.36 (KHTML, like Gecko) Chrome/148.0.0.0 Safari/537.36', 'supplierscontracts', 'suppliers', 'update', 'update', NULL, 7, NULL, NULL, 'http://localhost/ems/Suppliers/supplierscontracts.php?id=7', 'POST', '{\"id\":\"7\",\"supplier_id\":\"7\",\"project_id\":\"4\",\"project_contract_id\":\"4\",\"hours_monthly_target\":\"80\",\"forecasted_contracted_hours\":\"2880\",\"contract_signing_date\":\"2026-05-01\",\"grace_period_days\":\"2\",\"actual_start\":\"2026-07-09\",\"actual_end\":\"2026-08-14\",\"contract_duration_days\":\"36\",\"price_currency_contract\":\"دولار\",\"paid_contract\":\"2000\",\"payment_time\":\"مقدم\",\"guarantees\":\"\",\"payment_date\":\"\",\"equip_shifts_contract\":\"0\",\"shift_contract\":\"0\",\"equip_total_contract\":\"0\",\"total_contract_permonth\":\"0\",\"total_contract\":\"0\",\"daily_operators\":\"0\",\"transportation\":\"\",\"place_for_living\":\"\",\"accommodation\":\"\",\"workshop\":\"\",\"equip_type_1\":\"1\",\"equip_size_1\":\"56\",\"equip_count_1\":\"6\",\"equip_count_basic_1\":\"4\",\"equip_count_backup_1\":\"2\",\"equip_operators_1\":\"2\",\"equip_assistants_1\":\"2\",\"equip_shifts_1\":\"2\",\"shift1_start_1\":\"00:00:00\",\"shift1_end_1\":\"00:00:00\",\"shift2_start_1\":\"00:00:00\",\"shift2_end_1\":\"00:00:00\",\"equip_unit_1\":\"\",\"shift_hours_1\":\"20.00\",\"equip_total_month_1\":\"80\",\"equip_target_per_month_1\":\"\",\"equip_total_contract_1\":\"2880\",\"equip_price_currency_1\":\"\",\"equip_price_1\":\"0.00\",\"equip_supervisors_1\":\"2\",\"equip_technicians_1\":\"0\",\"daily_work_hours\":\"20\",\"first_party\":\"\",\"second_party\":\"\",\"witness_one\":\"\",\"witness_two\":\"\"}', 200, '2026-06-08 12:09:29'),
(663, 4, 0, 0, 5, 2, 'ادارة الموردين', 'GQZxGuwtLK5XX3A-Ri9uZfmJuxM3Y2Ul2g8c4mx9G95CvuYm', '::1', 'Mozilla/5.0 (Windows NT 10.0; Win64; x64) AppleWebKit/537.36 (KHTML, like Gecko) Chrome/148.0.0.0 Safari/537.36', 'logout', 'auth', 'logout', NULL, NULL, NULL, NULL, NULL, 'http://localhost/ems/logout.php', 'GET', NULL, 200, '2026-06-08 12:09:37'),
(664, 4, 0, 0, 6, 3, 'ادارة الاسطول', 'lM-CWzPvcz-SXz,aPURR1d1uUlFfUjBgyD4fNzNXRQrq7,Oo', '::1', 'Mozilla/5.0 (Windows NT 10.0; Win64; x64) AppleWebKit/537.36 (KHTML, like Gecko) Chrome/148.0.0.0 Safari/537.36', 'login', 'auth', 'login', NULL, NULL, NULL, NULL, NULL, 'http://localhost/ems/login.php', 'POST', '{\"username\":\"يسن\",\"password\":\"[REDACTED]\",\"csrf_token\":\"[REDACTED]\"}', 200, '2026-06-08 12:09:45'),
(665, 4, 0, 0, 6, 3, 'ادارة الاسطول', 'lM-CWzPvcz-SXz,aPURR1d1uUlFfUjBgyD4fNzNXRQrq7,Oo', '::1', 'Mozilla/5.0 (Windows NT 10.0; Win64; x64) AppleWebKit/537.36 (KHTML, like Gecko) Chrome/148.0.0.0 Safari/537.36', 'oprators', 'oprators', 'update', 'save_operation', NULL, 7, NULL, NULL, 'http://localhost/ems/Oprators/oprators.php?project_id=4', 'POST', '{\"operation_id\":\"\",\"project_id\":\"4\",\"contract_id\":\"4\",\"supplier_id\":\"7\",\"type\":\"1\",\"equipment\":\"16\",\"equipment_category\":\"أساسي\",\"start\":\"2026-06-09\",\"end\":\"2027-02-19\",\"hours\":\"0\",\"total_equipment_hours\":\"100\",\"shift_hours\":\"10\",\"shift_type\":\"B\",\"status\":\"1\",\"action\":\"save_operation\",\"save_operation_submit\":\"\"}', 200, '2026-06-08 12:10:43'),
(666, 4, 0, 0, 6, 3, 'ادارة الاسطول', 'lM-CWzPvcz-SXz,aPURR1d1uUlFfUjBgyD4fNzNXRQrq7,Oo', '::1', 'Mozilla/5.0 (Windows NT 10.0; Win64; x64) AppleWebKit/537.36 (KHTML, like Gecko) Chrome/148.0.0.0 Safari/537.36', 'equipments_fleet', 'equipments', 'create', 'create', NULL, NULL, NULL, NULL, 'http://localhost/ems/Equipments/equipments_fleet.php?edit=13', 'POST', '{\"edit_id\":\"13\",\"suppliers\":\"8\",\"code\":\"H1\",\"type\":\"3\",\"name\":\"h1\",\"serial_number\":\"\",\"chassis_number\":\"\",\"machine_number\":\"\",\"manufacturer\":\"\",\"model\":\"\",\"manufacturing_year\":\"\",\"import_year\":\"\",\"equipment_condition\":\"في حالة جيدة\",\"operating_hours\":\"\",\"engine_condition\":\"جيدة\",\"tires_condition\":\"N/A\",\"actual_owner_name\":\"\",\"owner_type\":\"\",\"owner_phone\":\"\",\"owner_supplier_relation\":\"\",\"license_number\":\"\",\"license_authority\":\"\",\"document_type\":\"\",\"license_expiry_date\":\"\",\"inspection_certificate_number\":\"\",\"last_inspection_date\":\"\",\"current_location\":\"\",\"availability_state\":\"متوفرة\",\"site_supervisor_name\":\"\",\"site_supervisor_contact\":\"\",\"estimated_value\":\"\",\"daily_rental_price\":\"\",\"monthly_rental_price\":\"\",\"insurance_status\":\"\",\"general_notes\":\"\",\"last_maintenance_date\":\"\",\"status\":\"0\"}', 302, '2026-06-08 12:13:17'),
(667, 4, 0, 0, 6, 3, 'ادارة الاسطول', 'lM-CWzPvcz-SXz,aPURR1d1uUlFfUjBgyD4fNzNXRQrq7,Oo', '::1', 'Mozilla/5.0 (Windows NT 10.0; Win64; x64) AppleWebKit/537.36 (KHTML, like Gecko) Chrome/148.0.0.0 Safari/537.36', 'logout', 'auth', 'logout', NULL, NULL, NULL, NULL, NULL, 'http://localhost/ems/logout.php', 'GET', NULL, 200, '2026-06-08 12:18:14'),
(668, 4, 0, 0, 5, 2, 'ادارة الموردين', 'K589GtGxYD3QMVgw-3GPQ5qpHhD1vJtpTZ0OJfVOQGFk6VZK', '::1', 'Mozilla/5.0 (Windows NT 10.0; Win64; x64) AppleWebKit/537.36 (KHTML, like Gecko) Chrome/148.0.0.0 Safari/537.36', 'login', 'auth', 'login', NULL, NULL, NULL, NULL, NULL, 'http://localhost/ems/login.php', 'POST', '{\"username\":\"مصعب\",\"password\":\"[REDACTED]\",\"csrf_token\":\"[REDACTED]\"}', 200, '2026-06-08 12:18:22'),
(669, 4, 0, 0, 5, 2, 'ادارة الموردين', 'K589GtGxYD3QMVgw-3GPQ5qpHhD1vJtpTZ0OJfVOQGFk6VZK', '::1', 'Mozilla/5.0 (Windows NT 10.0; Win64; x64) AppleWebKit/537.36 (KHTML, like Gecko) Chrome/148.0.0.0 Safari/537.36', 'logout', 'auth', 'logout', NULL, NULL, NULL, NULL, NULL, 'http://localhost/ems/logout.php', 'GET', NULL, 200, '2026-06-08 12:18:55'),
(670, 4, 0, 0, 6, 3, 'ادارة الاسطول', 'tNlbbm423muAhsJ1ynsqCWoaG4TRyKlxEuWN2W4JV1yjS3Op', '::1', 'Mozilla/5.0 (Windows NT 10.0; Win64; x64) AppleWebKit/537.36 (KHTML, like Gecko) Chrome/148.0.0.0 Safari/537.36', 'login', 'auth', 'login', NULL, NULL, NULL, NULL, NULL, 'http://localhost/ems/login.php', 'POST', '{\"username\":\"يسن\",\"password\":\"[REDACTED]\",\"csrf_token\":\"[REDACTED]\"}', 200, '2026-06-08 12:19:00'),
(671, 4, 0, 0, 6, 3, 'ادارة الاسطول', 'tNlbbm423muAhsJ1ynsqCWoaG4TRyKlxEuWN2W4JV1yjS3Op', '::1', 'Mozilla/5.0 (Windows NT 10.0; Win64; x64) AppleWebKit/537.36 (KHTML, like Gecko) Chrome/148.0.0.0 Safari/537.36', 'oprators', 'oprators', 'update', 'save_operation', NULL, 7, NULL, NULL, 'http://localhost/ems/Oprators/oprators.php?project_id=4', 'POST', '{\"operation_id\":\"\",\"project_id\":\"4\",\"contract_id\":\"4\",\"supplier_id\":\"7\",\"type\":\"1\",\"equipment\":\"16\",\"equipment_category\":\"أساسي\",\"start\":\"2026-06-08\",\"end\":\"2027-02-19\",\"hours\":\"0\",\"total_equipment_hours\":\"200\",\"shift_hours\":\"10\",\"shift_type\":\"B\",\"status\":\"1\",\"action\":\"save_operation\",\"save_operation_submit\":\"\"}', 200, '2026-06-08 12:26:34'),
(672, 4, 0, 0, 6, 3, 'ادارة الاسطول', 'tNlbbm423muAhsJ1ynsqCWoaG4TRyKlxEuWN2W4JV1yjS3Op', '::1', 'Mozilla/5.0 (Windows NT 10.0; Win64; x64) AppleWebKit/537.36 (KHTML, like Gecko) Chrome/148.0.0.0 Safari/537.36', 'oprators', 'oprators', 'update', 'save_operation', NULL, 7, NULL, NULL, 'http://localhost/ems/Oprators/oprators.php?project_id=4', 'POST', '{\"operation_id\":\"\",\"project_id\":\"4\",\"contract_id\":\"4\",\"supplier_id\":\"7\",\"type\":\"1\",\"equipment\":\"17\",\"equipment_category\":\"احتياطي\",\"start\":\"2026-06-02\",\"end\":\"2027-02-19\",\"hours\":\"0\",\"total_equipment_hours\":\"10\",\"shift_hours\":\"20\",\"shift_type\":\"B\",\"status\":\"1\",\"action\":\"save_operation\",\"save_operation_submit\":\"\"}', 200, '2026-06-08 12:29:27'),
(673, 4, 0, 0, 6, 3, 'ادارة الاسطول', 'tNlbbm423muAhsJ1ynsqCWoaG4TRyKlxEuWN2W4JV1yjS3Op', '::1', 'Mozilla/5.0 (Windows NT 10.0; Win64; x64) AppleWebKit/537.36 (KHTML, like Gecko) Chrome/148.0.0.0 Safari/537.36', 'logout', 'auth', 'logout', NULL, NULL, NULL, NULL, NULL, 'http://localhost/ems/logout.php', 'GET', NULL, 200, '2026-06-08 12:29:41'),
(674, 4, 4, 4, 11, 6, 'مدير حركة وتشغيل', 'PdHwNpMbFRLivdt4RBVbz6Wx5OTMZySPrb9nuNupJGGrvkOP', '::1', 'Mozilla/5.0 (Windows NT 10.0; Win64; x64) AppleWebKit/537.36 (KHTML, like Gecko) Chrome/148.0.0.0 Safari/537.36', 'login', 'auth', 'login', NULL, NULL, NULL, NULL, NULL, 'http://localhost/ems/login.php', 'POST', '{\"username\":\"حركة - الروسية\",\"password\":\"[REDACTED]\",\"csrf_token\":\"[REDACTED]\"}', 200, '2026-06-08 12:29:48'),
(675, 4, 4, 4, 11, 6, 'مدير حركة وتشغيل', 'PdHwNpMbFRLivdt4RBVbz6Wx5OTMZySPrb9nuNupJGGrvkOP', '::1', 'Mozilla/5.0 (Windows NT 10.0; Win64; x64) AppleWebKit/537.36 (KHTML, like Gecko) Chrome/148.0.0.0 Safari/537.36', 'logout', 'auth', 'logout', NULL, NULL, NULL, NULL, NULL, 'http://localhost/ems/logout.php', 'GET', NULL, 200, '2026-06-08 12:30:02'),
(676, 4, 0, 0, 6, 3, 'ادارة الاسطول', 'g1xAQFZUZalehGFafpNGrL6y8EFkzx5bEXP2xnVh8z0PwspG', '::1', 'Mozilla/5.0 (Windows NT 10.0; Win64; x64) AppleWebKit/537.36 (KHTML, like Gecko) Chrome/148.0.0.0 Safari/537.36', 'login', 'auth', 'login', NULL, NULL, NULL, NULL, NULL, 'http://localhost/ems/login.php', 'POST', '{\"username\":\"يسن\",\"password\":\"[REDACTED]\",\"csrf_token\":\"[REDACTED]\"}', 200, '2026-06-08 12:30:07'),
(677, 4, 0, 0, 6, 3, 'ادارة الاسطول', 'g1xAQFZUZalehGFafpNGrL6y8EFkzx5bEXP2xnVh8z0PwspG', '::1', 'Mozilla/5.0 (Windows NT 10.0; Win64; x64) AppleWebKit/537.36 (KHTML, like Gecko) Chrome/148.0.0.0 Safari/537.36', 'logout', 'auth', 'logout', NULL, NULL, NULL, NULL, NULL, 'http://localhost/ems/logout.php', 'GET', NULL, 200, '2026-06-08 12:35:24'),
(678, 4, 4, 4, 11, 6, 'مدير حركة وتشغيل', 'M-z97OcSC,bVHigTve2-bOK-B72ue1COpBcJiNnjq7teRrcH', '::1', 'Mozilla/5.0 (Windows NT 10.0; Win64; x64) AppleWebKit/537.36 (KHTML, like Gecko) Chrome/148.0.0.0 Safari/537.36', 'login', 'auth', 'login', NULL, NULL, NULL, NULL, NULL, 'http://localhost/ems/login.php', 'POST', '{\"username\":\"حركة - الروسية\",\"password\":\"[REDACTED]\",\"csrf_token\":\"[REDACTED]\"}', 200, '2026-06-08 12:35:31'),
(679, 4, 4, 4, 11, 6, 'مدير حركة وتشغيل', 'M-z97OcSC,bVHigTve2-bOK-B72ue1COpBcJiNnjq7teRrcH', '::1', 'Mozilla/5.0 (Windows NT 10.0; Win64; x64) AppleWebKit/537.36 (KHTML, like Gecko) Chrome/148.0.0.0 Safari/537.36', 'movement_operations', 'movement', 'save_single_driver', 'save_single_driver', NULL, NULL, NULL, NULL, 'http://localhost/ems/movement/movement_operations.php', 'POST', '{\"action\":\"save_single_driver\",\"rel_id\":\"16\",\"shift_type\":\"N\",\"status\":\"1\",\"start_date\":\"2025-12-01\",\"end_date\":\"2026-04-30\",\"json\":\"1\"}', 200, '2026-06-08 12:36:44'),
(680, 4, 4, 4, 12, 5, 'مدير الموقع', 'dJ7n2O1rTHSmrXsZWKuzNzQWRHv5hlwWRRElL6K-l5TXAjn2', '192.168.1.21', 'Dart/3.6 (dart:io)', 'timesheets', 'api', 'create', 'create', NULL, NULL, NULL, NULL, 'http://192.168.1.9/ems/api/sync/timesheets', 'POST', NULL, 200, '2026-06-08 12:37:29'),
(681, NULL, NULL, NULL, NULL, NULL, NULL, 'r5,TLcqlt97fryLT-lSRMtF90JM0tgkUuP8f,F-E7,mBZzEz', '192.168.1.21', 'Dart/3.6 (dart:io)', 'login', 'api', 'create', 'create', NULL, NULL, NULL, NULL, 'http://192.168.1.9/ems/api/login', 'POST', NULL, 200, '2026-06-08 12:38:45'),
(682, 4, 4, 4, 11, 6, 'مدير حركة وتشغيل', 'dQ1aF5GPkk45bJ9nwIaAIrhw-NbA0rC3r5hlmf5BeD0j31qv', '192.168.1.21', 'Dart/3.6 (dart:io)', '16', 'api', 'create', 'create', NULL, NULL, NULL, NULL, 'http://192.168.1.9/ems/api/equipment-drivers/16', 'PUT', NULL, 200, '2026-06-08 12:39:27'),
(683, 4, 4, 4, 11, 6, 'مدير حركة وتشغيل', 'eNB1G-9cCeG9FtRnMs6JRPuSyeP4g1iHSAxsAVtiYwAqDhjN', '192.168.1.21', 'Dart/3.6 (dart:io)', '14', 'api', 'create', 'create', NULL, NULL, NULL, NULL, 'http://192.168.1.9/ems/api/operations/14', 'PUT', NULL, 200, '2026-06-08 12:39:54'),
(684, 4, 4, 4, 12, 5, 'مدير الموقع', 'x4ITeODh4xZdB,FifvOPrKT8se3Zec6z-mWY-oqXWN8N5MAs', '192.168.1.21', 'Dart/3.6 (dart:io)', 'timesheets', 'api', 'create', 'create', NULL, NULL, NULL, NULL, 'http://192.168.1.9/ems/api/sync/timesheets', 'POST', NULL, 200, '2026-06-08 12:40:37'),
(685, 4, 4, 4, 12, 5, 'مدير الموقع', 'mPsqpECj2ne4YffIAQ4hhgMY61u3KAdJILs4psyQbxKUr77F', '192.168.1.21', 'Dart/3.6 (dart:io)', 'timesheets', 'api', 'create', 'create', NULL, NULL, NULL, NULL, 'http://192.168.1.9/ems/api/sync/timesheets', 'POST', NULL, 200, '2026-06-08 12:41:12'),
(686, 4, 4, 4, 11, 6, 'مدير حركة وتشغيل', '5BZtkTJ2KnlnCvJetbgaVm,Bu8uppA7G6HsMsOCONdXNJQvp', '192.168.1.21', 'Dart/3.6 (dart:io)', 'equipment-drivers', 'api', 'create', 'create', NULL, NULL, NULL, NULL, 'http://192.168.1.9/ems/api/equipment-drivers', 'POST', NULL, 201, '2026-06-08 12:42:27'),
(687, 4, 4, 4, 12, 5, 'مدير الموقع', 'iGQKC5cDWbBQLWgQCrzT5GeWF1gMQDbAkT9nqY4NHbm9ZURQ', '192.168.1.21', 'Dart/3.6 (dart:io)', 'timesheets', 'api', 'create', 'create', NULL, NULL, NULL, NULL, 'http://192.168.1.9/ems/api/sync/timesheets', 'POST', NULL, 200, '2026-06-08 12:42:58'),
(688, 4, 4, 4, 11, 6, 'مدير حركة وتشغيل', 'W09qM-dWuwKsH-41sI8C1dnl4BUHsqUtaLmhQVAvVHKEvH6D', '192.168.1.21', 'Dart/3.6 (dart:io)', 'equipment-drivers', 'api', 'create', 'create', NULL, NULL, NULL, NULL, 'http://192.168.1.9/ems/api/equipment-drivers', 'POST', NULL, 201, '2026-06-08 12:45:04'),
(689, 4, 4, 4, 12, 5, 'مدير الموقع', 'WAyuZkgl-98zYhZ3R-PJzntvuDUIXLhjz5Z-Mh2JHAiza-pZ', '192.168.1.21', 'Dart/3.6 (dart:io)', 'timesheets', 'api', 'create', 'create', NULL, NULL, NULL, NULL, 'http://192.168.1.9/ems/api/sync/timesheets', 'POST', NULL, 200, '2026-06-08 12:45:29'),
(690, 4, 4, 4, 11, 6, 'مدير حركة وتشغيل', 'M-z97OcSC,bVHigTve2-bOK-B72ue1COpBcJiNnjq7teRrcH', '::1', 'Mozilla/5.0 (Windows NT 10.0; Win64; x64) AppleWebKit/537.36 (KHTML, like Gecko) Chrome/148.0.0.0 Safari/537.36', 'logout', 'auth', 'logout', NULL, NULL, NULL, NULL, NULL, 'http://localhost/ems/logout.php', 'GET', NULL, 200, '2026-06-08 12:50:13'),
(691, 4, 4, 4, 12, 5, 'مدير الموقع', 'CtG843XwrrN0l4gCjRiv81myScda-uOeGAycshsNx,GxOQbV', '::1', 'Mozilla/5.0 (Windows NT 10.0; Win64; x64) AppleWebKit/537.36 (KHTML, like Gecko) Chrome/148.0.0.0 Safari/537.36', 'login', 'auth', 'login', NULL, NULL, NULL, NULL, NULL, 'http://localhost/ems/login.php', 'POST', '{\"username\":\"مدير موقع الروسية\",\"password\":\"[REDACTED]\",\"csrf_token\":\"[REDACTED]\"}', 200, '2026-06-08 12:50:19'),
(692, 4, 4, 4, 12, 5, 'مدير الموقع', 'CtG843XwrrN0l4gCjRiv81myScda-uOeGAycshsNx,GxOQbV', '::1', 'Mozilla/5.0 (Windows NT 10.0; Win64; x64) AppleWebKit/537.36 (KHTML, like Gecko) Chrome/148.0.0.0 Safari/537.36', 'timesheet', 'timesheet', 'get_event_types', 'get_event_types', NULL, NULL, NULL, NULL, 'http://localhost/ems/Timesheet/timesheet.php?type=1', 'GET', '{\"action\":\"get_event_types\",\"equipment_type\":\"1\"}', 200, '2026-06-08 12:50:22'),
(693, 4, 4, 4, 12, 5, 'مدير الموقع', 'CtG843XwrrN0l4gCjRiv81myScda-uOeGAycshsNx,GxOQbV', '::1', 'Mozilla/5.0 (Windows NT 10.0; Win64; x64) AppleWebKit/537.36 (KHTML, like Gecko) Chrome/148.0.0.0 Safari/537.36', 'timesheet', 'timesheet', 'get_event_types', 'get_event_types', NULL, NULL, NULL, NULL, 'http://localhost/ems/Timesheet/timesheet.php?type=1', 'GET', '{\"action\":\"get_event_types\",\"equipment_type\":\"3\"}', 200, '2026-06-08 12:50:22'),
(694, 4, 4, 4, 12, 5, 'مدير الموقع', 'CtG843XwrrN0l4gCjRiv81myScda-uOeGAycshsNx,GxOQbV', '::1', 'Mozilla/5.0 (Windows NT 10.0; Win64; x64) AppleWebKit/537.36 (KHTML, like Gecko) Chrome/148.0.0.0 Safari/537.36', 'timesheet', 'timesheet', 'get_event_types', 'get_event_types', NULL, NULL, NULL, NULL, 'http://localhost/ems/Timesheet/timesheet.php?type=1', 'GET', '{\"action\":\"get_event_types\",\"equipment_type\":\"1\"}', 200, '2026-06-08 12:50:22'),
(695, 4, 4, 4, 12, 5, 'مدير الموقع', 'CtG843XwrrN0l4gCjRiv81myScda-uOeGAycshsNx,GxOQbV', '::1', 'Mozilla/5.0 (Windows NT 10.0; Win64; x64) AppleWebKit/537.36 (KHTML, like Gecko) Chrome/148.0.0.0 Safari/537.36', 'logout', 'auth', 'logout', NULL, NULL, NULL, NULL, NULL, 'http://localhost/ems/logout.php', 'GET', NULL, 200, '2026-06-08 12:50:54'),
(696, 4, 0, 0, 6, 3, 'ادارة الاسطول', 'A0tqPwq6Yo6BGt8BWPprbpGHakAxeTtXu75rHbUKGVMCKdu,', '::1', 'Mozilla/5.0 (Windows NT 10.0; Win64; x64) AppleWebKit/537.36 (KHTML, like Gecko) Chrome/148.0.0.0 Safari/537.36', 'login', 'auth', 'login', NULL, NULL, NULL, NULL, NULL, 'http://localhost/ems/login.php', 'POST', '{\"username\":\"يسن\",\"password\":\"[REDACTED]\",\"csrf_token\":\"[REDACTED]\"}', 200, '2026-06-08 12:51:10'),
(697, 4, 0, 0, 6, 3, 'ادارة الاسطول', 'A0tqPwq6Yo6BGt8BWPprbpGHakAxeTtXu75rHbUKGVMCKdu,', '::1', 'Mozilla/5.0 (Windows NT 10.0; Win64; x64) AppleWebKit/537.36 (KHTML, like Gecko) Chrome/148.0.0.0 Safari/537.36', 'oprators', 'oprators', 'update', 'save_operation', NULL, 8, NULL, NULL, 'http://localhost/ems/Oprators/oprators.php?project_id=4', 'POST', '{\"operation_id\":\"\",\"project_id\":\"4\",\"contract_id\":\"5\",\"supplier_id\":\"8\",\"type\":\"3\",\"equipment\":\"20\",\"equipment_category\":\"أساسي\",\"start\":\"2026-06-08\",\"end\":\"2026-11-01\",\"hours\":\"0\",\"total_equipment_hours\":\"121212\",\"shift_hours\":\"10\",\"shift_type\":\"B\",\"status\":\"1\",\"action\":\"save_operation\",\"save_operation_submit\":\"\"}', 200, '2026-06-08 12:59:13'),
(698, 4, 0, 0, 6, 3, 'ادارة الاسطول', 'A0tqPwq6Yo6BGt8BWPprbpGHakAxeTtXu75rHbUKGVMCKdu,', '::1', 'Mozilla/5.0 (Windows NT 10.0; Win64; x64) AppleWebKit/537.36 (KHTML, like Gecko) Chrome/148.0.0.0 Safari/537.36', 'oprators', 'oprators', 'end_service', 'end_service', NULL, 15, NULL, NULL, 'http://localhost/ems/Oprators/oprators.php?project_id=4', 'POST', '{\"action\":\"end_service\",\"operation_id\":\"15\",\"end_date\":\"2026-06-08\",\"reason\":\"\",\"end_service_submit\":\"\"}', 200, '2026-06-08 13:03:07'),
(699, 4, 0, 0, 6, 3, 'ادارة الاسطول', 'A0tqPwq6Yo6BGt8BWPprbpGHakAxeTtXu75rHbUKGVMCKdu,', '::1', 'Mozilla/5.0 (Windows NT 10.0; Win64; x64) AppleWebKit/537.36 (KHTML, like Gecko) Chrome/148.0.0.0 Safari/537.36', 'oprators', 'oprators', 'update', 'save_operation', NULL, 8, NULL, NULL, 'http://localhost/ems/Oprators/oprators.php?project_id=4', 'POST', '{\"operation_id\":\"\",\"project_id\":\"4\",\"contract_id\":\"5\",\"supplier_id\":\"8\",\"type\":\"1\",\"equipment\":\"5\",\"equipment_category\":\"أساسي\",\"start\":\"2026-06-08\",\"end\":\"2026-11-01\",\"hours\":\"0\",\"total_equipment_hours\":\"200\",\"shift_hours\":\"10\",\"shift_type\":\"B\",\"status\":\"1\",\"action\":\"save_operation\",\"save_operation_submit\":\"\"}', 200, '2026-06-08 13:03:55'),
(700, 4, 0, 0, 6, 3, 'ادارة الاسطول', 'A0tqPwq6Yo6BGt8BWPprbpGHakAxeTtXu75rHbUKGVMCKdu,', '::1', 'Mozilla/5.0 (Windows NT 10.0; Win64; x64) AppleWebKit/537.36 (KHTML, like Gecko) Chrome/148.0.0.0 Safari/537.36', 'oprators', 'oprators', 'end_service', 'end_service', NULL, 16, NULL, NULL, 'http://localhost/ems/Oprators/oprators.php?project_id=4', 'POST', '{\"action\":\"end_service\",\"operation_id\":\"16\",\"end_date\":\"2026-06-10\",\"reason\":\"\",\"end_service_submit\":\"\"}', 200, '2026-06-08 13:17:29'),
(701, 4, 0, 0, 6, 3, 'ادارة الاسطول', 'lTRcg9ojD8HkbT9Sm2n3,MmfUTpcP09Ey8yV9x6YF386-JRA', '::1', 'Mozilla/5.0 (Windows NT 10.0; Win64; x64) AppleWebKit/537.36 (KHTML, like Gecko) Chrome/148.0.0.0 Safari/537.36', 'login', 'auth', 'login', NULL, NULL, NULL, NULL, NULL, 'http://localhost/ems/login.php', 'POST', '{\"username\":\"يسن\",\"password\":\"[REDACTED]\",\"csrf_token\":\"[REDACTED]\"}', 200, '2026-06-08 13:51:03'),
(702, 4, 0, 0, 6, 3, 'ادارة الاسطول', 'lTRcg9ojD8HkbT9Sm2n3,MmfUTpcP09Ey8yV9x6YF386-JRA', '::1', 'Mozilla/5.0 (Windows NT 10.0; Win64; x64) AppleWebKit/537.36 (KHTML, like Gecko) Chrome/148.0.0.0 Safari/537.36', 'oprators', 'oprators', 'update', 'save_operation', NULL, 13, NULL, NULL, 'http://localhost/ems/Oprators/oprators.php?project_id=4', 'POST', '{\"operation_id\":\"13\",\"project_id\":\"4\",\"contract_id\":\"5\",\"supplier_id\":\"5\",\"type\":\"1\",\"equipment\":\"10\",\"equipment_category\":\"أساسي\",\"start\":\"2025-12-01\",\"end\":\"2026-11-01\",\"hours\":\"0\",\"total_equipment_hours\":\"8787\",\"shift_hours\":\"10.00\",\"shift_type\":\"B\",\"status\":\"1\",\"action\":\"save_operation\",\"save_operation_submit\":\"\"}', 200, '2026-06-08 14:02:19'),
(703, 4, 0, 0, 6, 3, 'ادارة الاسطول', 'lTRcg9ojD8HkbT9Sm2n3,MmfUTpcP09Ey8yV9x6YF386-JRA', '::1', 'Mozilla/5.0 (Windows NT 10.0; Win64; x64) AppleWebKit/537.36 (KHTML, like Gecko) Chrome/148.0.0.0 Safari/537.36', 'oprators', 'oprators', 'update', 'save_operation', NULL, 8, NULL, NULL, 'http://localhost/ems/Oprators/oprators.php?project_id=4', 'POST', '{\"operation_id\":\"\",\"project_id\":\"4\",\"contract_id\":\"5\",\"supplier_id\":\"8\",\"type\":\"3\",\"equipment\":\"13\",\"equipment_category\":\"أساسي\",\"start\":\"2026-06-08\",\"end\":\"2026-11-01\",\"hours\":\"0\",\"total_equipment_hours\":\"120\",\"shift_hours\":\"10\",\"shift_type\":\"B\",\"status\":\"1\",\"action\":\"save_operation\",\"save_operation_submit\":\"\"}', 200, '2026-06-08 14:15:12'),
(704, NULL, NULL, NULL, NULL, NULL, NULL, 'zhktV9otw,hZuFMk67ZkHGkILQcY-SvD,3iVSIyKIAhb7RXl', '192.168.1.21', 'Dart/3.6 (dart:io)', 'login', 'api', 'create', 'create', NULL, NULL, NULL, NULL, 'http://192.168.1.9/ems/api/login', 'POST', NULL, 200, '2026-06-08 14:17:02'),
(705, 4, 0, 0, 6, 3, 'ادارة الاسطول', 'lTRcg9ojD8HkbT9Sm2n3,MmfUTpcP09Ey8yV9x6YF386-JRA', '::1', 'Mozilla/5.0 (Windows NT 10.0; Win64; x64) AppleWebKit/537.36 (KHTML, like Gecko) Chrome/148.0.0.0 Safari/537.36', 'logout', 'auth', 'logout', NULL, NULL, NULL, NULL, NULL, 'http://localhost/ems/logout.php', 'GET', NULL, 200, '2026-06-08 14:18:08'),
(706, 4, 4, 4, 11, 6, 'مدير حركة وتشغيل', 'o1D8-8Z1V2iRkAqlhx9uZpmoUuoyRFjhnLKCqsGgCho9e,OF', '192.168.1.21', 'Dart/3.6 (dart:io)', 'equipment-drivers', 'api', 'create', 'create', NULL, NULL, NULL, NULL, 'http://192.168.1.9/ems/api/equipment-drivers', 'POST', NULL, 201, '2026-06-08 14:18:26'),
(707, 4, 0, 0, 6, 3, 'ادارة الاسطول', 'fq,tqmRqq0YNWkFybgHTdO2EbWAstBX3rROKrWvJCXbRrQvl', '::1', 'Mozilla/5.0 (Windows NT 10.0; Win64; x64) AppleWebKit/537.36 (KHTML, like Gecko) Chrome/148.0.0.0 Safari/537.36', 'login', 'auth', 'login', NULL, NULL, NULL, NULL, NULL, 'http://localhost/ems/login.php', 'POST', '{\"username\":\"يسن\",\"password\":\"[REDACTED]\",\"csrf_token\":\"[REDACTED]\"}', 200, '2026-06-08 14:19:42'),
(708, 4, 0, 0, 6, 3, 'ادارة الاسطول', 'fq,tqmRqq0YNWkFybgHTdO2EbWAstBX3rROKrWvJCXbRrQvl', '::1', 'Mozilla/5.0 (Windows NT 10.0; Win64; x64) AppleWebKit/537.36 (KHTML, like Gecko) Chrome/148.0.0.0 Safari/537.36', 'logout', 'auth', 'logout', NULL, NULL, NULL, NULL, NULL, 'http://localhost/ems/logout.php', 'GET', NULL, 200, '2026-06-08 14:21:04'),
(709, 4, 4, 4, 11, 6, 'مدير حركة وتشغيل', '6a43H17bsAP-gNOY1hcsHjw9HyCmE60pXLWT7X1ioD0jrEAv', '::1', 'Mozilla/5.0 (Windows NT 10.0; Win64; x64) AppleWebKit/537.36 (KHTML, like Gecko) Chrome/148.0.0.0 Safari/537.36', 'login', 'auth', 'login', NULL, NULL, NULL, NULL, NULL, 'http://localhost/ems/login.php', 'POST', '{\"username\":\"حركة - الروسية\",\"password\":\"[REDACTED]\",\"csrf_token\":\"[REDACTED]\"}', 200, '2026-06-08 14:21:11'),
(710, 4, 4, 4, 11, 6, 'مدير حركة وتشغيل', '6a43H17bsAP-gNOY1hcsHjw9HyCmE60pXLWT7X1ioD0jrEAv', '::1', 'Mozilla/5.0 (Windows NT 10.0; Win64; x64) AppleWebKit/537.36 (KHTML, like Gecko) Chrome/148.0.0.0 Safari/537.36', 'logout', 'auth', 'logout', NULL, NULL, NULL, NULL, NULL, 'http://localhost/ems/logout.php', 'GET', NULL, 200, '2026-06-08 14:22:34'),
(711, 4, 4, 4, 12, 5, 'مدير الموقع', 'WkSN5FUotPj9,gxUglnLCF7lRS6OFDl573wyAkFfMCOjd51p', '::1', 'Mozilla/5.0 (Windows NT 10.0; Win64; x64) AppleWebKit/537.36 (KHTML, like Gecko) Chrome/148.0.0.0 Safari/537.36', 'login', 'auth', 'login', NULL, NULL, NULL, NULL, NULL, 'http://localhost/ems/login.php', 'POST', '{\"username\":\"مدير موقع الروسية\",\"password\":\"[REDACTED]\",\"csrf_token\":\"[REDACTED]\"}', 200, '2026-06-08 14:22:40'),
(712, 4, 4, 4, 12, 5, 'مدير الموقع', 'WkSN5FUotPj9,gxUglnLCF7lRS6OFDl573wyAkFfMCOjd51p', '::1', 'Mozilla/5.0 (Windows NT 10.0; Win64; x64) AppleWebKit/537.36 (KHTML, like Gecko) Chrome/148.0.0.0 Safari/537.36', 'timesheet', 'timesheet', 'get_event_types', 'get_event_types', NULL, NULL, NULL, NULL, 'http://localhost/ems/Timesheet/timesheet.php?type=1', 'GET', '{\"action\":\"get_event_types\",\"equipment_type\":\"1\"}', 200, '2026-06-08 14:22:43'),
(713, 4, 4, 4, 12, 5, 'مدير الموقع', 'WkSN5FUotPj9,gxUglnLCF7lRS6OFDl573wyAkFfMCOjd51p', '::1', 'Mozilla/5.0 (Windows NT 10.0; Win64; x64) AppleWebKit/537.36 (KHTML, like Gecko) Chrome/148.0.0.0 Safari/537.36', 'timesheet', 'timesheet', 'get_event_types', 'get_event_types', NULL, NULL, NULL, NULL, 'http://localhost/ems/Timesheet/timesheet.php?type=1', 'GET', '{\"action\":\"get_event_types\",\"equipment_type\":\"3\"}', 200, '2026-06-08 14:22:43'),
(714, 4, 4, 4, 12, 5, 'مدير الموقع', 'WkSN5FUotPj9,gxUglnLCF7lRS6OFDl573wyAkFfMCOjd51p', '::1', 'Mozilla/5.0 (Windows NT 10.0; Win64; x64) AppleWebKit/537.36 (KHTML, like Gecko) Chrome/148.0.0.0 Safari/537.36', 'timesheet', 'timesheet', 'get_event_types', 'get_event_types', NULL, NULL, NULL, NULL, 'http://localhost/ems/Timesheet/timesheet.php?type=1', 'GET', '{\"action\":\"get_event_types\",\"equipment_type\":\"1\"}', 200, '2026-06-08 14:22:43'),
(715, 4, 4, 4, 12, 5, 'مدير الموقع', 'WkSN5FUotPj9,gxUglnLCF7lRS6OFDl573wyAkFfMCOjd51p', '::1', 'Mozilla/5.0 (Windows NT 10.0; Win64; x64) AppleWebKit/537.36 (KHTML, like Gecko) Chrome/148.0.0.0 Safari/537.36', 'timesheet', 'timesheet', 'get_event_types', 'get_event_types', NULL, NULL, NULL, NULL, 'http://localhost/ems/Timesheet/timesheet.php?type=1', 'GET', '{\"action\":\"get_event_types\",\"equipment_type\":\"1\"}', 200, '2026-06-08 14:27:36'),
(716, 4, 4, 4, 12, 5, 'مدير الموقع', 'WkSN5FUotPj9,gxUglnLCF7lRS6OFDl573wyAkFfMCOjd51p', '::1', 'Mozilla/5.0 (Windows NT 10.0; Win64; x64) AppleWebKit/537.36 (KHTML, like Gecko) Chrome/148.0.0.0 Safari/537.36', 'timesheet', 'timesheet', 'get_event_types', 'get_event_types', NULL, NULL, NULL, NULL, 'http://localhost/ems/Timesheet/timesheet.php?type=1', 'GET', '{\"action\":\"get_event_types\",\"equipment_type\":\"3\"}', 200, '2026-06-08 14:27:36'),
(717, 4, 4, 4, 12, 5, 'مدير الموقع', 'WkSN5FUotPj9,gxUglnLCF7lRS6OFDl573wyAkFfMCOjd51p', '::1', 'Mozilla/5.0 (Windows NT 10.0; Win64; x64) AppleWebKit/537.36 (KHTML, like Gecko) Chrome/148.0.0.0 Safari/537.36', 'timesheet', 'timesheet', 'get_event_types', 'get_event_types', NULL, NULL, NULL, NULL, 'http://localhost/ems/Timesheet/timesheet.php?type=1', 'GET', '{\"action\":\"get_event_types\",\"equipment_type\":\"1\"}', 200, '2026-06-08 14:27:36'),
(718, 4, 4, 4, 12, 5, 'مدير الموقع', 'WkSN5FUotPj9,gxUglnLCF7lRS6OFDl573wyAkFfMCOjd51p', '::1', 'Mozilla/5.0 (Windows NT 10.0; Win64; x64) AppleWebKit/537.36 (KHTML, like Gecko) Chrome/148.0.0.0 Safari/537.36', 'timesheet', 'timesheet', 'get_event_types', 'get_event_types', NULL, NULL, NULL, NULL, 'http://localhost/ems/Timesheet/timesheet.php?type=1', 'GET', '{\"action\":\"get_event_types\",\"equipment_type\":\"3\"}', 200, '2026-06-08 14:27:52'),
(719, 4, 4, 4, 12, 5, 'مدير الموقع', 'WkSN5FUotPj9,gxUglnLCF7lRS6OFDl573wyAkFfMCOjd51p', '::1', 'Mozilla/5.0 (Windows NT 10.0; Win64; x64) AppleWebKit/537.36 (KHTML, like Gecko) Chrome/148.0.0.0 Safari/537.36', 'timesheet', 'timesheet', 'get_event_types', 'get_event_types', NULL, NULL, NULL, NULL, 'http://localhost/ems/Timesheet/timesheet.php?type=1', 'GET', '{\"action\":\"get_event_types\",\"equipment_type\":\"1\"}', 200, '2026-06-08 14:27:52'),
(720, 4, 4, 4, 12, 5, 'مدير الموقع', 'WkSN5FUotPj9,gxUglnLCF7lRS6OFDl573wyAkFfMCOjd51p', '::1', 'Mozilla/5.0 (Windows NT 10.0; Win64; x64) AppleWebKit/537.36 (KHTML, like Gecko) Chrome/148.0.0.0 Safari/537.36', 'timesheet', 'timesheet', 'get_event_types', 'get_event_types', NULL, NULL, NULL, NULL, 'http://localhost/ems/Timesheet/timesheet.php?type=1', 'GET', '{\"action\":\"get_event_types\",\"equipment_type\":\"1\"}', 200, '2026-06-08 14:27:52'),
(721, 4, 4, 4, 12, 5, 'مدير الموقع', 'WkSN5FUotPj9,gxUglnLCF7lRS6OFDl573wyAkFfMCOjd51p', '::1', 'Mozilla/5.0 (Windows NT 10.0; Win64; x64) AppleWebKit/537.36 (KHTML, like Gecko) Chrome/148.0.0.0 Safari/537.36', 'logout', 'auth', 'logout', NULL, NULL, NULL, NULL, NULL, 'http://localhost/ems/logout.php', 'GET', NULL, 200, '2026-06-08 14:29:18'),
(722, 4, 4, 4, 11, 6, 'مدير حركة وتشغيل', '8Z,7mY6fomQ,TViXZIcvsCpLDPDd79MwM9zPjDvT7OMbe5Gs', '::1', 'Mozilla/5.0 (Windows NT 10.0; Win64; x64) AppleWebKit/537.36 (KHTML, like Gecko) Chrome/148.0.0.0 Safari/537.36', 'login', 'auth', 'login', NULL, NULL, NULL, NULL, NULL, 'http://localhost/ems/login.php', 'POST', '{\"username\":\"حركة - الروسية\",\"password\":\"[REDACTED]\",\"csrf_token\":\"[REDACTED]\"}', 200, '2026-06-08 14:29:24'),
(723, 4, 4, 4, 11, 6, 'مدير حركة وتشغيل', '8Z,7mY6fomQ,TViXZIcvsCpLDPDd79MwM9zPjDvT7OMbe5Gs', '::1', 'Mozilla/5.0 (Windows NT 10.0; Win64; x64) AppleWebKit/537.36 (KHTML, like Gecko) Chrome/148.0.0.0 Safari/537.36', 'logout', 'auth', 'logout', NULL, NULL, NULL, NULL, NULL, 'http://localhost/ems/logout.php', 'GET', NULL, 200, '2026-06-08 14:29:48'),
(724, 4, 4, 4, 12, 5, 'مدير الموقع', 'lqu8mJ1VHuuSBtF2iR6w2doFokKmbo4uGuqdWbkD,8saCIPb', '::1', 'Mozilla/5.0 (Windows NT 10.0; Win64; x64) AppleWebKit/537.36 (KHTML, like Gecko) Chrome/148.0.0.0 Safari/537.36', 'login', 'auth', 'login', NULL, NULL, NULL, NULL, NULL, 'http://localhost/ems/login.php', 'POST', '{\"username\":\"مدير موقع الروسية\",\"password\":\"[REDACTED]\",\"csrf_token\":\"[REDACTED]\"}', 200, '2026-06-08 14:29:59'),
(725, 4, 4, 4, 12, 5, 'مدير الموقع', 'lqu8mJ1VHuuSBtF2iR6w2doFokKmbo4uGuqdWbkD,8saCIPb', '::1', 'Mozilla/5.0 (Windows NT 10.0; Win64; x64) AppleWebKit/537.36 (KHTML, like Gecko) Chrome/148.0.0.0 Safari/537.36', 'timesheet', 'timesheet', 'get_event_types', 'get_event_types', NULL, NULL, NULL, NULL, 'http://localhost/ems/Timesheet/timesheet.php?type=1', 'GET', '{\"action\":\"get_event_types\",\"equipment_type\":\"1\"}', 200, '2026-06-08 14:30:02'),
(726, 4, 4, 4, 12, 5, 'مدير الموقع', 'lqu8mJ1VHuuSBtF2iR6w2doFokKmbo4uGuqdWbkD,8saCIPb', '::1', 'Mozilla/5.0 (Windows NT 10.0; Win64; x64) AppleWebKit/537.36 (KHTML, like Gecko) Chrome/148.0.0.0 Safari/537.36', 'timesheet', 'timesheet', 'get_event_types', 'get_event_types', NULL, NULL, NULL, NULL, 'http://localhost/ems/Timesheet/timesheet.php?type=1', 'GET', '{\"action\":\"get_event_types\",\"equipment_type\":\"3\"}', 200, '2026-06-08 14:30:02'),
(727, 4, 4, 4, 12, 5, 'مدير الموقع', 'lqu8mJ1VHuuSBtF2iR6w2doFokKmbo4uGuqdWbkD,8saCIPb', '::1', 'Mozilla/5.0 (Windows NT 10.0; Win64; x64) AppleWebKit/537.36 (KHTML, like Gecko) Chrome/148.0.0.0 Safari/537.36', 'timesheet', 'timesheet', 'get_event_types', 'get_event_types', NULL, NULL, NULL, NULL, 'http://localhost/ems/Timesheet/timesheet.php?type=1', 'GET', '{\"action\":\"get_event_types\",\"equipment_type\":\"1\"}', 200, '2026-06-08 14:30:02'),
(728, 4, 4, 4, 12, 5, 'مدير الموقع', 'lqu8mJ1VHuuSBtF2iR6w2doFokKmbo4uGuqdWbkD,8saCIPb', '::1', 'Mozilla/5.0 (Windows NT 10.0; Win64; x64) AppleWebKit/537.36 (KHTML, like Gecko) Chrome/148.0.0.0 Safari/537.36', 'timesheet', 'timesheet', 'get_event_types', 'get_event_types', NULL, NULL, NULL, NULL, 'http://localhost/ems/Timesheet/timesheet.php?type=1', 'GET', '{\"action\":\"get_event_types\",\"equipment_type\":\"1\"}', 200, '2026-06-08 14:31:52'),
(729, 4, 4, 4, 12, 5, 'مدير الموقع', 'lqu8mJ1VHuuSBtF2iR6w2doFokKmbo4uGuqdWbkD,8saCIPb', '::1', 'Mozilla/5.0 (Windows NT 10.0; Win64; x64) AppleWebKit/537.36 (KHTML, like Gecko) Chrome/148.0.0.0 Safari/537.36', 'timesheet', 'timesheet', 'get_event_types', 'get_event_types', NULL, NULL, NULL, NULL, 'http://localhost/ems/Timesheet/timesheet.php?type=1', 'GET', '{\"action\":\"get_event_types\",\"equipment_type\":\"3\"}', 200, '2026-06-08 14:31:52'),
(730, 4, 4, 4, 12, 5, 'مدير الموقع', 'lqu8mJ1VHuuSBtF2iR6w2doFokKmbo4uGuqdWbkD,8saCIPb', '::1', 'Mozilla/5.0 (Windows NT 10.0; Win64; x64) AppleWebKit/537.36 (KHTML, like Gecko) Chrome/148.0.0.0 Safari/537.36', 'timesheet', 'timesheet', 'get_event_types', 'get_event_types', NULL, NULL, NULL, NULL, 'http://localhost/ems/Timesheet/timesheet.php?type=1', 'GET', '{\"action\":\"get_event_types\",\"equipment_type\":\"1\"}', 200, '2026-06-08 14:31:52'),
(731, 4, 4, 4, 12, 5, 'مدير الموقع', 'lqu8mJ1VHuuSBtF2iR6w2doFokKmbo4uGuqdWbkD,8saCIPb', '::1', 'Mozilla/5.0 (Windows NT 10.0; Win64; x64) AppleWebKit/537.36 (KHTML, like Gecko) Chrome/148.0.0.0 Safari/537.36', 'logout', 'auth', 'logout', NULL, NULL, NULL, NULL, NULL, 'http://localhost/ems/logout.php', 'GET', NULL, 200, '2026-06-08 14:32:06'),
(732, 4, 4, 4, 11, 6, 'مدير حركة وتشغيل', 'TOTIj7uq-H9EYqeOWqIyOMSPTQ5UaON0fHNnBAHFt2tR,c8S', '::1', 'Mozilla/5.0 (Windows NT 10.0; Win64; x64) AppleWebKit/537.36 (KHTML, like Gecko) Chrome/148.0.0.0 Safari/537.36', 'login', 'auth', 'login', NULL, NULL, NULL, NULL, NULL, 'http://localhost/ems/login.php', 'POST', '{\"username\":\"حركة - الروسية\",\"password\":\"[REDACTED]\",\"csrf_token\":\"[REDACTED]\"}', 200, '2026-06-08 14:32:12'),
(733, 4, 4, 4, 11, 6, 'مدير حركة وتشغيل', 'TOTIj7uq-H9EYqeOWqIyOMSPTQ5UaON0fHNnBAHFt2tR,c8S', '::1', 'Mozilla/5.0 (Windows NT 10.0; Win64; x64) AppleWebKit/537.36 (KHTML, like Gecko) Chrome/148.0.0.0 Safari/537.36', 'logout', 'auth', 'logout', NULL, NULL, NULL, NULL, NULL, 'http://localhost/ems/logout.php', 'GET', NULL, 200, '2026-06-08 14:34:45'),
(734, 4, 4, 4, 12, 5, 'مدير الموقع', 'AwJ4vFLDL4kDeUiBlCVT7Lw2O-nTbYArhdHZgIc4-6mtkjPu', '::1', 'Mozilla/5.0 (Windows NT 10.0; Win64; x64) AppleWebKit/537.36 (KHTML, like Gecko) Chrome/148.0.0.0 Safari/537.36', 'login', 'auth', 'login', NULL, NULL, NULL, NULL, NULL, 'http://localhost/ems/login.php', 'POST', '{\"username\":\"مدير موقع الروسية\",\"password\":\"[REDACTED]\",\"csrf_token\":\"[REDACTED]\"}', 200, '2026-06-08 14:34:50'),
(735, 4, 4, 4, 12, 5, 'مدير الموقع', 'AwJ4vFLDL4kDeUiBlCVT7Lw2O-nTbYArhdHZgIc4-6mtkjPu', '::1', 'Mozilla/5.0 (Windows NT 10.0; Win64; x64) AppleWebKit/537.36 (KHTML, like Gecko) Chrome/148.0.0.0 Safari/537.36', 'timesheet', 'timesheet', 'get_event_types', 'get_event_types', NULL, NULL, NULL, NULL, 'http://localhost/ems/Timesheet/timesheet.php?type=1', 'GET', '{\"action\":\"get_event_types\",\"equipment_type\":\"1\"}', 200, '2026-06-08 14:34:53'),
(736, 4, 4, 4, 12, 5, 'مدير الموقع', 'AwJ4vFLDL4kDeUiBlCVT7Lw2O-nTbYArhdHZgIc4-6mtkjPu', '::1', 'Mozilla/5.0 (Windows NT 10.0; Win64; x64) AppleWebKit/537.36 (KHTML, like Gecko) Chrome/148.0.0.0 Safari/537.36', 'timesheet', 'timesheet', 'get_event_types', 'get_event_types', NULL, NULL, NULL, NULL, 'http://localhost/ems/Timesheet/timesheet.php?type=1', 'GET', '{\"action\":\"get_event_types\",\"equipment_type\":\"3\"}', 200, '2026-06-08 14:34:53'),
(737, 4, 4, 4, 12, 5, 'مدير الموقع', 'AwJ4vFLDL4kDeUiBlCVT7Lw2O-nTbYArhdHZgIc4-6mtkjPu', '::1', 'Mozilla/5.0 (Windows NT 10.0; Win64; x64) AppleWebKit/537.36 (KHTML, like Gecko) Chrome/148.0.0.0 Safari/537.36', 'timesheet', 'timesheet', 'get_event_types', 'get_event_types', NULL, NULL, NULL, NULL, 'http://localhost/ems/Timesheet/timesheet.php?type=1', 'GET', '{\"action\":\"get_event_types\",\"equipment_type\":\"1\"}', 200, '2026-06-08 14:34:54'),
(738, 4, 4, 4, 12, 5, 'مدير الموقع', 'AwJ4vFLDL4kDeUiBlCVT7Lw2O-nTbYArhdHZgIc4-6mtkjPu', '::1', 'Mozilla/5.0 (Windows NT 10.0; Win64; x64) AppleWebKit/537.36 (KHTML, like Gecko) Chrome/148.0.0.0 Safari/537.36', 'logout', 'auth', 'logout', NULL, NULL, NULL, NULL, NULL, 'http://localhost/ems/logout.php', 'GET', NULL, 200, '2026-06-09 07:46:59'),
(739, 4, 0, 0, 13, 12, 'ادارة المبيعات', '0CrFW89MdLirwvOLKyvMKc0f80mRcAOemtCQFBVsNrqQAerB', '::1', 'Mozilla/5.0 (Windows NT 10.0; Win64; x64) AppleWebKit/537.36 (KHTML, like Gecko) Chrome/148.0.0.0 Safari/537.36', 'login', 'auth', 'login', NULL, NULL, NULL, NULL, NULL, 'http://localhost/ems/login.php', 'POST', '{\"csrf_token\":\"[REDACTED]\",\"username\":\"مبيعات\",\"password\":\"[REDACTED]\"}', 200, '2026-06-09 07:47:14'),
(740, 4, 0, 0, 13, 12, 'ادارة المبيعات', '0CrFW89MdLirwvOLKyvMKc0f80mRcAOemtCQFBVsNrqQAerB', '::1', 'Mozilla/5.0 (Windows NT 10.0; Win64; x64) AppleWebKit/537.36 (KHTML, like Gecko) Chrome/148.0.0.0 Safari/537.36', 'logout', 'auth', 'logout', NULL, NULL, NULL, NULL, NULL, 'http://localhost/ems/logout.php', 'GET', NULL, 200, '2026-06-09 07:48:46'),
(741, 4, 0, 0, 4, 1, 'ادارة التشغيل', 'Sz-4L7ssW8MZjiuz3U02MY1w7mOaZF2msylSLhjcSbumOWTa', '::1', 'Mozilla/5.0 (Windows NT 10.0; Win64; x64) AppleWebKit/537.36 (KHTML, like Gecko) Chrome/148.0.0.0 Safari/537.36', 'login', 'auth', 'login', NULL, NULL, NULL, NULL, NULL, 'http://localhost/ems/login.php', 'POST', '{\"csrf_token\":\"[REDACTED]\",\"username\":\"محمد\",\"password\":\"[REDACTED]\"}', 200, '2026-06-09 07:48:52'),
(742, 4, 0, 0, 4, 1, 'ادارة التشغيل', 'Sz-4L7ssW8MZjiuz3U02MY1w7mOaZF2msylSLhjcSbumOWTa', '::1', 'Mozilla/5.0 (Windows NT 10.0; Win64; x64) AppleWebKit/537.36 (KHTML, like Gecko) Chrome/148.0.0.0 Safari/537.36', 'logout', 'auth', 'logout', NULL, NULL, NULL, NULL, NULL, 'http://localhost/ems/logout.php', 'GET', NULL, 200, '2026-06-09 07:50:22'),
(743, 4, 0, 0, 7, 4, 'ادارة الموارد البشرية', ',4IsVVJbkeKpqnA9,kGVYSlCQALWQsgAZW-AQENRLqksIyAF', '::1', 'Mozilla/5.0 (Windows NT 10.0; Win64; x64) AppleWebKit/537.36 (KHTML, like Gecko) Chrome/148.0.0.0 Safari/537.36', 'login', 'auth', 'login', NULL, NULL, NULL, NULL, NULL, 'http://localhost/ems/login.php', 'POST', '{\"csrf_token\":\"[REDACTED]\",\"username\":\"اروينا\",\"password\":\"[REDACTED]\"}', 200, '2026-06-09 07:50:32'),
(744, 4, 0, 0, 7, 4, 'ادارة الموارد البشرية', ',4IsVVJbkeKpqnA9,kGVYSlCQALWQsgAZW-AQENRLqksIyAF', '::1', 'Mozilla/5.0 (Windows NT 10.0; Win64; x64) AppleWebKit/537.36 (KHTML, like Gecko) Chrome/148.0.0.0 Safari/537.36', 'drivers', 'drivers', 'update', 'update', NULL, 27, NULL, NULL, 'http://localhost/ems/Drivers/drivers.php', 'POST', '{\"csrf_token\":\"[REDACTED]\",\"id\":\"27\",\"name\":\"مروان\",\"driver_code\":\"DRV-0001-3\",\"nickname\":\"\",\"identity_number\":\"\",\"identity_expiry_date\":\"\",\"driver_photo\":\"\",\"identity_photo\":\"\",\"license_number\":\"\",\"license_expiry_date\":\"2027-01-01\",\"license_issuer\":\"\",\"years_in_field\":\"\",\"years_on_equipment\":\"\",\"certificates\":\"\",\"owner_supervisor\":\"\",\"supplier_id\":\"\",\"project_id\":\"4\",\"employment_affiliation\":\"\",\"salary_type\":\"\",\"monthly_salary\":\"\",\"email\":\"\",\"phone\":\"249912345678\",\"phone_alternative\":\"\",\"address\":\"\",\"performance_rating\":\"\",\"behavior_record\":\"\",\"accident_record\":\"\",\"health_status\":\"\",\"vaccinations_status\":\"\",\"health_issues\":\"\",\"previous_employer\":\"\",\"employment_duration\":\"\",\"reference_contact\":\"\",\"general_notes\":\"\",\"driver_status\":\"نشط\",\"start_date\":\"\",\"status\":\"1\"}', 302, '2026-06-09 07:52:17'),
(745, 4, 0, 0, 7, 4, 'ادارة الموارد البشرية', ',4IsVVJbkeKpqnA9,kGVYSlCQALWQsgAZW-AQENRLqksIyAF', '::1', 'Mozilla/5.0 (Windows NT 10.0; Win64; x64) AppleWebKit/537.36 (KHTML, like Gecko) Chrome/148.0.0.0 Safari/537.36', 'logout', 'auth', 'logout', NULL, NULL, NULL, NULL, NULL, 'http://localhost/ems/logout.php', 'GET', NULL, 200, '2026-06-09 07:52:35'),
(746, 4, 4, 4, 11, 6, 'مدير حركة وتشغيل', 'Ggd6xRDF1XeQ,LUpE2Uo2t5l4nZMc7lKCk8ZYESTQvPBOZfV', '::1', 'Mozilla/5.0 (Windows NT 10.0; Win64; x64) AppleWebKit/537.36 (KHTML, like Gecko) Chrome/148.0.0.0 Safari/537.36', 'login', 'auth', 'login', NULL, NULL, NULL, NULL, NULL, 'http://localhost/ems/login.php', 'POST', '{\"csrf_token\":\"[REDACTED]\",\"username\":\"حركة - الروسية\",\"password\":\"[REDACTED]\"}', 200, '2026-06-09 07:52:44'),
(747, 4, 4, 4, 11, 6, 'مدير حركة وتشغيل', 'Ggd6xRDF1XeQ,LUpE2Uo2t5l4nZMc7lKCk8ZYESTQvPBOZfV', '::1', 'Mozilla/5.0 (Windows NT 10.0; Win64; x64) AppleWebKit/537.36 (KHTML, like Gecko) Chrome/148.0.0.0 Safari/537.36', 'logout', 'auth', 'logout', NULL, NULL, NULL, NULL, NULL, 'http://localhost/ems/logout.php', 'GET', NULL, 200, '2026-06-09 07:54:51'),
(748, 4, 4, 4, 12, 5, 'مدير الموقع', '9Nm8t8-JTIE79,ElkFxuo-hg,GNq4GzmhJuFGGu3616CDG0S', '::1', 'Mozilla/5.0 (Windows NT 10.0; Win64; x64) AppleWebKit/537.36 (KHTML, like Gecko) Chrome/148.0.0.0 Safari/537.36', 'login', 'auth', 'login', NULL, NULL, NULL, NULL, NULL, 'http://localhost/ems/login.php', 'POST', '{\"csrf_token\":\"[REDACTED]\",\"username\":\"مدير موقع الروسية\",\"password\":\"[REDACTED]\"}', 200, '2026-06-09 07:55:00'),
(749, 4, 4, 4, 12, 5, 'مدير الموقع', '9Nm8t8-JTIE79,ElkFxuo-hg,GNq4GzmhJuFGGu3616CDG0S', '::1', 'Mozilla/5.0 (Windows NT 10.0; Win64; x64) AppleWebKit/537.36 (KHTML, like Gecko) Chrome/148.0.0.0 Safari/537.36', 'timesheet', 'timesheet', 'get_event_types', 'get_event_types', NULL, NULL, NULL, NULL, 'http://localhost/ems/Timesheet/timesheet.php?type=1', 'GET', '{\"action\":\"get_event_types\",\"equipment_type\":\"3\"}', 200, '2026-06-09 07:55:06'),
(750, 4, 4, 4, 12, 5, 'مدير الموقع', '9Nm8t8-JTIE79,ElkFxuo-hg,GNq4GzmhJuFGGu3616CDG0S', '::1', 'Mozilla/5.0 (Windows NT 10.0; Win64; x64) AppleWebKit/537.36 (KHTML, like Gecko) Chrome/148.0.0.0 Safari/537.36', 'timesheet', 'timesheet', 'get_event_types', 'get_event_types', NULL, NULL, NULL, NULL, 'http://localhost/ems/Timesheet/timesheet.php?type=1', 'GET', '{\"action\":\"get_event_types\",\"equipment_type\":\"1\"}', 200, '2026-06-09 07:55:06'),
(751, 4, 4, 4, 12, 5, 'مدير الموقع', '9Nm8t8-JTIE79,ElkFxuo-hg,GNq4GzmhJuFGGu3616CDG0S', '::1', 'Mozilla/5.0 (Windows NT 10.0; Win64; x64) AppleWebKit/537.36 (KHTML, like Gecko) Chrome/148.0.0.0 Safari/537.36', 'timesheet', 'timesheet', 'get_event_types', 'get_event_types', NULL, NULL, NULL, NULL, 'http://localhost/ems/Timesheet/timesheet.php?type=1', 'GET', '{\"action\":\"get_event_types\",\"equipment_type\":\"1\"}', 200, '2026-06-09 07:55:06'),
(752, 4, 4, 4, 12, 5, 'مدير الموقع', '9Nm8t8-JTIE79,ElkFxuo-hg,GNq4GzmhJuFGGu3616CDG0S', '::1', 'Mozilla/5.0 (Windows NT 10.0; Win64; x64) AppleWebKit/537.36 (KHTML, like Gecko) Chrome/148.0.0.0 Safari/537.36', 'logout', 'auth', 'logout', NULL, NULL, NULL, NULL, NULL, 'http://localhost/ems/logout.php', 'GET', NULL, 200, '2026-06-09 07:57:11'),
(753, 4, 0, 0, 4, 1, 'ادارة التشغيل', 'RWKAOqsSuAbW-jijRvLPwjXgliq07V9Gec1L,ZCccIXgDejJ', '::1', 'Mozilla/5.0 (Windows NT 10.0; Win64; x64) AppleWebKit/537.36 (KHTML, like Gecko) Chrome/148.0.0.0 Safari/537.36', 'login', 'auth', 'login', NULL, NULL, NULL, NULL, NULL, 'http://localhost/ems/login.php?timeout=1', 'POST', '{\"csrf_token\":\"[REDACTED]\",\"username\":\"محمد\",\"password\":\"[REDACTED]\"}', 200, '2026-06-09 08:59:15'),
(754, 4, 0, 0, 6, 3, 'ادارة الاسطول', 'mWS8h5VV,tPKLmbVOCweyw5OHRlXFeHoR6VAH0VUFYtsO,9Z', '127.0.0.1', 'Mozilla/5.0 (Windows NT 10.0; Win64; x64; rv:151.0) Gecko/20100101 Firefox/151.0', 'login', 'auth', 'login', NULL, NULL, NULL, NULL, NULL, 'http://localhost/ems/login.php', 'POST', '{\"csrf_token\":\"[REDACTED]\",\"username\":\"يسن\",\"password\":\"[REDACTED]\"}', 200, '2026-06-09 09:52:01'),
(755, 4, 0, 0, 6, 3, 'ادارة الاسطول', 'mWS8h5VV,tPKLmbVOCweyw5OHRlXFeHoR6VAH0VUFYtsO,9Z', '127.0.0.1', 'Mozilla/5.0 (Windows NT 10.0; Win64; x64; rv:151.0) Gecko/20100101 Firefox/151.0', 'logout', 'auth', 'logout', NULL, NULL, NULL, NULL, NULL, 'http://localhost/ems/logout.php', 'GET', NULL, 200, '2026-06-09 09:53:07'),
(756, 4, 0, 0, 13, 12, 'ادارة المبيعات', 'Qhz6a8v4I9GZJzUgQrFjASXc6bhMx3a12OdGmGMlV7ph8Acm', '127.0.0.1', 'Mozilla/5.0 (Windows NT 10.0; Win64; x64; rv:151.0) Gecko/20100101 Firefox/151.0', 'login', 'auth', 'login', NULL, NULL, NULL, NULL, NULL, 'http://localhost/ems/login.php', 'POST', '{\"csrf_token\":\"[REDACTED]\",\"username\":\"مبيعات\",\"password\":\"[REDACTED]\"}', 200, '2026-06-09 09:53:15'),
(757, 4, 0, 0, 13, 12, 'ادارة المبيعات', 'Qhz6a8v4I9GZJzUgQrFjASXc6bhMx3a12OdGmGMlV7ph8Acm', '127.0.0.1', 'Mozilla/5.0 (Windows NT 10.0; Win64; x64; rv:151.0) Gecko/20100101 Firefox/151.0', 'logout', 'auth', 'logout', NULL, NULL, NULL, NULL, NULL, 'http://localhost/ems/logout.php', 'GET', NULL, 200, '2026-06-09 09:56:29');
INSERT INTO `activity_logs` (`id`, `company_id`, `project_id`, `contract_id`, `user_id`, `role_id`, `role_name`, `session_id`, `ip_address`, `user_agent`, `screen_name`, `module_name`, `action_type`, `button_name`, `field_name`, `record_id`, `old_value`, `new_value`, `url`, `http_method`, `request_payload`, `response_status`, `created_at`) VALUES
(758, 4, 4, 4, 12, 5, 'مدير الموقع', 'QrMWL35IAfxWdAQmGJ7dR1Sz95rlTwXWcj8Z6XiRro4tAQUH', '127.0.0.1', 'Mozilla/5.0 (Windows NT 10.0; Win64; x64; rv:151.0) Gecko/20100101 Firefox/151.0', 'login', 'auth', 'login', NULL, NULL, NULL, NULL, NULL, 'http://localhost/ems/login.php', 'POST', '{\"csrf_token\":\"[REDACTED]\",\"username\":\"مدير موقع الروسية\",\"password\":\"[REDACTED]\"}', 200, '2026-06-09 09:56:36'),
(759, 4, 4, 4, 12, 5, 'مدير الموقع', 'QrMWL35IAfxWdAQmGJ7dR1Sz95rlTwXWcj8Z6XiRro4tAQUH', '127.0.0.1', 'Mozilla/5.0 (Windows NT 10.0; Win64; x64; rv:151.0) Gecko/20100101 Firefox/151.0', 'timesheet', 'timesheet', 'get_event_types', 'get_event_types', NULL, NULL, NULL, NULL, 'http://localhost/ems/Timesheet/timesheet.php?type=1', 'GET', '{\"action\":\"get_event_types\",\"equipment_type\":\"1\"}', 200, '2026-06-09 09:56:39'),
(760, 4, 4, 4, 12, 5, 'مدير الموقع', 'QrMWL35IAfxWdAQmGJ7dR1Sz95rlTwXWcj8Z6XiRro4tAQUH', '127.0.0.1', 'Mozilla/5.0 (Windows NT 10.0; Win64; x64; rv:151.0) Gecko/20100101 Firefox/151.0', 'timesheet', 'timesheet', 'get_event_types', 'get_event_types', NULL, NULL, NULL, NULL, 'http://localhost/ems/Timesheet/timesheet.php?type=1', 'GET', '{\"action\":\"get_event_types\",\"equipment_type\":\"3\"}', 200, '2026-06-09 09:56:39'),
(761, 4, 4, 4, 12, 5, 'مدير الموقع', 'QrMWL35IAfxWdAQmGJ7dR1Sz95rlTwXWcj8Z6XiRro4tAQUH', '127.0.0.1', 'Mozilla/5.0 (Windows NT 10.0; Win64; x64; rv:151.0) Gecko/20100101 Firefox/151.0', 'timesheet', 'timesheet', 'get_event_types', 'get_event_types', NULL, NULL, NULL, NULL, 'http://localhost/ems/Timesheet/timesheet.php?type=1', 'GET', '{\"action\":\"get_event_types\",\"equipment_type\":\"1\"}', 200, '2026-06-09 09:56:39'),
(762, 4, 4, 4, 12, 5, 'مدير الموقع', 'QrMWL35IAfxWdAQmGJ7dR1Sz95rlTwXWcj8Z6XiRro4tAQUH', '127.0.0.1', 'Mozilla/5.0 (Windows NT 10.0; Win64; x64; rv:151.0) Gecko/20100101 Firefox/151.0', 'logout', 'auth', 'logout', NULL, NULL, NULL, NULL, NULL, 'http://localhost/ems/logout.php', 'GET', NULL, 200, '2026-06-09 09:57:51'),
(763, 4, 4, 4, 12, 5, 'مدير الموقع', 'dG,VgBSAcdb8ixNVcbRw7z7WZtZCM5vff5rBIX1g643kyCvn', '127.0.0.1', 'Mozilla/5.0 (Windows NT 10.0; Win64; x64; rv:151.0) Gecko/20100101 Firefox/151.0', 'login', 'auth', 'login', NULL, NULL, NULL, NULL, NULL, 'http://localhost/ems/login.php', 'POST', '{\"csrf_token\":\"[REDACTED]\",\"username\":\"مدير موقع الروسية\",\"password\":\"[REDACTED]\"}', 200, '2026-06-09 09:58:14'),
(764, 4, 4, 4, 12, 5, 'مدير الموقع', 'dG,VgBSAcdb8ixNVcbRw7z7WZtZCM5vff5rBIX1g643kyCvn', '127.0.0.1', 'Mozilla/5.0 (Windows NT 10.0; Win64; x64; rv:151.0) Gecko/20100101 Firefox/151.0', 'timesheet', 'timesheet', 'get_event_types', 'get_event_types', NULL, NULL, NULL, NULL, 'http://localhost/ems/Timesheet/timesheet.php?type=1', 'GET', '{\"action\":\"get_event_types\",\"equipment_type\":\"1\"}', 200, '2026-06-09 09:58:30'),
(765, 4, 4, 4, 12, 5, 'مدير الموقع', 'dG,VgBSAcdb8ixNVcbRw7z7WZtZCM5vff5rBIX1g643kyCvn', '127.0.0.1', 'Mozilla/5.0 (Windows NT 10.0; Win64; x64; rv:151.0) Gecko/20100101 Firefox/151.0', 'timesheet', 'timesheet', 'get_event_types', 'get_event_types', NULL, NULL, NULL, NULL, 'http://localhost/ems/Timesheet/timesheet.php?type=1', 'GET', '{\"action\":\"get_event_types\",\"equipment_type\":\"3\"}', 200, '2026-06-09 09:58:30'),
(766, 4, 4, 4, 12, 5, 'مدير الموقع', 'dG,VgBSAcdb8ixNVcbRw7z7WZtZCM5vff5rBIX1g643kyCvn', '127.0.0.1', 'Mozilla/5.0 (Windows NT 10.0; Win64; x64; rv:151.0) Gecko/20100101 Firefox/151.0', 'timesheet', 'timesheet', 'get_event_types', 'get_event_types', NULL, NULL, NULL, NULL, 'http://localhost/ems/Timesheet/timesheet.php?type=1', 'GET', '{\"action\":\"get_event_types\",\"equipment_type\":\"1\"}', 200, '2026-06-09 09:58:30'),
(767, 4, 4, 4, 12, 5, 'مدير الموقع', 'dG,VgBSAcdb8ixNVcbRw7z7WZtZCM5vff5rBIX1g643kyCvn', '127.0.0.1', 'Mozilla/5.0 (Windows NT 10.0; Win64; x64; rv:151.0) Gecko/20100101 Firefox/151.0', 'timesheet', 'timesheet', 'get_event_types', 'get_event_types', NULL, NULL, NULL, NULL, 'http://localhost/ems/Timesheet/timesheet.php?type=2', 'GET', '{\"action\":\"get_event_types\",\"equipment_type\":\"3\"}', 200, '2026-06-09 10:02:11'),
(768, 4, 4, 4, 12, 5, 'مدير الموقع', 'dG,VgBSAcdb8ixNVcbRw7z7WZtZCM5vff5rBIX1g643kyCvn', '127.0.0.1', 'Mozilla/5.0 (Windows NT 10.0; Win64; x64; rv:151.0) Gecko/20100101 Firefox/151.0', 'timesheet', 'timesheet', 'get_event_types', 'get_event_types', NULL, NULL, NULL, NULL, 'http://localhost/ems/Timesheet/timesheet.php?type=2', 'GET', '{\"action\":\"get_event_types\",\"equipment_type\":\"2\"}', 200, '2026-06-09 10:02:11'),
(769, 4, 4, 4, 12, 5, 'مدير الموقع', 'dG,VgBSAcdb8ixNVcbRw7z7WZtZCM5vff5rBIX1g643kyCvn', '127.0.0.1', 'Mozilla/5.0 (Windows NT 10.0; Win64; x64; rv:151.0) Gecko/20100101 Firefox/151.0', 'timesheet', 'timesheet', 'get_event_types', 'get_event_types', NULL, NULL, NULL, NULL, 'http://localhost/ems/Timesheet/timesheet.php?type=2', 'GET', '{\"action\":\"get_event_types\",\"equipment_type\":\"2\"}', 200, '2026-06-09 10:02:11'),
(770, 4, 4, 4, 12, 5, 'مدير الموقع', '2SEiiYueZ-5ofvRwWZaO4GxFY-P06w5XK,ViezTwz7HPPp-e', '192.168.1.21', 'Dart/3.6 (dart:io)', 'timesheets', 'api', 'create', 'create', NULL, NULL, NULL, NULL, 'http://192.168.1.9/ems/api/sync/timesheets', 'POST', NULL, 200, '2026-06-09 11:18:41'),
(771, 4, 4, 4, 11, 6, 'مدير حركة وتشغيل', 'NCuT6U,3nwsW5HDrKnODNkW1oZpTa6rh,I1K-qFRx9ijLxiQ', '192.168.1.21', 'Dart/3.6 (dart:io)', '33', 'api', 'create', 'create', NULL, NULL, NULL, NULL, 'http://192.168.1.9/ems/api/operations/33', 'PUT', NULL, 200, '2026-06-09 11:25:25'),
(772, 4, 4, 4, 11, 6, 'مدير حركة وتشغيل', '6NqyKlR,4TTBCnZenMtJ8,L24LKrMLxUFdVikTdhsghhRvey', '192.168.1.21', 'Dart/3.6 (dart:io)', '31', 'api', 'create', 'create', NULL, NULL, NULL, NULL, 'http://192.168.1.9/ems/api/operations/31', 'PUT', NULL, 200, '2026-06-09 11:27:38'),
(773, 4, 4, 4, 12, 5, 'مدير الموقع', 'mijRQSCF2-,4RivkQ27xa4TRD5uuTMeoU-UH2FSuHhH73jGe', '192.168.1.21', 'Dart/3.6 (dart:io)', 'timesheets', 'api', 'create', 'create', NULL, NULL, NULL, NULL, 'http://192.168.1.9/ems/api/sync/timesheets', 'POST', NULL, 200, '2026-06-09 11:40:20'),
(774, 4, 0, 0, 4, 1, 'ادارة التشغيل', 'RWKAOqsSuAbW-jijRvLPwjXgliq07V9Gec1L,ZCccIXgDejJ', '::1', 'Mozilla/5.0 (Windows NT 10.0; Win64; x64) AppleWebKit/537.36 (KHTML, like Gecko) Chrome/148.0.0.0 Safari/537.36', 'logout', 'auth', 'logout', NULL, NULL, NULL, NULL, NULL, 'http://localhost/ems/logout.php', 'GET', NULL, 200, '2026-06-09 12:47:56'),
(775, 4, 0, 0, 6, 3, 'ادارة الاسطول', 'B9EjGcKxWKwCpJiMk0hreKLmvPPcNYjQ9OapEettpXPsJ0rH', '::1', 'Mozilla/5.0 (Windows NT 10.0; Win64; x64) AppleWebKit/537.36 (KHTML, like Gecko) Chrome/148.0.0.0 Safari/537.36', 'login', 'auth', 'login', NULL, NULL, NULL, NULL, NULL, 'http://localhost/ems/login.php', 'POST', '{\"csrf_token\":\"[REDACTED]\",\"username\":\"يسن\",\"password\":\"[REDACTED]\"}', 200, '2026-06-09 12:48:06'),
(776, 4, 0, 0, 6, 3, 'ادارة الاسطول', 'B9EjGcKxWKwCpJiMk0hreKLmvPPcNYjQ9OapEettpXPsJ0rH', '::1', 'Mozilla/5.0 (Windows NT 10.0; Win64; x64) AppleWebKit/537.36 (KHTML, like Gecko) Chrome/148.0.0.0 Safari/537.36', 'logout', 'auth', 'logout', NULL, NULL, NULL, NULL, NULL, 'http://localhost/ems/logout.php', 'GET', NULL, 200, '2026-06-09 12:48:16'),
(777, 4, 0, 0, 7, 4, 'ادارة الموارد البشرية', 'q0C0He98ku67dXweakyJld7Vf0c760Hit425FR5FSXgV1ODt', '::1', 'Mozilla/5.0 (Windows NT 10.0; Win64; x64) AppleWebKit/537.36 (KHTML, like Gecko) Chrome/148.0.0.0 Safari/537.36', 'login', 'auth', 'login', NULL, NULL, NULL, NULL, NULL, 'http://localhost/ems/login.php', 'POST', '{\"csrf_token\":\"[REDACTED]\",\"username\":\"اروينا\",\"password\":\"[REDACTED]\"}', 200, '2026-06-09 12:48:23'),
(778, 4, 0, 0, 7, 4, 'ادارة الموارد البشرية', 'q0C0He98ku67dXweakyJld7Vf0c760Hit425FR5FSXgV1ODt', '::1', 'Mozilla/5.0 (Windows NT 10.0; Win64; x64) AppleWebKit/537.36 (KHTML, like Gecko) Chrome/148.0.0.0 Safari/537.36', 'drivers', 'drivers', 'update', 'update', NULL, 26, NULL, NULL, 'http://localhost/ems/Drivers/drivers.php', 'POST', '{\"csrf_token\":\"[REDACTED]\",\"id\":\"26\",\"name\":\"محمد أحمد علي\",\"driver_code\":\"DRV-0001\",\"nickname\":\"\",\"identity_number\":\"\",\"identity_expiry_date\":\"\",\"driver_photo\":\"\",\"identity_photo\":\"\",\"license_number\":\"\",\"license_expiry_date\":\"2027-01-01\",\"license_issuer\":\"\",\"years_in_field\":\"\",\"years_on_equipment\":\"\",\"certificates\":\"\",\"owner_supervisor\":\"\",\"supplier_id\":\"\",\"project_id\":\"4\",\"employment_affiliation\":\"\",\"salary_type\":\"\",\"monthly_salary\":\"\",\"email\":\"\",\"phone\":\"249912345678\",\"phone_alternative\":\"\",\"address\":\"\",\"performance_rating\":\"\",\"behavior_record\":\"\",\"accident_record\":\"\",\"health_status\":\"\",\"vaccinations_status\":\"\",\"health_issues\":\"\",\"previous_employer\":\"\",\"employment_duration\":\"\",\"reference_contact\":\"\",\"general_notes\":\"\",\"driver_status\":\"نشط\",\"start_date\":\"\",\"status\":\"1\"}', 302, '2026-06-09 12:48:49'),
(779, 4, 0, 0, 7, 4, 'ادارة الموارد البشرية', 'q0C0He98ku67dXweakyJld7Vf0c760Hit425FR5FSXgV1ODt', '::1', 'Mozilla/5.0 (Windows NT 10.0; Win64; x64) AppleWebKit/537.36 (KHTML, like Gecko) Chrome/148.0.0.0 Safari/537.36', 'drivers', 'drivers', 'update', 'update', NULL, 8, NULL, NULL, 'http://localhost/ems/Drivers/drivers.php?msg=%D8%AA%D9%85+%D8%AA%D8%B9%D8%AF%D9%8A%D9%84+%D8%A7%D9%84%D9%85%D8%B4%D8%BA%D9%84+%D8%A8%D9%86%D8%AC%D8%A7%D8%AD+%E2%9C%85', 'POST', '{\"csrf_token\":\"[REDACTED]\",\"id\":\"\",\"name\":\"Madonna Hewitt\",\"driver_code\":\"Fugit veniam bland\",\"nickname\":\"Stacy Miles\",\"identity_type\":\"بطاقة أخرى\",\"identity_number\":\"723\",\"identity_expiry_date\":\"1987-01-10\",\"driver_photo\":\"\",\"identity_photo\":\"\",\"license_number\":\"591\",\"license_type\":\"فئة ج (شاحنات خفيفة)\",\"license_expiry_date\":\"2016-02-09\",\"license_issuer\":\"Non laborum eiusmod \",\"specialized_equipment\":[\"حفارة (Excavator)\",\"مثقاب/مكنة تخريم (Drill Machine)\",\"شاحنة تناكر/صهريج (Tanker Truck)\"],\"years_in_field\":\"\",\"years_on_equipment\":\"0\",\"skill_level\":\"كفء (3-5 سنوات)\",\"certificates\":\"Obcaecati temporibus\",\"owner_supervisor\":\"Consequatur elit n\",\"supplier_id\":\"8\",\"project_id\":\"4\",\"employment_affiliation\":\"تابع للمورد/الوسيط\",\"salary_type\":\"شهري\",\"monthly_salary\":\"5\",\"email\":\"kyvykyqa@mailinator.com\",\"phone\":\"+1 (706) 711-3047\",\"phone_alternative\":\"+1 (275) 107-3097\",\"address\":\"Ut qui nostrum nostr\",\"performance_rating\":\"ممتاز\",\"behavior_record\":\"جيد (شكاوى نادرة)\",\"accident_record\":\"نظيف (لا توجد حوادث)\",\"health_status\":\"غير محدد\",\"vaccinations_status\":\"قديمة\",\"health_issues\":\"Magnam consequatur \",\"previous_employer\":\"Veniam quidem et no\",\"employment_duration\":\"Pariatur Sed aut do\",\"reference_contact\":\"Quaerat incidunt ip\",\"general_notes\":\"Rerum earum ipsam la\",\"driver_status\":\"مفصول\",\"start_date\":\"1981-12-19\",\"status\":\"0\"}', 302, '2026-06-09 12:51:00'),
(780, 4, 0, 0, 7, 4, 'ادارة الموارد البشرية', 'q0C0He98ku67dXweakyJld7Vf0c760Hit425FR5FSXgV1ODt', '::1', 'Mozilla/5.0 (Windows NT 10.0; Win64; x64) AppleWebKit/537.36 (KHTML, like Gecko) Chrome/148.0.0.0 Safari/537.36', 'logout', 'auth', 'logout', NULL, NULL, NULL, NULL, NULL, 'http://localhost/ems/logout.php', 'GET', NULL, 200, '2026-06-09 12:52:56'),
(781, 4, 4, 4, 11, 6, 'مدير حركة وتشغيل', 'NJ83aIZsj0BwrSvfNVHn2vyV5ciQV3KX9bVELLozPesIOJjH', '::1', 'Mozilla/5.0 (Windows NT 10.0; Win64; x64) AppleWebKit/537.36 (KHTML, like Gecko) Chrome/148.0.0.0 Safari/537.36', 'login', 'auth', 'login', NULL, NULL, NULL, NULL, NULL, 'http://localhost/ems/login.php', 'POST', '{\"csrf_token\":\"[REDACTED]\",\"username\":\"حركة - الروسية\",\"password\":\"[REDACTED]\"}', 200, '2026-06-09 12:53:03'),
(782, 4, 4, 4, 11, 6, 'مدير حركة وتشغيل', 'NJ83aIZsj0BwrSvfNVHn2vyV5ciQV3KX9bVELLozPesIOJjH', '::1', 'Mozilla/5.0 (Windows NT 10.0; Win64; x64) AppleWebKit/537.36 (KHTML, like Gecko) Chrome/148.0.0.0 Safari/537.36', 'logout', 'auth', 'logout', NULL, NULL, NULL, NULL, NULL, 'http://localhost/ems/logout.php', 'GET', NULL, 200, '2026-06-09 12:53:22'),
(783, 4, 0, 0, 7, 4, 'ادارة الموارد البشرية', 'tD3oTQknrJ7Ul4acYCajAqhsyRKrndX5waJzjp0clY7XEk4f', '::1', 'Mozilla/5.0 (Windows NT 10.0; Win64; x64) AppleWebKit/537.36 (KHTML, like Gecko) Chrome/148.0.0.0 Safari/537.36', 'login', 'auth', 'login', NULL, NULL, NULL, NULL, NULL, 'http://localhost/ems/login.php', 'POST', '{\"csrf_token\":\"[REDACTED]\",\"username\":\"اروينا\",\"password\":\"[REDACTED]\"}', 200, '2026-06-09 12:53:29'),
(784, 4, 0, 0, 7, 4, 'ادارة الموارد البشرية', 'tD3oTQknrJ7Ul4acYCajAqhsyRKrndX5waJzjp0clY7XEk4f', '::1', 'Mozilla/5.0 (Windows NT 10.0; Win64; x64) AppleWebKit/537.36 (KHTML, like Gecko) Chrome/148.0.0.0 Safari/537.36', 'drivers', 'drivers', 'update', 'update', NULL, 28, NULL, NULL, 'http://localhost/ems/Drivers/drivers.php', 'POST', '{\"csrf_token\":\"[REDACTED]\",\"id\":\"28\",\"name\":\"Madonna Hewitt\",\"driver_code\":\"Fugit veniam bland\",\"nickname\":\"Stacy Miles\",\"identity_type\":\"بطاقة أخرى\",\"identity_number\":\"723\",\"identity_expiry_date\":\"1987-01-10\",\"driver_photo\":\"\",\"identity_photo\":\"\",\"license_number\":\"591\",\"license_type\":\"فئة ج (شاحنات خفيفة)\",\"license_expiry_date\":\"2016-02-09\",\"license_issuer\":\"Non laborum eiusmod\",\"specialized_equipment\":[\"حفارة (Excavator)\",\"مثقاب/مكنة تخريم (Drill Machine)\",\"شاحنة تناكر/صهريج (Tanker Truck)\"],\"years_in_field\":\"\",\"years_on_equipment\":\"\",\"skill_level\":\"كفء (3-5 سنوات)\",\"certificates\":\"Obcaecati temporibus\",\"owner_supervisor\":\"Consequatur elit n\",\"supplier_id\":\"8\",\"project_id\":\"4\",\"employment_affiliation\":\"تابع للمورد/الوسيط\",\"salary_type\":\"شهري\",\"monthly_salary\":\"5.00\",\"email\":\"kyvykyqa@mailinator.com\",\"phone\":\"+1 (706) 711-3047\",\"phone_alternative\":\"+1 (275) 107-3097\",\"address\":\"Ut qui nostrum nostr\",\"performance_rating\":\"ممتاز\",\"behavior_record\":\"جيد (شكاوى نادرة)\",\"accident_record\":\"نظيف (لا توجد حوادث)\",\"health_status\":\"غير محدد\",\"vaccinations_status\":\"قديمة\",\"health_issues\":\"Magnam consequatur\",\"previous_employer\":\"Veniam quidem et no\",\"employment_duration\":\"Pariatur Sed aut do\",\"reference_contact\":\"Quaerat incidunt ip\",\"general_notes\":\"Rerum earum ipsam la\",\"driver_status\":\"مفصول\",\"start_date\":\"1981-12-19\",\"status\":\"1\"}', 302, '2026-06-09 12:53:55'),
(785, 4, 4, 4, 12, 5, 'مدير الموقع', '-bTLOF2oXhsfWSHIskXg9FXMcu2HfcPwqvq43j,9CSReTfpe', '192.168.1.21', 'Dart/3.6 (dart:io)', 'timesheets', 'api', 'create', 'create', NULL, NULL, NULL, NULL, 'http://192.168.1.9/ems/api/sync/timesheets', 'POST', NULL, 200, '2026-06-09 13:27:08'),
(786, 4, 0, 0, 7, 4, 'ادارة الموارد البشرية', 'tD3oTQknrJ7Ul4acYCajAqhsyRKrndX5waJzjp0clY7XEk4f', '::1', 'Mozilla/5.0 (Windows NT 10.0; Win64; x64) AppleWebKit/537.36 (KHTML, like Gecko) Chrome/148.0.0.0 Safari/537.36', 'logout', 'auth', 'logout', NULL, NULL, NULL, NULL, NULL, 'http://localhost/ems/logout.php', 'GET', NULL, 200, '2026-06-09 17:52:01'),
(787, 4, 0, 0, 4, 1, 'ادارة التشغيل', 'GubzAe-51H7bSvFk3YQjuDifL8EQx7Ib6qC604sT0T8aYgah', '::1', 'Mozilla/5.0 (Windows NT 10.0; Win64; x64) AppleWebKit/537.36 (KHTML, like Gecko) Chrome/148.0.0.0 Safari/537.36', 'login', 'auth', 'login', NULL, NULL, NULL, NULL, NULL, 'http://localhost/ems/login.php', 'POST', '{\"csrf_token\":\"[REDACTED]\",\"username\":\"محمد\",\"password\":\"[REDACTED]\"}', 200, '2026-06-09 17:52:07'),
(788, 4, 0, 0, 4, 1, 'ادارة التشغيل', 'GubzAe-51H7bSvFk3YQjuDifL8EQx7Ib6qC604sT0T8aYgah', '::1', 'Mozilla/5.0 (Windows NT 10.0; Win64; x64) AppleWebKit/537.36 (KHTML, like Gecko) Chrome/148.0.0.0 Safari/537.36', 'logout', 'auth', 'logout', NULL, NULL, NULL, NULL, NULL, 'http://localhost/ems/logout.php', 'GET', NULL, 200, '2026-06-09 18:00:20'),
(789, 4, 4, 4, 11, 6, 'مدير حركة وتشغيل', 'scDnLlOMtcVahZpUGqQrbSAplkAZRAlwWzMYQgbknjtaoFBr', '::1', 'Mozilla/5.0 (Windows NT 10.0; Win64; x64) AppleWebKit/537.36 (KHTML, like Gecko) Chrome/148.0.0.0 Safari/537.36', 'login', 'auth', 'login', NULL, NULL, NULL, NULL, NULL, 'http://localhost/ems/login.php', 'POST', '{\"csrf_token\":\"[REDACTED]\",\"username\":\"حركة - الروسية\",\"password\":\"[REDACTED]\"}', 200, '2026-06-09 18:00:26'),
(790, 4, 4, 4, 11, 6, 'مدير حركة وتشغيل', 'scDnLlOMtcVahZpUGqQrbSAplkAZRAlwWzMYQgbknjtaoFBr', '::1', 'Mozilla/5.0 (Windows NT 10.0; Win64; x64) AppleWebKit/537.36 (KHTML, like Gecko) Chrome/148.0.0.0 Safari/537.36', 'movement_operations', 'movement', 'create', 'add_new_driver', NULL, 28, NULL, NULL, 'http://localhost/ems/movement/movement_operations.php', 'POST', '{\"action\":\"add_new_driver\",\"driver_id\":\"28\",\"equipment_id\":\"16\",\"shift_type\":\"B\",\"start_date\":\"2026-06-09\",\"end_date\":\"\",\"json\":\"1\"}', 200, '2026-06-09 18:00:38'),
(791, 4, 0, 0, 13, 12, 'ادارة المبيعات', 'ciHEKobnSv0zC9SgJKRThdMyD,Wkaoj7zK,PeqZXjB,Et0BD', '::1', 'Mozilla/5.0 (Windows NT 10.0; Win64; x64) AppleWebKit/537.36 (KHTML, like Gecko) Chrome/148.0.0.0 Safari/537.36', 'login', 'auth', 'login', NULL, NULL, NULL, NULL, NULL, 'http://localhost/ems/login.php', 'POST', '{\"csrf_token\":\"[REDACTED]\",\"username\":\"مبيعات\",\"password\":\"[REDACTED]\"}', 200, '2026-06-09 18:52:00'),
(792, 4, 0, 0, 13, 12, 'ادارة المبيعات', 'ciHEKobnSv0zC9SgJKRThdMyD,Wkaoj7zK,PeqZXjB,Et0BD', '::1', 'Mozilla/5.0 (Windows NT 10.0; Win64; x64) AppleWebKit/537.36 (KHTML, like Gecko) Chrome/148.0.0.0 Safari/537.36', 'contracts', 'contracts', 'create', 'create', NULL, NULL, NULL, NULL, 'http://localhost/ems/Contracts/contracts.php', 'POST', '{\"contract_id\":\"5\"}', 200, '2026-06-09 19:23:34'),
(793, 4, 0, 0, 13, 12, 'ادارة المبيعات', 'ciHEKobnSv0zC9SgJKRThdMyD,Wkaoj7zK,PeqZXjB,Et0BD', '::1', 'Mozilla/5.0 (Windows NT 10.0; Win64; x64) AppleWebKit/537.36 (KHTML, like Gecko) Chrome/148.0.0.0 Safari/537.36', 'logout', 'auth', 'logout', NULL, NULL, NULL, NULL, NULL, 'http://localhost/ems/logout.php', 'GET', NULL, 200, '2026-06-09 19:23:50'),
(794, 4, 4, 4, 12, 5, 'مدير الموقع', 'zPk-TiJyH,B98RR5lKO8UG3-S-aweqJAcnKE0VWqwe2mFmY3', '::1', 'Mozilla/5.0 (Windows NT 10.0; Win64; x64) AppleWebKit/537.36 (KHTML, like Gecko) Chrome/148.0.0.0 Safari/537.36', 'login', 'auth', 'login', NULL, NULL, NULL, NULL, NULL, 'http://localhost/ems/login.php', 'POST', '{\"csrf_token\":\"[REDACTED]\",\"username\":\"مدير موقع الروسية\",\"password\":\"[REDACTED]\"}', 200, '2026-06-09 19:24:01'),
(795, 4, 4, 4, 12, 5, 'مدير الموقع', 'zPk-TiJyH,B98RR5lKO8UG3-S-aweqJAcnKE0VWqwe2mFmY3', '::1', 'Mozilla/5.0 (Windows NT 10.0; Win64; x64) AppleWebKit/537.36 (KHTML, like Gecko) Chrome/148.0.0.0 Safari/537.36', 'timesheet', 'timesheet', 'get_event_types', 'get_event_types', NULL, NULL, NULL, NULL, 'http://localhost/ems/Timesheet/timesheet.php?type=1', 'GET', '{\"action\":\"get_event_types\",\"equipment_type\":\"1\"}', 200, '2026-06-09 19:24:07'),
(796, 4, 4, 4, 12, 5, 'مدير الموقع', 'zPk-TiJyH,B98RR5lKO8UG3-S-aweqJAcnKE0VWqwe2mFmY3', '::1', 'Mozilla/5.0 (Windows NT 10.0; Win64; x64) AppleWebKit/537.36 (KHTML, like Gecko) Chrome/148.0.0.0 Safari/537.36', 'timesheet', 'timesheet', 'get_event_types', 'get_event_types', NULL, NULL, NULL, NULL, 'http://localhost/ems/Timesheet/timesheet.php?type=1', 'GET', '{\"action\":\"get_event_types\",\"equipment_type\":\"3\"}', 200, '2026-06-09 19:24:07'),
(797, 4, 4, 4, 12, 5, 'مدير الموقع', 'zPk-TiJyH,B98RR5lKO8UG3-S-aweqJAcnKE0VWqwe2mFmY3', '::1', 'Mozilla/5.0 (Windows NT 10.0; Win64; x64) AppleWebKit/537.36 (KHTML, like Gecko) Chrome/148.0.0.0 Safari/537.36', 'timesheet', 'timesheet', 'get_event_types', 'get_event_types', NULL, NULL, NULL, NULL, 'http://localhost/ems/Timesheet/timesheet.php?type=1', 'GET', '{\"action\":\"get_event_types\",\"equipment_type\":\"1\"}', 200, '2026-06-09 19:24:07'),
(798, 4, 4, 4, 12, 5, 'مدير الموقع', 'ihd45rt0bg6qahv54iegvk8g5c', '::1', 'Mozilla/5.0 (Windows NT 10.0; Win64; x64) AppleWebKit/537.36 (KHTML, like Gecko) Chrome/148.0.0.0 Safari/537.36', 'logout', 'auth', 'logout', NULL, NULL, NULL, NULL, NULL, 'http://localhost/ems/logout.php', 'GET', NULL, 200, '2026-06-10 06:59:57'),
(799, 4, 0, 0, 4, 1, 'ادارة التشغيل', 'jxNOSwh4lopH2V-eyZ1yJu3pJDvIdqaJHLS0HJNWBwAAaVak', '::1', 'Mozilla/5.0 (Windows NT 10.0; Win64; x64) AppleWebKit/537.36 (KHTML, like Gecko) Chrome/148.0.0.0 Safari/537.36', 'login', 'auth', 'login', NULL, NULL, NULL, NULL, NULL, 'http://localhost/ems/login.php', 'POST', '{\"csrf_token\":\"[REDACTED]\",\"username\":\"محمد\",\"password\":\"[REDACTED]\"}', 200, '2026-06-10 07:00:42'),
(800, 4, 0, 0, 4, 1, 'ادارة التشغيل', 'jxNOSwh4lopH2V-eyZ1yJu3pJDvIdqaJHLS0HJNWBwAAaVak', '::1', 'Mozilla/5.0 (Windows NT 10.0; Win64; x64) AppleWebKit/537.36 (KHTML, like Gecko) Chrome/148.0.0.0 Safari/537.36', 'logout', 'auth', 'logout', NULL, NULL, NULL, NULL, NULL, 'http://localhost/ems/logout.php', 'GET', NULL, 200, '2026-06-10 07:24:49'),
(801, 4, 0, 0, 7, 4, 'ادارة الموارد البشرية', 'C1wAQIrjRgaFuwqUDphPx0KOlX,zazK4AK-Q3Iy9jBi7X8r4', '::1', 'Mozilla/5.0 (Windows NT 10.0; Win64; x64) AppleWebKit/537.36 (KHTML, like Gecko) Chrome/148.0.0.0 Safari/537.36', 'login', 'auth', 'login', NULL, NULL, NULL, NULL, NULL, 'http://localhost/ems/login.php', 'POST', '{\"csrf_token\":\"[REDACTED]\",\"username\":\"اروينا\",\"password\":\"[REDACTED]\"}', 200, '2026-06-10 07:25:00'),
(802, 4, 0, 0, 7, 4, 'ادارة الموارد البشرية', 'C1wAQIrjRgaFuwqUDphPx0KOlX,zazK4AK-Q3Iy9jBi7X8r4', '::1', 'Mozilla/5.0 (Windows NT 10.0; Win64; x64) AppleWebKit/537.36 (KHTML, like Gecko) Chrome/148.0.0.0 Safari/537.36', 'drivercontracts', 'drivers', 'create', 'create', NULL, NULL, NULL, NULL, 'http://localhost/ems/Drivers/drivercontracts.php?id=28', 'POST', '{\"project_id\":\"4\"}', 200, '2026-06-10 07:25:22'),
(803, 4, 0, 0, 7, 4, 'ادارة الموارد البشرية', 'C1wAQIrjRgaFuwqUDphPx0KOlX,zazK4AK-Q3Iy9jBi7X8r4', '::1', 'Mozilla/5.0 (Windows NT 10.0; Win64; x64) AppleWebKit/537.36 (KHTML, like Gecko) Chrome/148.0.0.0 Safari/537.36', 'drivercontracts', 'drivers', 'create', 'create', NULL, NULL, NULL, NULL, 'http://localhost/ems/Drivers/drivercontracts.php?id=28', 'POST', '{\"project_contract_id\":\"4\",\"driver_contract_id\":\"0\"}', 200, '2026-06-10 07:25:24'),
(804, 4, 0, 0, 7, 4, 'ادارة الموارد البشرية', 'C1wAQIrjRgaFuwqUDphPx0KOlX,zazK4AK-Q3Iy9jBi7X8r4', '::1', 'Mozilla/5.0 (Windows NT 10.0; Win64; x64) AppleWebKit/537.36 (KHTML, like Gecko) Chrome/148.0.0.0 Safari/537.36', 'logout', 'auth', 'logout', NULL, NULL, NULL, NULL, NULL, 'http://localhost/ems/logout.php', 'GET', NULL, 200, '2026-06-10 08:34:54'),
(805, 4, 0, 0, 4, 1, 'ادارة التشغيل', 'rHkShlik1RVbgpfC7h1GaTqSKJ-56LoUgKkAIwO3zfpsVJyn', '::1', 'Mozilla/5.0 (Windows NT 10.0; Win64; x64) AppleWebKit/537.36 (KHTML, like Gecko) Chrome/148.0.0.0 Safari/537.36', 'login', 'auth', 'login', NULL, NULL, NULL, NULL, NULL, 'http://localhost/ems/login.php', 'POST', '{\"csrf_token\":\"[REDACTED]\",\"username\":\"محمد\",\"password\":\"[REDACTED]\"}', 200, '2026-06-10 08:36:51'),
(806, 4, 0, 0, 4, 1, 'ادارة التشغيل', 'rHkShlik1RVbgpfC7h1GaTqSKJ-56LoUgKkAIwO3zfpsVJyn', '::1', 'Mozilla/5.0 (Windows NT 10.0; Win64; x64) AppleWebKit/537.36 (KHTML, like Gecko) Chrome/148.0.0.0 Safari/537.36', 'logout', 'auth', 'logout', NULL, NULL, NULL, NULL, NULL, 'http://localhost/ems/logout.php', 'GET', NULL, 200, '2026-06-10 08:38:16'),
(807, 4, 0, 0, 4, 1, 'ادارة التشغيل', 'SLSbpyeF4mgNCUQ9hVALxQjn8zMYSgx-UWrlDdlM02fuJwAg', '::1', 'Mozilla/5.0 (Windows NT 10.0; Win64; x64) AppleWebKit/537.36 (KHTML, like Gecko) Chrome/148.0.0.0 Safari/537.36', 'login', 'auth', 'login', NULL, NULL, NULL, NULL, NULL, 'http://localhost/ems/login.php', 'POST', '{\"csrf_token\":\"[REDACTED]\",\"username\":\"محمد\",\"password\":\"[REDACTED]\"}', 200, '2026-06-10 08:38:44'),
(808, 4, 0, 0, 4, 1, 'ادارة التشغيل', 'SLSbpyeF4mgNCUQ9hVALxQjn8zMYSgx-UWrlDdlM02fuJwAg', '::1', 'Mozilla/5.0 (Windows NT 10.0; Win64; x64) AppleWebKit/537.36 (KHTML, like Gecko) Chrome/148.0.0.0 Safari/537.36', 'logout', 'auth', 'logout', NULL, NULL, NULL, NULL, NULL, 'http://localhost/ems/logout.php', 'GET', NULL, 200, '2026-06-10 08:44:26'),
(809, 4, 4, 4, 11, 6, 'مدير حركة وتشغيل', 'nJ,jeq71uv7Y7A1RONSmrXXOmbj65T6insjC-lLd7Wbbbyi9', '::1', 'Mozilla/5.0 (Windows NT 10.0; Win64; x64) AppleWebKit/537.36 (KHTML, like Gecko) Chrome/148.0.0.0 Safari/537.36', 'login', 'auth', 'login', NULL, NULL, NULL, NULL, NULL, 'http://localhost/ems/login.php', 'POST', '{\"csrf_token\":\"[REDACTED]\",\"username\":\"حركة - الروسية\",\"password\":\"[REDACTED]\"}', 200, '2026-06-10 08:44:32'),
(810, 4, 4, 4, 11, 6, 'مدير حركة وتشغيل', 'nJ,jeq71uv7Y7A1RONSmrXXOmbj65T6insjC-lLd7Wbbbyi9', '::1', 'Mozilla/5.0 (Windows NT 10.0; Win64; x64) AppleWebKit/537.36 (KHTML, like Gecko) Chrome/148.0.0.0 Safari/537.36', 'logout', 'auth', 'logout', NULL, NULL, NULL, NULL, NULL, 'http://localhost/ems/logout.php', 'GET', NULL, 200, '2026-06-10 08:47:05'),
(811, 4, 0, 0, 6, 3, 'ادارة الاسطول', 'ul6q4OxSMWUBPxhd3mCKvm0K9shWIQPRcA05U6rALK7vbwL8', '::1', 'Mozilla/5.0 (Windows NT 10.0; Win64; x64) AppleWebKit/537.36 (KHTML, like Gecko) Chrome/148.0.0.0 Safari/537.36', 'login', 'auth', 'login', NULL, NULL, NULL, NULL, NULL, 'http://localhost/ems/login.php', 'POST', '{\"csrf_token\":\"[REDACTED]\",\"username\":\"يسن\",\"password\":\"[REDACTED]\"}', 200, '2026-06-10 08:47:15'),
(812, 4, 0, 0, 6, 3, 'ادارة الاسطول', 'ul6q4OxSMWUBPxhd3mCKvm0K9shWIQPRcA05U6rALK7vbwL8', '::1', 'Mozilla/5.0 (Windows NT 10.0; Win64; x64) AppleWebKit/537.36 (KHTML, like Gecko) Chrome/148.0.0.0 Safari/537.36', 'logout', 'auth', 'logout', NULL, NULL, NULL, NULL, NULL, 'http://localhost/ems/logout.php', 'GET', NULL, 200, '2026-06-10 08:49:10'),
(813, 4, 0, 0, 13, 12, 'ادارة المبيعات', 'L92,BOZMHqq9ufM8u-O-zpLKB4a8DeMLHpDRyUL0CKzpwF8a', '::1', 'Mozilla/5.0 (Windows NT 10.0; Win64; x64) AppleWebKit/537.36 (KHTML, like Gecko) Chrome/148.0.0.0 Safari/537.36', 'login', 'auth', 'login', NULL, NULL, NULL, NULL, NULL, 'http://localhost/ems/login.php', 'POST', '{\"csrf_token\":\"[REDACTED]\",\"username\":\"مبيعات\",\"password\":\"[REDACTED]\"}', 200, '2026-06-10 08:49:16'),
(814, 4, 4, 4, 11, 6, 'مدير حركة وتشغيل', 'PG6riY53UeArOB9GmHgkTmPRpozfF,u4kSWvHswkkaK1I1-X', '192.168.1.21', 'Dart/3.6 (dart:io)', '18', 'api', 'create', 'create', NULL, NULL, NULL, NULL, 'http://192.168.1.9/ems/api/equipment-drivers/18', 'PUT', NULL, 200, '2026-06-10 08:52:11'),
(815, 4, 4, 4, 11, 6, 'مدير حركة وتشغيل', 'oPHykobHnwBbwhodVU-dbiUk27qa3vOqh2EkR9daZLd9xd9a', '192.168.1.21', 'Dart/3.6 (dart:io)', '32', 'api', 'create', 'create', NULL, NULL, NULL, NULL, 'http://192.168.1.9/ems/api/operations/32', 'PUT', NULL, 200, '2026-06-10 08:52:53'),
(816, 4, 4, 4, 11, 6, 'مدير حركة وتشغيل', 'nYmdgKLO0nV0JRU4jotN6JfNiWfzGLMmzJN0H,Z,RPNHmHxG', '192.168.1.21', 'Dart/3.6 (dart:io)', 'equipment-drivers', 'api', 'create', 'create', NULL, NULL, NULL, NULL, 'http://192.168.1.9/ems/api/equipment-drivers', 'POST', NULL, 201, '2026-06-10 08:54:03'),
(817, 4, 4, 4, 11, 6, 'مدير حركة وتشغيل', 'XlHuJmzQNv2vHuB4K2Iyfhc3jt2fDKQSoS8XlFZx5Nc5rq0P', '192.168.1.21', 'Dart/3.6 (dart:io)', '41', 'api', 'create', 'create', NULL, NULL, NULL, NULL, 'http://192.168.1.9/ems/api/equipment-drivers/41', 'PUT', NULL, 200, '2026-06-10 08:54:21'),
(818, 4, 4, 4, 11, 6, 'مدير حركة وتشغيل', 'InJc6MEbynf8zl1WNXFvLsASNoFMhD1hFVmtUX2TBUXnv3Cd', '192.168.1.21', 'Dart/3.6 (dart:io)', '37', 'api', 'create', 'create', NULL, NULL, NULL, NULL, 'http://192.168.1.9/ems/api/equipment-drivers/37', 'PUT', NULL, 200, '2026-06-10 08:54:29'),
(819, 4, 4, 4, 12, 5, 'مدير الموقع', 'x-yAXGxrdFCJZfZGna9kgdORMxYd2zmRxHS2uxhsDtumJRPL', '192.168.1.21', 'Dart/3.6 (dart:io)', 'timesheets', 'api', 'create', 'create', NULL, NULL, NULL, NULL, 'http://192.168.1.9/ems/api/sync/timesheets', 'POST', NULL, 200, '2026-06-10 08:57:18'),
(820, 4, 4, 4, 12, 5, 'مدير الموقع', 'dG,VgBSAcdb8ixNVcbRw7z7WZtZCM5vff5rBIX1g643kyCvn', '127.0.0.1', 'Mozilla/5.0 (Windows NT 10.0; Win64; x64; rv:151.0) Gecko/20100101 Firefox/151.0', 'timesheet', 'timesheet', 'get_event_types', 'get_event_types', NULL, NULL, NULL, NULL, 'http://localhost/ems/Timesheet/timesheet.php?type=2', 'GET', '{\"action\":\"get_event_types\",\"equipment_type\":\"2\"}', 200, '2026-06-10 15:22:23'),
(821, 4, 4, 4, 12, 5, 'مدير الموقع', 'dG,VgBSAcdb8ixNVcbRw7z7WZtZCM5vff5rBIX1g643kyCvn', '127.0.0.1', 'Mozilla/5.0 (Windows NT 10.0; Win64; x64; rv:151.0) Gecko/20100101 Firefox/151.0', 'timesheet', 'timesheet', 'get_event_types', 'get_event_types', NULL, NULL, NULL, NULL, 'http://localhost/ems/Timesheet/timesheet.php?type=2', 'GET', '{\"action\":\"get_event_types\",\"equipment_type\":\"3\"}', 200, '2026-06-10 15:22:23'),
(822, 4, 4, 4, 12, 5, 'مدير الموقع', 'dG,VgBSAcdb8ixNVcbRw7z7WZtZCM5vff5rBIX1g643kyCvn', '127.0.0.1', 'Mozilla/5.0 (Windows NT 10.0; Win64; x64; rv:151.0) Gecko/20100101 Firefox/151.0', 'timesheet', 'timesheet', 'get_event_types', 'get_event_types', NULL, NULL, NULL, NULL, 'http://localhost/ems/Timesheet/timesheet.php?type=2', 'GET', '{\"action\":\"get_event_types\",\"equipment_type\":\"2\"}', 200, '2026-06-10 15:22:23'),
(823, 4, 4, 4, 12, 5, 'مدير الموقع', 'dG,VgBSAcdb8ixNVcbRw7z7WZtZCM5vff5rBIX1g643kyCvn', '127.0.0.1', 'Mozilla/5.0 (Windows NT 10.0; Win64; x64; rv:151.0) Gecko/20100101 Firefox/151.0', 'timesheet', 'timesheet', 'get_event_types', 'get_event_types', NULL, NULL, NULL, NULL, 'http://localhost/ems/Timesheet/timesheet.php?type=2', 'GET', '{\"action\":\"get_event_types\",\"equipment_type\":\"2\"}', 200, '2026-06-10 15:22:30'),
(824, 4, 4, 4, 12, 5, 'مدير الموقع', 'dG,VgBSAcdb8ixNVcbRw7z7WZtZCM5vff5rBIX1g643kyCvn', '127.0.0.1', 'Mozilla/5.0 (Windows NT 10.0; Win64; x64; rv:151.0) Gecko/20100101 Firefox/151.0', 'timesheet', 'timesheet', 'get_event_types', 'get_event_types', NULL, NULL, NULL, NULL, 'http://localhost/ems/Timesheet/timesheet.php?type=2', 'GET', '{\"action\":\"get_event_types\",\"equipment_type\":\"3\"}', 200, '2026-06-10 15:22:30'),
(825, 4, 4, 4, 12, 5, 'مدير الموقع', 'dG,VgBSAcdb8ixNVcbRw7z7WZtZCM5vff5rBIX1g643kyCvn', '127.0.0.1', 'Mozilla/5.0 (Windows NT 10.0; Win64; x64; rv:151.0) Gecko/20100101 Firefox/151.0', 'timesheet', 'timesheet', 'get_event_types', 'get_event_types', NULL, NULL, NULL, NULL, 'http://localhost/ems/Timesheet/timesheet.php?type=2', 'GET', '{\"action\":\"get_event_types\",\"equipment_type\":\"2\"}', 200, '2026-06-10 15:22:30'),
(826, 4, 0, 0, 13, 12, 'ادارة المبيعات', 'L92,BOZMHqq9ufM8u-O-zpLKB4a8DeMLHpDRyUL0CKzpwF8a', '::1', 'Mozilla/5.0 (Windows NT 10.0; Win64; x64) AppleWebKit/537.36 (KHTML, like Gecko) Chrome/148.0.0.0 Safari/537.36', 'logout', 'auth', 'logout', NULL, NULL, NULL, NULL, NULL, 'http://localhost/ems/logout.php', 'GET', NULL, 200, '2026-06-10 15:30:42'),
(827, 4, 4, 4, 11, 6, 'مدير حركة وتشغيل', 'obz6ERKgtIZxG5bs4GaotQ5MeD013Rm6vWcBujrFVVTFiR9A', '::1', 'Mozilla/5.0 (Windows NT 10.0; Win64; x64) AppleWebKit/537.36 (KHTML, like Gecko) Chrome/148.0.0.0 Safari/537.36', 'login', 'auth', 'login', NULL, NULL, NULL, NULL, NULL, 'http://localhost/ems/login.php?timeout=1', 'POST', '{\"csrf_token\":\"[REDACTED]\",\"username\":\"حركة - الروسية\",\"password\":\"[REDACTED]\"}', 200, '2026-06-11 03:42:37'),
(828, 4, 4, 4, 11, 6, 'مدير حركة وتشغيل', 'obz6ERKgtIZxG5bs4GaotQ5MeD013Rm6vWcBujrFVVTFiR9A', '::1', 'Mozilla/5.0 (Windows NT 10.0; Win64; x64) AppleWebKit/537.36 (KHTML, like Gecko) Chrome/148.0.0.0 Safari/537.36', 'logout', 'auth', 'logout', NULL, NULL, NULL, NULL, NULL, 'http://localhost/ems/logout.php', 'GET', NULL, 200, '2026-06-11 03:52:31'),
(829, 4, 0, 0, 4, 1, 'ادارة التشغيل', 'MP9yOS2YQOaNpaYvEaNok62J4MDAPhb-crLOGfB-9JlHfmGB', '::1', 'Mozilla/5.0 (Windows NT 10.0; Win64; x64) AppleWebKit/537.36 (KHTML, like Gecko) Chrome/148.0.0.0 Safari/537.36', 'login', 'auth', 'login', NULL, NULL, NULL, NULL, NULL, 'http://localhost/ems/login.php', 'POST', '{\"csrf_token\":\"[REDACTED]\",\"username\":\"محمد\",\"password\":\"[REDACTED]\"}', 200, '2026-06-11 03:52:38'),
(830, 4, 0, 0, 4, 1, 'ادارة التشغيل', 'MP9yOS2YQOaNpaYvEaNok62J4MDAPhb-crLOGfB-9JlHfmGB', '::1', 'Mozilla/5.0 (Windows NT 10.0; Win64; x64) AppleWebKit/537.36 (KHTML, like Gecko) Chrome/148.0.0.0 Safari/537.36', 'logout', 'auth', 'logout', NULL, NULL, NULL, NULL, NULL, 'http://localhost/ems/logout.php', 'GET', NULL, 200, '2026-06-11 08:25:05'),
(831, 4, 0, 0, 13, 12, 'ادارة المبيعات', '4Zn,YD6UPfhVg2FP-PgFuB8d4u9G4ja,U4,hkNWXB3SJ6o9M', '::1', 'Mozilla/5.0 (Windows NT 10.0; Win64; x64) AppleWebKit/537.36 (KHTML, like Gecko) Chrome/148.0.0.0 Safari/537.36', 'login', 'auth', 'login', NULL, NULL, NULL, NULL, NULL, 'http://localhost/ems/login.php?timeout=1', 'POST', '{\"csrf_token\":\"[REDACTED]\",\"username\":\"مبيعات\",\"password\":\"[REDACTED]\"}', 200, '2026-06-11 11:56:59'),
(832, 4, 0, 0, 13, 12, 'ادارة المبيعات', 'ahOxdnakV-U1ySB8dl72p2VyoRbkLwYdspiZVI-1nfEF3m9v', '127.0.0.1', 'Mozilla/5.0 (Windows NT 10.0; Win64; x64; rv:151.0) Gecko/20100101 Firefox/151.0', 'login', 'auth', 'login', NULL, NULL, NULL, NULL, NULL, 'http://localhost/ems/login.php?timeout=1', 'POST', '{\"csrf_token\":\"[REDACTED]\",\"username\":\"مبيعات\",\"password\":\"[REDACTED]\"}', 200, '2026-06-13 18:24:10'),
(833, 4, 0, 0, 13, 12, 'ادارة المبيعات', 'ahOxdnakV-U1ySB8dl72p2VyoRbkLwYdspiZVI-1nfEF3m9v', '127.0.0.1', 'Mozilla/5.0 (Windows NT 10.0; Win64; x64; rv:151.0) Gecko/20100101 Firefox/151.0', 'logout', 'auth', 'logout', NULL, NULL, NULL, NULL, NULL, 'http://localhost/ems/logout.php', 'GET', NULL, 200, '2026-06-13 18:25:47'),
(834, 4, 0, 0, 7, 4, 'ادارة الموارد البشرية', 'vLDOJ0S-7fKalFkU2A1gcPwlQXGioS8DSPL8bdSPPHj-hbKf', '127.0.0.1', 'Mozilla/5.0 (Windows NT 10.0; Win64; x64; rv:151.0) Gecko/20100101 Firefox/151.0', 'login', 'auth', 'login', NULL, NULL, NULL, NULL, NULL, 'http://localhost/ems/login.php', 'POST', '{\"csrf_token\":\"[REDACTED]\",\"username\":\"اروينا\",\"password\":\"[REDACTED]\"}', 200, '2026-06-13 18:25:54'),
(835, 4, 0, 0, 7, 4, 'ادارة الموارد البشرية', 'vLDOJ0S-7fKalFkU2A1gcPwlQXGioS8DSPL8bdSPPHj-hbKf', '127.0.0.1', 'Mozilla/5.0 (Windows NT 10.0; Win64; x64; rv:151.0) Gecko/20100101 Firefox/151.0', 'logout', 'auth', 'logout', NULL, NULL, NULL, NULL, NULL, 'http://localhost/ems/logout.php', 'GET', NULL, 200, '2026-06-13 18:26:27'),
(836, 4, 4, 4, 12, 5, 'مدير الموقع', 'xP3uadS-6WNaIpzxR8bE8qUGrNATv8Fb5Ie6jasxtU0SW13,', '127.0.0.1', 'Mozilla/5.0 (Windows NT 10.0; Win64; x64; rv:151.0) Gecko/20100101 Firefox/151.0', 'login', 'auth', 'login', NULL, NULL, NULL, NULL, NULL, 'http://localhost/ems/login.php', 'POST', '{\"csrf_token\":\"[REDACTED]\",\"username\":\"مدير موقع الروسية\",\"password\":\"[REDACTED]\"}', 200, '2026-06-13 18:26:39'),
(837, 4, 4, 4, 12, 5, 'مدير الموقع', 'xP3uadS-6WNaIpzxR8bE8qUGrNATv8Fb5Ie6jasxtU0SW13,', '127.0.0.1', 'Mozilla/5.0 (Windows NT 10.0; Win64; x64; rv:151.0) Gecko/20100101 Firefox/151.0', 'timesheet', 'timesheet', 'get_event_types', 'get_event_types', NULL, NULL, NULL, NULL, 'http://localhost/ems/Timesheet/timesheet.php?type=1', 'GET', '{\"action\":\"get_event_types\",\"equipment_type\":\"1\"}', 200, '2026-06-13 18:26:43'),
(838, 4, 4, 4, 12, 5, 'مدير الموقع', 'xP3uadS-6WNaIpzxR8bE8qUGrNATv8Fb5Ie6jasxtU0SW13,', '127.0.0.1', 'Mozilla/5.0 (Windows NT 10.0; Win64; x64; rv:151.0) Gecko/20100101 Firefox/151.0', 'timesheet', 'timesheet', 'get_event_types', 'get_event_types', NULL, NULL, NULL, NULL, 'http://localhost/ems/Timesheet/timesheet.php?type=1', 'GET', '{\"action\":\"get_event_types\",\"equipment_type\":\"1\"}', 200, '2026-06-13 18:26:43'),
(839, 4, 4, 4, 12, 5, 'مدير الموقع', 'xP3uadS-6WNaIpzxR8bE8qUGrNATv8Fb5Ie6jasxtU0SW13,', '127.0.0.1', 'Mozilla/5.0 (Windows NT 10.0; Win64; x64; rv:151.0) Gecko/20100101 Firefox/151.0', 'timesheet', 'timesheet', 'get_event_types', 'get_event_types', NULL, NULL, NULL, NULL, 'http://localhost/ems/Timesheet/timesheet.php?type=1', 'GET', '{\"action\":\"get_event_types\",\"equipment_type\":\"3\"}', 200, '2026-06-13 18:26:43'),
(840, 4, 4, 4, 12, 5, 'مدير الموقع', 'xP3uadS-6WNaIpzxR8bE8qUGrNATv8Fb5Ie6jasxtU0SW13,', '127.0.0.1', 'Mozilla/5.0 (Windows NT 10.0; Win64; x64; rv:151.0) Gecko/20100101 Firefox/151.0', 'timesheet', 'timesheet', 'get_main_cats', 'get_main_cats', NULL, NULL, NULL, NULL, 'http://localhost/ems/Timesheet/timesheet.php?type=1', 'GET', '{\"action\":\"get_main_cats\",\"equipment_type\":\"1\",\"event_type_code\":\"OPR\"}', 200, '2026-06-13 18:26:57'),
(841, 4, 4, 4, 12, 5, 'مدير الموقع', 'xP3uadS-6WNaIpzxR8bE8qUGrNATv8Fb5Ie6jasxtU0SW13,', '127.0.0.1', 'Mozilla/5.0 (Windows NT 10.0; Win64; x64; rv:151.0) Gecko/20100101 Firefox/151.0', 'timesheet', 'timesheet', 'get_sub_cats', 'get_sub_cats', NULL, NULL, NULL, NULL, 'http://localhost/ems/Timesheet/timesheet.php?type=1', 'GET', '{\"action\":\"get_sub_cats\",\"equipment_type\":\"1\",\"event_type_code\":\"OPR\",\"main_cat_code\":\"OPP\"}', 200, '2026-06-13 18:26:59'),
(842, 4, 4, 4, 12, 5, 'مدير الموقع', 'xP3uadS-6WNaIpzxR8bE8qUGrNATv8Fb5Ie6jasxtU0SW13,', '127.0.0.1', 'Mozilla/5.0 (Windows NT 10.0; Win64; x64; rv:151.0) Gecko/20100101 Firefox/151.0', 'send_message', 'chats', 'send', 'إرسال', NULL, 44, NULL, '{\"receiver_id\":5,\"message_id\":44}', 'http://localhost/ems/chats/send_message.php', 'POST', '{\"receiver_id\":\"5\",\"message\":\"re\"}', 200, '2026-06-13 18:27:40'),
(843, 4, 4, 4, 12, 5, 'مدير الموقع', 'xP3uadS-6WNaIpzxR8bE8qUGrNATv8Fb5Ie6jasxtU0SW13,', '127.0.0.1', 'Mozilla/5.0 (Windows NT 10.0; Win64; x64; rv:151.0) Gecko/20100101 Firefox/151.0', 'logout', 'auth', 'logout', NULL, NULL, NULL, NULL, NULL, 'http://localhost/ems/logout.php', 'GET', NULL, 200, '2026-06-13 18:27:54'),
(844, 4, 0, 0, 6, 3, 'ادارة الاسطول', 'k5Wh3TSnlKOn4cy4oYvvss1JTYmnQu8VrFqq5dQwmCRxHHaU', '127.0.0.1', 'Mozilla/5.0 (Windows NT 10.0; Win64; x64; rv:151.0) Gecko/20100101 Firefox/151.0', 'login', 'auth', 'login', NULL, NULL, NULL, NULL, NULL, 'http://localhost/ems/login.php', 'POST', '{\"csrf_token\":\"[REDACTED]\",\"username\":\"يسن\",\"password\":\"[REDACTED]\"}', 200, '2026-06-13 18:28:02'),
(845, 4, 0, 0, 13, 12, 'ادارة المبيعات', 'e30K44CS,tTacWaoTVHMin-WGRsmMzHIuyjaUl2PXRCjyvAM', '127.0.0.1', 'Mozilla/5.0 (Windows NT 10.0; Win64; x64; rv:151.0) Gecko/20100101 Firefox/151.0', 'login', 'auth', 'login', NULL, NULL, NULL, NULL, NULL, 'http://localhost/ems/login.php', 'POST', '{\"csrf_token\":\"[REDACTED]\",\"username\":\"مبيعات\",\"password\":\"[REDACTED]\"}', 200, '2026-06-15 09:54:35'),
(846, 4, 0, 0, 13, 12, 'ادارة المبيعات', 'e30K44CS,tTacWaoTVHMin-WGRsmMzHIuyjaUl2PXRCjyvAM', '127.0.0.1', 'Mozilla/5.0 (Windows NT 10.0; Win64; x64; rv:151.0) Gecko/20100101 Firefox/151.0', 'logout', 'auth', 'logout', NULL, NULL, NULL, NULL, NULL, 'http://localhost/ems/logout.php', 'GET', NULL, 200, '2026-06-15 09:56:05'),
(847, 4, 0, 0, 6, 3, 'ادارة الاسطول', '3Oa,Jc-m,F7YLnJEFOz73E7VnPaNT95Lzy9wwa-uJNdg1JKS', '127.0.0.1', 'Mozilla/5.0 (Windows NT 10.0; Win64; x64; rv:151.0) Gecko/20100101 Firefox/151.0', 'login', 'auth', 'login', NULL, NULL, NULL, NULL, NULL, 'http://localhost/ems/login.php', 'POST', '{\"csrf_token\":\"[REDACTED]\",\"username\":\"يسن\",\"password\":\"[REDACTED]\"}', 200, '2026-06-15 09:56:14'),
(848, 4, 0, 0, 6, 3, 'ادارة الاسطول', '3Oa,Jc-m,F7YLnJEFOz73E7VnPaNT95Lzy9wwa-uJNdg1JKS', '127.0.0.1', 'Mozilla/5.0 (Windows NT 10.0; Win64; x64; rv:151.0) Gecko/20100101 Firefox/151.0', 'logout', 'auth', 'logout', NULL, NULL, NULL, NULL, NULL, 'http://localhost/ems/logout.php', 'GET', NULL, 200, '2026-06-15 09:56:43'),
(849, 4, 0, 0, 7, 4, 'ادارة الموارد البشرية', '6aw92OoduWKY0biUhQowJcOefB6mQ09KC,QQTlIX7QeAtm3g', '127.0.0.1', 'Mozilla/5.0 (Windows NT 10.0; Win64; x64; rv:151.0) Gecko/20100101 Firefox/151.0', 'login', 'auth', 'login', NULL, NULL, NULL, NULL, NULL, 'http://localhost/ems/login.php', 'POST', '{\"csrf_token\":\"[REDACTED]\",\"username\":\"اروينا\",\"password\":\"[REDACTED]\"}', 200, '2026-06-15 09:56:50'),
(850, 4, 0, 0, 7, 4, 'ادارة الموارد البشرية', '6aw92OoduWKY0biUhQowJcOefB6mQ09KC,QQTlIX7QeAtm3g', '127.0.0.1', 'Mozilla/5.0 (Windows NT 10.0; Win64; x64; rv:151.0) Gecko/20100101 Firefox/151.0', 'logout', 'auth', 'logout', NULL, NULL, NULL, NULL, NULL, 'http://localhost/ems/logout.php', 'GET', NULL, 200, '2026-06-15 09:57:28'),
(851, 4, 4, 4, 12, 5, 'مدير الموقع', 'QhHgvxXN1I2XQxrSvcb6WuMscO38tileoRfMZYHqyaHG9QPc', '127.0.0.1', 'Mozilla/5.0 (Windows NT 10.0; Win64; x64; rv:151.0) Gecko/20100101 Firefox/151.0', 'login', 'auth', 'login', NULL, NULL, NULL, NULL, NULL, 'http://localhost/ems/login.php', 'POST', '{\"csrf_token\":\"[REDACTED]\",\"username\":\"مدير موقع الروسية\",\"password\":\"[REDACTED]\"}', 200, '2026-06-15 09:57:41'),
(852, 4, 4, 4, 12, 5, 'مدير الموقع', 'QhHgvxXN1I2XQxrSvcb6WuMscO38tileoRfMZYHqyaHG9QPc', '127.0.0.1', 'Mozilla/5.0 (Windows NT 10.0; Win64; x64; rv:151.0) Gecko/20100101 Firefox/151.0', 'timesheet', 'timesheet', 'get_event_types', 'get_event_types', NULL, NULL, NULL, NULL, 'http://localhost/ems/Timesheet/timesheet.php?type=1', 'GET', '{\"action\":\"get_event_types\",\"equipment_type\":\"1\"}', 200, '2026-06-15 09:57:44'),
(853, 4, 4, 4, 12, 5, 'مدير الموقع', 'QhHgvxXN1I2XQxrSvcb6WuMscO38tileoRfMZYHqyaHG9QPc', '127.0.0.1', 'Mozilla/5.0 (Windows NT 10.0; Win64; x64; rv:151.0) Gecko/20100101 Firefox/151.0', 'timesheet', 'timesheet', 'get_event_types', 'get_event_types', NULL, NULL, NULL, NULL, 'http://localhost/ems/Timesheet/timesheet.php?type=1', 'GET', '{\"action\":\"get_event_types\",\"equipment_type\":\"3\"}', 200, '2026-06-15 09:57:44'),
(854, 4, 4, 4, 12, 5, 'مدير الموقع', 'QhHgvxXN1I2XQxrSvcb6WuMscO38tileoRfMZYHqyaHG9QPc', '127.0.0.1', 'Mozilla/5.0 (Windows NT 10.0; Win64; x64; rv:151.0) Gecko/20100101 Firefox/151.0', 'timesheet', 'timesheet', 'get_event_types', 'get_event_types', NULL, NULL, NULL, NULL, 'http://localhost/ems/Timesheet/timesheet.php?type=1', 'GET', '{\"action\":\"get_event_types\",\"equipment_type\":\"1\"}', 200, '2026-06-15 09:57:44'),
(855, 4, 4, 4, 12, 5, 'مدير الموقع', 'QhHgvxXN1I2XQxrSvcb6WuMscO38tileoRfMZYHqyaHG9QPc', '127.0.0.1', 'Mozilla/5.0 (Windows NT 10.0; Win64; x64; rv:151.0) Gecko/20100101 Firefox/151.0', 'timesheet', 'timesheet', 'get_event_types', 'get_event_types', NULL, NULL, NULL, NULL, 'http://localhost/ems/Timesheet/timesheet.php?type=1', 'GET', '{\"action\":\"get_event_types\",\"equipment_type\":\"1\"}', 200, '2026-06-15 09:58:17'),
(856, 4, 4, 4, 12, 5, 'مدير الموقع', 'QhHgvxXN1I2XQxrSvcb6WuMscO38tileoRfMZYHqyaHG9QPc', '127.0.0.1', 'Mozilla/5.0 (Windows NT 10.0; Win64; x64; rv:151.0) Gecko/20100101 Firefox/151.0', 'timesheet', 'timesheet', 'get_event_types', 'get_event_types', NULL, NULL, NULL, NULL, 'http://localhost/ems/Timesheet/timesheet.php?type=1', 'GET', '{\"action\":\"get_event_types\",\"equipment_type\":\"3\"}', 200, '2026-06-15 09:58:18'),
(857, 4, 4, 4, 12, 5, 'مدير الموقع', 'QhHgvxXN1I2XQxrSvcb6WuMscO38tileoRfMZYHqyaHG9QPc', '127.0.0.1', 'Mozilla/5.0 (Windows NT 10.0; Win64; x64; rv:151.0) Gecko/20100101 Firefox/151.0', 'timesheet', 'timesheet', 'get_event_types', 'get_event_types', NULL, NULL, NULL, NULL, 'http://localhost/ems/Timesheet/timesheet.php?type=1', 'GET', '{\"action\":\"get_event_types\",\"equipment_type\":\"1\"}', 200, '2026-06-15 09:58:18'),
(858, 4, 4, 4, 12, 5, 'مدير الموقع', 'QhHgvxXN1I2XQxrSvcb6WuMscO38tileoRfMZYHqyaHG9QPc', '127.0.0.1', 'Mozilla/5.0 (Windows NT 10.0; Win64; x64; rv:151.0) Gecko/20100101 Firefox/151.0', 'logout', 'auth', 'logout', NULL, NULL, NULL, NULL, NULL, 'http://localhost/ems/logout.php', 'GET', NULL, 200, '2026-06-15 11:34:08'),
(859, 4, 0, 0, 6, 3, 'ادارة الاسطول', 'xEbqf9F5,N6sXa,jo5gf6UuyNGesER4dxhTqUf3fiKgbZjmQ', '127.0.0.1', 'Mozilla/5.0 (Windows NT 10.0; Win64; x64; rv:151.0) Gecko/20100101 Firefox/151.0', 'login', 'auth', 'login', NULL, NULL, NULL, NULL, NULL, 'http://localhost/ems/login.php', 'POST', '{\"csrf_token\":\"[REDACTED]\",\"username\":\"يسن\",\"password\":\"[REDACTED]\"}', 200, '2026-06-15 11:34:14'),
(860, 4, 0, 0, 6, 3, 'ادارة الاسطول', 'xEbqf9F5,N6sXa,jo5gf6UuyNGesER4dxhTqUf3fiKgbZjmQ', '127.0.0.1', 'Mozilla/5.0 (Windows NT 10.0; Win64; x64; rv:151.0) Gecko/20100101 Firefox/151.0', 'logout', 'auth', 'logout', NULL, NULL, NULL, NULL, NULL, 'http://localhost/ems/logout.php', 'GET', NULL, 200, '2026-06-16 15:51:49'),
(861, 4, 0, 0, 4, 1, 'ادارة التشغيل', 'jiTV42kDSvTe,6TiMXgc998tjbLebcaOX9YBoSDk8X4s1C6G', '127.0.0.1', 'Mozilla/5.0 (Windows NT 10.0; Win64; x64; rv:151.0) Gecko/20100101 Firefox/151.0', 'login', 'auth', 'login', NULL, NULL, NULL, NULL, NULL, 'http://localhost/ems/login.php', 'POST', '{\"csrf_token\":\"[REDACTED]\",\"username\":\"محمد\",\"password\":\"[REDACTED]\"}', 200, '2026-06-16 15:51:56'),
(862, 4, 0, 0, 4, 1, 'ادارة التشغيل', 'jiTV42kDSvTe,6TiMXgc998tjbLebcaOX9YBoSDk8X4s1C6G', '127.0.0.1', 'Mozilla/5.0 (Windows NT 10.0; Win64; x64; rv:151.0) Gecko/20100101 Firefox/151.0', 'logout', 'auth', 'logout', NULL, NULL, NULL, NULL, NULL, 'http://localhost/ems/logout.php', 'GET', NULL, 200, '2026-06-16 15:52:30'),
(863, 4, 4, 4, 12, 5, 'مدير الموقع', '47mEOPB-FICS0zg8wK1tpm7rkDxwLOi2SCFD1jJlAXjUv4Xf', '127.0.0.1', 'Mozilla/5.0 (Windows NT 10.0; Win64; x64; rv:151.0) Gecko/20100101 Firefox/151.0', 'login', 'auth', 'login', NULL, NULL, NULL, NULL, NULL, 'http://localhost/ems/login.php', 'POST', '{\"csrf_token\":\"[REDACTED]\",\"username\":\"مدير موقع الروسية\",\"password\":\"[REDACTED]\"}', 200, '2026-06-16 15:52:36'),
(864, 4, 4, 4, 12, 5, 'مدير الموقع', '47mEOPB-FICS0zg8wK1tpm7rkDxwLOi2SCFD1jJlAXjUv4Xf', '127.0.0.1', 'Mozilla/5.0 (Windows NT 10.0; Win64; x64; rv:151.0) Gecko/20100101 Firefox/151.0', 'timesheet', 'timesheet', 'get_event_types', 'get_event_types', NULL, NULL, NULL, NULL, 'http://localhost/ems/Timesheet/timesheet.php?type=1', 'GET', '{\"action\":\"get_event_types\",\"equipment_type\":\"1\"}', 200, '2026-06-16 15:52:39'),
(865, 4, 4, 4, 12, 5, 'مدير الموقع', '47mEOPB-FICS0zg8wK1tpm7rkDxwLOi2SCFD1jJlAXjUv4Xf', '127.0.0.1', 'Mozilla/5.0 (Windows NT 10.0; Win64; x64; rv:151.0) Gecko/20100101 Firefox/151.0', 'timesheet', 'timesheet', 'get_event_types', 'get_event_types', NULL, NULL, NULL, NULL, 'http://localhost/ems/Timesheet/timesheet.php?type=1', 'GET', '{\"action\":\"get_event_types\",\"equipment_type\":\"3\"}', 200, '2026-06-16 15:52:39'),
(866, 4, 4, 4, 12, 5, 'مدير الموقع', '47mEOPB-FICS0zg8wK1tpm7rkDxwLOi2SCFD1jJlAXjUv4Xf', '127.0.0.1', 'Mozilla/5.0 (Windows NT 10.0; Win64; x64; rv:151.0) Gecko/20100101 Firefox/151.0', 'timesheet', 'timesheet', 'get_event_types', 'get_event_types', NULL, NULL, NULL, NULL, 'http://localhost/ems/Timesheet/timesheet.php?type=1', 'GET', '{\"action\":\"get_event_types\",\"equipment_type\":\"1\"}', 200, '2026-06-16 15:52:39'),
(867, 4, 4, 4, 12, 5, 'مدير الموقع', '47mEOPB-FICS0zg8wK1tpm7rkDxwLOi2SCFD1jJlAXjUv4Xf', '127.0.0.1', 'Mozilla/5.0 (Windows NT 10.0; Win64; x64; rv:151.0) Gecko/20100101 Firefox/151.0', 'logout', 'auth', 'logout', NULL, NULL, NULL, NULL, NULL, 'http://localhost/ems/logout.php', 'GET', NULL, 200, '2026-06-16 15:53:39'),
(868, 4, 0, 0, 4, 1, 'ادارة التشغيل', '78utUkUeyHk,Ofk3CfOHL8Rc,F,NJeUQdD-UZlRUknQOVVPF', '127.0.0.1', 'Mozilla/5.0 (Windows NT 10.0; Win64; x64; rv:151.0) Gecko/20100101 Firefox/151.0', 'login', 'auth', 'login', NULL, NULL, NULL, NULL, NULL, 'http://localhost/ems/login.php', 'POST', '{\"csrf_token\":\"[REDACTED]\",\"username\":\"محمد\",\"password\":\"[REDACTED]\"}', 200, '2026-06-16 15:53:50'),
(869, 4, 0, 0, 4, 1, 'ادارة التشغيل', '78utUkUeyHk,Ofk3CfOHL8Rc,F,NJeUQdD-UZlRUknQOVVPF', '127.0.0.1', 'Mozilla/5.0 (Windows NT 10.0; Win64; x64; rv:151.0) Gecko/20100101 Firefox/151.0', 'logout', 'auth', 'logout', NULL, NULL, NULL, NULL, NULL, 'http://localhost/ems/logout.php', 'GET', NULL, 200, '2026-06-16 15:57:47'),
(870, 4, 0, 0, 6, 3, 'ادارة الاسطول', '3R1LaGCaCru1oDok7JwZbkKx4R-HFlb5NHmzL9BNABrMQ1Qd', '127.0.0.1', 'Mozilla/5.0 (Windows NT 10.0; Win64; x64; rv:151.0) Gecko/20100101 Firefox/151.0', 'login', 'auth', 'login', NULL, NULL, NULL, NULL, NULL, 'http://localhost/ems/login.php', 'POST', '{\"csrf_token\":\"[REDACTED]\",\"username\":\"يسن\",\"password\":\"[REDACTED]\"}', 200, '2026-06-16 15:57:52'),
(871, 4, 0, 0, 6, 3, 'ادارة الاسطول', '3R1LaGCaCru1oDok7JwZbkKx4R-HFlb5NHmzL9BNABrMQ1Qd', '127.0.0.1', 'Mozilla/5.0 (Windows NT 10.0; Win64; x64; rv:151.0) Gecko/20100101 Firefox/151.0', 'fleet_models', 'equipments', 'create', 'create', NULL, NULL, NULL, NULL, 'http://localhost/ems/Equipments/fleet_models.php', 'POST', '{\"csrf_token\":\"[REDACTED]\",\"code\":\"666\",\"manufacturer\":\"\",\"model_name\":\"samba\",\"equipment_type_id\":\"5\",\"operating_category\":\"تمهيد وتسوية\",\"fuel_type\":\"بنزين\",\"std_capacity\":\"700\",\"std_capacity_uom\":\"طن\",\"default_supplier_id\":\"3\",\"tech_reference\":\"احمد\",\"status\":\"active\",\"specTable_length\":\"25\",\"spec_item_type\":[\"فلتر هيدروليك\"],\"spec_recommended_ref\":[\"احمد\"],\"spec_qty\":[\"8\"],\"spec_uom\":[\"لا\"],\"spec_alt_ref\":[\"لا\"],\"spec_existing_photo\":[\"\"],\"spec_note\":[\"\"]}', 302, '2026-06-16 16:00:19'),
(872, 4, 0, 0, 6, 3, 'ادارة الاسطول', '3R1LaGCaCru1oDok7JwZbkKx4R-HFlb5NHmzL9BNABrMQ1Qd', '127.0.0.1', 'Mozilla/5.0 (Windows NT 10.0; Win64; x64; rv:151.0) Gecko/20100101 Firefox/151.0', 'fleet_models', 'equipments', 'create', 'create', NULL, NULL, NULL, NULL, 'http://localhost/ems/Equipments/fleet_models.php?edit_id=1', 'POST', '{\"csrf_token\":\"[REDACTED]\",\"edit_id\":\"1\",\"code\":\"666\",\"manufacturer\":\"\",\"model_name\":\"samba\",\"equipment_type_id\":\"5\",\"operating_category\":\"تمهيد وتسوية\",\"fuel_type\":\"بنزين\",\"std_capacity\":\"700.00\",\"std_capacity_uom\":\"طن\",\"default_supplier_id\":\"3\",\"tech_reference\":\"احمد\",\"status\":\"active\",\"specTable_length\":\"25\",\"spec_item_type\":[\"فلتر هيدروليك\"],\"spec_recommended_ref\":[\"احمد\"],\"spec_qty\":[\"8.00\"],\"spec_uom\":[\"لا\"],\"spec_alt_ref\":[\"لا\"],\"spec_existing_photo\":[\"\"],\"spec_note\":[\"\"]}', 302, '2026-06-16 16:00:46');
INSERT INTO `activity_logs` (`id`, `company_id`, `project_id`, `contract_id`, `user_id`, `role_id`, `role_name`, `session_id`, `ip_address`, `user_agent`, `screen_name`, `module_name`, `action_type`, `button_name`, `field_name`, `record_id`, `old_value`, `new_value`, `url`, `http_method`, `request_payload`, `response_status`, `created_at`) VALUES
(873, 4, 0, 0, 6, 3, 'ادارة الاسطول', '3R1LaGCaCru1oDok7JwZbkKx4R-HFlb5NHmzL9BNABrMQ1Qd', '127.0.0.1', 'Mozilla/5.0 (Windows NT 10.0; Win64; x64; rv:151.0) Gecko/20100101 Firefox/151.0', 'equipments_fleet', 'equipments', 'create', 'create', NULL, NULL, NULL, NULL, 'http://localhost/ems/Equipments/equipments_fleet.php?edit=20', 'POST', '{\"csrf_token\":\"[REDACTED]\",\"edit_id\":\"20\",\"suppliers\":\"8\",\"code\":\"tx10\",\"type\":\"5\",\"name\":\"tx10\",\"serial_number\":\"\",\"chassis_number\":\"\",\"machine_number\":\"\",\"model_id\":\"1\",\"manufacturer\":\"\",\"model\":\"samba\",\"manufacturing_year\":\"\",\"import_year\":\"\",\"equipment_condition\":\"في حالة جيدة\",\"operating_hours\":\"\",\"engine_condition\":\"جيدة\",\"tires_condition\":\"N/A\",\"actual_owner_name\":\"\",\"owner_type\":\"\",\"owner_phone\":\"\",\"owner_supplier_relation\":\"\",\"license_number\":\"\",\"license_authority\":\"\",\"document_type\":\"\",\"license_expiry_date\":\"\",\"inspection_certificate_number\":\"\",\"last_inspection_date\":\"\",\"current_location\":\"\",\"availability_state\":\"متوفرة\",\"site_supervisor_name\":\"\",\"site_supervisor_contact\":\"\",\"estimated_value\":\"\",\"daily_rental_price\":\"\",\"monthly_rental_price\":\"\",\"insurance_status\":\"\",\"general_notes\":\"\",\"last_maintenance_date\":\"\",\"status\":\"0\"}', 302, '2026-06-16 16:03:18'),
(874, 4, 0, 0, 6, 3, 'ادارة الاسطول', '3R1LaGCaCru1oDok7JwZbkKx4R-HFlb5NHmzL9BNABrMQ1Qd', '127.0.0.1', 'Mozilla/5.0 (Windows NT 10.0; Win64; x64; rv:151.0) Gecko/20100101 Firefox/151.0', 'equipments_fleet', 'equipments', 'create', 'create', NULL, NULL, NULL, NULL, 'http://localhost/ems/Equipments/equipments_fleet.php?edit=20', 'POST', '{\"csrf_token\":\"[REDACTED]\",\"edit_id\":\"20\",\"suppliers\":\"8\",\"code\":\"tx10\",\"type\":\"1\",\"name\":\"tx10\",\"serial_number\":\"\",\"chassis_number\":\"\",\"machine_number\":\"\",\"model_id\":\"1\",\"manufacturer\":\"\",\"model\":\"samba\",\"manufacturing_year\":\"\",\"import_year\":\"\",\"equipment_condition\":\"في حالة جيدة\",\"operating_hours\":\"\",\"engine_condition\":\"جيدة\",\"tires_condition\":\"N/A\",\"actual_owner_name\":\"\",\"owner_type\":\"\",\"owner_phone\":\"\",\"owner_supplier_relation\":\"\",\"license_number\":\"\",\"license_authority\":\"\",\"document_type\":\"\",\"license_expiry_date\":\"\",\"inspection_certificate_number\":\"\",\"last_inspection_date\":\"\",\"current_location\":\"\",\"availability_state\":\"متوفرة\",\"site_supervisor_name\":\"\",\"site_supervisor_contact\":\"\",\"estimated_value\":\"\",\"daily_rental_price\":\"\",\"monthly_rental_price\":\"\",\"insurance_status\":\"\",\"general_notes\":\"\",\"last_maintenance_date\":\"\",\"status\":\"0\"}', 302, '2026-06-16 16:07:51'),
(875, 4, 0, 0, 6, 3, 'ادارة الاسطول', '3R1LaGCaCru1oDok7JwZbkKx4R-HFlb5NHmzL9BNABrMQ1Qd', '127.0.0.1', 'Mozilla/5.0 (Windows NT 10.0; Win64; x64; rv:151.0) Gecko/20100101 Firefox/151.0', 'fleet_depreciation_profiles', 'equipments', 'create', 'create', NULL, NULL, NULL, NULL, 'http://localhost/ems/Equipments/fleet_depreciation_profiles.php?edit_id=22', 'POST', '{\"csrf_token\":\"[REDACTED]\",\"edit_id\":\"22\",\"asset_category\":\"جهاز مسح RTK\",\"brand\":\"\",\"model_id\":\"1\",\"method\":\"sl\",\"useful_life\":\"7.00\",\"salvage_pct\":\"0.0500\",\"notes\":\"\"}', 302, '2026-06-16 17:00:11'),
(876, 4, 0, 0, 6, 3, 'ادارة الاسطول', '3R1LaGCaCru1oDok7JwZbkKx4R-HFlb5NHmzL9BNABrMQ1Qd', '127.0.0.1', 'Mozilla/5.0 (Windows NT 10.0; Win64; x64; rv:151.0) Gecko/20100101 Firefox/151.0', 'fleet_models', 'equipments', 'create', 'create', NULL, NULL, NULL, NULL, 'http://localhost/ems/Equipments/fleet_models.php?edit_id=1', 'POST', '{\"csrf_token\":\"[REDACTED]\",\"edit_id\":\"1\",\"code\":\"666\",\"manufacturer\":\"\",\"model_name\":\"samba\",\"equipment_type_id\":\"5\",\"operating_category\":\"تحميل\",\"fuel_type\":\"بنزين\",\"std_capacity\":\"700.00\",\"std_capacity_uom\":\"طن\",\"default_supplier_id\":\"3\",\"depreciation_profile_id\":\"\",\"tech_reference\":\"احمد\",\"status\":\"active\",\"specTable_length\":\"25\",\"spec_item_type\":[\"فلتر هيدروليك\"],\"spec_recommended_ref\":[\"احمد\"],\"spec_qty\":[\"8.00\"],\"spec_uom\":[\"لا\"],\"spec_alt_ref\":[\"لا\"],\"spec_existing_photo\":[\"\"],\"spec_note\":[\"\"]}', 302, '2026-06-17 08:00:50'),
(877, 4, 0, 0, 6, 3, 'ادارة الاسطول', '3R1LaGCaCru1oDok7JwZbkKx4R-HFlb5NHmzL9BNABrMQ1Qd', '127.0.0.1', 'Mozilla/5.0 (Windows NT 10.0; Win64; x64; rv:151.0) Gecko/20100101 Firefox/151.0', 'equipments_fleet', 'equipments', 'create', 'create', NULL, NULL, NULL, NULL, 'http://localhost/ems/Equipments/equipments_fleet.php?edit=20', 'POST', '{\"csrf_token\":\"[REDACTED]\",\"edit_id\":\"20\",\"suppliers\":\"8\",\"code\":\"tx10\",\"type\":\"1\",\"name\":\"tx10\",\"serial_number\":\"\",\"chassis_number\":\"\",\"machine_number\":\"\",\"model_id\":\"1\",\"manufacturer\":\"\",\"model\":\"samba\",\"manufacturing_year\":\"2028\",\"import_year\":\"\",\"operating_category\":\"\",\"origin_country\":\"الصين\",\"engine_no\":\"\",\"plate_no\":\"6768978\",\"capacity\":\"\",\"capacity_uom\":\"\",\"dimensions\":\"\",\"source_type\":\"\",\"entry_date\":\"\",\"acquisition_cost\":\"\",\"acquisition_currency\":\"\",\"opening_meter\":\"\",\"meter_uom\":\"ساعات\",\"meter_source\":\"\",\"equipment_condition\":\"في حالة جيدة\",\"operating_hours\":\"\",\"engine_condition\":\"جيدة\",\"tires_condition\":\"N/A\",\"actual_owner_name\":\"\",\"owner_type\":\"\",\"owner_phone\":\"\",\"owner_supplier_relation\":\"\",\"license_number\":\"\",\"license_authority\":\"\",\"document_type\":\"\",\"license_expiry_date\":\"\",\"inspection_certificate_number\":\"\",\"last_inspection_date\":\"\",\"current_location\":\"\",\"availability_state\":\"متوفرة\",\"site_supervisor_name\":\"\",\"site_supervisor_contact\":\"\",\"estimated_value\":\"\",\"daily_rental_price\":\"\",\"monthly_rental_price\":\"\",\"insurance_status\":\"\",\"general_notes\":\"\",\"last_maintenance_date\":\"\",\"status\":\"0\"}', 302, '2026-06-17 08:04:45'),
(878, 4, 0, 0, 6, 3, 'ادارة الاسطول', '3R1LaGCaCru1oDok7JwZbkKx4R-HFlb5NHmzL9BNABrMQ1Qd', '127.0.0.1', 'Mozilla/5.0 (Windows NT 10.0; Win64; x64; rv:151.0) Gecko/20100101 Firefox/151.0', 'fleet_models', 'equipments', 'create', 'create', NULL, NULL, NULL, NULL, 'http://localhost/ems/Equipments/fleet_models.php?edit_id=1', 'POST', '{\"csrf_token\":\"[REDACTED]\",\"edit_id\":\"1\",\"code\":\"666\",\"manufacturer\":\"تايوتا\",\"model_name\":\"samba\",\"equipment_type_id\":\"1\",\"operating_category\":\"تحميل\",\"fuel_type\":\"بنزين\",\"std_capacity\":\"700.00\",\"std_capacity_uom\":\"لتر\",\"default_supplier_id\":\"3\",\"depreciation_profile_id\":\"\",\"tech_reference\":\"احمد\",\"status\":\"active\",\"specTable_length\":\"25\",\"spec_item_type\":[\"فلتر هيدروليك\"],\"spec_recommended_ref\":[\"احمد\"],\"spec_qty\":[\"8.00\"],\"spec_uom\":[\"لا\"],\"spec_alt_ref\":[\"لا\"],\"spec_existing_photo\":[\"\"],\"spec_note\":[\"\"]}', 302, '2026-06-17 08:23:10'),
(879, 4, NULL, NULL, 6, 3, 'ادارة الاسطول', '8et7pmu4kitrusmh1gh56gml4c', '::1', 'curl/8.7.1', 'fleet_models', 'equipments', 'create', 'create', NULL, NULL, NULL, NULL, 'http://localhost/ems/Equipments/fleet_models.php', 'POST', '{\"code\":\"__TESTSUP\",\"model_name\":\"????? ??????\",\"manufacturer\":\"???\",\"default_supplier_name\":\"???? ???? ?????? ???\",\"status\":\"active\"}', 302, '2026-06-17 08:49:13'),
(880, 4, NULL, NULL, 6, 3, 'ادارة الاسطول', 'beoh9ni3vc402jf4que4tdhuro', '::1', 'curl/8.7.1', 'equipment_child_save', 'equipments', 'create', 'add', NULL, NULL, NULL, NULL, 'http://localhost/ems/Equipments/equipment_child_save.php', 'POST', '{\"entity\":\"compliance\",\"action\":\"add\",\"equipment_id\":\"20\",\"doc_type\":\"????\",\"reference\":\"__TESTDOC\",\"expiry_date\":\"2020-01-01\",\"is_critical\":\"1\"}', 302, '2026-06-17 11:40:48'),
(881, 4, NULL, NULL, 6, 3, 'ادارة الاسطول', 'beoh9ni3vc402jf4que4tdhuro', '::1', 'curl/8.7.1', 'equipment_child_save', 'equipments', 'create', 'add', NULL, NULL, NULL, NULL, 'http://localhost/ems/Equipments/equipment_child_save.php', 'POST', '{\"entity\":\"protection\",\"action\":\"add\",\"equipment_id\":\"20\",\"protection_type\":\"???? ?????\",\"description\":\"__TESTPROT\",\"state\":\"????? ???????\"}', 302, '2026-06-17 11:40:48'),
(882, 4, NULL, NULL, 6, 3, 'ادارة الاسطول', 'beoh9ni3vc402jf4que4tdhuro', '::1', 'curl/8.7.1', 'equipment_child_save', 'equipments', 'create', 'add', NULL, NULL, NULL, NULL, 'http://localhost/ems/Equipments/equipment_child_save.php', 'POST', '{\"entity\":\"component\",\"action\":\"add\",\"equipment_id\":\"20\",\"component_type\":\"????\",\"serial_no\":\"__TESTCMP\",\"is_current\":\"1\"}', 302, '2026-06-17 11:40:48'),
(883, 4, NULL, NULL, 6, 3, 'ادارة الاسطول', 'beoh9ni3vc402jf4que4tdhuro', '::1', 'curl/8.7.1', 'equipment_child_save', 'equipments', 'create', 'add', NULL, NULL, NULL, NULL, 'http://localhost/ems/Equipments/equipment_child_save.php', 'POST', '{\"entity\":\"history\",\"action\":\"add\",\"equipment_id\":\"20\",\"event_type\":\"????/???\",\"event_date\":\"2026-06-17T10:30\",\"note\":\"__TESTHIST\"}', 302, '2026-06-17 11:40:48'),
(884, 4, 0, 0, 6, 3, 'ادارة الاسطول', '3R1LaGCaCru1oDok7JwZbkKx4R-HFlb5NHmzL9BNABrMQ1Qd', '127.0.0.1', 'Mozilla/5.0 (Windows NT 10.0; Win64; x64; rv:151.0) Gecko/20100101 Firefox/151.0', 'equipment_profile', 'equipments', 'create', 'add', NULL, NULL, NULL, NULL, 'http://localhost/ems/Equipments/equipment_profile.php?id=20', 'POST', '{\"csrf_token\":\"[REDACTED]\",\"entity\":\"compliance\",\"action\":\"add\",\"equipment_id\":\"20\",\"doc_type\":\"تأمين\",\"reference\":\"\",\"issue_date\":\"2026-06-17\",\"expiry_date\":\"2026-06-19\"}', 302, '2026-06-17 11:43:51'),
(885, 4, NULL, NULL, 6, 3, 'ادارة الاسطول', '3riofg8sv3d3a1nhhdlstuph4n', '::1', 'curl/8.7.1', 'equipment_child_save', 'equipments', 'create', 'add', NULL, NULL, NULL, NULL, 'http://localhost/ems/Equipments/equipment_child_save.php', 'POST', '{\"entity\":\"protection\",\"action\":\"add\",\"equipment_id\":\"20\",\"protection_type\":\"???? ?????\",\"description\":\"__TESTPROT2\",\"partner_name\":\"???? ????? ???????\",\"state\":\"?????\"}', 302, '2026-06-17 13:01:31'),
(886, 4, NULL, NULL, 6, 3, 'ادارة الاسطول', 'h0jtm9ncm0qrtascnlrti3c2sp', '::1', 'curl/8.7.1', 'equipment_child_save', 'equipments', 'create', 'add', NULL, NULL, NULL, NULL, 'http://localhost/ems/Equipments/equipment_child_save.php', 'POST', '{\"entity\":\"protection\",\"action\":\"add\",\"equipment_id\":\"20\",\"protection_type\":\"???? ?????\",\"description\":\"__TESTPROT2\",\"partner_name\":\"PARTNER__XYZ\",\"state\":\"?????\"}', 302, '2026-06-17 13:02:18'),
(887, 4, 0, 0, 6, 3, 'ادارة الاسطول', '3R1LaGCaCru1oDok7JwZbkKx4R-HFlb5NHmzL9BNABrMQ1Qd', '127.0.0.1', 'Mozilla/5.0 (Windows NT 10.0; Win64; x64; rv:151.0) Gecko/20100101 Firefox/151.0', 'equipment_profile', 'equipments', 'create', 'add', NULL, NULL, NULL, NULL, 'http://localhost/ems/Equipments/equipment_profile.php?id=20', 'POST', '{\"csrf_token\":\"[REDACTED]\",\"entity\":\"protection\",\"action\":\"add\",\"equipment_id\":\"20\",\"protection_type\":\"نظام تتبّع\",\"description\":\"نظام جديد\",\"start_date\":\"2026-06-18\",\"cost\":\"1200\",\"state\":\"يحتاج تجديداً\",\"renewal_date\":\"2026-06-24\",\"partner_name\":\"احمد\",\"compliance_id\":\"2\"}', 302, '2026-06-17 13:02:38'),
(888, 4, 0, 0, 6, 3, 'ادارة الاسطول', 'uUX3,q4qw6GbjzX40spr35di6sXPF22znFyAXcStt68RKPu0', '::1', 'Mozilla/5.0 (Windows NT 10.0; Win64; x64) AppleWebKit/537.36 (KHTML, like Gecko) Chrome/149.0.0.0 Safari/537.36 Edg/149.0.0.0', 'login', 'auth', 'login', NULL, NULL, NULL, NULL, NULL, 'http://localhost/ems/login.php', 'POST', '{\"csrf_token\":\"[REDACTED]\",\"username\":\"يسن\",\"password\":\"[REDACTED]\"}', 200, '2026-06-17 17:03:43'),
(889, 4, 0, 0, 6, 3, 'ادارة الاسطول', 'uUX3,q4qw6GbjzX40spr35di6sXPF22znFyAXcStt68RKPu0', '::1', 'Mozilla/5.0 (Windows NT 10.0; Win64; x64) AppleWebKit/537.36 (KHTML, like Gecko) Chrome/149.0.0.0 Safari/537.36 Edg/149.0.0.0', 'logout', 'auth', 'logout', NULL, NULL, NULL, NULL, NULL, 'http://localhost/ems/logout.php', 'GET', NULL, 200, '2026-06-17 17:05:01'),
(890, 4, 0, 0, 13, 12, 'ادارة المبيعات', 'bxKzQq3BHp2slUpHnnLsBC99zkNl3vG8,yyqXsUQQ,VQqzye', '::1', 'Mozilla/5.0 (Windows NT 10.0; Win64; x64) AppleWebKit/537.36 (KHTML, like Gecko) Chrome/149.0.0.0 Safari/537.36 Edg/149.0.0.0', 'login', 'auth', 'login', NULL, NULL, NULL, NULL, NULL, 'http://localhost/ems/login.php', 'POST', '{\"csrf_token\":\"[REDACTED]\",\"username\":\"مبيعات\",\"password\":\"[REDACTED]\"}', 200, '2026-06-17 17:05:13'),
(891, 4, 0, 0, 13, 12, 'ادارة المبيعات', 'bxKzQq3BHp2slUpHnnLsBC99zkNl3vG8,yyqXsUQQ,VQqzye', '::1', 'Mozilla/5.0 (Windows NT 10.0; Win64; x64) AppleWebKit/537.36 (KHTML, like Gecko) Chrome/149.0.0.0 Safari/537.36 Edg/149.0.0.0', 'logout', 'auth', 'logout', NULL, NULL, NULL, NULL, NULL, 'http://localhost/ems/logout.php', 'GET', NULL, 200, '2026-06-17 17:07:04'),
(892, 4, 0, 0, 6, 3, 'ادارة الاسطول', 'TpoSCbFZB-RNNkyK3cw5PhbeaFfmaNPHhetE-igAYuXJP9,W', '::1', 'Mozilla/5.0 (Windows NT 10.0; Win64; x64) AppleWebKit/537.36 (KHTML, like Gecko) Chrome/149.0.0.0 Safari/537.36 Edg/149.0.0.0', 'login', 'auth', 'login', NULL, NULL, NULL, NULL, NULL, 'http://localhost/ems/login.php', 'POST', '{\"csrf_token\":\"[REDACTED]\",\"username\":\"يسن\",\"password\":\"[REDACTED]\"}', 200, '2026-06-17 17:07:10'),
(893, 4, 2, 2, 9, 5, 'مدير الموقع', 'ulMErSCyQK487mt0KWH7SX0KODeZMgU1TgWRj5i50me6T-ZG', '::1', 'Mozilla/5.0 (Windows NT 10.0; Win64; x64) AppleWebKit/537.36 (KHTML, like Gecko) Chrome/149.0.0.0 Safari/537.36 Edg/149.0.0.0', 'login', 'auth', 'login', NULL, NULL, NULL, NULL, NULL, 'http://localhost/ems/login.php', 'POST', '{\"csrf_token\":\"[REDACTED]\",\"username\":\"احمد\",\"password\":\"[REDACTED]\"}', 200, '2026-06-18 11:17:41'),
(894, 4, 2, 2, 9, 5, 'مدير الموقع', 'ulMErSCyQK487mt0KWH7SX0KODeZMgU1TgWRj5i50me6T-ZG', '::1', 'Mozilla/5.0 (Windows NT 10.0; Win64; x64) AppleWebKit/537.36 (KHTML, like Gecko) Chrome/149.0.0.0 Safari/537.36 Edg/149.0.0.0', 'timesheet', 'timesheet', 'get_event_types', 'get_event_types', NULL, NULL, NULL, NULL, 'http://localhost/ems/Timesheet/timesheet.php?type=1', 'GET', '{\"action\":\"get_event_types\",\"equipment_type\":\"1\"}', 200, '2026-06-18 11:55:29'),
(895, 4, 2, 2, 9, 5, 'مدير الموقع', 'ulMErSCyQK487mt0KWH7SX0KODeZMgU1TgWRj5i50me6T-ZG', '::1', 'Mozilla/5.0 (Windows NT 10.0; Win64; x64) AppleWebKit/537.36 (KHTML, like Gecko) Chrome/149.0.0.0 Safari/537.36 Edg/149.0.0.0', 'timesheet', 'timesheet', 'get_event_types', 'get_event_types', NULL, NULL, NULL, NULL, 'http://localhost/ems/Timesheet/timesheet.php?type=1', 'GET', '{\"action\":\"get_event_types\",\"equipment_type\":\"3\"}', 200, '2026-06-18 11:55:29'),
(896, 4, 2, 2, 9, 5, 'مدير الموقع', 'ulMErSCyQK487mt0KWH7SX0KODeZMgU1TgWRj5i50me6T-ZG', '::1', 'Mozilla/5.0 (Windows NT 10.0; Win64; x64) AppleWebKit/537.36 (KHTML, like Gecko) Chrome/149.0.0.0 Safari/537.36 Edg/149.0.0.0', 'timesheet', 'timesheet', 'get_event_types', 'get_event_types', NULL, NULL, NULL, NULL, 'http://localhost/ems/Timesheet/timesheet.php?type=1', 'GET', '{\"action\":\"get_event_types\",\"equipment_type\":\"1\"}', 200, '2026-06-18 11:55:29'),
(897, 4, 2, 2, 9, 5, 'مدير الموقع', 'ulMErSCyQK487mt0KWH7SX0KODeZMgU1TgWRj5i50me6T-ZG', '::1', 'Mozilla/5.0 (Windows NT 10.0; Win64; x64) AppleWebKit/537.36 (KHTML, like Gecko) Chrome/149.0.0.0 Safari/537.36 Edg/149.0.0.0', 'timesheet', 'timesheet', 'get_event_types', 'get_event_types', NULL, NULL, NULL, NULL, 'http://localhost/ems/Timesheet/timesheet.php?type=1', 'GET', '{\"action\":\"get_event_types\",\"equipment_type\":\"1\"}', 200, '2026-06-18 11:58:47'),
(898, 4, 2, 2, 9, 5, 'مدير الموقع', 'ulMErSCyQK487mt0KWH7SX0KODeZMgU1TgWRj5i50me6T-ZG', '::1', 'Mozilla/5.0 (Windows NT 10.0; Win64; x64) AppleWebKit/537.36 (KHTML, like Gecko) Chrome/149.0.0.0 Safari/537.36 Edg/149.0.0.0', 'timesheet', 'timesheet', 'get_event_types', 'get_event_types', NULL, NULL, NULL, NULL, 'http://localhost/ems/Timesheet/timesheet.php?type=1', 'GET', '{\"action\":\"get_event_types\",\"equipment_type\":\"3\"}', 200, '2026-06-18 11:58:47'),
(899, 4, 2, 2, 9, 5, 'مدير الموقع', 'ulMErSCyQK487mt0KWH7SX0KODeZMgU1TgWRj5i50me6T-ZG', '::1', 'Mozilla/5.0 (Windows NT 10.0; Win64; x64) AppleWebKit/537.36 (KHTML, like Gecko) Chrome/149.0.0.0 Safari/537.36 Edg/149.0.0.0', 'timesheet', 'timesheet', 'get_event_types', 'get_event_types', NULL, NULL, NULL, NULL, 'http://localhost/ems/Timesheet/timesheet.php?type=1', 'GET', '{\"action\":\"get_event_types\",\"equipment_type\":\"1\"}', 200, '2026-06-18 11:58:47'),
(900, 4, 2, 2, 9, 5, 'مدير الموقع', 'ulMErSCyQK487mt0KWH7SX0KODeZMgU1TgWRj5i50me6T-ZG', '::1', 'Mozilla/5.0 (Windows NT 10.0; Win64; x64) AppleWebKit/537.36 (KHTML, like Gecko) Chrome/149.0.0.0 Safari/537.36 Edg/149.0.0.0', 'logout', 'auth', 'logout', NULL, NULL, NULL, NULL, NULL, 'http://localhost/ems/logout.php', 'GET', NULL, 200, '2026-06-18 12:04:05'),
(901, 4, 0, 0, 13, 12, 'ادارة المبيعات', 'bLdhUA,o9B90A0ObbBj-JAkDszHVqb,BangyvWONmISNj4LR', '::1', 'Mozilla/5.0 (Windows NT 10.0; Win64; x64) AppleWebKit/537.36 (KHTML, like Gecko) Chrome/149.0.0.0 Safari/537.36 Edg/149.0.0.0', 'login', 'auth', 'login', NULL, NULL, NULL, NULL, NULL, 'http://localhost/ems/login.php', 'POST', '{\"csrf_token\":\"[REDACTED]\",\"username\":\"مبيعات\",\"password\":\"[REDACTED]\"}', 200, '2026-06-18 12:04:20'),
(902, 4, 0, 0, 13, 12, 'ادارة المبيعات', 'bLdhUA,o9B90A0ObbBj-JAkDszHVqb,BangyvWONmISNj4LR', '::1', 'Mozilla/5.0 (Windows NT 10.0; Win64; x64) AppleWebKit/537.36 (KHTML, like Gecko) Chrome/149.0.0.0 Safari/537.36 Edg/149.0.0.0', 'logout', 'auth', 'logout', NULL, NULL, NULL, NULL, NULL, 'http://localhost/ems/logout.php', 'GET', NULL, 200, '2026-06-18 12:04:39'),
(903, 4, 0, 0, 4, 1, 'ادارة التشغيل', '-jICfPHoZbRpquE3KQJamAzD5jDpxuN1av-th9T44TRWNTlC', '::1', 'Mozilla/5.0 (Windows NT 10.0; Win64; x64) AppleWebKit/537.36 (KHTML, like Gecko) Chrome/149.0.0.0 Safari/537.36 Edg/149.0.0.0', 'login', 'auth', 'login', NULL, NULL, NULL, NULL, NULL, 'http://localhost/ems/login.php', 'POST', '{\"csrf_token\":\"[REDACTED]\",\"username\":\"محمد\",\"password\":\"[REDACTED]\"}', 200, '2026-06-18 12:04:45'),
(904, 4, 0, 0, 4, 1, 'ادارة التشغيل', '-jICfPHoZbRpquE3KQJamAzD5jDpxuN1av-th9T44TRWNTlC', '::1', 'Mozilla/5.0 (Windows NT 10.0; Win64; x64) AppleWebKit/537.36 (KHTML, like Gecko) Chrome/149.0.0.0 Safari/537.36 Edg/149.0.0.0', 'logout', 'auth', 'logout', NULL, NULL, NULL, NULL, NULL, 'http://localhost/ems/logout.php', 'GET', NULL, 200, '2026-06-18 12:05:14'),
(905, 4, 0, 0, 5, 2, 'ادارة الموردين', '2G0avUwQeJRA8daRlEbF6nUP2dDZh8SfStiEW5MEmeeXy0bK', '::1', 'Mozilla/5.0 (Windows NT 10.0; Win64; x64) AppleWebKit/537.36 (KHTML, like Gecko) Chrome/149.0.0.0 Safari/537.36 Edg/149.0.0.0', 'login', 'auth', 'login', NULL, NULL, NULL, NULL, NULL, 'http://localhost/ems/login.php', 'POST', '{\"csrf_token\":\"[REDACTED]\",\"username\":\"مصعب\",\"password\":\"[REDACTED]\"}', 200, '2026-06-18 12:05:27'),
(906, 4, 0, 0, 5, 2, 'ادارة الموردين', '2G0avUwQeJRA8daRlEbF6nUP2dDZh8SfStiEW5MEmeeXy0bK', '::1', 'Mozilla/5.0 (Windows NT 10.0; Win64; x64) AppleWebKit/537.36 (KHTML, like Gecko) Chrome/149.0.0.0 Safari/537.36 Edg/149.0.0.0', 'logout', 'auth', 'logout', NULL, NULL, NULL, NULL, NULL, 'http://localhost/ems/logout.php', 'GET', NULL, 200, '2026-06-18 12:06:19'),
(907, 4, 0, 0, 6, 3, 'ادارة الاسطول', 'y7yMzmGsd0ZRWWCm49sTz3QBl63iTFwRGdFHlj0m6tQlUer4', '::1', 'Mozilla/5.0 (Windows NT 10.0; Win64; x64) AppleWebKit/537.36 (KHTML, like Gecko) Chrome/149.0.0.0 Safari/537.36 Edg/149.0.0.0', 'login', 'auth', 'login', NULL, NULL, NULL, NULL, NULL, 'http://localhost/ems/login.php', 'POST', '{\"csrf_token\":\"[REDACTED]\",\"username\":\"يسن\",\"password\":\"[REDACTED]\"}', 200, '2026-06-18 12:06:29'),
(908, 4, 0, 0, 6, 3, 'ادارة الاسطول', 'y7yMzmGsd0ZRWWCm49sTz3QBl63iTFwRGdFHlj0m6tQlUer4', '::1', 'Mozilla/5.0 (Windows NT 10.0; Win64; x64) AppleWebKit/537.36 (KHTML, like Gecko) Chrome/149.0.0.0 Safari/537.36 Edg/149.0.0.0', 'logout', 'auth', 'logout', NULL, NULL, NULL, NULL, NULL, 'http://localhost/ems/logout.php', 'GET', NULL, 200, '2026-06-18 13:03:36'),
(909, 4, 0, 0, 4, 1, 'ادارة التشغيل', 'Bv7gWVfPM3vA,QUnyephm7IphAuHy7VZaIVmY3-Nf1ZDOIa0', '::1', 'Mozilla/5.0 (Windows NT 10.0; Win64; x64) AppleWebKit/537.36 (KHTML, like Gecko) Chrome/149.0.0.0 Safari/537.36 Edg/149.0.0.0', 'login', 'auth', 'login', NULL, NULL, NULL, NULL, NULL, 'http://localhost/ems/login.php', 'POST', '{\"csrf_token\":\"[REDACTED]\",\"username\":\"محمد\",\"password\":\"[REDACTED]\"}', 200, '2026-06-18 13:03:44'),
(910, 4, 0, 0, 4, 1, 'ادارة التشغيل', 'Bv7gWVfPM3vA,QUnyephm7IphAuHy7VZaIVmY3-Nf1ZDOIa0', '::1', 'Mozilla/5.0 (Windows NT 10.0; Win64; x64) AppleWebKit/537.36 (KHTML, like Gecko) Chrome/149.0.0.0 Safari/537.36 Edg/149.0.0.0', 'logout', 'auth', 'logout', NULL, NULL, NULL, NULL, NULL, 'http://localhost/ems/logout.php', 'GET', NULL, 200, '2026-06-18 13:03:55'),
(911, 4, 0, 0, 5, 2, 'ادارة الموردين', '765,TZM9aYy0yJKjdGsAxkYmXbK9D3ekWJ-DBRuCjYn4gZ7P', '::1', 'Mozilla/5.0 (Windows NT 10.0; Win64; x64) AppleWebKit/537.36 (KHTML, like Gecko) Chrome/149.0.0.0 Safari/537.36 Edg/149.0.0.0', 'login', 'auth', 'login', NULL, NULL, NULL, NULL, NULL, 'http://localhost/ems/login.php', 'POST', '{\"csrf_token\":\"[REDACTED]\",\"username\":\"مصعب\",\"password\":\"[REDACTED]\"}', 200, '2026-06-18 13:04:06'),
(912, 4, 0, 0, 5, 2, 'ادارة الموردين', '765,TZM9aYy0yJKjdGsAxkYmXbK9D3ekWJ-DBRuCjYn4gZ7P', '::1', 'Mozilla/5.0 (Windows NT 10.0; Win64; x64) AppleWebKit/537.36 (KHTML, like Gecko) Chrome/149.0.0.0 Safari/537.36 Edg/149.0.0.0', 'logout', 'auth', 'logout', NULL, NULL, NULL, NULL, NULL, 'http://localhost/ems/logout.php', 'GET', NULL, 200, '2026-06-18 13:04:16'),
(913, 4, 0, 0, 4, 1, 'ادارة التشغيل', 'kKem049,41ol5WJU-icUuJSlk-1hZrCwj7,B1bHhlC4IJ3sk', '::1', 'Mozilla/5.0 (Windows NT 10.0; Win64; x64) AppleWebKit/537.36 (KHTML, like Gecko) Chrome/149.0.0.0 Safari/537.36 Edg/149.0.0.0', 'login', 'auth', 'login', NULL, NULL, NULL, NULL, NULL, 'http://localhost/ems/login.php', 'POST', '{\"csrf_token\":\"[REDACTED]\",\"username\":\"محمد\",\"password\":\"[REDACTED]\"}', 200, '2026-06-18 13:04:23'),
(914, 4, 0, 0, 4, 1, 'ادارة التشغيل', 'kKem049,41ol5WJU-icUuJSlk-1hZrCwj7,B1bHhlC4IJ3sk', '::1', 'Mozilla/5.0 (Windows NT 10.0; Win64; x64) AppleWebKit/537.36 (KHTML, like Gecko) Chrome/149.0.0.0 Safari/537.36 Edg/149.0.0.0', 'logout', 'auth', 'logout', NULL, NULL, NULL, NULL, NULL, 'http://localhost/ems/logout.php', 'GET', NULL, 200, '2026-06-18 13:04:37'),
(915, 4, 0, 0, 6, 3, 'ادارة الاسطول', 'eqSYJzg3TLpPZoqtMQEJK2Vr,POPGkg4ywb,CardW7Fe,GwY', '::1', 'Mozilla/5.0 (Windows NT 10.0; Win64; x64) AppleWebKit/537.36 (KHTML, like Gecko) Chrome/149.0.0.0 Safari/537.36 Edg/149.0.0.0', 'login', 'auth', 'login', NULL, NULL, NULL, NULL, NULL, 'http://localhost/ems/login.php', 'POST', '{\"csrf_token\":\"[REDACTED]\",\"username\":\"يسن\",\"password\":\"[REDACTED]\"}', 200, '2026-06-18 13:04:49'),
(916, 4, 0, 0, 6, 3, 'ادارة الاسطول', 'eqSYJzg3TLpPZoqtMQEJK2Vr,POPGkg4ywb,CardW7Fe,GwY', '::1', 'Mozilla/5.0 (Windows NT 10.0; Win64; x64) AppleWebKit/537.36 (KHTML, like Gecko) Chrome/149.0.0.0 Safari/537.36 Edg/149.0.0.0', 'logout', 'auth', 'logout', NULL, NULL, NULL, NULL, NULL, 'http://localhost/ems/logout.php', 'GET', NULL, 200, '2026-06-18 13:11:03'),
(917, 4, 0, 0, 13, 12, 'ادارة المبيعات', 'k1fMYPrs9lHEF5JoaggZ0KevWVLmMiE3EF1x4njbCr9MfP2o', '::1', 'Mozilla/5.0 (Windows NT 10.0; Win64; x64) AppleWebKit/537.36 (KHTML, like Gecko) Chrome/149.0.0.0 Safari/537.36 Edg/149.0.0.0', 'login', 'auth', 'login', NULL, NULL, NULL, NULL, NULL, 'http://localhost/ems/login.php', 'POST', '{\"csrf_token\":\"[REDACTED]\",\"username\":\"مبيعات\",\"password\":\"[REDACTED]\"}', 200, '2026-06-18 13:11:22'),
(918, 4, 0, 0, 13, 12, 'ادارة المبيعات', 'k1fMYPrs9lHEF5JoaggZ0KevWVLmMiE3EF1x4njbCr9MfP2o', '::1', 'Mozilla/5.0 (Windows NT 10.0; Win64; x64) AppleWebKit/537.36 (KHTML, like Gecko) Chrome/149.0.0.0 Safari/537.36 Edg/149.0.0.0', 'logout', 'auth', 'logout', NULL, NULL, NULL, NULL, NULL, 'http://localhost/ems/logout.php', 'GET', NULL, 200, '2026-06-18 13:14:39'),
(919, 4, 0, 0, 6, 3, 'ادارة الاسطول', '1pghjA1Qu-qz5,X1K80u2od2-dmb,LSlcabcivptGRC,oDk8', '::1', 'Mozilla/5.0 (Windows NT 10.0; Win64; x64) AppleWebKit/537.36 (KHTML, like Gecko) Chrome/149.0.0.0 Safari/537.36 Edg/149.0.0.0', 'login', 'auth', 'login', NULL, NULL, NULL, NULL, NULL, 'http://localhost/ems/login.php', 'POST', '{\"csrf_token\":\"[REDACTED]\",\"username\":\"يسن\",\"password\":\"[REDACTED]\"}', 200, '2026-06-18 13:14:47'),
(920, 4, 0, 0, 6, 3, 'ادارة الاسطول', '1pghjA1Qu-qz5,X1K80u2od2-dmb,LSlcabcivptGRC,oDk8', '::1', 'Mozilla/5.0 (Windows NT 10.0; Win64; x64) AppleWebKit/537.36 (KHTML, like Gecko) Chrome/149.0.0.0 Safari/537.36 Edg/149.0.0.0', 'logout', 'auth', 'logout', NULL, NULL, NULL, NULL, NULL, 'http://localhost/ems/logout.php', 'GET', NULL, 200, '2026-06-18 13:21:40'),
(921, 4, 0, 0, 13, 12, 'ادارة المبيعات', 'I1N3VW1uruYyyPxqinvxN2SkLhs5nxWxPjTJqEpC4XrzzOb-', '::1', 'Mozilla/5.0 (Windows NT 10.0; Win64; x64) AppleWebKit/537.36 (KHTML, like Gecko) Chrome/149.0.0.0 Safari/537.36 Edg/149.0.0.0', 'login', 'auth', 'login', NULL, NULL, NULL, NULL, NULL, 'http://localhost/ems/login.php', 'POST', '{\"csrf_token\":\"[REDACTED]\",\"username\":\"مبيعات\",\"password\":\"[REDACTED]\"}', 200, '2026-06-18 13:21:46'),
(922, 4, 0, 0, 13, 12, 'ادارة المبيعات', 'I1N3VW1uruYyyPxqinvxN2SkLhs5nxWxPjTJqEpC4XrzzOb-', '::1', 'Mozilla/5.0 (Windows NT 10.0; Win64; x64) AppleWebKit/537.36 (KHTML, like Gecko) Chrome/149.0.0.0 Safari/537.36 Edg/149.0.0.0', 'logout', 'auth', 'logout', NULL, NULL, NULL, NULL, NULL, 'http://localhost/ems/logout.php', 'GET', NULL, 200, '2026-06-18 13:39:14'),
(923, 4, 0, 0, 6, 3, 'ادارة الاسطول', 'du0dNyHfreZDWHoDyClnRE6aeWLwqYy-uPYtqyCOxJLIGwBG', '::1', 'Mozilla/5.0 (Windows NT 10.0; Win64; x64) AppleWebKit/537.36 (KHTML, like Gecko) Chrome/149.0.0.0 Safari/537.36 Edg/149.0.0.0', 'login', 'auth', 'login', NULL, NULL, NULL, NULL, NULL, 'http://localhost/ems/login.php', 'POST', '{\"csrf_token\":\"[REDACTED]\",\"username\":\"يسن\",\"password\":\"[REDACTED]\"}', 200, '2026-06-18 13:39:22'),
(924, 4, 0, 0, 6, 3, 'ادارة الاسطول', 'du0dNyHfreZDWHoDyClnRE6aeWLwqYy-uPYtqyCOxJLIGwBG', '::1', 'Mozilla/5.0 (Windows NT 10.0; Win64; x64) AppleWebKit/537.36 (KHTML, like Gecko) Chrome/149.0.0.0 Safari/537.36 Edg/149.0.0.0', 'logout', 'auth', 'logout', NULL, NULL, NULL, NULL, NULL, 'http://localhost/ems/logout.php', 'GET', NULL, 200, '2026-06-18 13:40:56'),
(925, 4, 0, 0, 7, 4, 'ادارة الموارد البشرية', '2vT1p8lY4Zrj-nUsFlh-u9dgCBzQhwcsfsmMewj,JTIRrOBY', '::1', 'Mozilla/5.0 (Windows NT 10.0; Win64; x64) AppleWebKit/537.36 (KHTML, like Gecko) Chrome/149.0.0.0 Safari/537.36 Edg/149.0.0.0', 'login', 'auth', 'login', NULL, NULL, NULL, NULL, NULL, 'http://localhost/ems/login.php', 'POST', '{\"csrf_token\":\"[REDACTED]\",\"username\":\"اروينا\",\"password\":\"[REDACTED]\"}', 200, '2026-06-18 13:41:04'),
(926, 4, 0, 0, 7, 4, 'ادارة الموارد البشرية', '2vT1p8lY4Zrj-nUsFlh-u9dgCBzQhwcsfsmMewj,JTIRrOBY', '::1', 'Mozilla/5.0 (Windows NT 10.0; Win64; x64) AppleWebKit/537.36 (KHTML, like Gecko) Chrome/149.0.0.0 Safari/537.36 Edg/149.0.0.0', 'logout', 'auth', 'logout', NULL, NULL, NULL, NULL, NULL, 'http://localhost/ems/logout.php', 'GET', NULL, 200, '2026-06-18 13:42:38'),
(927, 4, 0, 0, 4, 1, 'ادارة التشغيل', '2tpkAsC0bK4KMA23CHe32-ap-zEtjn9OLhjH8XYSPiQ,UvsW', '::1', 'Mozilla/5.0 (Windows NT 10.0; Win64; x64) AppleWebKit/537.36 (KHTML, like Gecko) Chrome/149.0.0.0 Safari/537.36 Edg/149.0.0.0', 'login', 'auth', 'login', NULL, NULL, NULL, NULL, NULL, 'http://localhost/ems/login.php', 'POST', '{\"csrf_token\":\"[REDACTED]\",\"username\":\"محمد\",\"password\":\"[REDACTED]\"}', 200, '2026-06-18 13:43:18'),
(928, 4, 0, 0, 4, 1, 'ادارة التشغيل', '2tpkAsC0bK4KMA23CHe32-ap-zEtjn9OLhjH8XYSPiQ,UvsW', '::1', 'Mozilla/5.0 (Windows NT 10.0; Win64; x64) AppleWebKit/537.36 (KHTML, like Gecko) Chrome/149.0.0.0 Safari/537.36 Edg/149.0.0.0', 'logout', 'auth', 'logout', NULL, NULL, NULL, NULL, NULL, 'http://localhost/ems/logout.php', 'GET', NULL, 200, '2026-06-18 13:43:20'),
(929, 4, 0, 0, 13, 12, 'ادارة المبيعات', 'eWc2OjlsudAQt98sOUCXPEZfMvPC4ZkR73Kf4SLFN4fweuIh', '::1', 'Mozilla/5.0 (Windows NT 10.0; Win64; x64) AppleWebKit/537.36 (KHTML, like Gecko) Chrome/149.0.0.0 Safari/537.36 Edg/149.0.0.0', 'login', 'auth', 'login', NULL, NULL, NULL, NULL, NULL, 'http://localhost/ems/login.php', 'POST', '{\"csrf_token\":\"[REDACTED]\",\"username\":\"مبيعات\",\"password\":\"[REDACTED]\"}', 200, '2026-06-18 13:43:26'),
(930, 4, 0, 0, 13, 12, 'ادارة المبيعات', 'eWc2OjlsudAQt98sOUCXPEZfMvPC4ZkR73Kf4SLFN4fweuIh', '::1', 'Mozilla/5.0 (Windows NT 10.0; Win64; x64) AppleWebKit/537.36 (KHTML, like Gecko) Chrome/149.0.0.0 Safari/537.36 Edg/149.0.0.0', 'logout', 'auth', 'logout', NULL, NULL, NULL, NULL, NULL, 'http://localhost/ems/logout.php', 'GET', NULL, 200, '2026-06-18 13:43:48'),
(931, 4, 0, 0, 7, 4, 'ادارة الموارد البشرية', '515HODsnD4DjTWscxl5oA6j8AzhIlNiwk5FRcbyANF1OoLWM', '::1', 'Mozilla/5.0 (Windows NT 10.0; Win64; x64) AppleWebKit/537.36 (KHTML, like Gecko) Chrome/149.0.0.0 Safari/537.36 Edg/149.0.0.0', 'login', 'auth', 'login', NULL, NULL, NULL, NULL, NULL, 'http://localhost/ems/login.php', 'POST', '{\"csrf_token\":\"[REDACTED]\",\"username\":\"اروينا\",\"password\":\"[REDACTED]\"}', 200, '2026-06-18 13:43:57'),
(932, 4, 0, 0, 6, 3, 'ادارة الاسطول', 'H15V4wjUujwqhRbevMPwvxIT3C4soh40yk,h0LNYaB9Rs6o4', '::1', 'Mozilla/5.0 (Windows NT 10.0; Win64; x64) AppleWebKit/537.36 (KHTML, like Gecko) Chrome/149.0.0.0 Safari/537.36 Edg/149.0.0.0', 'login', 'auth', 'login', NULL, NULL, NULL, NULL, NULL, 'http://localhost/ems/login.php', 'POST', '{\"csrf_token\":\"[REDACTED]\",\"username\":\"يسن\",\"password\":\"[REDACTED]\"}', 200, '2026-06-20 08:01:31'),
(933, 4, 0, 0, 6, 3, 'ادارة الاسطول', 'H15V4wjUujwqhRbevMPwvxIT3C4soh40yk,h0LNYaB9Rs6o4', '::1', 'Mozilla/5.0 (Windows NT 10.0; Win64; x64) AppleWebKit/537.36 (KHTML, like Gecko) Chrome/149.0.0.0 Safari/537.36 Edg/149.0.0.0', 'fleet_models', 'equipments', 'create', 'create', NULL, NULL, NULL, NULL, 'http://localhost/ems/Equipments/fleet_models.php?edit_id=1', 'POST', '{\"csrf_token\":\"[REDACTED]\",\"edit_id\":\"1\",\"code\":\"666\",\"manufacturer\":\"تايوتا\",\"model_name\":\"samba\",\"equipment_type_id\":\"1\",\"operating_category\":\"تحميل\",\"fuel_type\":\"بنزين\",\"std_capacity\":\"700.00\",\"std_capacity_uom\":\"لتر\",\"default_supplier_name\":\"إيكوبيشن\",\"depreciation_profile_id\":\"\",\"tech_reference\":\"احمد\",\"status\":\"active\",\"specTable_length\":\"25\",\"spec_item_type\":[\"فلتر هيدروليك\",\"زيت مكنة\"],\"spec_recommended_ref\":[\"احمد\",\"احمد\"],\"spec_qty\":[\"8.00\",\"4\"],\"spec_uom\":[\"لا\",\"لتر\"],\"spec_alt_ref\":[\"لا\",\"تابكو\"],\"spec_existing_photo\":[\"\",\"\"],\"spec_note\":[\"لا توجد\",\"افضل\"]}', 302, '2026-06-20 08:04:08'),
(934, 4, 0, 0, 19, 13, 'ادارة الصيانة', 'jt,XC5-JEAPmxJ4AV8-6VO1OutQKoEg3qUkVtCXLumu1clAt', '::1', 'curl/8.7.1', 'login', 'auth', 'login', NULL, NULL, NULL, NULL, NULL, 'http://localhost/ems/login.php', 'POST', '{\"username\":\"maint_mgr\",\"password\":\"[REDACTED]\",\"csrf_token\":\"[REDACTED]\"}', 200, '2026-06-20 19:15:16'),
(935, 4, 0, 0, 19, 13, 'ادارة الصيانة', 'QnfS,XShhQUJ2eiNVbXRZLkjGG6iWZh2dOiYIp3S2Ynozwqs', '::1', 'curl/8.7.1', 'login', 'auth', 'login', NULL, NULL, NULL, NULL, NULL, 'http://localhost/ems/login.php', 'POST', '{\"username\":\"maint_mgr\",\"password\":\"[REDACTED]\",\"csrf_token\":\"[REDACTED]\"}', 200, '2026-06-20 19:19:18'),
(936, 4, 0, 0, 19, 13, 'ادارة الصيانة', 'dsnpasIhRUG9MW2kdk7q-kRT4DXmYhW4QiwkjJo2ke0ihV1l', '::1', 'curl/8.7.1', 'login', 'auth', 'login', NULL, NULL, NULL, NULL, NULL, 'http://localhost/ems/login.php', 'POST', '{\"username\":\"maint_mgr\",\"password\":\"[REDACTED]\",\"csrf_token\":\"[REDACTED]\"}', 200, '2026-06-20 19:26:26'),
(937, 4, 0, 0, 19, 13, 'ادارة الصيانة', 'dsnpasIhRUG9MW2kdk7q-kRT4DXmYhW4QiwkjJo2ke0ihV1l', '::1', 'curl/8.7.1', 'breakdowns', 'maintenance', 'create', 'create', NULL, NULL, NULL, NULL, 'http://localhost/ems/Maintenance/breakdowns.php', 'POST', '{\"equipment_id\":\"13\",\"severity\":\"?????\",\"description\":\"??? ?????? ???\"}', 302, '2026-06-20 19:26:26'),
(938, 4, 0, 0, 19, 13, 'ادارة الصيانة', 'dsnpasIhRUG9MW2kdk7q-kRT4DXmYhW4QiwkjJo2ke0ihV1l', '::1', 'curl/8.7.1', 'breakdowns', 'maintenance', 'issue_order', 'issue_order', NULL, NULL, NULL, NULL, 'http://localhost/ems/Maintenance/breakdowns.php', 'POST', '{\"action\":\"issue_order\",\"breakdown_id\":\"1\"}', 302, '2026-06-20 19:26:26'),
(939, 4, 0, 0, 19, 13, 'ادارة الصيانة', 'dsnpasIhRUG9MW2kdk7q-kRT4DXmYhW4QiwkjJo2ke0ihV1l', '::1', 'curl/8.7.1', 'orders', 'maintenance', 'save_order', 'save_order', NULL, 1, NULL, NULL, 'http://localhost/ems/Maintenance/orders.php', 'POST', '{\"action\":\"save_order\",\"id\":\"1\",\"equipment_id\":\"13\",\"source\":\"????\",\"state\":\"?????\"}', 302, '2026-06-20 19:26:27'),
(940, 4, 0, 0, 19, 13, 'ادارة الصيانة', 'dsnpasIhRUG9MW2kdk7q-kRT4DXmYhW4QiwkjJo2ke0ihV1l', '::1', 'curl/8.7.1', 'orders', 'maintenance', 'create', 'add_labor', NULL, NULL, NULL, NULL, 'http://localhost/ems/Maintenance/orders.php', 'POST', '{\"action\":\"add_labor\",\"order_id\":\"1\",\"labor_role\":\"???\",\"hours\":\"3\",\"hourly_rate\":\"50\"}', 302, '2026-06-20 19:26:27'),
(941, 4, 0, 0, 19, 13, 'ادارة الصيانة', 'dsnpasIhRUG9MW2kdk7q-kRT4DXmYhW4QiwkjJo2ke0ihV1l', '::1', 'curl/8.7.1', 'orders', 'maintenance', 'create', 'add_part', NULL, NULL, NULL, NULL, 'http://localhost/ems/Maintenance/orders.php', 'POST', '{\"action\":\"add_part\",\"order_id\":\"1\",\"part_name\":\"????\",\"quantity\":\"2\",\"unit_cost\":\"100\"}', 302, '2026-06-20 19:26:27'),
(942, 4, 0, 0, 19, 13, 'ادارة الصيانة', 'dsnpasIhRUG9MW2kdk7q-kRT4DXmYhW4QiwkjJo2ke0ihV1l', '::1', 'curl/8.7.1', 'orders', 'maintenance', 'save_order', 'save_order', NULL, 1, NULL, NULL, 'http://localhost/ems/Maintenance/orders.php', 'POST', '{\"action\":\"save_order\",\"id\":\"1\",\"equipment_id\":\"13\",\"source\":\"????\",\"state\":\"?????\",\"actions_taken\":\"?? ???????\",\"inspection_result\":\"????\"}', 302, '2026-06-20 19:26:27'),
(943, 4, 0, 0, 19, 13, 'ادارة الصيانة', 'dsnpasIhRUG9MW2kdk7q-kRT4DXmYhW4QiwkjJo2ke0ihV1l', '::1', 'curl/8.7.1', 'orders', 'maintenance', 'save_order', 'save_order', NULL, 1, NULL, NULL, 'http://localhost/ems/Maintenance/orders.php', 'POST', '{\"action\":\"save_order\",\"id\":\"1\",\"equipment_id\":\"13\",\"source\":\"????\",\"state\":\"?????\",\"actions_taken\":\"?? ???????\",\"root_cause_id\":\"1\",\"inspection_result\":\"????\"}', 302, '2026-06-20 19:26:27'),
(944, 1, 0, 0, 21, 13, 'ادارة الصيانة', 'nQFdfTN1YWIGhWG8Vu3bCwAs93eiFBQlUkWT2v0fOTh4p1Oc', '::1', 'curl/8.7.1', 'login', 'auth', 'login', NULL, NULL, NULL, NULL, NULL, 'http://localhost/ems/login.php', 'POST', '{\"username\":\"maint_mgr_c1\",\"password\":\"[REDACTED]\",\"csrf_token\":\"[REDACTED]\"}', 200, '2026-06-20 19:26:28'),
(945, 4, 0, 0, 19, 13, 'ادارة الصيانة', 'dsnpasIhRUG9MW2kdk7q-kRT4DXmYhW4QiwkjJo2ke0ihV1l', '::1', 'curl/8.7.1', 'breakdowns', 'maintenance', 'create', 'create', NULL, NULL, NULL, NULL, 'http://localhost/ems/Maintenance/breakdowns.php', 'POST', '{\"equipment_id\":\"13\",\"severity\":\"??????\",\"description\":\"???? ???? ???????\"}', 302, '2026-06-20 19:26:29'),
(946, 4, 0, 0, 19, 13, 'ادارة الصيانة', 'Mp9jkGDRNLBoBhBsgHUAf9iVsGFY094PHlv5u,BR5Hb4hUVT', '::1', 'curl/8.7.1', 'login', 'auth', 'login', NULL, NULL, NULL, NULL, NULL, 'http://localhost/ems/login.php', 'POST', '{\"username\":\"maint_mgr\",\"password\":\"[REDACTED]\",\"csrf_token\":\"[REDACTED]\"}', 200, '2026-06-20 19:28:45'),
(947, 4, 0, 0, 19, 13, 'ادارة الصيانة', 'Mp9jkGDRNLBoBhBsgHUAf9iVsGFY094PHlv5u,BR5Hb4hUVT', '::1', 'curl/8.7.1', '_probe', 'maintenance', 'create', 'create', NULL, NULL, NULL, NULL, 'http://localhost/ems/Maintenance/_probe.php', 'POST', '{\"v\":\"?????\"}', 200, '2026-06-20 19:28:45'),
(948, 4, 0, 0, 19, 13, 'ادارة الصيانة', 'sXMRdswuadG5idNHqpAotwu3D2UaXkty2s5QgT1byx7CThg8', '::1', 'curl/8.7.1', 'login', 'auth', 'login', NULL, NULL, NULL, NULL, NULL, 'http://localhost/ems/login.php', 'POST', '{\"username\":\"maint_mgr\",\"password\":\"[REDACTED]\",\"csrf_token\":\"[REDACTED]\"}', 200, '2026-06-20 19:29:28'),
(949, 4, 0, 0, 19, 13, 'ادارة الصيانة', 'sXMRdswuadG5idNHqpAotwu3D2UaXkty2s5QgT1byx7CThg8', '::1', 'curl/8.7.1', '_probe', 'maintenance', 'create', 'create', NULL, NULL, NULL, NULL, 'http://localhost/ems/Maintenance/_probe.php', 'POST', '{\"v\":\"تنفيذ\"}', 200, '2026-06-20 19:29:28'),
(950, 4, 0, 0, 19, 13, 'ادارة الصيانة', 'jNpR8KtDx4eTQxoJqo63,-vcyJuuAmL1qqdbrxEqoYNO5Y07', '::1', NULL, 'login', 'auth', 'login', NULL, NULL, NULL, NULL, NULL, 'http://localhost/ems/login.php', 'POST', '{\"username\":\"maint_mgr\",\"password\":\"[REDACTED]\",\"csrf_token\":\"[REDACTED]\"}', 200, '2026-06-20 19:31:22'),
(951, 4, 0, 0, 19, 13, 'ادارة الصيانة', 'jNpR8KtDx4eTQxoJqo63,-vcyJuuAmL1qqdbrxEqoYNO5Y07', '::1', NULL, 'breakdowns', 'maintenance', 'create', 'create', NULL, NULL, NULL, NULL, 'http://localhost/ems/Maintenance/breakdowns.php', 'POST', '{\"equipment_id\":\"13\",\"severity\":\"عالية\",\"description\":\"عطل اختبار آلي شامل\"}', 302, '2026-06-20 19:31:22'),
(952, 4, 0, 0, 19, 13, 'ادارة الصيانة', 'jNpR8KtDx4eTQxoJqo63,-vcyJuuAmL1qqdbrxEqoYNO5Y07', '::1', NULL, 'breakdowns', 'maintenance', 'issue_order', 'issue_order', NULL, NULL, NULL, NULL, 'http://localhost/ems/Maintenance/breakdowns.php', 'POST', '{\"action\":\"issue_order\",\"breakdown_id\":\"3\"}', 302, '2026-06-20 19:31:22'),
(953, 4, 0, 0, 19, 13, 'ادارة الصيانة', 'jNpR8KtDx4eTQxoJqo63,-vcyJuuAmL1qqdbrxEqoYNO5Y07', '::1', NULL, 'orders', 'maintenance', 'save_order', 'save_order', NULL, 2, NULL, NULL, 'http://localhost/ems/Maintenance/orders.php', 'POST', '{\"action\":\"save_order\",\"id\":\"2\",\"equipment_id\":\"13\",\"source\":\"بلاغ\",\"state\":\"تنفيذ\"}', 302, '2026-06-20 19:31:22'),
(954, 4, 0, 0, 19, 13, 'ادارة الصيانة', 'jNpR8KtDx4eTQxoJqo63,-vcyJuuAmL1qqdbrxEqoYNO5Y07', '::1', NULL, 'orders', 'maintenance', 'create', 'add_labor', NULL, NULL, NULL, NULL, 'http://localhost/ems/Maintenance/orders.php', 'POST', '{\"action\":\"add_labor\",\"order_id\":\"2\",\"labor_role\":\"فني\",\"hours\":\"3\",\"hourly_rate\":\"50\"}', 302, '2026-06-20 19:31:22'),
(955, 4, 0, 0, 19, 13, 'ادارة الصيانة', 'jNpR8KtDx4eTQxoJqo63,-vcyJuuAmL1qqdbrxEqoYNO5Y07', '::1', NULL, 'orders', 'maintenance', 'create', 'add_part', NULL, NULL, NULL, NULL, 'http://localhost/ems/Maintenance/orders.php', 'POST', '{\"action\":\"add_part\",\"order_id\":\"2\",\"part_name\":\"فلتر زيت\",\"quantity\":\"2\",\"unit_cost\":\"100\"}', 302, '2026-06-20 19:31:22'),
(956, 4, 0, 0, 19, 13, 'ادارة الصيانة', 'jNpR8KtDx4eTQxoJqo63,-vcyJuuAmL1qqdbrxEqoYNO5Y07', '::1', NULL, 'orders', 'maintenance', 'save_order', 'save_order', NULL, 2, NULL, NULL, 'http://localhost/ems/Maintenance/orders.php', 'POST', '{\"action\":\"save_order\",\"id\":\"2\",\"equipment_id\":\"13\",\"source\":\"بلاغ\",\"state\":\"إغلاق\",\"actions_taken\":\"تم الإصلاح\",\"inspection_result\":\"ناجح\"}', 302, '2026-06-20 19:31:22'),
(957, 4, 0, 0, 19, 13, 'ادارة الصيانة', 'jNpR8KtDx4eTQxoJqo63,-vcyJuuAmL1qqdbrxEqoYNO5Y07', '::1', NULL, 'orders', 'maintenance', 'save_order', 'save_order', NULL, 2, NULL, NULL, 'http://localhost/ems/Maintenance/orders.php', 'POST', '{\"action\":\"save_order\",\"id\":\"2\",\"equipment_id\":\"13\",\"source\":\"بلاغ\",\"state\":\"إغلاق\",\"actions_taken\":\"تم الإصلاح الكامل\",\"root_cause_id\":\"2\",\"inspection_result\":\"ناجح\"}', 302, '2026-06-20 19:31:22'),
(958, 1, 0, 0, 21, 13, 'ادارة الصيانة', ',78,4QjHAjpaGWfwa,e4AEDTy9zE7E-lnZ85n9pdEZhbnBQG', '::1', NULL, 'login', 'auth', 'login', NULL, NULL, NULL, NULL, NULL, 'http://localhost/ems/login.php', 'POST', '{\"username\":\"maint_mgr_c1\",\"password\":\"[REDACTED]\",\"csrf_token\":\"[REDACTED]\"}', 200, '2026-06-20 19:31:23'),
(959, 4, 0, 0, 19, 13, 'ادارة الصيانة', 'jNpR8KtDx4eTQxoJqo63,-vcyJuuAmL1qqdbrxEqoYNO5Y07', '::1', NULL, 'breakdowns', 'maintenance', 'create', 'create', NULL, NULL, NULL, NULL, 'http://localhost/ems/Maintenance/breakdowns.php', 'POST', '{\"equipment_id\":\"13\",\"severity\":\"متوسطة\",\"description\":\"بلاغ للعدّاد\"}', 302, '2026-06-20 19:31:23'),
(960, 4, 0, 0, 20, 14, 'مشرف صيانة', '2VL2,D8DRcbkzhiallyB9R,Doy7FD0pdwNVJDTXo-rLhFBU4', '::1', NULL, 'login', 'auth', 'login', NULL, NULL, NULL, NULL, NULL, 'http://localhost/ems/login.php', 'POST', '{\"username\":\"maint_sup\",\"password\":\"[REDACTED]\",\"csrf_token\":\"[REDACTED]\"}', 200, '2026-06-20 19:31:23'),
(961, 4, 0, 0, 20, 14, 'مشرف صيانة', '2VL2,D8DRcbkzhiallyB9R,Doy7FD0pdwNVJDTXo-rLhFBU4', '::1', NULL, 'orders', 'maintenance', 'new_order', 'new_order', NULL, NULL, NULL, NULL, 'http://localhost/ems/Maintenance/orders.php', 'POST', '{\"action\":\"new_order\"}', 302, '2026-06-20 19:31:23'),
(962, 4, 0, 0, 19, 13, 'ادارة الصيانة', 'VL7h0LK7NTlbN2jrBs4J281FUx4pQcSeIsSufHO0InwKqEmp', '::1', NULL, 'login', 'auth', 'login', NULL, NULL, NULL, NULL, NULL, 'http://localhost/ems/login.php', 'POST', '{\"username\":\"maint_mgr\",\"password\":\"[REDACTED]\",\"csrf_token\":\"[REDACTED]\"}', 200, '2026-06-20 19:36:58'),
(963, 4, 0, 0, 19, 13, 'ادارة الصيانة', 'VL7h0LK7NTlbN2jrBs4J281FUx4pQcSeIsSufHO0InwKqEmp', '::1', NULL, 'inspections', 'maintenance', 'new_inspection', 'new_inspection', NULL, NULL, NULL, NULL, 'http://localhost/ems/Maintenance/inspections.php', 'POST', '{\"action\":\"new_inspection\"}', 302, '2026-06-20 19:36:58'),
(964, 4, 0, 0, 19, 13, 'ادارة الصيانة', 'VL7h0LK7NTlbN2jrBs4J281FUx4pQcSeIsSufHO0InwKqEmp', '::1', NULL, 'inspections', 'maintenance', 'create', 'add_line', NULL, NULL, NULL, NULL, 'http://localhost/ems/Maintenance/inspections.php', 'POST', '{\"action\":\"add_line\",\"inspection_id\":\"1\",\"component\":\"الفرامل\",\"condition_state\":\"ملاحظة\",\"recommendation\":\"استبدال\"}', 302, '2026-06-20 19:36:58'),
(965, 4, 0, 0, 19, 13, 'ادارة الصيانة', 'VL7h0LK7NTlbN2jrBs4J281FUx4pQcSeIsSufHO0InwKqEmp', '::1', NULL, 'inspections', 'maintenance', 'save_inspection', 'save_inspection', NULL, 1, NULL, NULL, 'http://localhost/ems/Maintenance/inspections.php', 'POST', '{\"action\":\"save_inspection\",\"id\":\"1\",\"inspection_type\":\"دوري\",\"equipment_id\":\"13\",\"equipment_condition\":\"جيدة\",\"engine_condition\":\"ممتازة\",\"tech_readiness_state\":\"جاهزة\",\"state\":\"مكتمل\"}', 302, '2026-06-20 19:36:58'),
(966, 4, 0, 0, 19, 13, 'ادارة الصيانة', 'VL7h0LK7NTlbN2jrBs4J281FUx4pQcSeIsSufHO0InwKqEmp', '::1', NULL, 'preventive_plans', 'maintenance', 'new_plan', 'new_plan', NULL, NULL, NULL, NULL, 'http://localhost/ems/Maintenance/preventive_plans.php', 'POST', '{\"action\":\"new_plan\"}', 302, '2026-06-20 19:36:58'),
(967, 4, 0, 0, 19, 13, 'ادارة الصيانة', 'VL7h0LK7NTlbN2jrBs4J281FUx4pQcSeIsSufHO0InwKqEmp', '::1', NULL, 'preventive_plans', 'maintenance', 'save_plan', 'save_plan', NULL, 1, NULL, NULL, 'http://localhost/ems/Maintenance/preventive_plans.php', 'POST', '{\"action\":\"save_plan\",\"id\":\"1\",\"name\":\"خطة الزيت\",\"trigger_basis\":\"ساعات\",\"interval_value\":\"250\",\"equipment_id\":\"13\",\"next_due_meter\":\"0\",\"state\":\"نشطة\"}', 302, '2026-06-20 19:36:58'),
(968, 4, 0, 0, 19, 13, 'ادارة الصيانة', 'VL7h0LK7NTlbN2jrBs4J281FUx4pQcSeIsSufHO0InwKqEmp', '::1', NULL, 'preventive_plans', 'maintenance', 'generate_order', 'generate_order', NULL, NULL, NULL, NULL, 'http://localhost/ems/Maintenance/preventive_plans.php', 'POST', '{\"action\":\"generate_order\",\"plan_id\":\"1\"}', 302, '2026-06-20 19:36:58'),
(969, 4, 0, 0, 19, 13, 'ادارة الصيانة', 'VL7h0LK7NTlbN2jrBs4J281FUx4pQcSeIsSufHO0InwKqEmp', '::1', NULL, 'orders', 'maintenance', 'save_order', 'save_order', NULL, 3, NULL, NULL, 'http://localhost/ems/Maintenance/orders.php', 'POST', '{\"action\":\"save_order\",\"id\":\"3\",\"equipment_id\":\"13\",\"source\":\"وقائي\",\"state\":\"إغلاق\",\"actions_taken\":\"صيانة وقائية تمت\",\"root_cause_id\":\"3\",\"inspection_result\":\"ناجح\"}', 302, '2026-06-20 19:36:58'),
(970, 4, 0, 0, 19, 13, 'ادارة الصيانة', '0U3vUvHTi1oC2MxRTY6j50-Pm8r0wxS9KyIzrodUTdQSnPem', '::1', 'curl/8.7.1', 'login', 'auth', 'login', NULL, NULL, NULL, NULL, NULL, 'http://localhost/ems/login.php', 'POST', '{\"username\":\"maint_mgr\",\"password\":\"[REDACTED]\",\"csrf_token\":\"[REDACTED]\"}', 200, '2026-06-20 19:37:31'),
(971, 4, 0, 0, 19, 13, 'ادارة الصيانة', 'E757w4rvmZ686AW3J1Akn4iSk0P6aeCh95s0qw9y2RNzTbjA', '::1', 'curl/8.7.1', 'login', 'auth', 'login', NULL, NULL, NULL, NULL, NULL, 'http://localhost/ems/login.php', 'POST', '{\"username\":\"maint_mgr\",\"password\":\"[REDACTED]\",\"csrf_token\":\"[REDACTED]\"}', 200, '2026-06-20 19:37:32'),
(972, 4, 0, 0, 19, 13, 'ادارة الصيانة', 'p7bigRHvBa4PnEFUKHlhG9,Intly9ZEW,0uWW57Ohc25GESz', '::1', 'curl/8.7.1', 'login', 'auth', 'login', NULL, NULL, NULL, NULL, NULL, 'http://localhost/ems/login.php', 'POST', '{\"username\":\"maint_mgr\",\"password\":\"[REDACTED]\",\"csrf_token\":\"[REDACTED]\"}', 200, '2026-06-20 19:37:33'),
(973, 4, 0, 0, 19, 13, 'ادارة الصيانة', 'TExAZA,D3jRPSNLMr8VgiMbUuRitjy-uTS2KihLlDh0wWp6-', '::1', 'curl/8.7.1', 'login', 'auth', 'login', NULL, NULL, NULL, NULL, NULL, 'http://localhost/ems/login.php', 'POST', '{\"username\":\"maint_mgr\",\"password\":\"[REDACTED]\",\"csrf_token\":\"[REDACTED]\"}', 200, '2026-06-20 19:39:33'),
(974, 4, 0, 0, 19, 13, 'ادارة الصيانة', 'SeBk1Ids58mGiye1xQDbmsdlwdEWQweqZ,623nWf3zkc1VlD', '::1', 'curl/8.7.1', 'login', 'auth', 'login', NULL, NULL, NULL, NULL, NULL, 'http://localhost/ems/login.php', 'POST', '{\"username\":\"maint_mgr\",\"password\":\"[REDACTED]\",\"csrf_token\":\"[REDACTED]\"}', 200, '2026-06-20 19:43:18'),
(975, 4, 0, 0, 19, 13, 'ادارة الصيانة', 'oCk61faypPNt7KiOHxOO9YW2hqQS-KeuAMbqbbZ6yNwem29P', '::1', 'curl/8.7.1', 'login', 'auth', 'login', NULL, NULL, NULL, NULL, NULL, 'http://localhost/ems/login.php', 'POST', '{\"username\":\"maint_mgr\",\"password\":\"[REDACTED]\",\"csrf_token\":\"[REDACTED]\"}', 200, '2026-06-20 19:43:19'),
(976, 4, 0, 0, 19, 13, 'ادارة الصيانة', 'niZ,4m5wt,h7mAMjhbaiNjalxVIOUKQnJ0d0gdE6tj6g1cOB', '::1', NULL, 'login', 'auth', 'login', NULL, NULL, NULL, NULL, NULL, 'http://localhost/ems/login.php', 'POST', '{\"username\":\"maint_mgr\",\"password\":\"[REDACTED]\",\"csrf_token\":\"[REDACTED]\"}', 200, '2026-06-20 19:44:40'),
(977, 4, 0, 0, 22, 1, 'ادارة التشغيل', 'YjhhydrqztbSankdxStfhFKFFHcQ9QhFAw0TyMC,7-Q0Jqnm', '::1', NULL, 'login', 'auth', 'login', NULL, NULL, NULL, NULL, NULL, 'http://localhost/ems/login.php', 'POST', '{\"username\":\"ops_test\",\"password\":\"[REDACTED]\",\"csrf_token\":\"[REDACTED]\"}', 200, '2026-06-20 19:45:10'),
(978, 4, 0, 0, 22, 1, 'ادارة التشغيل', 'YjhhydrqztbSankdxStfhFKFFHcQ9QhFAw0TyMC,7-Q0Jqnm', '::1', NULL, 'breakdowns', 'maintenance', 'create', 'create', NULL, NULL, NULL, NULL, 'http://localhost/ems/Maintenance/breakdowns.php', 'POST', '{\"equipment_id\":\"13\",\"severity\":\"منخفضة\",\"description\":\"بلاغ من التشغيل\"}', 302, '2026-06-20 19:45:10'),
(979, 4, 0, 0, 4, 1, 'ادارة التشغيل', 'Gsq3m2yoFljvXDWcegGRu0RJsaZ3BiyxoYMyWnnPam4dcEqX', '::1', 'Mozilla/5.0 (Windows NT 10.0; Win64; x64) AppleWebKit/537.36 (KHTML, like Gecko) Chrome/149.0.0.0 Safari/537.36 Edg/149.0.0.0', 'login', 'auth', 'login', NULL, NULL, NULL, NULL, NULL, 'http://localhost/ems/login.php', 'POST', '{\"csrf_token\":\"[REDACTED]\",\"username\":\"محمد\",\"password\":\"[REDACTED]\"}', 200, '2026-06-20 19:54:04'),
(980, 4, 0, 0, 4, 1, 'ادارة التشغيل', 'Gsq3m2yoFljvXDWcegGRu0RJsaZ3BiyxoYMyWnnPam4dcEqX', '::1', 'Mozilla/5.0 (Windows NT 10.0; Win64; x64) AppleWebKit/537.36 (KHTML, like Gecko) Chrome/149.0.0.0 Safari/537.36 Edg/149.0.0.0', 'users', 'main', 'create', 'create', NULL, NULL, NULL, NULL, 'http://localhost/ems/main/users.php', 'POST', '{\"username\":\"صيا\",\"uid\":\"19\"}', 200, '2026-06-20 19:54:34'),
(981, 4, 0, 0, 4, 1, 'ادارة التشغيل', 'Gsq3m2yoFljvXDWcegGRu0RJsaZ3BiyxoYMyWnnPam4dcEqX', '::1', 'Mozilla/5.0 (Windows NT 10.0; Win64; x64) AppleWebKit/537.36 (KHTML, like Gecko) Chrome/149.0.0.0 Safari/537.36 Edg/149.0.0.0', 'users', 'main', 'create', 'create', NULL, NULL, NULL, NULL, 'http://localhost/ems/main/users.php', 'POST', '{\"username\":\"صيان\",\"uid\":\"19\"}', 200, '2026-06-20 19:54:34'),
(982, 4, 0, 0, 4, 1, 'ادارة التشغيل', 'Gsq3m2yoFljvXDWcegGRu0RJsaZ3BiyxoYMyWnnPam4dcEqX', '::1', 'Mozilla/5.0 (Windows NT 10.0; Win64; x64) AppleWebKit/537.36 (KHTML, like Gecko) Chrome/149.0.0.0 Safari/537.36 Edg/149.0.0.0', 'users', 'main', 'create', 'create', NULL, NULL, NULL, NULL, 'http://localhost/ems/main/users.php', 'POST', '{\"username\":\"صيانة\",\"uid\":\"19\"}', 200, '2026-06-20 19:54:35'),
(983, 4, 0, 0, 4, 1, 'ادارة التشغيل', 'Gsq3m2yoFljvXDWcegGRu0RJsaZ3BiyxoYMyWnnPam4dcEqX', '::1', 'Mozilla/5.0 (Windows NT 10.0; Win64; x64) AppleWebKit/537.36 (KHTML, like Gecko) Chrome/149.0.0.0 Safari/537.36 Edg/149.0.0.0', 'users', 'main', 'create', 'create', NULL, NULL, NULL, NULL, 'http://localhost/ems/main/users.php', 'POST', '{\"csrf_token\":\"[REDACTED]\",\"uid\":\"19\",\"name\":\"مدير الصيانة\",\"username\":\"صيانة\",\"password\":\"[REDACTED]\",\"role\":\"13\",\"phone\":\"01123475758\",\"status\":\"active\",\"project_id\":\"\",\"contract_id\":\"\"}', 200, '2026-06-20 19:54:48'),
(984, 4, 0, 0, 4, 1, 'ادارة التشغيل', 'Gsq3m2yoFljvXDWcegGRu0RJsaZ3BiyxoYMyWnnPam4dcEqX', '::1', 'Mozilla/5.0 (Windows NT 10.0; Win64; x64) AppleWebKit/537.36 (KHTML, like Gecko) Chrome/149.0.0.0 Safari/537.36 Edg/149.0.0.0', 'users', 'main', 'create', 'create', NULL, NULL, NULL, NULL, 'http://localhost/ems/main/users.php', 'POST', '{\"username\":\"مصي\",\"uid\":\"20\"}', 200, '2026-06-20 19:55:12');
INSERT INTO `activity_logs` (`id`, `company_id`, `project_id`, `contract_id`, `user_id`, `role_id`, `role_name`, `session_id`, `ip_address`, `user_agent`, `screen_name`, `module_name`, `action_type`, `button_name`, `field_name`, `record_id`, `old_value`, `new_value`, `url`, `http_method`, `request_payload`, `response_status`, `created_at`) VALUES
(985, 4, 0, 0, 4, 1, 'ادارة التشغيل', 'Gsq3m2yoFljvXDWcegGRu0RJsaZ3BiyxoYMyWnnPam4dcEqX', '::1', 'Mozilla/5.0 (Windows NT 10.0; Win64; x64) AppleWebKit/537.36 (KHTML, like Gecko) Chrome/149.0.0.0 Safari/537.36 Edg/149.0.0.0', 'users', 'main', 'create', 'create', NULL, NULL, NULL, NULL, 'http://localhost/ems/main/users.php', 'POST', '{\"username\":\"مصيا\",\"uid\":\"20\"}', 200, '2026-06-20 19:55:13'),
(986, 4, 0, 0, 4, 1, 'ادارة التشغيل', 'Gsq3m2yoFljvXDWcegGRu0RJsaZ3BiyxoYMyWnnPam4dcEqX', '::1', 'Mozilla/5.0 (Windows NT 10.0; Win64; x64) AppleWebKit/537.36 (KHTML, like Gecko) Chrome/149.0.0.0 Safari/537.36 Edg/149.0.0.0', 'users', 'main', 'create', 'create', NULL, NULL, NULL, NULL, 'http://localhost/ems/main/users.php', 'POST', '{\"username\":\"مصيان\",\"uid\":\"20\"}', 200, '2026-06-20 19:55:13'),
(987, 4, 0, 0, 4, 1, 'ادارة التشغيل', 'Gsq3m2yoFljvXDWcegGRu0RJsaZ3BiyxoYMyWnnPam4dcEqX', '::1', 'Mozilla/5.0 (Windows NT 10.0; Win64; x64) AppleWebKit/537.36 (KHTML, like Gecko) Chrome/149.0.0.0 Safari/537.36 Edg/149.0.0.0', 'users', 'main', 'create', 'create', NULL, NULL, NULL, NULL, 'http://localhost/ems/main/users.php', 'POST', '{\"username\":\"مصيانة\",\"uid\":\"20\"}', 200, '2026-06-20 19:55:13'),
(988, 4, 0, 0, 4, 1, 'ادارة التشغيل', 'Gsq3m2yoFljvXDWcegGRu0RJsaZ3BiyxoYMyWnnPam4dcEqX', '::1', 'Mozilla/5.0 (Windows NT 10.0; Win64; x64) AppleWebKit/537.36 (KHTML, like Gecko) Chrome/149.0.0.0 Safari/537.36 Edg/149.0.0.0', 'users', 'main', 'create', 'create', NULL, NULL, NULL, NULL, 'http://localhost/ems/main/users.php', 'POST', '{\"csrf_token\":\"[REDACTED]\",\"uid\":\"20\",\"name\":\"مشرف الصيانة\",\"username\":\"مصيانة\",\"password\":\"[REDACTED]\",\"role\":\"13\",\"phone\":\"0915657579\",\"status\":\"active\",\"project_id\":\"\",\"contract_id\":\"\"}', 200, '2026-06-20 19:55:31'),
(989, 4, 0, 0, 4, 1, 'ادارة التشغيل', 'Gsq3m2yoFljvXDWcegGRu0RJsaZ3BiyxoYMyWnnPam4dcEqX', '::1', 'Mozilla/5.0 (Windows NT 10.0; Win64; x64) AppleWebKit/537.36 (KHTML, like Gecko) Chrome/149.0.0.0 Safari/537.36 Edg/149.0.0.0', 'logout', 'auth', 'logout', NULL, NULL, NULL, NULL, NULL, 'http://localhost/ems/logout.php', 'GET', NULL, 200, '2026-06-20 19:56:05'),
(990, 4, 0, 0, 19, 13, 'ادارة الصيانة', '3HPuf7WpDZwlNNxYd74vL74jW-H9,TX83b-Dmw8rgfVwYAOM', '::1', 'Mozilla/5.0 (Windows NT 10.0; Win64; x64) AppleWebKit/537.36 (KHTML, like Gecko) Chrome/149.0.0.0 Safari/537.36 Edg/149.0.0.0', 'login', 'auth', 'login', NULL, NULL, NULL, NULL, NULL, 'http://localhost/ems/login.php', 'POST', '{\"csrf_token\":\"[REDACTED]\",\"username\":\"صيانة\",\"password\":\"[REDACTED]\"}', 200, '2026-06-20 19:56:13'),
(991, 4, 0, 0, 19, 13, 'ادارة الصيانة', '3HPuf7WpDZwlNNxYd74vL74jW-H9,TX83b-Dmw8rgfVwYAOM', '::1', 'Mozilla/5.0 (Windows NT 10.0; Win64; x64) AppleWebKit/537.36 (KHTML, like Gecko) Chrome/149.0.0.0 Safari/537.36 Edg/149.0.0.0', 'orders', 'maintenance', 'new_order', 'new_order', NULL, NULL, NULL, NULL, 'http://localhost/ems/Maintenance/orders.php', 'POST', '{\"csrf_token\":\"[REDACTED]\",\"action\":\"new_order\"}', 302, '2026-06-20 19:56:29'),
(992, 4, 0, 0, 19, 13, 'ادارة الصيانة', '3HPuf7WpDZwlNNxYd74vL74jW-H9,TX83b-Dmw8rgfVwYAOM', '::1', 'Mozilla/5.0 (Windows NT 10.0; Win64; x64) AppleWebKit/537.36 (KHTML, like Gecko) Chrome/149.0.0.0 Safari/537.36 Edg/149.0.0.0', 'inspections', 'maintenance', 'new_inspection', 'new_inspection', NULL, NULL, NULL, NULL, 'http://localhost/ems/Maintenance/inspections.php', 'POST', '{\"csrf_token\":\"[REDACTED]\",\"action\":\"new_inspection\"}', 302, '2026-06-20 19:57:34'),
(993, 4, 0, 0, 19, 13, 'ادارة الصيانة', '3HPuf7WpDZwlNNxYd74vL74jW-H9,TX83b-Dmw8rgfVwYAOM', '::1', 'Mozilla/5.0 (Windows NT 10.0; Win64; x64) AppleWebKit/537.36 (KHTML, like Gecko) Chrome/149.0.0.0 Safari/537.36 Edg/149.0.0.0', 'preventive_plans', 'maintenance', 'new_plan', 'new_plan', NULL, NULL, NULL, NULL, 'http://localhost/ems/Maintenance/preventive_plans.php', 'POST', '{\"csrf_token\":\"[REDACTED]\",\"action\":\"new_plan\"}', 302, '2026-06-20 19:58:01'),
(994, 4, 0, 0, 19, 13, 'ادارة الصيانة', '3HPuf7WpDZwlNNxYd74vL74jW-H9,TX83b-Dmw8rgfVwYAOM', '::1', 'Mozilla/5.0 (Windows NT 10.0; Win64; x64) AppleWebKit/537.36 (KHTML, like Gecko) Chrome/149.0.0.0 Safari/537.36 Edg/149.0.0.0', 'inspections', 'maintenance', 'new_inspection', 'new_inspection', NULL, NULL, NULL, NULL, 'http://localhost/ems/Maintenance/inspections.php', 'POST', '{\"csrf_token\":\"[REDACTED]\",\"action\":\"new_inspection\"}', 302, '2026-06-20 20:00:47'),
(995, 4, 0, 0, 19, 13, 'ادارة الصيانة', '3HPuf7WpDZwlNNxYd74vL74jW-H9,TX83b-Dmw8rgfVwYAOM', '::1', 'Mozilla/5.0 (Windows NT 10.0; Win64; x64) AppleWebKit/537.36 (KHTML, like Gecko) Chrome/149.0.0.0 Safari/537.36 Edg/149.0.0.0', 'preventive_plans', 'maintenance', 'new_plan', 'new_plan', NULL, NULL, NULL, NULL, 'http://localhost/ems/Maintenance/preventive_plans.php', 'POST', '{\"csrf_token\":\"[REDACTED]\",\"action\":\"new_plan\"}', 302, '2026-06-20 20:00:54'),
(996, 4, 0, 0, 19, 13, 'ادارة الصيانة', '3HPuf7WpDZwlNNxYd74vL74jW-H9,TX83b-Dmw8rgfVwYAOM', '::1', 'Mozilla/5.0 (Windows NT 10.0; Win64; x64) AppleWebKit/537.36 (KHTML, like Gecko) Chrome/149.0.0.0 Safari/537.36 Edg/149.0.0.0', 'breakdowns', 'maintenance', 'create', 'create', NULL, NULL, NULL, NULL, 'http://localhost/ems/Maintenance/breakdowns.php', 'POST', '{\"csrf_token\":\"[REDACTED]\",\"equipment_id\":\"11\",\"project_id\":\"1\",\"reporter_dept\":\"التشغيل\",\"report_datetime\":\"2026-06-20T23:03\",\"failure_code_id\":\"41\",\"severity\":\"عالية\",\"is_stopped\":\"1\",\"description\":\"المعدة واقفة\"}', 302, '2026-06-20 20:02:34'),
(997, 4, 0, 0, 19, 13, 'ادارة الصيانة', '3HPuf7WpDZwlNNxYd74vL74jW-H9,TX83b-Dmw8rgfVwYAOM', '::1', 'Mozilla/5.0 (Windows NT 10.0; Win64; x64) AppleWebKit/537.36 (KHTML, like Gecko) Chrome/149.0.0.0 Safari/537.36 Edg/149.0.0.0', 'breakdowns', 'maintenance', 'issue_order', 'issue_order', NULL, NULL, NULL, NULL, 'http://localhost/ems/Maintenance/breakdowns.php?msg=%D8%AA%D9%85+%D8%AA%D8%B3%D8%AC%D9%8A%D9%84+%D8%A7%D9%84%D8%A8%D9%84%D8%A7%D8%BA+%D8%A8%D9%86%D8%AC%D8%A7%D8%AD+%E2%9C%85', 'POST', '{\"csrf_token\":\"[REDACTED]\",\"action\":\"issue_order\",\"breakdown_id\":\"6\"}', 302, '2026-06-20 20:02:55'),
(998, 4, 0, 0, 19, 13, 'ادارة الصيانة', '3HPuf7WpDZwlNNxYd74vL74jW-H9,TX83b-Dmw8rgfVwYAOM', '::1', 'Mozilla/5.0 (Windows NT 10.0; Win64; x64) AppleWebKit/537.36 (KHTML, like Gecko) Chrome/149.0.0.0 Safari/537.36 Edg/149.0.0.0', 'orders', 'maintenance', 'create', 'add_labor', NULL, 5, NULL, NULL, 'http://localhost/ems/Maintenance/orders.php?id=5&msg=%D8%AA%D9%85+%D8%A5%D8%B5%D8%AF%D8%A7%D8%B1+%D8%A3%D9%85%D8%B1+%D8%B5%D9%8A%D8%A7%D9%86%D8%A9+%D9%85%D9%86+%D8%A7%D9%84%D8%A8%D9%84%D8%A7%D8%BA+%E2%9C%85', 'POST', '{\"csrf_token\":\"[REDACTED]\",\"action\":\"add_labor\",\"order_id\":\"5\",\"employee_id\":\"9\",\"labor_role\":\"5\",\"hours\":\"10\",\"hourly_rate\":\"5\"}', 302, '2026-06-20 20:05:03'),
(999, 4, 0, 0, 19, 13, 'ادارة الصيانة', '3HPuf7WpDZwlNNxYd74vL74jW-H9,TX83b-Dmw8rgfVwYAOM', '::1', 'Mozilla/5.0 (Windows NT 10.0; Win64; x64) AppleWebKit/537.36 (KHTML, like Gecko) Chrome/149.0.0.0 Safari/537.36 Edg/149.0.0.0', 'orders', 'maintenance', 'create', 'add_part', NULL, 5, NULL, NULL, 'http://localhost/ems/Maintenance/orders.php?id=5&msg=%D8%AA%D9%85%D8%AA+%D8%A5%D8%B6%D8%A7%D9%81%D8%A9+%D8%B3%D8%B7%D8%B1+%D8%B9%D9%85%D8%A7%D9%84%D8%A9+%E2%9C%85', 'POST', '{\"csrf_token\":\"[REDACTED]\",\"action\":\"add_part\",\"order_id\":\"5\",\"part_name\":\"قطعة بيضاء\",\"category\":\"تصنيف\",\"quantity\":\"1\",\"unit_cost\":\"10\"}', 302, '2026-06-20 20:05:27'),
(1000, 4, 0, 0, 19, 13, 'ادارة الصيانة', '3HPuf7WpDZwlNNxYd74vL74jW-H9,TX83b-Dmw8rgfVwYAOM', '::1', 'Mozilla/5.0 (Windows NT 10.0; Win64; x64) AppleWebKit/537.36 (KHTML, like Gecko) Chrome/149.0.0.0 Safari/537.36 Edg/149.0.0.0', 'orders', 'maintenance', 'save_order', 'save_order', NULL, 5, NULL, NULL, 'http://localhost/ems/Maintenance/orders.php?id=5&msg=%D8%AA%D9%85%D8%AA+%D8%A5%D8%B6%D8%A7%D9%81%D8%A9+%D8%B3%D8%B7%D8%B1+%D9%82%D8%B7%D8%B9%D8%A9+%E2%9C%85', 'POST', '{\"csrf_token\":\"[REDACTED]\",\"action\":\"save_order\",\"id\":\"5\",\"equipment_id\":\"11\",\"project_id\":\"1\",\"source\":\"بلاغ\",\"maint_type\":\"\",\"priority\":\"\",\"failure_code_id\":\"41\",\"cost_party\":\"\",\"vendor_id\":\"\",\"workshop\":\"\",\"technician_id\":\"\",\"supervisor_id\":\"\",\"external_cost\":\"0.00\",\"work_start\":\"\",\"work_end\":\"\",\"downtime_hours\":\"0.00\",\"root_cause_id\":\"\",\"inspection_result\":\"\",\"state\":\"بلاغ\",\"diagnosis\":\"\",\"actions_taken\":\"\"}', 302, '2026-06-20 20:07:56'),
(1001, 4, 0, 0, 19, 13, 'ادارة الصيانة', '3HPuf7WpDZwlNNxYd74vL74jW-H9,TX83b-Dmw8rgfVwYAOM', '::1', 'Mozilla/5.0 (Windows NT 10.0; Win64; x64) AppleWebKit/537.36 (KHTML, like Gecko) Chrome/149.0.0.0 Safari/537.36 Edg/149.0.0.0', 'logout', 'auth', 'logout', NULL, NULL, NULL, NULL, NULL, 'http://localhost/ems/logout.php', 'GET', NULL, 200, '2026-06-20 20:08:12'),
(1002, 4, 0, 0, 6, 3, 'ادارة الاسطول', 'LNmAEh6asJ9HEhhgH1voEAIDUmNOWDk5oSZXuyopFXm5XwsQ', '::1', 'Mozilla/5.0 (Windows NT 10.0; Win64; x64) AppleWebKit/537.36 (KHTML, like Gecko) Chrome/149.0.0.0 Safari/537.36 Edg/149.0.0.0', 'login', 'auth', 'login', NULL, NULL, NULL, NULL, NULL, 'http://localhost/ems/login.php', 'POST', '{\"csrf_token\":\"[REDACTED]\",\"username\":\"يسن\",\"password\":\"[REDACTED]\"}', 200, '2026-06-20 20:08:18'),
(1003, 4, 0, 0, 6, 3, 'ادارة الاسطول', 'LNmAEh6asJ9HEhhgH1voEAIDUmNOWDk5oSZXuyopFXm5XwsQ', '::1', 'Mozilla/5.0 (Windows NT 10.0; Win64; x64) AppleWebKit/537.36 (KHTML, like Gecko) Chrome/149.0.0.0 Safari/537.36 Edg/149.0.0.0', 'logout', 'auth', 'logout', NULL, NULL, NULL, NULL, NULL, 'http://localhost/ems/logout.php', 'GET', NULL, 200, '2026-06-20 20:11:29'),
(1004, 4, 0, 0, 4, 1, 'ادارة التشغيل', 'oZBL,rX99q7dD7N0XHWcsqh-GrAwWz2l4Rjm-1AIpDHf03vF', '::1', 'Mozilla/5.0 (Windows NT 10.0; Win64; x64) AppleWebKit/537.36 (KHTML, like Gecko) Chrome/149.0.0.0 Safari/537.36 Edg/149.0.0.0', 'login', 'auth', 'login', NULL, NULL, NULL, NULL, NULL, 'http://localhost/ems/login.php', 'POST', '{\"csrf_token\":\"[REDACTED]\",\"username\":\"محمد\",\"password\":\"[REDACTED]\"}', 200, '2026-06-20 20:11:36'),
(1005, 4, 0, 0, 4, 1, 'ادارة التشغيل', 'oZBL,rX99q7dD7N0XHWcsqh-GrAwWz2l4Rjm-1AIpDHf03vF', '::1', 'Mozilla/5.0 (Windows NT 10.0; Win64; x64) AppleWebKit/537.36 (KHTML, like Gecko) Chrome/149.0.0.0 Safari/537.36 Edg/149.0.0.0', 'logout', 'auth', 'logout', NULL, NULL, NULL, NULL, NULL, 'http://localhost/ems/logout.php', 'GET', NULL, 200, '2026-06-20 20:20:48'),
(1006, 4, 0, 0, 19, 13, 'ادارة الصيانة', 'FNKVCjBOiYuRmeEH3lDNu2IYRoFlRGMbXaeX9eGjcQkjZrk1', '::1', 'Mozilla/5.0 (Windows NT 10.0; Win64; x64) AppleWebKit/537.36 (KHTML, like Gecko) Chrome/149.0.0.0 Safari/537.36 Edg/149.0.0.0', 'login', 'auth', 'login', NULL, NULL, NULL, NULL, NULL, 'http://localhost/ems/login.php', 'POST', '{\"csrf_token\":\"[REDACTED]\",\"username\":\"صيانة\",\"password\":\"[REDACTED]\"}', 200, '2026-06-20 20:20:55'),
(1007, 4, 0, 0, 19, 13, 'ادارة الصيانة', 'FNKVCjBOiYuRmeEH3lDNu2IYRoFlRGMbXaeX9eGjcQkjZrk1', '::1', 'Mozilla/5.0 (Windows NT 10.0; Win64; x64) AppleWebKit/537.36 (KHTML, like Gecko) Chrome/149.0.0.0 Safari/537.36 Edg/149.0.0.0', 'inspections', 'maintenance', 'new_inspection', 'new_inspection', NULL, NULL, NULL, NULL, 'http://localhost/ems/Maintenance/inspections.php', 'POST', '{\"csrf_token\":\"[REDACTED]\",\"action\":\"new_inspection\"}', 302, '2026-06-20 20:21:09'),
(1008, 4, 0, 0, 19, 13, 'ادارة الصيانة', 'FNKVCjBOiYuRmeEH3lDNu2IYRoFlRGMbXaeX9eGjcQkjZrk1', '::1', 'Mozilla/5.0 (Windows NT 10.0; Win64; x64) AppleWebKit/537.36 (KHTML, like Gecko) Chrome/149.0.0.0 Safari/537.36 Edg/149.0.0.0', 'orders', 'maintenance', 'new_order', 'new_order', NULL, NULL, NULL, NULL, 'http://localhost/ems/Maintenance/orders.php', 'POST', '{\"csrf_token\":\"[REDACTED]\",\"action\":\"new_order\"}', 302, '2026-06-20 20:21:35'),
(1009, 4, 0, 0, 19, 13, 'ادارة الصيانة', 'FNKVCjBOiYuRmeEH3lDNu2IYRoFlRGMbXaeX9eGjcQkjZrk1', '::1', 'Mozilla/5.0 (Windows NT 10.0; Win64; x64) AppleWebKit/537.36 (KHTML, like Gecko) Chrome/149.0.0.0 Safari/537.36 Edg/149.0.0.0', 'orders', 'maintenance', 'create', 'add_labor', NULL, NULL, NULL, NULL, 'http://localhost/ems/Maintenance/orders.php?id=6&msg=%D8%AA%D9%85+%D8%A5%D9%86%D8%B4%D8%A7%D8%A1+%D8%A3%D9%85%D8%B1+%D8%B5%D9%8A%D8%A7%D9%86%D8%A9+%D8%AC%D8%AF%D9%8A%D8%AF+%E2%9C%85', 'POST', '{\"action\":\"add_labor\",\"order_id\":\"6\",\"employee_id\":\"14\",\"labor_role\":\"5\",\"hours\":\"2\",\"hourly_rate\":\"10\",\"ajax\":\"1\"}', 200, '2026-06-20 20:21:52'),
(1010, 4, 0, 0, 19, 13, 'ادارة الصيانة', 'FNKVCjBOiYuRmeEH3lDNu2IYRoFlRGMbXaeX9eGjcQkjZrk1', '::1', 'Mozilla/5.0 (Windows NT 10.0; Win64; x64) AppleWebKit/537.36 (KHTML, like Gecko) Chrome/149.0.0.0 Safari/537.36 Edg/149.0.0.0', 'orders', 'maintenance', 'create', 'add_part', NULL, NULL, NULL, NULL, 'http://localhost/ems/Maintenance/orders.php?id=6&msg=%D8%AA%D9%85+%D8%A5%D9%86%D8%B4%D8%A7%D8%A1+%D8%A3%D9%85%D8%B1+%D8%B5%D9%8A%D8%A7%D9%86%D8%A9+%D8%AC%D8%AF%D9%8A%D8%AF+%E2%9C%85', 'POST', '{\"action\":\"add_part\",\"order_id\":\"6\",\"part_name\":\"قطعة بيضاء\",\"category\":\"تعدين\",\"quantity\":\"1\",\"unit_cost\":\"10\",\"ajax\":\"1\"}', 200, '2026-06-20 20:22:06'),
(1011, 4, 0, 0, 19, 13, 'ادارة الصيانة', 'FNKVCjBOiYuRmeEH3lDNu2IYRoFlRGMbXaeX9eGjcQkjZrk1', '::1', 'Mozilla/5.0 (Windows NT 10.0; Win64; x64) AppleWebKit/537.36 (KHTML, like Gecko) Chrome/149.0.0.0 Safari/537.36 Edg/149.0.0.0', 'orders', 'maintenance', 'create', 'add_part', NULL, NULL, NULL, NULL, 'http://localhost/ems/Maintenance/orders.php?id=6&msg=%D8%AA%D9%85+%D8%A5%D9%86%D8%B4%D8%A7%D8%A1+%D8%A3%D9%85%D8%B1+%D8%B5%D9%8A%D8%A7%D9%86%D8%A9+%D8%AC%D8%AF%D9%8A%D8%AF+%E2%9C%85', 'POST', '{\"action\":\"add_part\",\"order_id\":\"6\",\"part_name\":\"قطعة بيضاء\",\"category\":\"رقص , بالي , غناء , حفلة\",\"quantity\":\"1\",\"unit_cost\":\"10\",\"is_major_component\":\"1\",\"ajax\":\"1\"}', 200, '2026-06-20 20:22:17'),
(1012, 4, 0, 0, 19, 13, 'ادارة الصيانة', 'FNKVCjBOiYuRmeEH3lDNu2IYRoFlRGMbXaeX9eGjcQkjZrk1', '::1', 'Mozilla/5.0 (Windows NT 10.0; Win64; x64) AppleWebKit/537.36 (KHTML, like Gecko) Chrome/149.0.0.0 Safari/537.36 Edg/149.0.0.0', 'orders', 'maintenance', 'save_order', 'save_order', NULL, 6, NULL, NULL, 'http://localhost/ems/Maintenance/orders.php?id=6&msg=%D8%AA%D9%85+%D8%A5%D9%86%D8%B4%D8%A7%D8%A1+%D8%A3%D9%85%D8%B1+%D8%B5%D9%8A%D8%A7%D9%86%D8%A9+%D8%AC%D8%AF%D9%8A%D8%AF+%E2%9C%85', 'POST', '{\"csrf_token\":\"[REDACTED]\",\"action\":\"save_order\",\"id\":\"6\",\"equipment_id\":\"\",\"project_id\":\"\",\"source\":\"بلاغ\",\"maint_type\":\"\",\"priority\":\"\",\"failure_code_id\":\"\",\"cost_party\":\"\",\"vendor_id\":\"\",\"workshop\":\"\",\"technician_id\":\"\",\"supervisor_id\":\"\",\"external_cost\":\"0.00\",\"work_start\":\"\",\"work_end\":\"\",\"downtime_hours\":\"0.00\",\"root_cause_id\":\"\",\"inspection_result\":\"\",\"state\":\"بلاغ\",\"diagnosis\":\"\",\"actions_taken\":\"\"}', 302, '2026-06-20 20:22:27'),
(1013, 4, 0, 0, 25, 13, 'ادارة الصيانة', 'e646t94219Ehya-nox2mTDz8veQNmVz0TWdpa0OIQHyju,CV', '::1', NULL, 'login', 'auth', 'login', NULL, NULL, NULL, NULL, NULL, 'http://localhost/ems/login.php', 'POST', '{\"username\":\"mnt_qa\",\"password\":\"[REDACTED]\",\"csrf_token\":\"[REDACTED]\"}', 200, '2026-06-20 20:22:37'),
(1014, 4, 0, 0, 25, 13, 'ادارة الصيانة', 'e646t94219Ehya-nox2mTDz8veQNmVz0TWdpa0OIQHyju,CV', '::1', NULL, 'orders', 'maintenance', 'new_order', 'new_order', NULL, NULL, NULL, NULL, 'http://localhost/ems/Maintenance/orders.php', 'POST', '{\"action\":\"new_order\"}', 302, '2026-06-20 20:22:37'),
(1015, 4, 0, 0, 25, 13, 'ادارة الصيانة', 'e646t94219Ehya-nox2mTDz8veQNmVz0TWdpa0OIQHyju,CV', '::1', NULL, 'orders', 'maintenance', 'create', 'add_labor', NULL, NULL, NULL, NULL, 'http://localhost/ems/Maintenance/orders.php', 'POST', '{\"ajax\":\"1\",\"action\":\"add_labor\",\"order_id\":\"7\",\"labor_role\":\"فني\",\"hours\":\"3\",\"hourly_rate\":\"50\"}', 200, '2026-06-20 20:22:38'),
(1016, 4, 0, 0, 25, 13, 'ادارة الصيانة', 'e646t94219Ehya-nox2mTDz8veQNmVz0TWdpa0OIQHyju,CV', '::1', NULL, 'orders', 'maintenance', 'create', 'add_part', NULL, NULL, NULL, NULL, 'http://localhost/ems/Maintenance/orders.php', 'POST', '{\"ajax\":\"1\",\"action\":\"add_part\",\"order_id\":\"7\",\"part_name\":\"فلتر\",\"quantity\":\"2\",\"unit_cost\":\"100\"}', 200, '2026-06-20 20:22:38'),
(1017, 4, 0, 0, 25, 13, 'ادارة الصيانة', 'e646t94219Ehya-nox2mTDz8veQNmVz0TWdpa0OIQHyju,CV', '::1', NULL, 'orders', 'maintenance', 'del_labor', 'del_labor', NULL, NULL, NULL, NULL, 'http://localhost/ems/Maintenance/orders.php', 'POST', '{\"ajax\":\"1\",\"action\":\"del_labor\",\"order_id\":\"7\",\"line_id\":\"5\"}', 200, '2026-06-20 20:22:38'),
(1018, 4, 0, 0, 25, 13, 'ادارة الصيانة', 'e646t94219Ehya-nox2mTDz8veQNmVz0TWdpa0OIQHyju,CV', '::1', NULL, 'orders', 'maintenance', 'save_order', 'save_order', NULL, 7, NULL, NULL, 'http://localhost/ems/Maintenance/orders.php', 'POST', '{\"action\":\"save_order\",\"id\":\"7\",\"equipment_id\":\"13\",\"source\":\"بلاغ\",\"state\":\"تنفيذ\"}', 302, '2026-06-20 20:22:38'),
(1019, 4, 0, 0, 25, 13, 'ادارة الصيانة', 'e646t94219Ehya-nox2mTDz8veQNmVz0TWdpa0OIQHyju,CV', '::1', NULL, 'orders', 'maintenance', 'save_order', 'save_order', NULL, 7, NULL, NULL, 'http://localhost/ems/Maintenance/orders.php', 'POST', '{\"action\":\"save_order\",\"id\":\"7\",\"equipment_id\":\"13\",\"source\":\"بلاغ\",\"state\":\"إغلاق\",\"actions_taken\":\"تم\",\"root_cause_id\":\"5\",\"inspection_result\":\"ناجح\"}', 302, '2026-06-20 20:22:38'),
(1020, 4, 0, 0, 19, 13, 'ادارة الصيانة', 'FNKVCjBOiYuRmeEH3lDNu2IYRoFlRGMbXaeX9eGjcQkjZrk1', '::1', 'Mozilla/5.0 (Windows NT 10.0; Win64; x64) AppleWebKit/537.36 (KHTML, like Gecko) Chrome/149.0.0.0 Safari/537.36 Edg/149.0.0.0', 'inspections', 'maintenance', 'new_inspection', 'new_inspection', NULL, NULL, NULL, NULL, 'http://localhost/ems/Maintenance/inspections.php', 'POST', '{\"csrf_token\":\"[REDACTED]\",\"action\":\"new_inspection\"}', 302, '2026-06-20 20:22:52'),
(1021, 4, 0, 0, 19, 13, 'ادارة الصيانة', 'FNKVCjBOiYuRmeEH3lDNu2IYRoFlRGMbXaeX9eGjcQkjZrk1', '::1', 'Mozilla/5.0 (Windows NT 10.0; Win64; x64) AppleWebKit/537.36 (KHTML, like Gecko) Chrome/149.0.0.0 Safari/537.36 Edg/149.0.0.0', 'logout', 'auth', 'logout', NULL, NULL, NULL, NULL, NULL, 'http://localhost/ems/logout.php', 'GET', NULL, 200, '2026-06-20 20:23:49'),
(1022, 4, 0, 0, 6, 3, 'ادارة الاسطول', '34pRF1SZ7b-LQ5XvzlJkshC1js22QvJZivQikhqUIuvP,r2T', '::1', 'Mozilla/5.0 (Windows NT 10.0; Win64; x64) AppleWebKit/537.36 (KHTML, like Gecko) Chrome/149.0.0.0 Safari/537.36 Edg/149.0.0.0', 'login', 'auth', 'login', NULL, NULL, NULL, NULL, NULL, 'http://localhost/ems/login.php', 'POST', '{\"csrf_token\":\"[REDACTED]\",\"username\":\"يسن\",\"password\":\"[REDACTED]\"}', 200, '2026-06-20 20:23:54'),
(1023, 4, 0, 0, 28, 3, 'ادارة الاسطول', 'MscCI5uxgqBjnnF3xESbWhM88Thb,E,4imRQ,opU8AessRqd', '::1', NULL, 'login', 'auth', 'login', NULL, NULL, NULL, NULL, NULL, 'http://localhost/ems/login.php', 'POST', '{\"username\":\"qa_fleet\",\"password\":\"[REDACTED]\",\"csrf_token\":\"[REDACTED]\"}', 200, '2026-06-20 20:28:29'),
(1024, 4, 0, 0, 29, 13, 'ادارة الصيانة', '9CkcmX2xuk8Y8F7IqwYy7IXsh82b-PoyYK5cRVYUFRE0ZSAe', '::1', NULL, 'login', 'auth', 'login', NULL, NULL, NULL, NULL, NULL, 'http://localhost/ems/login.php', 'POST', '{\"username\":\"qa_maint\",\"password\":\"[REDACTED]\",\"csrf_token\":\"[REDACTED]\"}', 200, '2026-06-20 20:28:29'),
(1025, 4, 0, 0, 30, 3, 'ادارة الاسطول', '6,9blXXucmT8AUbG1OrRCbP,2Tbeqkey3bXo45Vs7ylS76lU', '::1', NULL, 'login', 'auth', 'login', NULL, NULL, NULL, NULL, NULL, 'http://localhost/ems/login.php', 'POST', '{\"username\":\"qa_fleet\",\"password\":\"[REDACTED]\",\"csrf_token\":\"[REDACTED]\"}', 200, '2026-06-20 20:29:16'),
(1026, 4, 0, 0, 31, 1, 'ادارة التشغيل', '7YFGg6Wz1gxPe0JHotD7qsQuRslCUj4NWBAhN6DhCpuvaWXT', '::1', NULL, 'login', 'auth', 'login', NULL, NULL, NULL, NULL, NULL, 'http://localhost/ems/login.php', 'POST', '{\"username\":\"qa_admin\",\"password\":\"[REDACTED]\",\"csrf_token\":\"[REDACTED]\"}', 200, '2026-06-20 20:30:40'),
(1027, 4, 0, 0, 32, 1, 'ادارة التشغيل', 'yz-NSqV2Mi,3srbmUjVgFpy9qtv0zCiZ,5zq,d08f-eoBgGK', '::1', NULL, 'login', 'auth', 'login', NULL, NULL, NULL, NULL, NULL, 'http://localhost/ems/login.php', 'POST', '{\"username\":\"qa_admin\",\"password\":\"[REDACTED]\",\"csrf_token\":\"[REDACTED]\"}', 200, '2026-06-20 20:31:29'),
(1028, 4, 0, 0, 6, 3, 'ادارة الاسطول', '9xKPh,FGYR8rYDfIJ23vvookXvJc3-AafTlGJBw6HdXH7ETc', '::1', 'Mozilla/5.0 (Windows NT 10.0; Win64; x64) AppleWebKit/537.36 (KHTML, like Gecko) Chrome/136.0.0.0 Safari/537.36', 'login', 'auth', 'login', NULL, NULL, NULL, NULL, NULL, 'http://localhost/ems/login.php', 'POST', '{\"csrf_token\":\"[REDACTED]\",\"username\":\"يسن\",\"password\":\"[REDACTED]\"}', 200, '2026-06-20 20:31:59'),
(1029, 4, 0, 0, 33, 1, 'ادارة التشغيل', 'pDAKZfvjiOZqa5btreSkx2ahj--08L7RpNG1jeCZuIb0Z9XT', '::1', NULL, 'login', 'auth', 'login', NULL, NULL, NULL, NULL, NULL, 'http://localhost/ems/login.php', 'POST', '{\"username\":\"qa_admin\",\"password\":\"[REDACTED]\",\"csrf_token\":\"[REDACTED]\"}', 200, '2026-06-20 20:33:45'),
(1030, 4, 0, 0, 6, 3, 'ادارة الاسطول', '9xKPh,FGYR8rYDfIJ23vvookXvJc3-AafTlGJBw6HdXH7ETc', '::1', 'Mozilla/5.0 (Windows NT 10.0; Win64; x64) AppleWebKit/537.36 (KHTML, like Gecko) Chrome/136.0.0.0 Safari/537.36', 'logout', 'auth', 'logout', NULL, NULL, NULL, NULL, NULL, 'http://localhost/ems/logout.php', 'GET', NULL, 200, '2026-06-20 20:34:36'),
(1031, 4, 0, 0, 19, 13, 'ادارة الصيانة', 'fY1KThKTIhZjLFl8TQJ5WMz8qN9MG2AEokld3GF,ts3sZY5R', '::1', 'Mozilla/5.0 (Windows NT 10.0; Win64; x64) AppleWebKit/537.36 (KHTML, like Gecko) Chrome/136.0.0.0 Safari/537.36', 'login', 'auth', 'login', NULL, NULL, NULL, NULL, NULL, 'http://localhost/ems/login.php', 'POST', '{\"csrf_token\":\"[REDACTED]\",\"username\":\"صيانة\",\"password\":\"[REDACTED]\"}', 200, '2026-06-20 20:34:44'),
(1032, 4, 0, 0, 19, 13, 'ادارة الصيانة', 'fY1KThKTIhZjLFl8TQJ5WMz8qN9MG2AEokld3GF,ts3sZY5R', '::1', 'Mozilla/5.0 (Windows NT 10.0; Win64; x64) AppleWebKit/537.36 (KHTML, like Gecko) Chrome/136.0.0.0 Safari/537.36', 'orders', 'maintenance', 'new_order', 'new_order', NULL, NULL, NULL, NULL, 'http://localhost/ems/Maintenance/orders.php', 'POST', '{\"csrf_token\":\"[REDACTED]\",\"action\":\"new_order\"}', 302, '2026-06-20 20:35:22'),
(1033, 4, 0, 0, 19, 13, 'ادارة الصيانة', 'fY1KThKTIhZjLFl8TQJ5WMz8qN9MG2AEokld3GF,ts3sZY5R', '::1', 'Mozilla/5.0 (Windows NT 10.0; Win64; x64) AppleWebKit/537.36 (KHTML, like Gecko) Chrome/136.0.0.0 Safari/537.36', 'inspections', 'maintenance', 'new_inspection', 'new_inspection', NULL, NULL, NULL, NULL, 'http://localhost/ems/Maintenance/inspections.php', 'POST', '{\"csrf_token\":\"[REDACTED]\",\"action\":\"new_inspection\"}', 302, '2026-06-20 20:36:59'),
(1034, 4, 0, 0, 19, 13, 'ادارة الصيانة', 'fY1KThKTIhZjLFl8TQJ5WMz8qN9MG2AEokld3GF,ts3sZY5R', '::1', 'Mozilla/5.0 (Windows NT 10.0; Win64; x64) AppleWebKit/537.36 (KHTML, like Gecko) Chrome/136.0.0.0 Safari/537.36', 'orders', 'maintenance', 'new_order', 'new_order', NULL, NULL, NULL, NULL, 'http://localhost/ems/Maintenance/orders.php', 'POST', '{\"csrf_token\":\"[REDACTED]\",\"action\":\"new_order\"}', 302, '2026-06-20 20:46:23'),
(1035, 4, 0, 0, 19, 13, 'ادارة الصيانة', 'fY1KThKTIhZjLFl8TQJ5WMz8qN9MG2AEokld3GF,ts3sZY5R', '::1', 'Mozilla/5.0 (Windows NT 10.0; Win64; x64) AppleWebKit/537.36 (KHTML, like Gecko) Chrome/136.0.0.0 Safari/537.36', 'breakdowns', 'maintenance', 'create', 'create', NULL, NULL, NULL, NULL, 'http://localhost/ems/Maintenance/breakdowns.php', 'POST', '{\"csrf_token\":\"[REDACTED]\",\"equipment_id\":\"11\",\"project_id\":\"1\",\"reporter_dept\":\"التشغيل\",\"report_datetime\":\"2026-06-20T23:48\",\"failure_code_id\":\"385\",\"severity\":\"حرجة\",\"is_stopped\":\"1\",\"description\":\"بلاع\"}', 302, '2026-06-20 20:48:27'),
(1036, 4, 0, 0, 34, 13, 'ادارة الصيانة', 'ZeJpuj2twh1,QIDCbBkDvmIxBZozvQrHlsIDB,3485MSkc3T', '::1', NULL, 'login', 'auth', 'login', NULL, NULL, NULL, NULL, NULL, 'http://localhost/ems/login.php', 'POST', '{\"username\":\"qa_mnt\",\"password\":\"[REDACTED]\",\"csrf_token\":\"[REDACTED]\"}', 200, '2026-06-20 20:48:42'),
(1037, 4, 0, 0, 35, 13, 'ادارة الصيانة', 'hxD3gTC5jidGZ40L4JSlKUdQYdzNAzaESaSE791FZbBPjK2N', '::1', NULL, 'login', 'auth', 'login', NULL, NULL, NULL, NULL, NULL, 'http://localhost/ems/login.php', 'POST', '{\"username\":\"qa_mnt\",\"password\":\"[REDACTED]\",\"csrf_token\":\"[REDACTED]\"}', 200, '2026-06-20 20:52:22'),
(1038, 4, 0, 0, 19, 13, 'ادارة الصيانة', 'fY1KThKTIhZjLFl8TQJ5WMz8qN9MG2AEokld3GF,ts3sZY5R', '::1', 'Mozilla/5.0 (Windows NT 10.0; Win64; x64) AppleWebKit/537.36 (KHTML, like Gecko) Chrome/136.0.0.0 Safari/537.36', 'orders', 'maintenance', 'new_order', 'new_order', NULL, NULL, NULL, NULL, 'http://localhost/ems/Maintenance/orders.php', 'POST', '{\"csrf_token\":\"[REDACTED]\",\"action\":\"new_order\"}', 302, '2026-06-20 20:53:02'),
(1039, 4, 0, 0, 19, 13, 'ادارة الصيانة', 'fY1KThKTIhZjLFl8TQJ5WMz8qN9MG2AEokld3GF,ts3sZY5R', '::1', 'Mozilla/5.0 (Windows NT 10.0; Win64; x64) AppleWebKit/537.36 (KHTML, like Gecko) Chrome/136.0.0.0 Safari/537.36', 'orders', 'maintenance', 'save_order', 'save_order', NULL, 8, NULL, NULL, 'http://localhost/ems/Maintenance/orders.php?id=8', 'POST', '{\"csrf_token\":\"[REDACTED]\",\"action\":\"save_order\",\"id\":\"8\",\"equipment_id\":\"\",\"project_id\":\"\",\"source\":\"بلاغ\",\"maint_type\":\"\",\"priority\":\"\",\"failure_code_id\":\"\",\"cost_party\":\"\",\"vendor_id\":\"\",\"workshop\":\"\",\"technician_id\":\"\",\"supervisor_id\":\"\",\"external_cost\":\"0.00\",\"work_start\":\"\",\"work_end\":\"\",\"downtime_hours\":\"0.00\",\"root_cause_id\":\"\",\"inspection_result\":\"\",\"state\":\"بلاغ\",\"diagnosis\":\"\",\"actions_taken\":\"\"}', 302, '2026-06-20 20:53:47'),
(1040, 4, 0, 0, 19, 13, 'ادارة الصيانة', 'fY1KThKTIhZjLFl8TQJ5WMz8qN9MG2AEokld3GF,ts3sZY5R', '::1', 'Mozilla/5.0 (Windows NT 10.0; Win64; x64) AppleWebKit/537.36 (KHTML, like Gecko) Chrome/136.0.0.0 Safari/537.36', 'orders', 'maintenance', 'save_order', 'save_order', NULL, 8, NULL, NULL, 'http://localhost/ems/Maintenance/orders.php?id=8&msg=%D8%AA%D9%85+%D8%AD%D9%81%D8%B8+%D8%A7%D9%84%D8%A3%D9%85%D8%B1+%D8%A8%D9%86%D8%AC%D8%A7%D8%AD+%E2%9C%85', 'POST', '{\"csrf_token\":\"[REDACTED]\",\"action\":\"save_order\",\"id\":\"8\",\"equipment_id\":\"\",\"project_id\":\"\",\"source\":\"بلاغ\",\"maint_type\":\"\",\"priority\":\"\",\"failure_code_id\":\"\",\"cost_party\":\"\",\"vendor_id\":\"\",\"workshop\":\"\",\"technician_id\":\"\",\"supervisor_id\":\"\",\"external_cost\":\"0.00\",\"work_start\":\"\",\"work_end\":\"\",\"downtime_hours\":\"0.00\",\"root_cause_id\":\"\",\"inspection_result\":\"\",\"state\":\"بلاغ\",\"diagnosis\":\"\",\"actions_taken\":\"\"}', 302, '2026-06-20 20:53:53'),
(1041, 4, 0, 0, 19, 13, 'ادارة الصيانة', 'fY1KThKTIhZjLFl8TQJ5WMz8qN9MG2AEokld3GF,ts3sZY5R', '::1', 'Mozilla/5.0 (Windows NT 10.0; Win64; x64) AppleWebKit/537.36 (KHTML, like Gecko) Chrome/136.0.0.0 Safari/537.36', 'orders', 'maintenance', 'save_order', 'save_order', NULL, 7, NULL, NULL, 'http://localhost/ems/Maintenance/orders.php?id=7', 'POST', '{\"csrf_token\":\"[REDACTED]\",\"action\":\"save_order\",\"id\":\"7\",\"equipment_id\":\"13\",\"project_id\":\"\",\"source\":\"بلاغ\",\"maint_type\":\"\",\"priority\":\"\",\"failure_code_id\":\"\",\"cost_party\":\"\",\"vendor_id\":\"\",\"workshop\":\"\",\"technician_id\":\"\",\"supervisor_id\":\"\",\"external_cost\":\"0.00\",\"work_start\":\"\",\"work_end\":\"\",\"downtime_hours\":\"0.00\",\"root_cause_id\":\"5\",\"inspection_result\":\"ناجح\",\"state\":\"تنفيذ\",\"diagnosis\":\"\",\"actions_taken\":\"تم\"}', 302, '2026-06-20 20:54:17'),
(1042, 4, 0, 0, 19, 13, 'ادارة الصيانة', 'fY1KThKTIhZjLFl8TQJ5WMz8qN9MG2AEokld3GF,ts3sZY5R', '::1', 'Mozilla/5.0 (Windows NT 10.0; Win64; x64) AppleWebKit/537.36 (KHTML, like Gecko) Chrome/136.0.0.0 Safari/537.36', 'orders', 'maintenance', 'new_order', 'new_order', NULL, NULL, NULL, NULL, 'http://localhost/ems/Maintenance/orders.php', 'POST', '{\"csrf_token\":\"[REDACTED]\",\"action\":\"new_order\"}', 302, '2026-06-20 20:54:37'),
(1043, 4, 0, 0, 19, 13, 'ادارة الصيانة', 'fY1KThKTIhZjLFl8TQJ5WMz8qN9MG2AEokld3GF,ts3sZY5R', '::1', 'Mozilla/5.0 (Windows NT 10.0; Win64; x64) AppleWebKit/537.36 (KHTML, like Gecko) Chrome/136.0.0.0 Safari/537.36', 'orders', 'maintenance', 'new_order', 'new_order', NULL, NULL, NULL, NULL, 'http://localhost/ems/Maintenance/orders.php', 'POST', '{\"csrf_token\":\"[REDACTED]\",\"action\":\"new_order\"}', 302, '2026-06-20 20:54:42'),
(1044, 4, 0, 0, 19, 13, 'ادارة الصيانة', 'fY1KThKTIhZjLFl8TQJ5WMz8qN9MG2AEokld3GF,ts3sZY5R', '::1', 'Mozilla/5.0 (Windows NT 10.0; Win64; x64) AppleWebKit/537.36 (KHTML, like Gecko) Chrome/136.0.0.0 Safari/537.36', 'orders', 'maintenance', 'new_order', 'new_order', NULL, NULL, NULL, NULL, 'http://localhost/ems/Maintenance/orders.php', 'POST', '{\"csrf_token\":\"[REDACTED]\",\"action\":\"new_order\"}', 302, '2026-06-20 20:55:50'),
(1045, 4, 0, 0, 36, 13, 'ادارة الصيانة', 'tZiN,Pk2rpjR0bCMWerX47AodBOQri6Iv8DU8c5lJM,xWBLJ', '::1', NULL, 'login', 'auth', 'login', NULL, NULL, NULL, NULL, NULL, 'http://localhost/ems/login.php', 'POST', '{\"username\":\"qa_mnt\",\"password\":\"[REDACTED]\",\"csrf_token\":\"[REDACTED]\"}', 200, '2026-06-20 21:04:31'),
(1046, 4, 0, 0, 36, 13, 'ادارة الصيانة', 'tZiN,Pk2rpjR0bCMWerX47AodBOQri6Iv8DU8c5lJM,xWBLJ', '::1', NULL, 'orders', 'maintenance', 'new_order', 'new_order', NULL, NULL, NULL, NULL, 'http://localhost/ems/Maintenance/orders.php', 'POST', '{\"action\":\"new_order\"}', 302, '2026-06-20 21:04:31'),
(1047, 4, 0, 0, 36, 13, 'ادارة الصيانة', 'tZiN,Pk2rpjR0bCMWerX47AodBOQri6Iv8DU8c5lJM,xWBLJ', '::1', NULL, 'orders', 'maintenance', 'create', 'add_labor', NULL, NULL, NULL, NULL, 'http://localhost/ems/Maintenance/orders.php', 'POST', '{\"ajax\":\"1\",\"action\":\"add_labor\",\"order_id\":\"14\",\"labor_role\":\"فني\",\"hours\":\"2\",\"hourly_rate\":\"60\"}', 200, '2026-06-20 21:04:31'),
(1048, 4, 0, 0, 36, 13, 'ادارة الصيانة', 'tZiN,Pk2rpjR0bCMWerX47AodBOQri6Iv8DU8c5lJM,xWBLJ', '::1', NULL, 'orders', 'maintenance', 'create', 'add_part', NULL, NULL, NULL, NULL, 'http://localhost/ems/Maintenance/orders.php', 'POST', '{\"ajax\":\"1\",\"action\":\"add_part\",\"order_id\":\"14\",\"part_name\":\"فلتر\",\"quantity\":\"3\",\"unit_cost\":\"40\"}', 200, '2026-06-20 21:04:31'),
(1049, 4, 0, 0, 19, 13, 'ادارة الصيانة', 'fY1KThKTIhZjLFl8TQJ5WMz8qN9MG2AEokld3GF,ts3sZY5R', '::1', 'Mozilla/5.0 (Windows NT 10.0; Win64; x64) AppleWebKit/537.36 (KHTML, like Gecko) Chrome/136.0.0.0 Safari/537.36', 'orders', 'maintenance', 'new_order', 'new_order', NULL, 13, NULL, NULL, 'http://localhost/ems/Maintenance/orders.php?id=13&msg=%D8%AA%D9%85+%D8%A5%D9%86%D8%B4%D8%A7%D8%A1+%D8%A3%D9%85%D8%B1+%D8%B5%D9%8A%D8%A7%D9%86%D8%A9+%D8%AC%D8%AF%D9%8A%D8%AF+%E2%9C%85', 'POST', '{\"csrf_token\":\"[REDACTED]\",\"action\":\"new_order\"}', 302, '2026-06-20 21:05:12'),
(1050, 4, 0, 0, 19, 13, 'ادارة الصيانة', 'fY1KThKTIhZjLFl8TQJ5WMz8qN9MG2AEokld3GF,ts3sZY5R', '::1', 'Mozilla/5.0 (Windows NT 10.0; Win64; x64) AppleWebKit/537.36 (KHTML, like Gecko) Chrome/136.0.0.0 Safari/537.36', 'orders', 'maintenance', 'create', 'add_labor', NULL, NULL, NULL, NULL, 'http://localhost/ems/Maintenance/orders.php?id=15&msg=%D8%AA%D9%85+%D8%A5%D9%86%D8%B4%D8%A7%D8%A1+%D8%A3%D9%85%D8%B1+%D8%B5%D9%8A%D8%A7%D9%86%D8%A9+%D8%AC%D8%AF%D9%8A%D8%AF+%E2%9C%85', 'POST', '{\"action\":\"add_labor\",\"order_id\":\"15\",\"employee_id\":\"18\",\"labor_role\":\"تاتانت\",\"hours\":\"3\",\"hourly_rate\":\"10\",\"ajax\":\"1\"}', 200, '2026-06-20 21:05:43'),
(1051, 4, 0, 0, 19, 13, 'ادارة الصيانة', 'fY1KThKTIhZjLFl8TQJ5WMz8qN9MG2AEokld3GF,ts3sZY5R', '::1', 'Mozilla/5.0 (Windows NT 10.0; Win64; x64) AppleWebKit/537.36 (KHTML, like Gecko) Chrome/136.0.0.0 Safari/537.36', 'inspections', 'maintenance', 'new_inspection', 'new_inspection', NULL, NULL, NULL, NULL, 'http://localhost/ems/Maintenance/inspections.php', 'POST', '{\"csrf_token\":\"[REDACTED]\",\"action\":\"new_inspection\"}', 302, '2026-06-20 21:05:58'),
(1052, 4, 0, 0, 19, 13, 'ادارة الصيانة', 'fY1KThKTIhZjLFl8TQJ5WMz8qN9MG2AEokld3GF,ts3sZY5R', '::1', 'Mozilla/5.0 (Windows NT 10.0; Win64; x64) AppleWebKit/537.36 (KHTML, like Gecko) Chrome/136.0.0.0 Safari/537.36', 'inspections', 'maintenance', 'new_inspection', 'new_inspection', NULL, NULL, NULL, NULL, 'http://localhost/ems/Maintenance/inspections.php', 'POST', '{\"csrf_token\":\"[REDACTED]\",\"action\":\"new_inspection\"}', 302, '2026-06-20 21:06:11'),
(1053, 4, 0, 0, 19, 13, 'ادارة الصيانة', 'fY1KThKTIhZjLFl8TQJ5WMz8qN9MG2AEokld3GF,ts3sZY5R', '::1', 'Mozilla/5.0 (Windows NT 10.0; Win64; x64) AppleWebKit/537.36 (KHTML, like Gecko) Chrome/136.0.0.0 Safari/537.36', 'inspections', 'maintenance', 'new_inspection', 'new_inspection', NULL, NULL, NULL, NULL, 'http://localhost/ems/Maintenance/inspections.php', 'POST', '{\"csrf_token\":\"[REDACTED]\",\"action\":\"new_inspection\"}', 302, '2026-06-20 21:06:16'),
(1054, 4, 0, 0, 19, 13, 'ادارة الصيانة', 'fY1KThKTIhZjLFl8TQJ5WMz8qN9MG2AEokld3GF,ts3sZY5R', '::1', 'Mozilla/5.0 (Windows NT 10.0; Win64; x64) AppleWebKit/537.36 (KHTML, like Gecko) Chrome/136.0.0.0 Safari/537.36', 'inspections', 'maintenance', 'new_inspection', 'new_inspection', NULL, NULL, NULL, NULL, 'http://localhost/ems/Maintenance/inspections.php', 'POST', '{\"csrf_token\":\"[REDACTED]\",\"action\":\"new_inspection\"}', 302, '2026-06-20 21:06:22'),
(1055, 4, 0, 0, 19, 13, 'ادارة الصيانة', 'fY1KThKTIhZjLFl8TQJ5WMz8qN9MG2AEokld3GF,ts3sZY5R', '::1', 'Mozilla/5.0 (Windows NT 10.0; Win64; x64) AppleWebKit/537.36 (KHTML, like Gecko) Chrome/136.0.0.0 Safari/537.36', 'inspections', 'maintenance', 'new_inspection', 'new_inspection', NULL, NULL, NULL, NULL, 'http://localhost/ems/Maintenance/inspections.php', 'POST', '{\"csrf_token\":\"[REDACTED]\",\"action\":\"new_inspection\"}', 302, '2026-06-20 21:07:15'),
(1056, 4, 0, 0, 19, 13, 'ادارة الصيانة', 'fY1KThKTIhZjLFl8TQJ5WMz8qN9MG2AEokld3GF,ts3sZY5R', '::1', 'Mozilla/5.0 (Windows NT 10.0; Win64; x64) AppleWebKit/537.36 (KHTML, like Gecko) Chrome/136.0.0.0 Safari/537.36', 'inspections', 'maintenance', 'create', 'add_line', NULL, 11, NULL, NULL, 'http://localhost/ems/Maintenance/inspections.php?id=11', 'POST', '{\"csrf_token\":\"[REDACTED]\",\"action\":\"add_line\",\"inspection_id\":\"11\",\"component\":\"نهتنتن\",\"condition_state\":\"سليم\",\"recommendation\":\"تمنتم\"}', 302, '2026-06-20 21:08:12'),
(1057, 4, 0, 0, 37, 13, 'ادارة الصيانة', 'FRYlBugqY78CbT8YqVtV3SlQy1U8vbbGeaHvK8YyR1u,iS3c', '::1', NULL, 'login', 'auth', 'login', NULL, NULL, NULL, NULL, NULL, 'http://localhost/ems/login.php', 'POST', '{\"username\":\"qa_mnt\",\"password\":\"[REDACTED]\",\"csrf_token\":\"[REDACTED]\"}', 200, '2026-06-20 21:13:37'),
(1058, 4, 0, 0, 37, 13, 'ادارة الصيانة', 'FRYlBugqY78CbT8YqVtV3SlQy1U8vbbGeaHvK8YyR1u,iS3c', '::1', NULL, 'inspections', 'maintenance', 'new_inspection', 'new_inspection', NULL, NULL, NULL, NULL, 'http://localhost/ems/Maintenance/inspections.php', 'POST', '{\"action\":\"new_inspection\"}', 302, '2026-06-20 21:13:37'),
(1059, 4, 0, 0, 37, 13, 'ادارة الصيانة', 'FRYlBugqY78CbT8YqVtV3SlQy1U8vbbGeaHvK8YyR1u,iS3c', '::1', NULL, 'inspections', 'maintenance', 'create', 'add_line', NULL, NULL, NULL, NULL, 'http://localhost/ems/Maintenance/inspections.php', 'POST', '{\"ajax\":\"1\",\"action\":\"add_line\",\"inspection_id\":\"12\",\"component\":\"الفرامل\",\"condition_state\":\"حرج\",\"recommendation\":\"استبدال\"}', 200, '2026-06-20 21:13:38'),
(1060, 4, 0, 0, 37, 13, 'ادارة الصيانة', 'FRYlBugqY78CbT8YqVtV3SlQy1U8vbbGeaHvK8YyR1u,iS3c', '::1', NULL, 'inspections', 'maintenance', 'create', 'add_line', NULL, NULL, NULL, NULL, 'http://localhost/ems/Maintenance/inspections.php', 'POST', '{\"ajax\":\"1\",\"action\":\"add_line\",\"inspection_id\":\"12\",\"component\":\"المحرك\",\"condition_state\":\"سليم\"}', 200, '2026-06-20 21:13:38'),
(1061, 4, 0, 0, 37, 13, 'ادارة الصيانة', 'FRYlBugqY78CbT8YqVtV3SlQy1U8vbbGeaHvK8YyR1u,iS3c', '::1', NULL, 'inspections', 'maintenance', 'del_line', 'del_line', NULL, NULL, NULL, NULL, 'http://localhost/ems/Maintenance/inspections.php', 'POST', '{\"ajax\":\"1\",\"action\":\"del_line\",\"inspection_id\":\"12\",\"line_id\":\"3\"}', 200, '2026-06-20 21:13:38'),
(1062, 4, 0, 0, 19, 13, 'ادارة الصيانة', 'fY1KThKTIhZjLFl8TQJ5WMz8qN9MG2AEokld3GF,ts3sZY5R', '::1', 'Mozilla/5.0 (Windows NT 10.0; Win64; x64) AppleWebKit/537.36 (KHTML, like Gecko) Chrome/136.0.0.0 Safari/537.36', 'inspections', 'maintenance', 'new_inspection', 'new_inspection', NULL, NULL, NULL, NULL, 'http://localhost/ems/Maintenance/inspections.php', 'POST', '{\"csrf_token\":\"[REDACTED]\",\"action\":\"new_inspection\"}', 302, '2026-06-20 21:14:12'),
(1063, 4, 0, 0, 19, 13, 'ادارة الصيانة', 'fY1KThKTIhZjLFl8TQJ5WMz8qN9MG2AEokld3GF,ts3sZY5R', '::1', 'Mozilla/5.0 (Windows NT 10.0; Win64; x64) AppleWebKit/537.36 (KHTML, like Gecko) Chrome/136.0.0.0 Safari/537.36', 'inspections', 'maintenance', 'new_inspection', 'new_inspection', NULL, NULL, NULL, NULL, 'http://localhost/ems/Maintenance/inspections.php', 'POST', '{\"csrf_token\":\"[REDACTED]\",\"action\":\"new_inspection\"}', 302, '2026-06-20 21:14:25'),
(1064, 4, 0, 0, 38, 13, 'ادارة الصيانة', 'gRagRGZCaU8KSfKncKm1zxTFOQOI48citnOAEBmQUZuX2NZk', '::1', NULL, 'login', 'auth', 'login', NULL, NULL, NULL, NULL, NULL, 'http://localhost/ems/login.php', 'POST', '{\"username\":\"qa_mnt\",\"password\":\"[REDACTED]\",\"csrf_token\":\"[REDACTED]\"}', 200, '2026-06-20 21:21:11'),
(1065, 4, 0, 0, 38, 13, 'ادارة الصيانة', 'gRagRGZCaU8KSfKncKm1zxTFOQOI48citnOAEBmQUZuX2NZk', '::1', NULL, 'inspections', 'maintenance', 'new_inspection', 'new_inspection', NULL, NULL, NULL, NULL, 'http://localhost/ems/Maintenance/inspections.php', 'POST', '{\"action\":\"new_inspection\",\"inspection_type\":\"زيارة ميدانية\",\"equipment_id\":\"13\",\"scheduled_date\":\"2026-06-25\"}', 302, '2026-06-20 21:21:11'),
(1066, 4, 0, 0, 19, 13, 'ادارة الصيانة', 'fY1KThKTIhZjLFl8TQJ5WMz8qN9MG2AEokld3GF,ts3sZY5R', '::1', 'Mozilla/5.0 (Windows NT 10.0; Win64; x64) AppleWebKit/537.36 (KHTML, like Gecko) Chrome/136.0.0.0 Safari/537.36', 'orders', 'maintenance', 'new_order', 'new_order', NULL, NULL, NULL, NULL, 'http://localhost/ems/Maintenance/orders.php', 'POST', '{\"csrf_token\":\"[REDACTED]\",\"action\":\"new_order\"}', 302, '2026-06-20 21:22:40'),
(1067, 4, 0, 0, 19, 13, 'ادارة الصيانة', 'fY1KThKTIhZjLFl8TQJ5WMz8qN9MG2AEokld3GF,ts3sZY5R', '::1', 'Mozilla/5.0 (Windows NT 10.0; Win64; x64) AppleWebKit/537.36 (KHTML, like Gecko) Chrome/136.0.0.0 Safari/537.36', 'inspections', 'maintenance', 'new_inspection', 'new_inspection', NULL, NULL, NULL, NULL, 'http://localhost/ems/Maintenance/inspections.php', 'POST', '{\"csrf_token\":\"[REDACTED]\",\"action\":\"new_inspection\",\"inspection_type\":\"زيارة ميدانية\",\"equipment_id\":\"11\",\"project_id\":\"1\",\"inspector_id\":\"9\",\"scheduled_date\":\"2026-06-21\"}', 302, '2026-06-20 21:23:14'),
(1068, 4, 0, 0, 19, 13, 'ادارة الصيانة', 'fY1KThKTIhZjLFl8TQJ5WMz8qN9MG2AEokld3GF,ts3sZY5R', '::1', 'Mozilla/5.0 (Windows NT 10.0; Win64; x64) AppleWebKit/537.36 (KHTML, like Gecko) Chrome/136.0.0.0 Safari/537.36', 'inspections', 'maintenance', 'create', 'add_line', NULL, NULL, NULL, NULL, 'http://localhost/ems/Maintenance/inspections.php?id=16&msg=%D8%AA%D9%85+%D8%A5%D9%86%D8%B4%D8%A7%D8%A1+%D8%A7%D9%84%D8%AA%D9%81%D8%AA%D9%8A%D8%B4+%E2%9C%85', 'POST', '{\"action\":\"add_line\",\"inspection_id\":\"16\",\"component\":\"نهتنتن\",\"condition_state\":\"سليم\",\"recommendation\":\"تمنتم\",\"ajax\":\"1\"}', 200, '2026-06-20 21:24:01'),
(1069, 4, 0, 0, 19, 13, 'ادارة الصيانة', 'fY1KThKTIhZjLFl8TQJ5WMz8qN9MG2AEokld3GF,ts3sZY5R', '::1', 'Mozilla/5.0 (Windows NT 10.0; Win64; x64) AppleWebKit/537.36 (KHTML, like Gecko) Chrome/136.0.0.0 Safari/537.36', 'inspections', 'maintenance', 'create', 'add_line', NULL, NULL, NULL, NULL, 'http://localhost/ems/Maintenance/inspections.php?id=16&msg=%D8%AA%D9%85+%D8%A5%D9%86%D8%B4%D8%A7%D8%A1+%D8%A7%D9%84%D8%AA%D9%81%D8%AA%D9%8A%D8%B4+%E2%9C%85', 'POST', '{\"action\":\"add_line\",\"inspection_id\":\"16\",\"component\":\"نهتنتن\",\"condition_state\":\"ملاحظة\",\"recommendation\":\"تمنتم\",\"ajax\":\"1\"}', 200, '2026-06-20 21:24:09'),
(1070, 4, 0, 0, 19, 13, 'ادارة الصيانة', 'fY1KThKTIhZjLFl8TQJ5WMz8qN9MG2AEokld3GF,ts3sZY5R', '::1', 'Mozilla/5.0 (Windows NT 10.0; Win64; x64) AppleWebKit/537.36 (KHTML, like Gecko) Chrome/136.0.0.0 Safari/537.36', 'inspections', 'maintenance', 'create', 'add_line', NULL, NULL, NULL, NULL, 'http://localhost/ems/Maintenance/inspections.php?id=16&msg=%D8%AA%D9%85+%D8%A5%D9%86%D8%B4%D8%A7%D8%A1+%D8%A7%D9%84%D8%AA%D9%81%D8%AA%D9%8A%D8%B4+%E2%9C%85', 'POST', '{\"action\":\"add_line\",\"inspection_id\":\"16\",\"component\":\"نهتنتن\",\"condition_state\":\"حرج\",\"recommendation\":\"تمنتم\",\"ajax\":\"1\"}', 200, '2026-06-20 21:24:20'),
(1071, 4, 0, 0, 19, 13, 'ادارة الصيانة', 'fY1KThKTIhZjLFl8TQJ5WMz8qN9MG2AEokld3GF,ts3sZY5R', '::1', 'Mozilla/5.0 (Windows NT 10.0; Win64; x64) AppleWebKit/537.36 (KHTML, like Gecko) Chrome/136.0.0.0 Safari/537.36', 'inspections', 'maintenance', 'save_inspection', 'save_inspection', NULL, 16, NULL, NULL, 'http://localhost/ems/Maintenance/inspections.php?id=16&msg=%D8%AA%D9%85+%D8%A5%D9%86%D8%B4%D8%A7%D8%A1+%D8%A7%D9%84%D8%AA%D9%81%D8%AA%D9%8A%D8%B4+%E2%9C%85', 'POST', '{\"csrf_token\":\"[REDACTED]\",\"action\":\"save_inspection\",\"id\":\"16\",\"inspection_type\":\"زيارة ميدانية\",\"equipment_id\":\"11\",\"project_id\":\"1\",\"inspector_id\":\"9\",\"scheduled_date\":\"2026-06-21\",\"score\":\"5\",\"tech_readiness_state\":\"جاهزة\",\"overall_result\":\"نتيجة\",\"equipment_condition\":\"متوسطة\",\"engine_condition\":\"ضعيفة\",\"state\":\"قيد التنفيذ\",\"notes\":\"ملاحظة\"}', 302, '2026-06-20 21:24:33'),
(1072, 4, 0, 0, 19, 13, 'ادارة الصيانة', 'fY1KThKTIhZjLFl8TQJ5WMz8qN9MG2AEokld3GF,ts3sZY5R', '::1', 'Mozilla/5.0 (Windows NT 10.0; Win64; x64) AppleWebKit/537.36 (KHTML, like Gecko) Chrome/136.0.0.0 Safari/537.36', 'inspections', 'maintenance', 'save_inspection', 'save_inspection', NULL, 16, NULL, NULL, 'http://localhost/ems/Maintenance/inspections.php?id=16', 'POST', '{\"csrf_token\":\"[REDACTED]\",\"action\":\"save_inspection\",\"id\":\"16\",\"inspection_type\":\"زيارة ميدانية\",\"equipment_id\":\"11\",\"project_id\":\"1\",\"inspector_id\":\"9\",\"scheduled_date\":\"2026-06-21\",\"score\":\"5\",\"tech_readiness_state\":\"جاهزة\",\"overall_result\":\"نتيجة\",\"equipment_condition\":\"متوسطة\",\"engine_condition\":\"ضعيفة\",\"state\":\"مكتمل\",\"notes\":\"ملاحظة\"}', 302, '2026-06-20 21:25:03'),
(1073, 4, 0, 0, 19, 13, 'ادارة الصيانة', 'fY1KThKTIhZjLFl8TQJ5WMz8qN9MG2AEokld3GF,ts3sZY5R', '::1', 'Mozilla/5.0 (Windows NT 10.0; Win64; x64) AppleWebKit/537.36 (KHTML, like Gecko) Chrome/136.0.0.0 Safari/537.36', 'inspections', 'maintenance', 'save_inspection', 'save_inspection', NULL, 16, NULL, NULL, 'http://localhost/ems/Maintenance/inspections.php?id=16&msg=%D8%AA%D9%85+%D8%AD%D9%81%D8%B8+%D8%A7%D9%84%D8%AA%D9%81%D8%AA%D9%8A%D8%B4+%E2%9C%85', 'POST', '{\"csrf_token\":\"[REDACTED]\",\"action\":\"save_inspection\",\"id\":\"16\",\"inspection_type\":\"زيارة ميدانية\",\"equipment_id\":\"11\",\"project_id\":\"1\",\"inspector_id\":\"9\",\"scheduled_date\":\"2026-06-21\",\"score\":\"5\",\"tech_readiness_state\":\"جاهزة\",\"overall_result\":\"نتيجة\",\"equipment_condition\":\"متوسطة\",\"engine_condition\":\"ضعيفة\",\"state\":\"مغلق\",\"notes\":\"ملاحظة\"}', 302, '2026-06-20 21:25:09'),
(1074, 4, 0, 0, 19, 13, 'ادارة الصيانة', 'fY1KThKTIhZjLFl8TQJ5WMz8qN9MG2AEokld3GF,ts3sZY5R', '::1', 'Mozilla/5.0 (Windows NT 10.0; Win64; x64) AppleWebKit/537.36 (KHTML, like Gecko) Chrome/136.0.0.0 Safari/537.36', 'inspections', 'maintenance', 'save_inspection', 'save_inspection', NULL, 16, NULL, NULL, 'http://localhost/ems/Maintenance/inspections.php?id=16', 'POST', '{\"csrf_token\":\"[REDACTED]\",\"action\":\"save_inspection\",\"id\":\"16\",\"inspection_type\":\"زيارة ميدانية\",\"equipment_id\":\"11\",\"project_id\":\"1\",\"inspector_id\":\"9\",\"scheduled_date\":\"2026-06-21\",\"score\":\"5\",\"tech_readiness_state\":\"جاهزة\",\"overall_result\":\"نتيجة\",\"equipment_condition\":\"متوسطة\",\"engine_condition\":\"ضعيفة\",\"state\":\"مكتمل\",\"notes\":\"ملاحظة\"}', 302, '2026-06-20 21:25:24'),
(1075, 4, 0, 0, 19, 13, 'ادارة الصيانة', 'fY1KThKTIhZjLFl8TQJ5WMz8qN9MG2AEokld3GF,ts3sZY5R', '::1', 'Mozilla/5.0 (Windows NT 10.0; Win64; x64) AppleWebKit/537.36 (KHTML, like Gecko) Chrome/136.0.0.0 Safari/537.36', 'preventive_plans', 'maintenance', 'new_plan', 'new_plan', NULL, NULL, NULL, NULL, 'http://localhost/ems/Maintenance/preventive_plans.php', 'POST', '{\"csrf_token\":\"[REDACTED]\",\"action\":\"new_plan\"}', 302, '2026-06-20 21:25:38'),
(1076, 4, 0, 0, 19, 13, 'ادارة الصيانة', 'fY1KThKTIhZjLFl8TQJ5WMz8qN9MG2AEokld3GF,ts3sZY5R', '::1', 'Mozilla/5.0 (Windows NT 10.0; Win64; x64) AppleWebKit/537.36 (KHTML, like Gecko) Chrome/136.0.0.0 Safari/537.36', 'preventive_plans', 'maintenance', 'new_plan', 'new_plan', NULL, NULL, NULL, NULL, 'http://localhost/ems/Maintenance/preventive_plans.php', 'POST', '{\"csrf_token\":\"[REDACTED]\",\"action\":\"new_plan\"}', 302, '2026-06-20 21:36:30'),
(1077, 4, 0, 0, 19, 13, 'ادارة الصيانة', 'fY1KThKTIhZjLFl8TQJ5WMz8qN9MG2AEokld3GF,ts3sZY5R', '::1', 'Mozilla/5.0 (Windows NT 10.0; Win64; x64) AppleWebKit/537.36 (KHTML, like Gecko) Chrome/136.0.0.0 Safari/537.36', 'preventive_plans', 'maintenance', 'new_plan', 'new_plan', NULL, NULL, NULL, NULL, 'http://localhost/ems/Maintenance/preventive_plans.php', 'POST', '{\"csrf_token\":\"[REDACTED]\",\"action\":\"new_plan\"}', 302, '2026-06-20 21:36:44'),
(1078, 4, 0, 0, 39, 13, 'ادارة الصيانة', 'BFJQsgTEWBugy4UMRLg29DXWgZGgcb-wx-,MgD3OAG25Pb74', '::1', NULL, 'login', 'auth', 'login', NULL, NULL, NULL, NULL, NULL, 'http://localhost/ems/login.php', 'POST', '{\"username\":\"qa_mnt\",\"password\":\"[REDACTED]\",\"csrf_token\":\"[REDACTED]\"}', 200, '2026-06-20 21:42:38'),
(1079, 4, 0, 0, 39, 13, 'ادارة الصيانة', 'BFJQsgTEWBugy4UMRLg29DXWgZGgcb-wx-,MgD3OAG25Pb74', '::1', NULL, 'preventive_plans', 'maintenance', 'new_plan', 'new_plan', NULL, NULL, NULL, NULL, 'http://localhost/ems/Maintenance/preventive_plans.php', 'POST', '{\"action\":\"new_plan\",\"name\":\"خطة زيت 250\",\"equipment_id\":\"13\",\"trigger_basis\":\"ساعات\",\"interval_value\":\"250\"}', 302, '2026-06-20 21:42:38'),
(1080, 4, 0, 0, 39, 13, 'ادارة الصيانة', 'BFJQsgTEWBugy4UMRLg29DXWgZGgcb-wx-,MgD3OAG25Pb74', '::1', NULL, 'preventive_plans', 'maintenance', 'create', 'add_task', NULL, NULL, NULL, NULL, 'http://localhost/ems/Maintenance/preventive_plans.php', 'POST', '{\"ajax\":\"1\",\"action\":\"add_task\",\"plan_id\":\"7\",\"task_name\":\"تغيير الزيت\",\"est_hours\":\"2\"}', 200, '2026-06-20 21:42:38'),
(1081, 4, 0, 0, 39, 13, 'ادارة الصيانة', 'BFJQsgTEWBugy4UMRLg29DXWgZGgcb-wx-,MgD3OAG25Pb74', '::1', NULL, 'preventive_plans', 'maintenance', 'del_task', 'del_task', NULL, NULL, NULL, NULL, 'http://localhost/ems/Maintenance/preventive_plans.php', 'POST', '{\"ajax\":\"1\",\"action\":\"del_task\",\"plan_id\":\"7\",\"task_id\":\"1\"}', 200, '2026-06-20 21:42:38'),
(1082, 4, 0, 0, 6, 3, 'ادارة الاسطول', '34pRF1SZ7b-LQ5XvzlJkshC1js22QvJZivQikhqUIuvP,r2T', '::1', 'Mozilla/5.0 (Windows NT 10.0; Win64; x64) AppleWebKit/537.36 (KHTML, like Gecko) Chrome/149.0.0.0 Safari/537.36 Edg/149.0.0.0', 'logout', 'auth', 'logout', NULL, NULL, NULL, NULL, NULL, 'http://localhost/ems/logout.php', 'GET', NULL, 200, '2026-06-20 21:45:38'),
(1083, 4, 0, 0, 6, 3, 'ادارة الاسطول', 'R2aFkXCY0-jNcX--E,yvshd7Cip04Edj6cs3I9,6w4qxRcS2', '::1', 'Mozilla/5.0 (Windows NT 10.0; Win64; x64) AppleWebKit/537.36 (KHTML, like Gecko) Chrome/149.0.0.0 Safari/537.36 Edg/149.0.0.0', 'login', 'auth', 'login', NULL, NULL, NULL, NULL, NULL, 'http://localhost/ems/login.php', 'POST', '{\"csrf_token\":\"[REDACTED]\",\"username\":\"يسن\",\"password\":\"[REDACTED]\"}', 200, '2026-06-20 21:45:44'),
(1084, 4, 0, 0, 6, 3, 'ادارة الاسطول', 'R2aFkXCY0-jNcX--E,yvshd7Cip04Edj6cs3I9,6w4qxRcS2', '::1', 'Mozilla/5.0 (Windows NT 10.0; Win64; x64) AppleWebKit/537.36 (KHTML, like Gecko) Chrome/149.0.0.0 Safari/537.36 Edg/149.0.0.0', 'logout', 'auth', 'logout', NULL, NULL, NULL, NULL, NULL, 'http://localhost/ems/logout.php', 'GET', NULL, 200, '2026-06-20 21:46:16'),
(1085, 4, 0, 0, 19, 13, 'ادارة الصيانة', '4sr1DLvOZoaGaw6k,,qTqnr7eOP8PlIaNWZui,SfK6ecFm,,', '::1', 'Mozilla/5.0 (Windows NT 10.0; Win64; x64) AppleWebKit/537.36 (KHTML, like Gecko) Chrome/149.0.0.0 Safari/537.36 Edg/149.0.0.0', 'login', 'auth', 'login', NULL, NULL, NULL, NULL, NULL, 'http://localhost/ems/login.php', 'POST', '{\"csrf_token\":\"[REDACTED]\",\"username\":\"صيانة\",\"password\":\"[REDACTED]\"}', 200, '2026-06-20 21:46:22'),
(1086, 4, 0, 0, 19, 13, 'ادارة الصيانة', '4sr1DLvOZoaGaw6k,,qTqnr7eOP8PlIaNWZui,SfK6ecFm,,', '::1', 'Mozilla/5.0 (Windows NT 10.0; Win64; x64) AppleWebKit/537.36 (KHTML, like Gecko) Chrome/149.0.0.0 Safari/537.36 Edg/149.0.0.0', 'orders', 'maintenance', 'new_order', 'new_order', NULL, NULL, NULL, NULL, 'http://localhost/ems/Maintenance/orders.php', 'POST', '{\"csrf_token\":\"[REDACTED]\",\"action\":\"new_order\"}', 302, '2026-06-20 21:46:28'),
(1087, 4, 0, 0, 19, 13, 'ادارة الصيانة', '4sr1DLvOZoaGaw6k,,qTqnr7eOP8PlIaNWZui,SfK6ecFm,,', '::1', 'Mozilla/5.0 (Windows NT 10.0; Win64; x64) AppleWebKit/537.36 (KHTML, like Gecko) Chrome/149.0.0.0 Safari/537.36 Edg/149.0.0.0', 'orders', 'maintenance', 'new_order', 'new_order', NULL, NULL, NULL, NULL, 'http://localhost/ems/Maintenance/orders.php', 'POST', '{\"csrf_token\":\"[REDACTED]\",\"action\":\"new_order\"}', 302, '2026-06-20 21:46:46');
INSERT INTO `activity_logs` (`id`, `company_id`, `project_id`, `contract_id`, `user_id`, `role_id`, `role_name`, `session_id`, `ip_address`, `user_agent`, `screen_name`, `module_name`, `action_type`, `button_name`, `field_name`, `record_id`, `old_value`, `new_value`, `url`, `http_method`, `request_payload`, `response_status`, `created_at`) VALUES
(1088, 4, 0, 0, 40, 13, 'ادارة الصيانة', 'NicDqq96x42v7Uw36STVFKtlEd6oZc0B3Y7KBpZMTDRpAlaY', '::1', NULL, 'login', 'auth', 'login', NULL, NULL, NULL, NULL, NULL, 'http://localhost/ems/login.php', 'POST', '{\"username\":\"qa_mnt\",\"password\":\"[REDACTED]\",\"csrf_token\":\"[REDACTED]\"}', 200, '2026-06-20 21:51:15'),
(1089, 4, 0, 0, 40, 13, 'ادارة الصيانة', 'NicDqq96x42v7Uw36STVFKtlEd6oZc0B3Y7KBpZMTDRpAlaY', '::1', NULL, 'orders', 'maintenance', 'new_order', 'new_order', NULL, NULL, NULL, NULL, 'http://localhost/ems/Maintenance/orders.php', 'POST', '{\"action\":\"new_order\",\"equipment_id\":\"13\",\"source\":\"بلاغ\",\"maint_type\":\"إصلاح عطل\",\"priority\":\"عالية\",\"cost_party\":\"داخلي\"}', 302, '2026-06-20 21:51:15'),
(1090, 4, 0, 0, 19, 13, 'ادارة الصيانة', '4sr1DLvOZoaGaw6k,,qTqnr7eOP8PlIaNWZui,SfK6ecFm,,', '::1', 'Mozilla/5.0 (Windows NT 10.0; Win64; x64) AppleWebKit/537.36 (KHTML, like Gecko) Chrome/149.0.0.0 Safari/537.36 Edg/149.0.0.0', 'orders', 'maintenance', 'new_order', 'new_order', NULL, NULL, NULL, NULL, 'http://localhost/ems/Maintenance/orders.php', 'POST', '{\"csrf_token\":\"[REDACTED]\",\"action\":\"new_order\",\"equipment_id\":\"11\",\"project_id\":\"1\",\"source\":\"وقائي\",\"maint_type\":\"إصلاح عطل\",\"priority\":\"عادية\",\"cost_party\":\"داخلي\"}', 302, '2026-06-20 21:52:25'),
(1091, 4, 0, 0, 19, 13, 'ادارة الصيانة', '4sr1DLvOZoaGaw6k,,qTqnr7eOP8PlIaNWZui,SfK6ecFm,,', '::1', 'Mozilla/5.0 (Windows NT 10.0; Win64; x64) AppleWebKit/537.36 (KHTML, like Gecko) Chrome/149.0.0.0 Safari/537.36 Edg/149.0.0.0', 'preventive_plans', 'maintenance', 'create', 'add_task', NULL, NULL, NULL, NULL, 'http://localhost/ems/Maintenance/preventive_plans.php?id=1', 'POST', '{\"action\":\"add_task\",\"plan_id\":\"1\",\"task_name\":\"تغيير زيت\",\"task_type\":\"\",\"component\":\"محرك\",\"est_hours\":\"05\",\"ajax\":\"1\"}', 200, '2026-06-20 21:53:19'),
(1092, 4, 0, 0, 13, 12, 'ادارة المبيعات', 'DWG0GWmhwJA-OymkGP1welzogioJn9ZBvSfSKfC5RQAiYv6Z', '::1', 'Mozilla/5.0 (Windows NT 10.0; Win64; x64) AppleWebKit/537.36 (KHTML, like Gecko) Chrome/136.0.0.0 Safari/537.36', 'login', 'auth', 'login', NULL, NULL, NULL, NULL, NULL, 'http://localhost/ems/login.php', 'POST', '{\"csrf_token\":\"[REDACTED]\",\"username\":\"مبيعات\",\"password\":\"[REDACTED]\"}', 200, '2026-06-20 22:06:59'),
(1093, 4, 0, 0, 13, 12, 'ادارة المبيعات', 'DWG0GWmhwJA-OymkGP1welzogioJn9ZBvSfSKfC5RQAiYv6Z', '::1', 'Mozilla/5.0 (Windows NT 10.0; Win64; x64) AppleWebKit/537.36 (KHTML, like Gecko) Chrome/136.0.0.0 Safari/537.36', 'logout', 'auth', 'logout', NULL, NULL, NULL, NULL, NULL, 'http://localhost/ems/logout.php', 'GET', NULL, 200, '2026-06-20 22:07:08'),
(1094, 4, 0, 0, 4, 1, 'ادارة التشغيل', '7mgPfrYlumCNbQv0CN-PgzfMpUVprssMlSOUFZ,ob,M,-0mw', '::1', 'Mozilla/5.0 (Windows NT 10.0; Win64; x64) AppleWebKit/537.36 (KHTML, like Gecko) Chrome/136.0.0.0 Safari/537.36', 'login', 'auth', 'login', NULL, NULL, NULL, NULL, NULL, 'http://localhost/ems/login.php', 'POST', '{\"csrf_token\":\"[REDACTED]\",\"username\":\"محمد\",\"password\":\"[REDACTED]\"}', 200, '2026-06-20 22:07:17'),
(1095, 4, 0, 0, 4, 1, 'ادارة التشغيل', '7mgPfrYlumCNbQv0CN-PgzfMpUVprssMlSOUFZ,ob,M,-0mw', '::1', 'Mozilla/5.0 (Windows NT 10.0; Win64; x64) AppleWebKit/537.36 (KHTML, like Gecko) Chrome/136.0.0.0 Safari/537.36', 'logout', 'auth', 'logout', NULL, NULL, NULL, NULL, NULL, 'http://localhost/ems/logout.php', 'GET', NULL, 200, '2026-06-20 22:07:44'),
(1096, 4, 2, 2, 10, 6, 'مدير حركة وتشغيل', 'vfJkXZFK1048ZymbkEeP9grWLAspWOeJ1X63tCdjxs-CkeZY', '::1', 'Mozilla/5.0 (Windows NT 10.0; Win64; x64) AppleWebKit/537.36 (KHTML, like Gecko) Chrome/136.0.0.0 Safari/537.36', 'login', 'auth', 'login', NULL, NULL, NULL, NULL, NULL, 'http://localhost/ems/login.php', 'POST', '{\"csrf_token\":\"[REDACTED]\",\"username\":\"مشغل الروسية\",\"password\":\"[REDACTED]\"}', 200, '2026-06-20 22:07:52'),
(1097, 4, 2, 2, 10, 6, 'مدير حركة وتشغيل', 'vfJkXZFK1048ZymbkEeP9grWLAspWOeJ1X63tCdjxs-CkeZY', '::1', 'Mozilla/5.0 (Windows NT 10.0; Win64; x64) AppleWebKit/537.36 (KHTML, like Gecko) Chrome/136.0.0.0 Safari/537.36', 'movement_operations', 'movement', 'save_single_operation', 'save_single_operation', NULL, NULL, NULL, NULL, 'http://localhost/ems/movement/movement_operations.php', 'POST', '{\"action\":\"save_single_operation\",\"op_id\":\"7\",\"equipment_category\":\"أساسي\",\"shift_type\":\"B\",\"status\":\"0\",\"json\":\"1\"}', 200, '2026-06-20 22:08:11'),
(1098, 4, 2, 2, 10, 6, 'مدير حركة وتشغيل', 'vfJkXZFK1048ZymbkEeP9grWLAspWOeJ1X63tCdjxs-CkeZY', '::1', 'Mozilla/5.0 (Windows NT 10.0; Win64; x64) AppleWebKit/537.36 (KHTML, like Gecko) Chrome/136.0.0.0 Safari/537.36', 'logout', 'auth', 'logout', NULL, NULL, NULL, NULL, NULL, 'http://localhost/ems/logout.php', 'GET', NULL, 200, '2026-06-20 22:08:22'),
(1099, 4, 0, 0, 6, 3, 'ادارة الاسطول', '86U-PimZnwK5lTMLCryCW0pEGxIR0dyNGPXwb30LuMkn9D24', '::1', 'Mozilla/5.0 (Windows NT 10.0; Win64; x64) AppleWebKit/537.36 (KHTML, like Gecko) Chrome/136.0.0.0 Safari/537.36', 'login', 'auth', 'login', NULL, NULL, NULL, NULL, NULL, 'http://localhost/ems/login.php', 'POST', '{\"csrf_token\":\"[REDACTED]\",\"username\":\"يسن\",\"password\":\"[REDACTED]\"}', 200, '2026-06-20 22:08:32'),
(1100, 4, 0, 0, 6, 3, 'ادارة الاسطول', '86U-PimZnwK5lTMLCryCW0pEGxIR0dyNGPXwb30LuMkn9D24', '::1', 'Mozilla/5.0 (Windows NT 10.0; Win64; x64) AppleWebKit/537.36 (KHTML, like Gecko) Chrome/136.0.0.0 Safari/537.36', 'equipments_fleet', 'equipments', 'create', 'create', NULL, NULL, NULL, NULL, 'http://localhost/ems/Equipments/equipments_fleet.php?edit=9', 'POST', '{\"csrf_token\":\"[REDACTED]\",\"edit_id\":\"9\",\"suppliers\":\"3\",\"code\":\"EX21\",\"type\":\"1\",\"name\":\"HX 340 SL\",\"serial_number\":\"8221373793\",\"chassis_number\":\"HHKH944HM0000144\",\"machine_number\":\"\",\"model_id\":\"\",\"manufacturer\":\"HYUNDAI\",\"model\":\"HX340SL\",\"manufacturing_year\":\"2021\",\"import_year\":\"2021\",\"operating_category\":\"\",\"origin_country\":\"\",\"engine_no\":\"\",\"plate_no\":\"\",\"capacity\":\"\",\"capacity_uom\":\"\",\"dimensions\":\"\",\"source_type\":\"\",\"entry_date\":\"\",\"acquisition_cost\":\"\",\"acquisition_currency\":\"\",\"opening_meter\":\"\",\"meter_uom\":\"ساعات\",\"meter_source\":\"\",\"equipment_condition\":\"في حالة جيدة\",\"operating_hours\":\"9947\",\"engine_condition\":\"جيدة\",\"tires_condition\":\"N/A\",\"actual_owner_name\":\"EQUIPATION\",\"owner_type\":\"أخرى\",\"owner_phone\":\"249912345678\",\"owner_supplier_relation\":\"غير محدد\",\"license_number\":\"PZUN02021011333\",\"license_authority\":\"الجمارك\",\"document_type\":\"\",\"license_expiry_date\":\"0001-01-01\",\"inspection_certificate_number\":\"2020286\",\"last_inspection_date\":\"2026-04-22\",\"current_location\":\"الشركة الروسية\",\"availability_state\":\"متوفرة\",\"site_supervisor_name\":\"\",\"site_supervisor_contact\":\"\",\"estimated_value\":\"180000.00\",\"daily_rental_price\":\"800.00\",\"monthly_rental_price\":\"24000.00\",\"insurance_status\":\"مؤمن بالكامل\",\"general_notes\":\"معدة موثوقة تحتاج فقط للصيانة الدورية\",\"last_maintenance_date\":\"2026-04-01\",\"status\":\"1\"}', 302, '2026-06-20 22:09:13'),
(1101, 4, 0, 0, 42, 13, 'ادارة الصيانة', ',LlnfHhyNFFsx2m,VYZEhBDoTne6Wp6IeD4cbdkRUdXjMCd3', '::1', NULL, 'login', 'auth', 'login', NULL, NULL, NULL, NULL, NULL, 'http://localhost/ems/login.php', 'POST', '{\"username\":\"qa_mnt\",\"password\":\"[REDACTED]\",\"csrf_token\":\"[REDACTED]\"}', 200, '2026-06-20 22:11:57'),
(1102, 4, 0, 0, 19, 13, 'ادارة الصيانة', '4sr1DLvOZoaGaw6k,,qTqnr7eOP8PlIaNWZui,SfK6ecFm,,', '::1', 'Mozilla/5.0 (Windows NT 10.0; Win64; x64) AppleWebKit/537.36 (KHTML, like Gecko) Chrome/149.0.0.0 Safari/537.36 Edg/149.0.0.0', 'logout', 'auth', 'logout', NULL, NULL, NULL, NULL, NULL, 'http://localhost/ems/logout.php', 'GET', NULL, 200, '2026-06-21 08:42:53'),
(1103, 4, 2, 2, 10, 6, 'مدير حركة وتشغيل', 'eEFHrQTIoG0JoQPwZDO5vT8Bnco-2oRfcf6Kz24FphqR0xnd', '::1', 'Mozilla/5.0 (Windows NT 10.0; Win64; x64) AppleWebKit/537.36 (KHTML, like Gecko) Chrome/149.0.0.0 Safari/537.36 Edg/149.0.0.0', 'login', 'auth', 'login', NULL, NULL, NULL, NULL, NULL, 'http://localhost/ems/login.php', 'POST', '{\"csrf_token\":\"[REDACTED]\",\"username\":\"مشغل الروسية\",\"password\":\"[REDACTED]\"}', 200, '2026-06-21 08:43:36'),
(1104, 4, 2, 2, 10, 6, 'مدير حركة وتشغيل', 'eEFHrQTIoG0JoQPwZDO5vT8Bnco-2oRfcf6Kz24FphqR0xnd', '::1', 'Mozilla/5.0 (Windows NT 10.0; Win64; x64) AppleWebKit/537.36 (KHTML, like Gecko) Chrome/149.0.0.0 Safari/537.36 Edg/149.0.0.0', 'logout', 'auth', 'logout', NULL, NULL, NULL, NULL, NULL, 'http://localhost/ems/logout.php', 'GET', NULL, 200, '2026-06-21 09:03:28'),
(1105, 4, 0, 0, 19, 13, 'ادارة الصيانة', '1wb3un5g,xuKKVOl6oNndvGgb1KWuWnxxNdUITxTwh0OlsNo', '::1', 'Mozilla/5.0 (Windows NT 10.0; Win64; x64) AppleWebKit/537.36 (KHTML, like Gecko) Chrome/149.0.0.0 Safari/537.36 Edg/149.0.0.0', 'login', 'auth', 'login', NULL, NULL, NULL, NULL, NULL, 'http://localhost/ems/login.php', 'POST', '{\"csrf_token\":\"[REDACTED]\",\"username\":\"صيانة\",\"password\":\"[REDACTED]\"}', 200, '2026-06-21 09:03:41'),
(1106, 4, 0, 0, 19, 13, 'ادارة الصيانة', '1wb3un5g,xuKKVOl6oNndvGgb1KWuWnxxNdUITxTwh0OlsNo', '::1', 'Mozilla/5.0 (Windows NT 10.0; Win64; x64) AppleWebKit/537.36 (KHTML, like Gecko) Chrome/149.0.0.0 Safari/537.36 Edg/149.0.0.0', 'logout', 'auth', 'logout', NULL, NULL, NULL, NULL, NULL, 'http://localhost/ems/logout.php', 'GET', NULL, 200, '2026-06-21 09:11:58'),
(1107, 4, 2, 2, 10, 6, 'مدير حركة وتشغيل', 'j2XDi7eX-f8nWAxLrAql5w2TK-53eWv6mU06emyUVxJjLQ37', '::1', 'Mozilla/5.0 (Windows NT 10.0; Win64; x64) AppleWebKit/537.36 (KHTML, like Gecko) Chrome/149.0.0.0 Safari/537.36 Edg/149.0.0.0', 'login', 'auth', 'login', NULL, NULL, NULL, NULL, NULL, 'http://localhost/ems/login.php', 'POST', '{\"csrf_token\":\"[REDACTED]\",\"username\":\"مشغل الروسية\",\"password\":\"[REDACTED]\"}', 200, '2026-06-21 09:12:10'),
(1108, 4, 2, 2, 10, 6, 'مدير حركة وتشغيل', 'j2XDi7eX-f8nWAxLrAql5w2TK-53eWv6mU06emyUVxJjLQ37', '::1', 'Mozilla/5.0 (Windows NT 10.0; Win64; x64) AppleWebKit/537.36 (KHTML, like Gecko) Chrome/149.0.0.0 Safari/537.36 Edg/149.0.0.0', 'movement_operations', 'movement', 'set_equipment_maintenance', 'set_equipment_maintenance', NULL, NULL, NULL, NULL, 'http://localhost/ems/movement/movement_operations.php', 'POST', '{\"action\":\"set_equipment_maintenance\",\"equipment_id\":\"4\",\"json\":\"1\"}', 200, '2026-06-21 09:13:35'),
(1109, 4, 0, 0, 19, 13, 'ادارة الصيانة', 'azj6un-C62Q60o,nILgZq1e8pdIb8NKnnpBdt,0pd-DyxfQG', '::1', 'Mozilla/5.0 (Windows NT 10.0; Win64; x64) AppleWebKit/537.36 (KHTML, like Gecko) Chrome/136.0.0.0 Safari/537.36', 'login', 'auth', 'login', NULL, NULL, NULL, NULL, NULL, 'http://localhost/ems/login.php?timeout=1', 'POST', '{\"csrf_token\":\"[REDACTED]\",\"username\":\"صيانة\",\"password\":\"[REDACTED]\"}', 200, '2026-06-21 09:14:02'),
(1110, 4, 2, 2, 10, 6, 'مدير حركة وتشغيل', 'j2XDi7eX-f8nWAxLrAql5w2TK-53eWv6mU06emyUVxJjLQ37', '::1', 'Mozilla/5.0 (Windows NT 10.0; Win64; x64) AppleWebKit/537.36 (KHTML, like Gecko) Chrome/149.0.0.0 Safari/537.36 Edg/149.0.0.0', 'movement_operations', 'movement', 'set_equipment_maintenance', 'set_equipment_maintenance', NULL, NULL, NULL, NULL, 'http://localhost/ems/movement/movement_operations.php', 'POST', '{\"action\":\"set_equipment_maintenance\",\"equipment_id\":\"7\",\"json\":\"1\"}', 200, '2026-06-21 09:14:44'),
(1111, 4, 0, 0, 19, 13, 'ادارة الصيانة', 'azj6un-C62Q60o,nILgZq1e8pdIb8NKnnpBdt,0pd-DyxfQG', '::1', 'Mozilla/5.0 (Windows NT 10.0; Win64; x64) AppleWebKit/537.36 (KHTML, like Gecko) Chrome/136.0.0.0 Safari/537.36', 'orders', 'maintenance', 'new_order', 'new_order', NULL, NULL, NULL, NULL, 'http://localhost/ems/Maintenance/orders.php', 'POST', '{\"csrf_token\":\"[REDACTED]\",\"action\":\"new_order\",\"project_id\":\"2\",\"equipment_id\":\"9\",\"source\":\"بلاغ\",\"maint_type\":\"استبدال قطعة\",\"priority\":\"متوسطة\",\"cost_party\":\"داخلي\"}', 302, '2026-06-21 09:18:45'),
(1112, 4, 0, 0, 19, 13, 'ادارة الصيانة', 'azj6un-C62Q60o,nILgZq1e8pdIb8NKnnpBdt,0pd-DyxfQG', '::1', 'Mozilla/5.0 (Windows NT 10.0; Win64; x64) AppleWebKit/537.36 (KHTML, like Gecko) Chrome/136.0.0.0 Safari/537.36', 'orders', 'maintenance', 'save_order', 'save_order', NULL, 21, NULL, NULL, 'http://localhost/ems/Maintenance/orders.php?id=21&msg=%D8%AA%D9%85+%D8%A5%D9%86%D8%B4%D8%A7%D8%A1+%D8%A3%D9%85%D8%B1+%D8%B5%D9%8A%D8%A7%D9%86%D8%A9+%E2%9C%85', 'POST', '{\"csrf_token\":\"[REDACTED]\",\"action\":\"save_order\",\"id\":\"21\",\"project_id\":\"2\",\"equipment_id\":\"9\",\"source\":\"بلاغ\",\"maint_type\":\"استبدال قطعة\",\"priority\":\"متوسطة\",\"failure_code_id\":\"\",\"cost_party\":\"داخلي\",\"vendor_id\":\"\",\"workshop\":\"\",\"technician_id\":\"\",\"supervisor_id\":\"\",\"external_cost\":\"0.00\",\"work_start\":\"\",\"work_end\":\"\",\"downtime_hours\":\"0.00\",\"root_cause_id\":\"\",\"inspection_result\":\"\",\"state\":\"تنفيذ\",\"diagnosis\":\"\",\"actions_taken\":\"\"}', 302, '2026-06-21 09:18:58'),
(1113, 4, 0, 0, 19, 13, 'ادارة الصيانة', 'azj6un-C62Q60o,nILgZq1e8pdIb8NKnnpBdt,0pd-DyxfQG', '::1', 'Mozilla/5.0 (Windows NT 10.0; Win64; x64) AppleWebKit/537.36 (KHTML, like Gecko) Chrome/136.0.0.0 Safari/537.36', 'orders', 'maintenance', 'save_order', 'save_order', NULL, 21, NULL, NULL, 'http://localhost/ems/Maintenance/orders.php?id=21&msg=%D8%AA%D9%85+%D8%AD%D9%81%D8%B8+%D8%A7%D9%84%D8%A3%D9%85%D8%B1+%D8%A8%D9%86%D8%AC%D8%A7%D8%AD+%E2%9C%85', 'POST', '{\"csrf_token\":\"[REDACTED]\",\"action\":\"save_order\",\"id\":\"21\",\"project_id\":\"2\",\"equipment_id\":\"9\",\"source\":\"بلاغ\",\"maint_type\":\"استبدال قطعة\",\"priority\":\"متوسطة\",\"failure_code_id\":\"\",\"cost_party\":\"داخلي\",\"vendor_id\":\"\",\"workshop\":\"\",\"technician_id\":\"\",\"supervisor_id\":\"\",\"external_cost\":\"0.00\",\"work_start\":\"\",\"work_end\":\"\",\"downtime_hours\":\"0.00\",\"root_cause_id\":\"\",\"inspection_result\":\"\",\"state\":\"فحص\",\"diagnosis\":\"\",\"actions_taken\":\"\"}', 302, '2026-06-21 09:19:10'),
(1114, 4, 0, 0, 19, 13, 'ادارة الصيانة', 'azj6un-C62Q60o,nILgZq1e8pdIb8NKnnpBdt,0pd-DyxfQG', '::1', 'Mozilla/5.0 (Windows NT 10.0; Win64; x64) AppleWebKit/537.36 (KHTML, like Gecko) Chrome/136.0.0.0 Safari/537.36', 'orders', 'maintenance', 'save_order', 'save_order', NULL, 21, NULL, NULL, 'http://localhost/ems/Maintenance/orders.php?id=21&msg=%D8%AA%D9%85+%D8%AD%D9%81%D8%B8+%D8%A7%D9%84%D8%A3%D9%85%D8%B1+%D8%A8%D9%86%D8%AC%D8%A7%D8%AD+%E2%9C%85', 'POST', '{\"csrf_token\":\"[REDACTED]\",\"action\":\"save_order\",\"id\":\"21\",\"project_id\":\"2\",\"equipment_id\":\"9\",\"source\":\"بلاغ\",\"maint_type\":\"استبدال قطعة\",\"priority\":\"متوسطة\",\"failure_code_id\":\"\",\"cost_party\":\"داخلي\",\"vendor_id\":\"\",\"workshop\":\"\",\"technician_id\":\"\",\"supervisor_id\":\"\",\"external_cost\":\"0.00\",\"work_start\":\"\",\"work_end\":\"\",\"downtime_hours\":\"0.00\",\"root_cause_id\":\"\",\"inspection_result\":\"\",\"state\":\"إغلاق\",\"diagnosis\":\"\",\"actions_taken\":\"\"}', 302, '2026-06-21 09:19:19'),
(1115, 4, 0, 0, 19, 13, 'ادارة الصيانة', 'azj6un-C62Q60o,nILgZq1e8pdIb8NKnnpBdt,0pd-DyxfQG', '::1', 'Mozilla/5.0 (Windows NT 10.0; Win64; x64) AppleWebKit/537.36 (KHTML, like Gecko) Chrome/136.0.0.0 Safari/537.36', 'orders', 'maintenance', 'save_order', 'save_order', NULL, 21, NULL, NULL, 'http://localhost/ems/Maintenance/orders.php?id=21&msg=%D8%AA%D8%B9%D8%B0%D9%91%D8%B1+%D8%A7%D9%84%D8%A5%D8%BA%D9%84%D8%A7%D9%82%3A+%D9%8A%D9%84%D8%B2%D9%85+%28%D8%A7%D9%84%D8%A5%D8%AC%D8%B1%D8%A7%D8%A1%D8%A7%D8%AA+%D8%A7%D9%84%D9%85%D8%AA%D8%AE%D8%B0%D8%A9+%2B+%D8%A7%D9%84%D8%B3%D8%A8%D8%A8+%D8%A7%D9%84%D8%AC%D8%B0%D8%B1%D9%8A+%2B+%D9%86%D8%AA%D9%8A%D8%AC%D8%A9+%D8%A7%D9%84%D9%81%D8%AD%D8%B5+%C2%AB%D9%86%D8%A7%D8%AC%D8%AD%C2%BB%29.+%E2%9D%8C', 'POST', '{\"csrf_token\":\"[REDACTED]\",\"action\":\"save_order\",\"id\":\"21\",\"project_id\":\"2\",\"equipment_id\":\"9\",\"source\":\"بلاغ\",\"maint_type\":\"استبدال قطعة\",\"priority\":\"متوسطة\",\"failure_code_id\":\"\",\"cost_party\":\"داخلي\",\"vendor_id\":\"\",\"workshop\":\"\",\"technician_id\":\"\",\"supervisor_id\":\"\",\"external_cost\":\"0.00\",\"work_start\":\"2026-06-21T12:19\",\"work_end\":\"2026-06-22T12:19\",\"downtime_hours\":\"5\",\"root_cause_id\":\"2\",\"inspection_result\":\"ناجح\",\"state\":\"إغلاق\",\"diagnosis\":\"تم\",\"actions_taken\":\"تم\"}', 302, '2026-06-21 09:19:58'),
(1116, 4, 2, 2, 10, 6, 'مدير حركة وتشغيل', 'j2XDi7eX-f8nWAxLrAql5w2TK-53eWv6mU06emyUVxJjLQ37', '::1', 'Mozilla/5.0 (Windows NT 10.0; Win64; x64) AppleWebKit/537.36 (KHTML, like Gecko) Chrome/149.0.0.0 Safari/537.36 Edg/149.0.0.0', 'logout', 'auth', 'logout', NULL, NULL, NULL, NULL, NULL, 'http://localhost/ems/logout.php', 'GET', NULL, 200, '2026-06-21 09:22:03'),
(1117, 4, 0, 0, 6, 3, 'ادارة الاسطول', 'aqsnzGP3Pzw8mi9wqYn4WA4O27-254cPYMVZV26duwH98zfM', '::1', 'Mozilla/5.0 (Windows NT 10.0; Win64; x64) AppleWebKit/537.36 (KHTML, like Gecko) Chrome/149.0.0.0 Safari/537.36 Edg/149.0.0.0', 'login', 'auth', 'login', NULL, NULL, NULL, NULL, NULL, 'http://localhost/ems/login.php', 'POST', '{\"csrf_token\":\"[REDACTED]\",\"username\":\"يسن\",\"password\":\"[REDACTED]\"}', 200, '2026-06-21 09:22:11'),
(1118, 4, 0, 0, 19, 13, 'ادارة الصيانة', 'azj6un-C62Q60o,nILgZq1e8pdIb8NKnnpBdt,0pd-DyxfQG', '::1', 'Mozilla/5.0 (Windows NT 10.0; Win64; x64) AppleWebKit/537.36 (KHTML, like Gecko) Chrome/136.0.0.0 Safari/537.36', 'orders', 'maintenance', 'save_order', 'save_order', NULL, 21, NULL, NULL, 'http://localhost/ems/Maintenance/orders.php?id=21', 'POST', '{\"csrf_token\":\"[REDACTED]\",\"action\":\"save_order\",\"id\":\"21\",\"project_id\":\"2\",\"equipment_id\":\"9\",\"source\":\"بلاغ\",\"maint_type\":\"استبدال قطعة\",\"priority\":\"متوسطة\",\"failure_code_id\":\"\",\"cost_party\":\"داخلي\",\"vendor_id\":\"\",\"workshop\":\"\",\"technician_id\":\"\",\"supervisor_id\":\"\",\"external_cost\":\"0.00\",\"work_start\":\"2026-06-21T12:19\",\"work_end\":\"2026-06-22T12:19\",\"downtime_hours\":\"5.00\",\"root_cause_id\":\"2\",\"inspection_result\":\"ناجح\",\"state\":\"إغلاق\",\"diagnosis\":\"تم\",\"actions_taken\":\"تم\"}', 302, '2026-06-21 09:25:22'),
(1119, 4, 0, 0, 19, 13, 'ادارة الصيانة', 'azj6un-C62Q60o,nILgZq1e8pdIb8NKnnpBdt,0pd-DyxfQG', '::1', 'Mozilla/5.0 (Windows NT 10.0; Win64; x64) AppleWebKit/537.36 (KHTML, like Gecko) Chrome/136.0.0.0 Safari/537.36', 'orders', 'maintenance', 'new_order', 'new_order', NULL, NULL, NULL, NULL, 'http://localhost/ems/Maintenance/orders.php', 'POST', '{\"csrf_token\":\"[REDACTED]\",\"action\":\"new_order\",\"project_id\":\"2\",\"equipment_id\":\"7\",\"source\":\"بلاغ\",\"maint_type\":\"استبدال قطعة\",\"priority\":\"متوسطة\",\"cost_party\":\"داخلي\"}', 302, '2026-06-21 09:27:50'),
(1120, 4, 0, 0, 6, 3, 'ادارة الاسطول', 'aqsnzGP3Pzw8mi9wqYn4WA4O27-254cPYMVZV26duwH98zfM', '::1', 'Mozilla/5.0 (Windows NT 10.0; Win64; x64) AppleWebKit/537.36 (KHTML, like Gecko) Chrome/149.0.0.0 Safari/537.36 Edg/149.0.0.0', 'logout', 'auth', 'logout', NULL, NULL, NULL, NULL, NULL, 'http://localhost/ems/logout.php', 'GET', NULL, 200, '2026-06-21 09:28:18'),
(1121, 4, 2, 2, 10, 6, 'مدير حركة وتشغيل', 'Hoo1o0g7-VdnccmkIb0FfdfF6Zejk8pE7VFnw4rv0UqPjpcT', '::1', 'Mozilla/5.0 (Windows NT 10.0; Win64; x64) AppleWebKit/537.36 (KHTML, like Gecko) Chrome/149.0.0.0 Safari/537.36 Edg/149.0.0.0', 'login', 'auth', 'login', NULL, NULL, NULL, NULL, NULL, 'http://localhost/ems/login.php', 'POST', '{\"csrf_token\":\"[REDACTED]\",\"username\":\"مشغل الروسية\",\"password\":\"[REDACTED]\"}', 200, '2026-06-21 09:28:27'),
(1122, 4, 0, 0, 19, 13, 'ادارة الصيانة', 'azj6un-C62Q60o,nILgZq1e8pdIb8NKnnpBdt,0pd-DyxfQG', '::1', 'Mozilla/5.0 (Windows NT 10.0; Win64; x64) AppleWebKit/537.36 (KHTML, like Gecko) Chrome/136.0.0.0 Safari/537.36', 'orders', 'maintenance', 'save_order', 'save_order', NULL, 22, NULL, NULL, 'http://localhost/ems/Maintenance/orders.php?id=22&msg=%D8%AA%D9%85+%D8%A5%D9%86%D8%B4%D8%A7%D8%A1+%D8%A3%D9%85%D8%B1+%D8%B5%D9%8A%D8%A7%D9%86%D8%A9+%E2%9C%85', 'POST', '{\"csrf_token\":\"[REDACTED]\",\"action\":\"save_order\",\"id\":\"22\",\"project_id\":\"2\",\"equipment_id\":\"7\",\"source\":\"بلاغ\",\"maint_type\":\"استبدال قطعة\",\"priority\":\"متوسطة\",\"failure_code_id\":\"\",\"cost_party\":\"داخلي\",\"vendor_id\":\"\",\"workshop\":\"\",\"technician_id\":\"\",\"supervisor_id\":\"\",\"external_cost\":\"0.00\",\"work_start\":\"\",\"work_end\":\"2026-06-21T12:27\",\"downtime_hours\":\"0.00\",\"root_cause_id\":\"2\",\"inspection_result\":\"راسب\",\"state\":\"إغلاق\",\"diagnosis\":\"\",\"actions_taken\":\"\"}', 302, '2026-06-21 09:28:37'),
(1123, 4, 0, 0, 19, 13, 'ادارة الصيانة', 'azj6un-C62Q60o,nILgZq1e8pdIb8NKnnpBdt,0pd-DyxfQG', '::1', 'Mozilla/5.0 (Windows NT 10.0; Win64; x64) AppleWebKit/537.36 (KHTML, like Gecko) Chrome/136.0.0.0 Safari/537.36', 'orders', 'maintenance', 'save_order', 'save_order', NULL, 22, NULL, NULL, 'http://localhost/ems/Maintenance/orders.php?id=22&msg=%D8%AA%D8%B9%D8%B0%D9%91%D8%B1+%D8%A7%D9%84%D8%A5%D8%BA%D9%84%D8%A7%D9%82%3A+%D9%8A%D9%84%D8%B2%D9%85+%28%D8%A7%D9%84%D8%A5%D8%AC%D8%B1%D8%A7%D8%A1%D8%A7%D8%AA+%D8%A7%D9%84%D9%85%D8%AA%D8%AE%D8%B0%D8%A9+%2B+%D8%A7%D9%84%D8%B3%D8%A8%D8%A8+%D8%A7%D9%84%D8%AC%D8%B0%D8%B1%D9%8A+%2B+%D9%86%D8%AA%D9%8A%D8%AC%D8%A9+%D8%A7%D9%84%D9%81%D8%AD%D8%B5+%C2%AB%D9%86%D8%A7%D8%AC%D8%AD%C2%BB%29.+%E2%9D%8C', 'POST', '{\"csrf_token\":\"[REDACTED]\",\"action\":\"save_order\",\"id\":\"22\",\"project_id\":\"2\",\"equipment_id\":\"7\",\"source\":\"بلاغ\",\"maint_type\":\"استبدال قطعة\",\"priority\":\"متوسطة\",\"failure_code_id\":\"386\",\"cost_party\":\"خارجي\",\"vendor_id\":\"3\",\"workshop\":\"\",\"technician_id\":\"9\",\"supervisor_id\":\"9\",\"external_cost\":\"40\",\"work_start\":\"\",\"work_end\":\"2026-06-21T12:27\",\"downtime_hours\":\"6\",\"root_cause_id\":\"2\",\"inspection_result\":\"راسب\",\"state\":\"إغلاق\",\"diagnosis\":\"تام\",\"actions_taken\":\"تام\"}', 302, '2026-06-21 09:29:33'),
(1124, 4, 0, 0, 19, 13, 'ادارة الصيانة', 'azj6un-C62Q60o,nILgZq1e8pdIb8NKnnpBdt,0pd-DyxfQG', '::1', 'Mozilla/5.0 (Windows NT 10.0; Win64; x64) AppleWebKit/537.36 (KHTML, like Gecko) Chrome/136.0.0.0 Safari/537.36', 'orders', 'maintenance', 'save_order', 'save_order', NULL, 22, NULL, NULL, 'http://localhost/ems/Maintenance/orders.php?id=22&msg=%D8%AA%D8%B9%D8%B0%D9%91%D8%B1+%D8%A7%D9%84%D8%A5%D8%BA%D9%84%D8%A7%D9%82%3A+%D9%8A%D9%84%D8%B2%D9%85+%28%D8%A7%D9%84%D8%A5%D8%AC%D8%B1%D8%A7%D8%A1%D8%A7%D8%AA+%D8%A7%D9%84%D9%85%D8%AA%D8%AE%D8%B0%D8%A9+%2B+%D8%A7%D9%84%D8%B3%D8%A8%D8%A8+%D8%A7%D9%84%D8%AC%D8%B0%D8%B1%D9%8A+%2B+%D9%86%D8%AA%D9%8A%D8%AC%D8%A9+%D8%A7%D9%84%D9%81%D8%AD%D8%B5+%C2%AB%D9%86%D8%A7%D8%AC%D8%AD%C2%BB%29.+%E2%9D%8C', 'POST', '{\"csrf_token\":\"[REDACTED]\",\"action\":\"save_order\",\"id\":\"22\",\"project_id\":\"2\",\"equipment_id\":\"7\",\"source\":\"بلاغ\",\"maint_type\":\"استبدال قطعة\",\"priority\":\"متوسطة\",\"failure_code_id\":\"386\",\"cost_party\":\"خارجي\",\"vendor_id\":\"3\",\"workshop\":\"\",\"technician_id\":\"9\",\"supervisor_id\":\"9\",\"external_cost\":\"40.00\",\"work_start\":\"\",\"work_end\":\"2026-06-21T12:27\",\"downtime_hours\":\"6.00\",\"root_cause_id\":\"5\",\"inspection_result\":\"ناجح\",\"state\":\"إغلاق\",\"diagnosis\":\"تام\",\"actions_taken\":\"تام\"}', 302, '2026-06-21 09:30:00'),
(1125, 4, 2, 2, 10, 6, 'مدير حركة وتشغيل', 'Hoo1o0g7-VdnccmkIb0FfdfF6Zejk8pE7VFnw4rv0UqPjpcT', '::1', 'Mozilla/5.0 (Windows NT 10.0; Win64; x64) AppleWebKit/537.36 (KHTML, like Gecko) Chrome/149.0.0.0 Safari/537.36 Edg/149.0.0.0', 'movement_operations', 'movement', 'save_single_operation', 'save_single_operation', NULL, NULL, NULL, NULL, 'http://localhost/ems/movement/movement_operations.php', 'POST', '{\"action\":\"save_single_operation\",\"op_id\":\"5\",\"equipment_category\":\"احتياطي\",\"shift_type\":\"B\",\"status\":\"1\",\"start\":\"2026-04-01\",\"end\":\"2006-04-30\",\"json\":\"1\"}', 200, '2026-06-21 09:30:16'),
(1126, 4, 2, 2, 10, 6, 'مدير حركة وتشغيل', 'Hoo1o0g7-VdnccmkIb0FfdfF6Zejk8pE7VFnw4rv0UqPjpcT', '::1', 'Mozilla/5.0 (Windows NT 10.0; Win64; x64) AppleWebKit/537.36 (KHTML, like Gecko) Chrome/149.0.0.0 Safari/537.36 Edg/149.0.0.0', 'movement_operations', 'movement', 'save_single_operation', 'save_single_operation', NULL, NULL, NULL, NULL, 'http://localhost/ems/movement/movement_operations.php', 'POST', '{\"action\":\"save_single_operation\",\"op_id\":\"5\",\"equipment_category\":\"احتياطي\",\"shift_type\":\"B\",\"status\":\"1\",\"start\":\"2026-04-01\",\"end\":\"2006-04-30\",\"json\":\"1\"}', 200, '2026-06-21 09:30:21'),
(1127, 4, 2, 2, 10, 6, 'مدير حركة وتشغيل', 'Hoo1o0g7-VdnccmkIb0FfdfF6Zejk8pE7VFnw4rv0UqPjpcT', '::1', 'Mozilla/5.0 (Windows NT 10.0; Win64; x64) AppleWebKit/537.36 (KHTML, like Gecko) Chrome/149.0.0.0 Safari/537.36 Edg/149.0.0.0', 'movement_operations', 'movement', 'save_single_operation', 'save_single_operation', NULL, NULL, NULL, NULL, 'http://localhost/ems/movement/movement_operations.php', 'POST', '{\"action\":\"save_single_operation\",\"op_id\":\"5\",\"equipment_category\":\"احتياطي\",\"shift_type\":\"B\",\"status\":\"1\",\"start\":\"2026-04-01\",\"end\":\"2006-04-30\",\"json\":\"1\"}', 200, '2026-06-21 09:30:36'),
(1128, 4, 2, 2, 10, 6, 'مدير حركة وتشغيل', 'Hoo1o0g7-VdnccmkIb0FfdfF6Zejk8pE7VFnw4rv0UqPjpcT', '::1', 'Mozilla/5.0 (Windows NT 10.0; Win64; x64) AppleWebKit/537.36 (KHTML, like Gecko) Chrome/149.0.0.0 Safari/537.36 Edg/149.0.0.0', 'movement_operations', 'movement', 'save_single_operation', 'save_single_operation', NULL, NULL, NULL, NULL, 'http://localhost/ems/movement/movement_operations.php', 'POST', '{\"action\":\"save_single_operation\",\"op_id\":\"5\",\"equipment_category\":\"احتياطي\",\"shift_type\":\"B\",\"status\":\"1\",\"start\":\"2026-04-01\",\"end\":\"2026-06-30\",\"json\":\"1\"}', 200, '2026-06-21 09:31:09'),
(1129, 4, 2, 2, 10, 6, 'مدير حركة وتشغيل', 'Hoo1o0g7-VdnccmkIb0FfdfF6Zejk8pE7VFnw4rv0UqPjpcT', '::1', 'Mozilla/5.0 (Windows NT 10.0; Win64; x64) AppleWebKit/537.36 (KHTML, like Gecko) Chrome/149.0.0.0 Safari/537.36 Edg/149.0.0.0', 'logout', 'auth', 'logout', NULL, NULL, NULL, NULL, NULL, 'http://localhost/ems/logout.php', 'GET', NULL, 200, '2026-06-21 10:28:41'),
(1130, 4, 0, 0, 6, 3, 'ادارة الاسطول', 'jGAbU284Ijy9jVip,7Sfyh,6C2nZuTIEuxgf7OYRNDc8wc,i', '::1', 'Mozilla/5.0 (Windows NT 10.0; Win64; x64) AppleWebKit/537.36 (KHTML, like Gecko) Chrome/149.0.0.0 Safari/537.36 Edg/149.0.0.0', 'login', 'auth', 'login', NULL, NULL, NULL, NULL, NULL, 'http://localhost/ems/login.php', 'POST', '{\"csrf_token\":\"[REDACTED]\",\"username\":\"يسن\",\"password\":\"[REDACTED]\"}', 200, '2026-06-21 10:28:54'),
(1131, 4, 0, 0, 19, 13, 'ادارة الصيانة', 'azj6un-C62Q60o,nILgZq1e8pdIb8NKnnpBdt,0pd-DyxfQG', '::1', 'Mozilla/5.0 (Windows NT 10.0; Win64; x64) AppleWebKit/537.36 (KHTML, like Gecko) Chrome/136.0.0.0 Safari/537.36', 'inspections', 'maintenance', 'new_inspection', 'new_inspection', NULL, NULL, NULL, NULL, 'http://localhost/ems/Maintenance/inspections.php', 'POST', '{\"csrf_token\":\"[REDACTED]\",\"action\":\"new_inspection\",\"inspection_type\":\"دوري\",\"equipment_id\":\"\",\"project_id\":\"\",\"inspector_id\":\"\",\"scheduled_date\":\"\"}', 302, '2026-06-21 10:30:54'),
(1132, 4, 0, 0, 19, 13, 'ادارة الصيانة', 'WmBP0GQ9CtdMMFMu7Prqjxz1Ta1F09KSC91M-xf0QUmchmXG', '::1', 'Mozilla/5.0 (Windows NT 10.0; Win64; x64) AppleWebKit/537.36 (KHTML, like Gecko) Chrome/149.0.0.0 Safari/537.36 Edg/149.0.0.0', 'login', 'auth', 'login', NULL, NULL, NULL, NULL, NULL, 'http://localhost/ems/login.php', 'POST', '{\"csrf_token\":\"[REDACTED]\",\"username\":\"صيانة\",\"password\":\"[REDACTED]\"}', 200, '2026-06-21 13:15:09'),
(1133, 4, 0, 0, 19, 13, 'ادارة الصيانة', 'WmBP0GQ9CtdMMFMu7Prqjxz1Ta1F09KSC91M-xf0QUmchmXG', '::1', 'Mozilla/5.0 (Windows NT 10.0; Win64; x64) AppleWebKit/537.36 (KHTML, like Gecko) Chrome/149.0.0.0 Safari/537.36 Edg/149.0.0.0', 'orders', 'maintenance', 'new_order', 'new_order', NULL, NULL, NULL, NULL, 'http://localhost/ems/Maintenance/orders.php', 'POST', '{\"csrf_token\":\"[REDACTED]\",\"action\":\"new_order\",\"project_id\":\"2\",\"equipment_id\":\"4\",\"source\":\"بلاغ\",\"maint_type\":\"استبدال قطعة\",\"priority\":\"عالية\",\"cost_party\":\"داخلي\"}', 302, '2026-06-21 13:23:17'),
(1134, 4, 0, 0, 19, 13, 'ادارة الصيانة', 'WmBP0GQ9CtdMMFMu7Prqjxz1Ta1F09KSC91M-xf0QUmchmXG', '::1', 'Mozilla/5.0 (Windows NT 10.0; Win64; x64) AppleWebKit/537.36 (KHTML, like Gecko) Chrome/149.0.0.0 Safari/537.36 Edg/149.0.0.0', 'orders', 'maintenance', 'create', 'add_labor', NULL, NULL, NULL, NULL, 'http://localhost/ems/Maintenance/orders.php?id=23&msg=%D8%AA%D9%85+%D8%A5%D9%86%D8%B4%D8%A7%D8%A1+%D8%A3%D9%85%D8%B1+%D8%B5%D9%8A%D8%A7%D9%86%D8%A9+%E2%9C%85', 'POST', '{\"action\":\"add_labor\",\"order_id\":\"23\",\"employee_id\":\"12\",\"labor_role\":\"5\",\"hours\":\"10\",\"hourly_rate\":\"20\",\"ajax\":\"1\"}', 200, '2026-06-21 13:24:28'),
(1135, 4, 0, 0, 19, 13, 'ادارة الصيانة', 'WmBP0GQ9CtdMMFMu7Prqjxz1Ta1F09KSC91M-xf0QUmchmXG', '::1', 'Mozilla/5.0 (Windows NT 10.0; Win64; x64) AppleWebKit/537.36 (KHTML, like Gecko) Chrome/149.0.0.0 Safari/537.36 Edg/149.0.0.0', 'orders', 'maintenance', 'create', 'add_part', NULL, NULL, NULL, NULL, 'http://localhost/ems/Maintenance/orders.php?id=23&msg=%D8%AA%D9%85+%D8%A5%D9%86%D8%B4%D8%A7%D8%A1+%D8%A3%D9%85%D8%B1+%D8%B5%D9%8A%D8%A7%D9%86%D8%A9+%E2%9C%85', 'POST', '{\"action\":\"add_part\",\"order_id\":\"23\",\"part_name\":\"سلندر\",\"category\":\"كهرباء\",\"quantity\":\"1\",\"unit_cost\":\"20\",\"ajax\":\"1\"}', 200, '2026-06-21 13:24:49'),
(1136, 4, 0, 0, 19, 13, 'ادارة الصيانة', 'WmBP0GQ9CtdMMFMu7Prqjxz1Ta1F09KSC91M-xf0QUmchmXG', '::1', 'Mozilla/5.0 (Windows NT 10.0; Win64; x64) AppleWebKit/537.36 (KHTML, like Gecko) Chrome/149.0.0.0 Safari/537.36 Edg/149.0.0.0', 'orders', 'maintenance', 'save_order', 'save_order', NULL, 23, NULL, NULL, 'http://localhost/ems/Maintenance/orders.php?id=23&msg=%D8%AA%D9%85+%D8%A5%D9%86%D8%B4%D8%A7%D8%A1+%D8%A3%D9%85%D8%B1+%D8%B5%D9%8A%D8%A7%D9%86%D8%A9+%E2%9C%85', 'POST', '{\"csrf_token\":\"[REDACTED]\",\"action\":\"save_order\",\"id\":\"23\",\"project_id\":\"2\",\"equipment_id\":\"4\",\"source\":\"بلاغ\",\"maint_type\":\"استبدال قطعة\",\"priority\":\"عالية\",\"failure_code_id\":\"386\",\"cost_party\":\"داخلي\",\"vendor_id\":\"3\",\"workshop\":\"ورشة\",\"technician_id\":\"9\",\"supervisor_id\":\"7\",\"external_cost\":\"100\",\"work_start\":\"2026-06-21T16:23\",\"work_end\":\"2026-06-22T17:23\",\"downtime_hours\":\"10\",\"root_cause_id\":\"2\",\"inspection_result\":\"ناجح\",\"state\":\"تنفيذ\",\"diagnosis\":\"تشخيص\",\"actions_taken\":\"تغيير السلندر\"}', 302, '2026-06-21 13:24:57'),
(1137, 4, 0, 0, 6, 3, 'ادارة الاسطول', 'raGDzTW04X8lZtszDw7dLTQegYCwQM9Gw3ofuGShIMpyPFIA', '::1', 'Mozilla/5.0 (Windows NT 10.0; Win64; x64) AppleWebKit/537.36 (KHTML, like Gecko) Chrome/136.0.0.0 Safari/537.36', 'login', 'auth', 'login', NULL, NULL, NULL, NULL, NULL, 'http://localhost/ems/login.php', 'POST', '{\"csrf_token\":\"[REDACTED]\",\"username\":\"يسن\",\"password\":\"[REDACTED]\"}', 200, '2026-06-21 13:40:25'),
(1138, 4, 0, 0, 19, 13, 'ادارة الصيانة', 'WmBP0GQ9CtdMMFMu7Prqjxz1Ta1F09KSC91M-xf0QUmchmXG', '::1', 'Mozilla/5.0 (Windows NT 10.0; Win64; x64) AppleWebKit/537.36 (KHTML, like Gecko) Chrome/149.0.0.0 Safari/537.36 Edg/149.0.0.0', 'logout', 'auth', 'logout', NULL, NULL, NULL, NULL, NULL, 'http://localhost/ems/logout.php', 'GET', NULL, 200, '2026-06-21 14:08:35'),
(1139, 4, 0, 0, 6, 3, 'ادارة الاسطول', 'raGDzTW04X8lZtszDw7dLTQegYCwQM9Gw3ofuGShIMpyPFIA', '::1', 'Mozilla/5.0 (Windows NT 10.0; Win64; x64) AppleWebKit/537.36 (KHTML, like Gecko) Chrome/136.0.0.0 Safari/537.36', 'logout', 'auth', 'logout', NULL, NULL, NULL, NULL, NULL, 'http://localhost/ems/logout.php', 'GET', NULL, 200, '2026-06-21 14:12:29'),
(1140, 4, 4, 4, 11, 6, 'مدير حركة وتشغيل', 'knSYHhIHtcZAz5h5RC42JjPzm3OZ-8SmEDMbY-LQL0-Ula-0', '::1', 'Mozilla/5.0 (Windows NT 10.0; Win64; x64) AppleWebKit/537.36 (KHTML, like Gecko) Chrome/136.0.0.0 Safari/537.36', 'login', 'auth', 'login', NULL, NULL, NULL, NULL, NULL, 'http://localhost/ems/login.php', 'POST', '{\"csrf_token\":\"[REDACTED]\",\"username\":\"حركة - الروسية\",\"password\":\"[REDACTED]\"}', 200, '2026-06-21 14:12:48'),
(1141, 4, 4, 4, 11, 6, 'مدير حركة وتشغيل', 'knSYHhIHtcZAz5h5RC42JjPzm3OZ-8SmEDMbY-LQL0-Ula-0', '::1', 'Mozilla/5.0 (Windows NT 10.0; Win64; x64) AppleWebKit/537.36 (KHTML, like Gecko) Chrome/136.0.0.0 Safari/537.36', 'logout', 'auth', 'logout', NULL, NULL, NULL, NULL, NULL, 'http://localhost/ems/logout.php', 'GET', NULL, 200, '2026-06-21 14:23:19'),
(1142, 4, 2, 2, 10, 6, 'مدير حركة وتشغيل', 'vEKdgeIqlTvgtKUp--GDM3TaBWU5j9vqWif7ocDLQo0ZYSUm', '::1', 'Mozilla/5.0 (Windows NT 10.0; Win64; x64) AppleWebKit/537.36 (KHTML, like Gecko) Chrome/149.0.0.0 Safari/537.36 Edg/149.0.0.0', 'login', 'auth', 'login', NULL, NULL, NULL, NULL, NULL, 'http://localhost/ems/login.php', 'POST', '{\"csrf_token\":\"[REDACTED]\",\"username\":\"مشغل الروسية\",\"password\":\"[REDACTED]\"}', 200, '2026-06-21 14:24:08'),
(1143, 4, 0, 0, 6, 3, 'ادارة الاسطول', 'QysT2RptAPQ6at4jsQWySeNzer8SK3bw6vcr1q6FZvuA5f-Z', '::1', 'Mozilla/5.0 (Windows NT 10.0; Win64; x64) AppleWebKit/537.36 (KHTML, like Gecko) Chrome/136.0.0.0 Safari/537.36', 'login', 'auth', 'login', NULL, NULL, NULL, NULL, NULL, 'http://localhost/ems/login.php', 'POST', '{\"csrf_token\":\"[REDACTED]\",\"username\":\"يسن\",\"password\":\"[REDACTED]\"}', 200, '2026-06-21 14:33:49'),
(1144, 4, 2, 2, 10, 6, 'مدير حركة وتشغيل', 'vEKdgeIqlTvgtKUp--GDM3TaBWU5j9vqWif7ocDLQo0ZYSUm', '::1', 'Mozilla/5.0 (Windows NT 10.0; Win64; x64) AppleWebKit/537.36 (KHTML, like Gecko) Chrome/149.0.0.0 Safari/537.36 Edg/149.0.0.0', 'movement_operations', 'movement', 'save_single_operation', 'save_single_operation', NULL, NULL, NULL, NULL, 'http://localhost/ems/movement/movement_operations.php', 'POST', '{\"action\":\"save_single_operation\",\"op_id\":\"8\",\"equipment_category\":\"متعطل\",\"shift_type\":\"B\",\"status\":\"1\",\"start\":\"2026-04-25\",\"end\":\"2026-10-01\",\"json\":\"1\"}', 200, '2026-06-21 14:54:30'),
(1145, 4, 2, 2, 10, 6, 'مدير حركة وتشغيل', 'vEKdgeIqlTvgtKUp--GDM3TaBWU5j9vqWif7ocDLQo0ZYSUm', '::1', 'Mozilla/5.0 (Windows NT 10.0; Win64; x64) AppleWebKit/537.36 (KHTML, like Gecko) Chrome/149.0.0.0 Safari/537.36 Edg/149.0.0.0', 'movement_operations', 'movement', 'set_equipment_maintenance', 'set_equipment_maintenance', NULL, NULL, NULL, NULL, 'http://localhost/ems/movement/movement_operations.php', 'POST', '{\"action\":\"set_equipment_maintenance\",\"equipment_id\":\"6\",\"json\":\"1\"}', 200, '2026-06-21 14:54:45'),
(1146, 4, 2, 2, 10, 6, 'مدير حركة وتشغيل', 'vEKdgeIqlTvgtKUp--GDM3TaBWU5j9vqWif7ocDLQo0ZYSUm', '::1', 'Mozilla/5.0 (Windows NT 10.0; Win64; x64) AppleWebKit/537.36 (KHTML, like Gecko) Chrome/149.0.0.0 Safari/537.36 Edg/149.0.0.0', 'breakdowns', 'maintenance', 'create', 'create', NULL, NULL, NULL, NULL, 'http://localhost/ems/Maintenance/breakdowns.php', 'POST', '{\"csrf_token\":\"[REDACTED]\",\"equipment_id\":\"11\",\"project_id\":\"1\",\"reporter_dept\":\"التشغيل\",\"target_role\":\"3\",\"report_datetime\":\"\",\"failure_code_id\":\"\",\"severity\":\"متوسطة\",\"description\":\"الا\"}', 302, '2026-06-21 15:28:02'),
(1147, 4, 0, 0, 6, 3, 'ادارة الاسطول', 'QysT2RptAPQ6at4jsQWySeNzer8SK3bw6vcr1q6FZvuA5f-Z', '::1', 'Mozilla/5.0 (Windows NT 10.0; Win64; x64) AppleWebKit/537.36 (KHTML, like Gecko) Chrome/136.0.0.0 Safari/537.36', 'breakdowns', 'maintenance', 'create', 'create', NULL, NULL, NULL, NULL, 'http://localhost/ems/Maintenance/breakdowns.php', 'POST', '{\"csrf_token\":\"[REDACTED]\",\"equipment_id\":\"16\",\"project_id\":\"2\",\"reporter_dept\":\"التشغيل\",\"target_role\":\"13\",\"report_datetime\":\"\",\"failure_code_id\":\"\",\"severity\":\"متوسطة\",\"description\":\"تاتتان\"}', 302, '2026-06-21 15:28:39'),
(1148, 4, 2, 2, 10, 6, 'مدير حركة وتشغيل', 'vEKdgeIqlTvgtKUp--GDM3TaBWU5j9vqWif7ocDLQo0ZYSUm', '::1', 'Mozilla/5.0 (Windows NT 10.0; Win64; x64) AppleWebKit/537.36 (KHTML, like Gecko) Chrome/149.0.0.0 Safari/537.36 Edg/149.0.0.0', 'logout', 'auth', 'logout', NULL, NULL, NULL, NULL, NULL, 'http://localhost/ems/logout.php', 'GET', NULL, 200, '2026-06-21 15:28:46'),
(1149, 4, 0, 0, 19, 13, 'ادارة الصيانة', 'BAp9f6O12sJZ0k,poWl2vEzrjDw,nFu4-p05BL-fnlLDcFug', '::1', 'Mozilla/5.0 (Windows NT 10.0; Win64; x64) AppleWebKit/537.36 (KHTML, like Gecko) Chrome/149.0.0.0 Safari/537.36 Edg/149.0.0.0', 'login', 'auth', 'login', NULL, NULL, NULL, NULL, NULL, 'http://localhost/ems/login.php', 'POST', '{\"csrf_token\":\"[REDACTED]\",\"username\":\"صيانة\",\"password\":\"[REDACTED]\"}', 200, '2026-06-21 15:28:52'),
(1150, 4, 0, 0, 19, 13, 'ادارة الصيانة', 'BAp9f6O12sJZ0k,poWl2vEzrjDw,nFu4-p05BL-fnlLDcFug', '::1', 'Mozilla/5.0 (Windows NT 10.0; Win64; x64) AppleWebKit/537.36 (KHTML, like Gecko) Chrome/149.0.0.0 Safari/537.36 Edg/149.0.0.0', 'breakdowns', 'maintenance', 'create', 'create', NULL, NULL, NULL, NULL, 'http://localhost/ems/Maintenance/breakdowns.php', 'POST', '{\"csrf_token\":\"[REDACTED]\",\"equipment_id\":\"17\",\"project_id\":\"5\",\"reporter_dept\":\"التشغيل\",\"target_role\":\"3\",\"report_datetime\":\"\",\"failure_code_id\":\"\",\"severity\":\"متوسطة\",\"description\":\"ممممم\"}', 302, '2026-06-21 15:29:53'),
(1151, 4, 4, 4, 11, 6, 'مدير حركة وتشغيل', 'E2E7HlaFAfPJgPLj5tocfO2HgS,Bysjwb0HMmYawV9lt,C3z', '::1', 'Mozilla/5.0 (Windows NT 10.0; Win64; x64) AppleWebKit/537.36 (KHTML, like Gecko) Chrome/149.0.0.0 Safari/537.36 Edg/149.0.0.0', 'login', 'auth', 'login', NULL, NULL, NULL, NULL, NULL, 'http://localhost/ems/login.php', 'POST', '{\"csrf_token\":\"[REDACTED]\",\"username\":\"حركة - الروسية\",\"password\":\"[REDACTED]\"}', 200, '2026-06-23 13:37:59'),
(1152, 4, 4, 4, 11, 6, 'مدير حركة وتشغيل', 'E2E7HlaFAfPJgPLj5tocfO2HgS,Bysjwb0HMmYawV9lt,C3z', '::1', 'Mozilla/5.0 (Windows NT 10.0; Win64; x64) AppleWebKit/537.36 (KHTML, like Gecko) Chrome/149.0.0.0 Safari/537.36 Edg/149.0.0.0', 'logout', 'auth', 'logout', NULL, NULL, NULL, NULL, NULL, 'http://localhost/ems/logout.php', 'GET', NULL, 200, '2026-06-23 14:07:04'),
(1153, 4, 0, 0, 19, 13, 'ادارة الصيانة', 'HbJYD4fs7oS18QnGNgbI3gClx742D3hpqFfsrUlkWs,-mRPr', '::1', 'Mozilla/5.0 (Windows NT 10.0; Win64; x64) AppleWebKit/537.36 (KHTML, like Gecko) Chrome/149.0.0.0 Safari/537.36 Edg/149.0.0.0', 'login', 'auth', 'login', NULL, NULL, NULL, NULL, NULL, 'http://localhost/ems/login.php', 'POST', '{\"csrf_token\":\"[REDACTED]\",\"username\":\"صيانة\",\"password\":\"[REDACTED]\"}', 200, '2026-06-23 14:07:11'),
(1154, 4, 0, 0, 19, 13, 'ادارة الصيانة', 'HbJYD4fs7oS18QnGNgbI3gClx742D3hpqFfsrUlkWs,-mRPr', '::1', 'Mozilla/5.0 (Windows NT 10.0; Win64; x64) AppleWebKit/537.36 (KHTML, like Gecko) Chrome/149.0.0.0 Safari/537.36 Edg/149.0.0.0', 'logout', 'auth', 'logout', NULL, NULL, NULL, NULL, NULL, 'http://localhost/ems/logout.php', 'GET', NULL, 200, '2026-06-23 14:09:38'),
(1155, 4, 4, 4, 11, 6, 'مدير حركة وتشغيل', 'aGn9ANAB7krDw-fEAF-V4icukRilmpXtznLordoHK6VORfvK', '::1', 'Mozilla/5.0 (Windows NT 10.0; Win64; x64) AppleWebKit/537.36 (KHTML, like Gecko) Chrome/149.0.0.0 Safari/537.36 Edg/149.0.0.0', 'login', 'auth', 'login', NULL, NULL, NULL, NULL, NULL, 'http://localhost/ems/login.php', 'POST', '{\"csrf_token\":\"[REDACTED]\",\"username\":\"حركة - الروسية\",\"password\":\"[REDACTED]\"}', 200, '2026-06-23 14:09:46'),
(1156, 4, 4, 4, 11, 6, 'مدير حركة وتشغيل', 'aGn9ANAB7krDw-fEAF-V4icukRilmpXtznLordoHK6VORfvK', '::1', 'Mozilla/5.0 (Windows NT 10.0; Win64; x64) AppleWebKit/537.36 (KHTML, like Gecko) Chrome/149.0.0.0 Safari/537.36 Edg/149.0.0.0', 'logout', 'auth', 'logout', NULL, NULL, NULL, NULL, NULL, 'http://localhost/ems/logout.php', 'GET', NULL, 200, '2026-06-23 14:49:05'),
(1157, 4, 0, 0, 6, 3, 'ادارة الاسطول', 'liOBmAEY7jhU1Jb1BWGdehvX7zWfl4woFx736p7UshiRkMIH', '::1', 'Mozilla/5.0 (Windows NT 10.0; Win64; x64) AppleWebKit/537.36 (KHTML, like Gecko) Chrome/149.0.0.0 Safari/537.36 Edg/149.0.0.0', 'login', 'auth', 'login', NULL, NULL, NULL, NULL, NULL, 'http://localhost/ems/login.php', 'POST', '{\"csrf_token\":\"[REDACTED]\",\"username\":\"يسن\",\"password\":\"[REDACTED]\"}', 200, '2026-06-23 14:49:11'),
(1158, 4, 0, 0, 6, 3, 'ادارة الاسطول', 'liOBmAEY7jhU1Jb1BWGdehvX7zWfl4woFx736p7UshiRkMIH', '::1', 'Mozilla/5.0 (Windows NT 10.0; Win64; x64) AppleWebKit/537.36 (KHTML, like Gecko) Chrome/149.0.0.0 Safari/537.36 Edg/149.0.0.0', 'logout', 'auth', 'logout', NULL, NULL, NULL, NULL, NULL, 'http://localhost/ems/logout.php', 'GET', NULL, 200, '2026-06-23 15:39:40'),
(1159, 4, 4, 4, 11, 6, 'مدير حركة وتشغيل', 'U8dETSawPCOS3ch,ubbXoGujE0ea7utpe63kVP4c3bCIy5Qm', '::1', 'Mozilla/5.0 (Windows NT 10.0; Win64; x64) AppleWebKit/537.36 (KHTML, like Gecko) Chrome/149.0.0.0 Safari/537.36 Edg/149.0.0.0', 'login', 'auth', 'login', NULL, NULL, NULL, NULL, NULL, 'http://localhost/ems/login.php', 'POST', '{\"csrf_token\":\"[REDACTED]\",\"username\":\"حركة - الروسية\",\"password\":\"[REDACTED]\"}', 200, '2026-06-23 15:40:00'),
(1160, 4, 4, 4, 11, 6, 'مدير حركة وتشغيل', 'U8dETSawPCOS3ch,ubbXoGujE0ea7utpe63kVP4c3bCIy5Qm', '::1', 'Mozilla/5.0 (Windows NT 10.0; Win64; x64) AppleWebKit/537.36 (KHTML, like Gecko) Chrome/149.0.0.0 Safari/537.36 Edg/149.0.0.0', 'movement_operations', 'movement', 'set_op_state', 'set_op_state', NULL, NULL, NULL, NULL, 'http://localhost/ems/movement/movement_operations.php', 'POST', '{\"action\":\"set_op_state\",\"op_id\":\"12\",\"op_state\":\"تعمل\",\"json\":\"1\"}', 200, '2026-06-23 15:41:14'),
(1161, 4, 4, 4, 11, 6, 'مدير حركة وتشغيل', 'U8dETSawPCOS3ch,ubbXoGujE0ea7utpe63kVP4c3bCIy5Qm', '::1', 'Mozilla/5.0 (Windows NT 10.0; Win64; x64) AppleWebKit/537.36 (KHTML, like Gecko) Chrome/149.0.0.0 Safari/537.36 Edg/149.0.0.0', 'movement_operations', 'movement', 'set_op_state', 'set_op_state', NULL, NULL, NULL, NULL, 'http://localhost/ems/movement/movement_operations.php', 'POST', '{\"action\":\"set_op_state\",\"op_id\":\"12\",\"op_state\":\"جاهزة\",\"json\":\"1\"}', 200, '2026-06-23 15:42:32'),
(1162, 4, 4, 4, 11, 6, 'مدير حركة وتشغيل', 'U8dETSawPCOS3ch,ubbXoGujE0ea7utpe63kVP4c3bCIy5Qm', '::1', 'Mozilla/5.0 (Windows NT 10.0; Win64; x64) AppleWebKit/537.36 (KHTML, like Gecko) Chrome/149.0.0.0 Safari/537.36 Edg/149.0.0.0', 'movement_operations', 'movement', 'set_op_state', 'set_op_state', NULL, NULL, NULL, NULL, 'http://localhost/ems/movement/movement_operations.php', 'POST', '{\"action\":\"set_op_state\",\"op_id\":\"13\",\"op_state\":\"تعمل\",\"json\":\"1\"}', 200, '2026-06-23 15:42:44'),
(1163, 4, 4, 4, 11, 6, 'مدير حركة وتشغيل', 'U8dETSawPCOS3ch,ubbXoGujE0ea7utpe63kVP4c3bCIy5Qm', '::1', 'Mozilla/5.0 (Windows NT 10.0; Win64; x64) AppleWebKit/537.36 (KHTML, like Gecko) Chrome/149.0.0.0 Safari/537.36 Edg/149.0.0.0', 'movement_operations', 'movement', 'set_equipment_maintenance', 'set_equipment_maintenance', NULL, NULL, NULL, NULL, 'http://localhost/ems/movement/movement_operations.php', 'POST', '{\"action\":\"set_equipment_maintenance\",\"equipment_id\":\"8\",\"json\":\"1\"}', 200, '2026-06-23 15:42:52'),
(1164, 4, 4, 4, 11, 6, 'مدير حركة وتشغيل', 'U8dETSawPCOS3ch,ubbXoGujE0ea7utpe63kVP4c3bCIy5Qm', '::1', 'Mozilla/5.0 (Windows NT 10.0; Win64; x64) AppleWebKit/537.36 (KHTML, like Gecko) Chrome/149.0.0.0 Safari/537.36 Edg/149.0.0.0', 'logout', 'auth', 'logout', NULL, NULL, NULL, NULL, NULL, 'http://localhost/ems/logout.php', 'GET', NULL, 200, '2026-06-23 15:44:22'),
(1165, 4, 0, 0, 19, 13, 'ادارة الصيانة', 'ibTWMss71iSqh6lB2vs4efG39TKeB-rYJ5W3paoh,O0eHvwG', '::1', 'Mozilla/5.0 (Windows NT 10.0; Win64; x64) AppleWebKit/537.36 (KHTML, like Gecko) Chrome/149.0.0.0 Safari/537.36 Edg/149.0.0.0', 'login', 'auth', 'login', NULL, NULL, NULL, NULL, NULL, 'http://localhost/ems/login.php', 'POST', '{\"csrf_token\":\"[REDACTED]\",\"username\":\"صيانة\",\"password\":\"[REDACTED]\"}', 200, '2026-06-23 15:44:31'),
(1166, 4, 0, 0, 19, 13, 'ادارة الصيانة', 'ibTWMss71iSqh6lB2vs4efG39TKeB-rYJ5W3paoh,O0eHvwG', '::1', 'Mozilla/5.0 (Windows NT 10.0; Win64; x64) AppleWebKit/537.36 (KHTML, like Gecko) Chrome/149.0.0.0 Safari/537.36 Edg/149.0.0.0', 'logout', 'auth', 'logout', NULL, NULL, NULL, NULL, NULL, 'http://localhost/ems/logout.php', 'GET', NULL, 200, '2026-06-23 15:46:36'),
(1167, 4, 4, 4, 11, 6, 'مدير حركة وتشغيل', 'eQj6ZmG9YY3wIz81AazkdU3pC73qVlj,o,cwX5hOqv5ofOyD', '::1', 'Mozilla/5.0 (Windows NT 10.0; Win64; x64) AppleWebKit/537.36 (KHTML, like Gecko) Chrome/149.0.0.0 Safari/537.36 Edg/149.0.0.0', 'login', 'auth', 'login', NULL, NULL, NULL, NULL, NULL, 'http://localhost/ems/login.php', 'POST', '{\"csrf_token\":\"[REDACTED]\",\"username\":\"حركة - الروسية\",\"password\":\"[REDACTED]\"}', 200, '2026-06-23 15:46:51'),
(1168, 4, 4, 4, 11, 6, 'مدير حركة وتشغيل', 'eQj6ZmG9YY3wIz81AazkdU3pC73qVlj,o,cwX5hOqv5ofOyD', '::1', 'Mozilla/5.0 (Windows NT 10.0; Win64; x64) AppleWebKit/537.36 (KHTML, like Gecko) Chrome/149.0.0.0 Safari/537.36 Edg/149.0.0.0', 'movement_operations', 'movement', 'set_op_state', 'set_op_state', NULL, NULL, NULL, NULL, 'http://localhost/ems/movement/movement_operations.php', 'POST', '{\"action\":\"set_op_state\",\"op_id\":\"13\",\"op_state\":\"جاهزة\",\"json\":\"1\"}', 200, '2026-06-23 15:57:43'),
(1169, 4, 4, 4, 11, 6, 'مدير حركة وتشغيل', 'eQj6ZmG9YY3wIz81AazkdU3pC73qVlj,o,cwX5hOqv5ofOyD', '::1', 'Mozilla/5.0 (Windows NT 10.0; Win64; x64) AppleWebKit/537.36 (KHTML, like Gecko) Chrome/149.0.0.0 Safari/537.36 Edg/149.0.0.0', 'movement_operations', 'movement', 'set_op_state', 'set_op_state', NULL, NULL, NULL, NULL, 'http://localhost/ems/movement/movement_operations.php', 'POST', '{\"action\":\"set_op_state\",\"op_id\":\"13\",\"op_state\":\"تعمل\",\"json\":\"1\"}', 200, '2026-06-23 15:57:49'),
(1170, 4, 4, 4, 11, 6, 'مدير حركة وتشغيل', 'eQj6ZmG9YY3wIz81AazkdU3pC73qVlj,o,cwX5hOqv5ofOyD', '::1', 'Mozilla/5.0 (Windows NT 10.0; Win64; x64) AppleWebKit/537.36 (KHTML, like Gecko) Chrome/149.0.0.0 Safari/537.36 Edg/149.0.0.0', 'movement_operations', 'movement', 'set_op_state', 'set_op_state', NULL, NULL, NULL, NULL, 'http://localhost/ems/movement/movement_operations.php', 'POST', '{\"action\":\"set_op_state\",\"op_id\":\"14\",\"op_state\":\"تعمل\",\"json\":\"1\"}', 200, '2026-06-23 15:57:52'),
(1171, 4, 4, 4, 11, 6, 'مدير حركة وتشغيل', 'eQj6ZmG9YY3wIz81AazkdU3pC73qVlj,o,cwX5hOqv5ofOyD', '::1', 'Mozilla/5.0 (Windows NT 10.0; Win64; x64) AppleWebKit/537.36 (KHTML, like Gecko) Chrome/149.0.0.0 Safari/537.36 Edg/149.0.0.0', 'movement_operations', 'movement', 'set_op_state', 'set_op_state', NULL, NULL, NULL, NULL, 'http://localhost/ems/movement/movement_operations.php', 'POST', '{\"action\":\"set_op_state\",\"op_id\":\"30\",\"op_state\":\"تعمل\",\"json\":\"1\"}', 200, '2026-06-23 15:58:15'),
(1172, 4, 4, 4, 11, 6, 'مدير حركة وتشغيل', 'eQj6ZmG9YY3wIz81AazkdU3pC73qVlj,o,cwX5hOqv5ofOyD', '::1', 'Mozilla/5.0 (Windows NT 10.0; Win64; x64) AppleWebKit/537.36 (KHTML, like Gecko) Chrome/149.0.0.0 Safari/537.36 Edg/149.0.0.0', 'logout', 'auth', 'logout', NULL, NULL, NULL, NULL, NULL, 'http://localhost/ems/logout.php', 'GET', NULL, 200, '2026-06-23 16:00:56'),
(1173, 4, 0, 0, 6, 3, 'ادارة الاسطول', 'MRQC6hpJ5xJhU3n8-gkuvb9lmNEuMR1W2WkCEiZPUeXqHtZm', '::1', 'Mozilla/5.0 (Windows NT 10.0; Win64; x64) AppleWebKit/537.36 (KHTML, like Gecko) Chrome/149.0.0.0 Safari/537.36 Edg/149.0.0.0', 'login', 'auth', 'login', NULL, NULL, NULL, NULL, NULL, 'http://localhost/ems/login.php', 'POST', '{\"csrf_token\":\"[REDACTED]\",\"username\":\"يسن\",\"password\":\"[REDACTED]\"}', 200, '2026-06-23 16:01:04'),
(1174, 4, 0, 0, 6, 3, 'ادارة الاسطول', 'MRQC6hpJ5xJhU3n8-gkuvb9lmNEuMR1W2WkCEiZPUeXqHtZm', '::1', 'Mozilla/5.0 (Windows NT 10.0; Win64; x64) AppleWebKit/537.36 (KHTML, like Gecko) Chrome/149.0.0.0 Safari/537.36 Edg/149.0.0.0', 'logout', 'auth', 'logout', NULL, NULL, NULL, NULL, NULL, 'http://localhost/ems/logout.php', 'GET', NULL, 200, '2026-06-23 16:02:30'),
(1175, 4, 4, 4, 11, 6, 'مدير حركة وتشغيل', 'KrFEr6w8OKonmH9Jf9BUdPHl9ALj-NgbWXxtb9jSYGD39e-Y', '::1', 'Mozilla/5.0 (Windows NT 10.0; Win64; x64) AppleWebKit/537.36 (KHTML, like Gecko) Chrome/149.0.0.0 Safari/537.36 Edg/149.0.0.0', 'login', 'auth', 'login', NULL, NULL, NULL, NULL, NULL, 'http://localhost/ems/login.php', 'POST', '{\"csrf_token\":\"[REDACTED]\",\"username\":\"حركة - الروسية\",\"password\":\"[REDACTED]\"}', 200, '2026-06-23 16:02:39'),
(1176, 4, 4, 4, 11, 6, 'مدير حركة وتشغيل', 'KrFEr6w8OKonmH9Jf9BUdPHl9ALj-NgbWXxtb9jSYGD39e-Y', '::1', 'Mozilla/5.0 (Windows NT 10.0; Win64; x64) AppleWebKit/537.36 (KHTML, like Gecko) Chrome/149.0.0.0 Safari/537.36 Edg/149.0.0.0', 'logout', 'auth', 'logout', NULL, NULL, NULL, NULL, NULL, 'http://localhost/ems/logout.php', 'GET', NULL, 200, '2026-06-23 16:05:37'),
(1177, 4, 0, 0, 6, 3, 'ادارة الاسطول', '6EKSN6Mgm40kmKc3,5LwhjxHU58kVz6w3dkoU46M7mlPUfPO', '::1', 'Mozilla/5.0 (Windows NT 10.0; Win64; x64) AppleWebKit/537.36 (KHTML, like Gecko) Chrome/149.0.0.0 Safari/537.36 Edg/149.0.0.0', 'login', 'auth', 'login', NULL, NULL, NULL, NULL, NULL, 'http://localhost/ems/login.php', 'POST', '{\"csrf_token\":\"[REDACTED]\",\"username\":\"يسن\",\"password\":\"[REDACTED]\"}', 200, '2026-06-23 16:05:44'),
(1178, 4, 0, 0, 45, 12, 'ادارة المبيعات', 'pSun68gr87esUTrOGiS6AWyXrY1xCCMubeR0ImB6y4fyWLkL', '::1', NULL, 'login', 'auth', 'login', NULL, NULL, NULL, NULL, NULL, 'http://localhost/ems/login.php', 'POST', '{\"username\":\"ssbot\",\"password\":\"[REDACTED]\",\"csrf_token\":\"[REDACTED]\"}', 200, '2026-06-23 16:13:06'),
(1179, 4, 0, 0, 46, 12, 'ادارة المبيعات', 'jpQdQPfL6d9zCp47,Y-K979CJzUp2NpvqDrzsplMN8GLEbzH', '::1', NULL, 'login', 'auth', 'login', NULL, NULL, NULL, NULL, NULL, 'http://localhost/ems/login.php', 'POST', '{\"username\":\"ssbot\",\"password\":\"[REDACTED]\",\"csrf_token\":\"[REDACTED]\"}', 200, '2026-06-23 16:15:47');
INSERT INTO `activity_logs` (`id`, `company_id`, `project_id`, `contract_id`, `user_id`, `role_id`, `role_name`, `session_id`, `ip_address`, `user_agent`, `screen_name`, `module_name`, `action_type`, `button_name`, `field_name`, `record_id`, `old_value`, `new_value`, `url`, `http_method`, `request_payload`, `response_status`, `created_at`) VALUES
(1180, 4, 0, 0, 6, 3, 'ادارة الاسطول', '6EKSN6Mgm40kmKc3,5LwhjxHU58kVz6w3dkoU46M7mlPUfPO', '::1', 'Mozilla/5.0 (Windows NT 10.0; Win64; x64) AppleWebKit/537.36 (KHTML, like Gecko) Chrome/149.0.0.0 Safari/537.36 Edg/149.0.0.0', 'logout', 'auth', 'logout', NULL, NULL, NULL, NULL, NULL, 'http://localhost/ems/logout.php', 'GET', NULL, 200, '2026-06-23 16:17:26'),
(1181, 4, 4, 4, 11, 6, 'مدير حركة وتشغيل', 'MDhIeoz2Uq9wH0rFBKRye6mNEeiNDNRPJZYkz-unVCXMQOgr', '::1', 'Mozilla/5.0 (Windows NT 10.0; Win64; x64) AppleWebKit/537.36 (KHTML, like Gecko) Chrome/149.0.0.0 Safari/537.36 Edg/149.0.0.0', 'login', 'auth', 'login', NULL, NULL, NULL, NULL, NULL, 'http://localhost/ems/login.php', 'POST', '{\"csrf_token\":\"[REDACTED]\",\"username\":\"حركة - الروسية\",\"password\":\"[REDACTED]\"}', 200, '2026-06-23 16:17:35'),
(1182, 4, 0, 0, 47, 12, 'ادارة المبيعات', 'LPrId1YGW27XrzuKbfrTyxj7G,l0N1byoXI0eMMRDJiTlcRe', '::1', NULL, 'login', 'auth', 'login', NULL, NULL, NULL, NULL, NULL, 'http://localhost/ems/login.php', 'POST', '{\"username\":\"ssbot\",\"password\":\"[REDACTED]\",\"csrf_token\":\"[REDACTED]\"}', 200, '2026-06-23 16:41:44'),
(1183, 4, 0, 0, 48, 12, 'ادارة المبيعات', 'fiDIJMf,VenmNySs9gsS4oRcX7LM8fKjuCkWNCEB-EflgETt', '::1', NULL, 'login', 'auth', 'login', NULL, NULL, NULL, NULL, NULL, 'http://localhost/ems/login.php', 'POST', '{\"username\":\"ssbot\",\"password\":\"[REDACTED]\",\"csrf_token\":\"[REDACTED]\"}', 200, '2026-06-23 16:43:06'),
(1184, 4, 4, 4, 11, 6, 'مدير حركة وتشغيل', 'MDhIeoz2Uq9wH0rFBKRye6mNEeiNDNRPJZYkz-unVCXMQOgr', '::1', 'Mozilla/5.0 (Windows NT 10.0; Win64; x64) AppleWebKit/537.36 (KHTML, like Gecko) Chrome/149.0.0.0 Safari/537.36 Edg/149.0.0.0', 'logout', 'auth', 'logout', NULL, NULL, NULL, NULL, NULL, 'http://localhost/ems/logout.php', 'GET', NULL, 200, '2026-06-23 16:43:46'),
(1185, 4, 4, 4, 11, 6, 'مدير حركة وتشغيل', 'dwdRvn3HmeF5zf1B8QXcAqx3dgihS6-Uj6I-jQkbVw3cHy5S', '::1', 'Mozilla/5.0 (Windows NT 10.0; Win64; x64) AppleWebKit/537.36 (KHTML, like Gecko) Chrome/149.0.0.0 Safari/537.36 Edg/149.0.0.0', 'login', 'auth', 'login', NULL, NULL, NULL, NULL, NULL, 'http://localhost/ems/login.php', 'POST', '{\"csrf_token\":\"[REDACTED]\",\"username\":\"حركة - الروسية\",\"password\":\"[REDACTED]\"}', 200, '2026-06-23 16:45:11'),
(1186, 4, 4, 4, 11, 6, 'مدير حركة وتشغيل', 'dwdRvn3HmeF5zf1B8QXcAqx3dgihS6-Uj6I-jQkbVw3cHy5S', '::1', 'Mozilla/5.0 (Windows NT 10.0; Win64; x64) AppleWebKit/537.36 (KHTML, like Gecko) Chrome/149.0.0.0 Safari/537.36 Edg/149.0.0.0', 'logout', 'auth', 'logout', NULL, NULL, NULL, NULL, NULL, 'http://localhost/ems/logout.php', 'GET', NULL, 200, '2026-06-23 16:46:42'),
(1187, 4, 0, 0, 6, 3, 'ادارة الاسطول', 'ms8B4zz95YezKmzh9qe2xGPm5ArezKUuvDlRx3loXRFUjB5c', '::1', 'Mozilla/5.0 (Windows NT 10.0; Win64; x64) AppleWebKit/537.36 (KHTML, like Gecko) Chrome/149.0.0.0 Safari/537.36 Edg/149.0.0.0', 'login', 'auth', 'login', NULL, NULL, NULL, NULL, NULL, 'http://localhost/ems/login.php', 'POST', '{\"csrf_token\":\"[REDACTED]\",\"username\":\"يسن\",\"password\":\"[REDACTED]\"}', 200, '2026-06-23 16:46:57'),
(1188, 4, 0, 0, 6, 3, 'ادارة الاسطول', 'ms8B4zz95YezKmzh9qe2xGPm5ArezKUuvDlRx3loXRFUjB5c', '::1', 'Mozilla/5.0 (Windows NT 10.0; Win64; x64) AppleWebKit/537.36 (KHTML, like Gecko) Chrome/149.0.0.0 Safari/537.36 Edg/149.0.0.0', 'logout', 'auth', 'logout', NULL, NULL, NULL, NULL, NULL, 'http://localhost/ems/logout.php', 'GET', NULL, 200, '2026-06-23 16:49:13'),
(1189, 4, 4, 4, 11, 6, 'مدير حركة وتشغيل', 'ed0x4sdYqpiMOOPDg6HxFgkd2CbTspcgw2u7oW14JaqqTnI3', '::1', 'Mozilla/5.0 (Windows NT 10.0; Win64; x64) AppleWebKit/537.36 (KHTML, like Gecko) Chrome/149.0.0.0 Safari/537.36 Edg/149.0.0.0', 'login', 'auth', 'login', NULL, NULL, NULL, NULL, NULL, 'http://localhost/ems/login.php', 'POST', '{\"csrf_token\":\"[REDACTED]\",\"username\":\"حركة - الروسية\",\"password\":\"[REDACTED]\"}', 200, '2026-06-23 16:49:20'),
(1190, 4, 4, 4, 11, 6, 'مدير حركة وتشغيل', 'ed0x4sdYqpiMOOPDg6HxFgkd2CbTspcgw2u7oW14JaqqTnI3', '::1', 'Mozilla/5.0 (Windows NT 10.0; Win64; x64) AppleWebKit/537.36 (KHTML, like Gecko) Chrome/149.0.0.0 Safari/537.36 Edg/149.0.0.0', 'movement_operations', 'movement', 'save_single_driver', 'save_single_driver', NULL, NULL, NULL, NULL, 'http://localhost/ems/movement/movement_operations.php', 'POST', '{\"action\":\"save_single_driver\",\"rel_id\":\"7\",\"shift_type\":\"D\",\"status\":\"0\",\"end_date\":\"2026-06-23\",\"json\":\"1\"}', 200, '2026-06-23 16:51:15'),
(1191, 4, 0, 0, 49, 12, 'ادارة المبيعات', 'qSI-lji46akdyGBfhpdkP5CAA2tIuNtj5kbqkYxZpCht6TQR', '::1', NULL, 'login', 'auth', 'login', NULL, NULL, NULL, NULL, NULL, 'http://localhost/ems/login.php', 'POST', '{\"username\":\"ssbot\",\"password\":\"[REDACTED]\",\"csrf_token\":\"[REDACTED]\"}', 200, '2026-06-23 17:06:56'),
(1192, 4, 0, 0, 49, 12, 'ادارة المبيعات', 'qSI-lji46akdyGBfhpdkP5CAA2tIuNtj5kbqkYxZpCht6TQR', '::1', NULL, 'movement_operations', 'movement', 'set_op_state', 'set_op_state', NULL, NULL, NULL, NULL, 'http://localhost/ems/movement/movement_operations.php?project_id=4', 'POST', '{\"action\":\"set_op_state\",\"op_id\":\"33\",\"op_state\":\"تعمل\",\"json\":\"1\"}', 200, '2026-06-23 17:06:56'),
(1193, 4, 0, 0, 49, 12, 'ادارة المبيعات', 'qSI-lji46akdyGBfhpdkP5CAA2tIuNtj5kbqkYxZpCht6TQR', '::1', NULL, 'movement_operations', 'movement', 'set_op_state', 'set_op_state', NULL, NULL, NULL, NULL, 'http://localhost/ems/movement/movement_operations.php?project_id=4', 'POST', '{\"action\":\"set_op_state\",\"op_id\":\"33\",\"op_state\":\"تعمل\",\"json\":\"1\"}', 200, '2026-06-23 17:06:56'),
(1194, 4, 0, 0, 49, 12, 'ادارة المبيعات', 'qSI-lji46akdyGBfhpdkP5CAA2tIuNtj5kbqkYxZpCht6TQR', '::1', NULL, 'movement_operations', 'movement', 'save_single_operation', 'save_single_operation', NULL, NULL, NULL, NULL, 'http://localhost/ems/movement/movement_operations.php?project_id=4', 'POST', '{\"action\":\"save_single_operation\",\"op_id\":\"33\",\"shift_type\":\"D\",\"status\":\"1\",\"json\":\"1\"}', 200, '2026-06-23 17:06:56'),
(1195, 4, 0, 0, 49, 12, 'ادارة المبيعات', 'qSI-lji46akdyGBfhpdkP5CAA2tIuNtj5kbqkYxZpCht6TQR', '::1', NULL, 'movement_operations', 'movement', 'save_single_operation', 'save_single_operation', NULL, NULL, NULL, NULL, 'http://localhost/ems/movement/movement_operations.php?project_id=4', 'POST', '{\"action\":\"save_single_operation\",\"op_id\":\"33\",\"shift_type\":\"D\",\"status\":\"1\",\"json\":\"1\"}', 200, '2026-06-23 17:06:56'),
(1196, 4, 0, 0, 49, 12, 'ادارة المبيعات', 'qSI-lji46akdyGBfhpdkP5CAA2tIuNtj5kbqkYxZpCht6TQR', '::1', NULL, 'movement_operations', 'movement', 'set_equipment_maintenance', 'set_equipment_maintenance', NULL, NULL, NULL, NULL, 'http://localhost/ems/movement/movement_operations.php?project_id=4', 'POST', '{\"action\":\"set_equipment_maintenance\",\"equipment_id\":\"13\",\"json\":\"1\"}', 200, '2026-06-23 17:06:57'),
(1197, 4, 0, 0, 49, 12, 'ادارة المبيعات', 'qSI-lji46akdyGBfhpdkP5CAA2tIuNtj5kbqkYxZpCht6TQR', '::1', NULL, 'movement_operations', 'movement', 'save_single_operation', 'save_single_operation', NULL, NULL, NULL, NULL, 'http://localhost/ems/movement/movement_operations.php?project_id=4', 'POST', '{\"action\":\"save_single_operation\",\"op_id\":\"33\",\"shift_type\":\"D\",\"status\":\"0\",\"json\":\"1\"}', 200, '2026-06-23 17:06:57'),
(1198, 4, 0, 0, 6, 3, 'ادارة الاسطول', '5eZAw0sFOCXUgYacR-3ZXjiHS3xoZTNYsOz,a7XIz5wxaKJL', '::1', 'Mozilla/5.0 (Windows NT 10.0; Win64; x64) AppleWebKit/537.36 (KHTML, like Gecko) Chrome/136.0.0.0 Safari/537.36', 'login', 'auth', 'login', NULL, NULL, NULL, NULL, NULL, 'http://localhost/ems/login.php', 'POST', '{\"csrf_token\":\"[REDACTED]\",\"username\":\"يسن\",\"password\":\"[REDACTED]\"}', 200, '2026-06-23 17:16:04'),
(1199, 4, 0, 0, 6, 3, 'ادارة الاسطول', '5eZAw0sFOCXUgYacR-3ZXjiHS3xoZTNYsOz,a7XIz5wxaKJL', '::1', 'Mozilla/5.0 (Windows NT 10.0; Win64; x64) AppleWebKit/537.36 (KHTML, like Gecko) Chrome/136.0.0.0 Safari/537.36', 'equipments_fleet', 'equipments', 'create', 'create', NULL, NULL, NULL, NULL, 'http://localhost/ems/Equipments/equipments_fleet.php', 'POST', '{\"csrf_token\":\"[REDACTED]\",\"suppliers\":\"3\",\"code\":\"EQ100\",\"type\":\"1\",\"name\":\"TQ100\",\"serial_number\":\"82463818\",\"chassis_number\":\"876786\",\"machine_number\":\"78879\",\"model_id\":\"\",\"manufacturer\":\"\",\"model\":\"\",\"manufacturing_year\":\"\",\"import_year\":\"\",\"operating_category\":\"\",\"origin_country\":\"\",\"engine_no\":\"\",\"plate_no\":\"\",\"capacity\":\"\",\"capacity_uom\":\"\",\"dimensions\":\"\",\"source_type\":\"\",\"entry_date\":\"\",\"acquisition_cost\":\"\",\"acquisition_currency\":\"\",\"opening_meter\":\"\",\"meter_uom\":\"ساعات\",\"meter_source\":\"\",\"equipment_condition\":\"في حالة جيدة\",\"operating_hours\":\"\",\"engine_condition\":\"جيدة\",\"tires_condition\":\"N/A\",\"actual_owner_name\":\"\",\"owner_type\":\"\",\"owner_phone\":\"\",\"owner_supplier_relation\":\"\",\"license_number\":\"\",\"license_authority\":\"\",\"document_type\":\"\",\"license_expiry_date\":\"\",\"inspection_certificate_number\":\"\",\"last_inspection_date\":\"\",\"current_location\":\"\",\"availability_state\":\"متوفرة\",\"site_supervisor_name\":\"\",\"site_supervisor_contact\":\"\",\"estimated_value\":\"\",\"daily_rental_price\":\"\",\"monthly_rental_price\":\"\",\"insurance_status\":\"\",\"general_notes\":\"\",\"last_maintenance_date\":\"\",\"status\":\"0\"}', 302, '2026-06-23 17:16:52'),
(1200, 4, 0, 0, 6, 3, 'ادارة الاسطول', '5eZAw0sFOCXUgYacR-3ZXjiHS3xoZTNYsOz,a7XIz5wxaKJL', '::1', 'Mozilla/5.0 (Windows NT 10.0; Win64; x64) AppleWebKit/537.36 (KHTML, like Gecko) Chrome/136.0.0.0 Safari/537.36', 'equipments_fleet', 'equipments', 'create', 'create', NULL, NULL, NULL, NULL, 'http://localhost/ems/Equipments/equipments_fleet.php?edit=21', 'POST', '{\"csrf_token\":\"[REDACTED]\",\"edit_id\":\"21\",\"suppliers\":\"7\",\"code\":\"EQ100\",\"type\":\"1\",\"name\":\"TQ100\",\"serial_number\":\"82463818\",\"chassis_number\":\"876786\",\"machine_number\":\"78879\",\"model_id\":\"\",\"manufacturer\":\"\",\"model\":\"\",\"manufacturing_year\":\"\",\"import_year\":\"\",\"operating_category\":\"\",\"origin_country\":\"\",\"engine_no\":\"\",\"plate_no\":\"\",\"capacity\":\"\",\"capacity_uom\":\"\",\"dimensions\":\"\",\"source_type\":\"\",\"entry_date\":\"\",\"acquisition_cost\":\"\",\"acquisition_currency\":\"\",\"opening_meter\":\"\",\"meter_uom\":\"ساعات\",\"meter_source\":\"\",\"equipment_condition\":\"في حالة جيدة\",\"operating_hours\":\"\",\"engine_condition\":\"جيدة\",\"tires_condition\":\"N/A\",\"actual_owner_name\":\"\",\"owner_type\":\"\",\"owner_phone\":\"\",\"owner_supplier_relation\":\"\",\"license_number\":\"\",\"license_authority\":\"\",\"document_type\":\"\",\"license_expiry_date\":\"\",\"inspection_certificate_number\":\"\",\"last_inspection_date\":\"\",\"current_location\":\"\",\"availability_state\":\"متوفرة\",\"site_supervisor_name\":\"\",\"site_supervisor_contact\":\"\",\"estimated_value\":\"\",\"daily_rental_price\":\"\",\"monthly_rental_price\":\"\",\"insurance_status\":\"\",\"general_notes\":\"\",\"last_maintenance_date\":\"\",\"status\":\"0\"}', 302, '2026-06-23 17:19:11'),
(1201, 4, 0, 0, 6, 3, 'ادارة الاسطول', '5eZAw0sFOCXUgYacR-3ZXjiHS3xoZTNYsOz,a7XIz5wxaKJL', '::1', 'Mozilla/5.0 (Windows NT 10.0; Win64; x64) AppleWebKit/537.36 (KHTML, like Gecko) Chrome/136.0.0.0 Safari/537.36', 'oprators', 'oprators', 'update', 'save_operation', NULL, 7, NULL, NULL, 'http://localhost/ems/Oprators/oprators.php?project_id=4', 'POST', '{\"csrf_token\":\"[REDACTED]\",\"operation_id\":\"\",\"project_id\":\"4\",\"contract_id\":\"4\",\"supplier_id\":\"7\",\"type\":\"1\",\"equipment\":\"21\",\"equipment_category\":\"أساسي\",\"start\":\"2026-06-01\",\"end\":\"2027-02-28\",\"hours\":\"0\",\"total_equipment_hours\":\"10\",\"shift_hours\":\"10\",\"shift_type\":\"D\",\"status\":\"1\",\"action\":\"save_operation\",\"save_operation_submit\":\"\"}', 200, '2026-06-23 17:19:55'),
(1202, 4, 4, 4, 11, 6, 'مدير حركة وتشغيل', 'ed0x4sdYqpiMOOPDg6HxFgkd2CbTspcgw2u7oW14JaqqTnI3', '::1', 'Mozilla/5.0 (Windows NT 10.0; Win64; x64) AppleWebKit/537.36 (KHTML, like Gecko) Chrome/149.0.0.0 Safari/537.36 Edg/149.0.0.0', 'movement_operations', 'movement', 'set_op_state', 'set_op_state', NULL, NULL, NULL, NULL, 'http://localhost/ems/movement/movement_operations.php', 'POST', '{\"action\":\"set_op_state\",\"op_id\":\"34\",\"op_state\":\"تعمل\",\"json\":\"1\"}', 200, '2026-06-23 17:20:37'),
(1203, 4, 4, 4, 11, 6, 'مدير حركة وتشغيل', 'ed0x4sdYqpiMOOPDg6HxFgkd2CbTspcgw2u7oW14JaqqTnI3', '::1', 'Mozilla/5.0 (Windows NT 10.0; Win64; x64) AppleWebKit/537.36 (KHTML, like Gecko) Chrome/149.0.0.0 Safari/537.36 Edg/149.0.0.0', 'movement_operations', 'movement', 'create', 'add_new_driver', NULL, 3, NULL, NULL, 'http://localhost/ems/movement/movement_operations.php', 'POST', '{\"action\":\"add_new_driver\",\"driver_id\":\"3\",\"equipment_id\":\"21\",\"shift_type\":\"B\",\"start_date\":\"2026-06-01\",\"end_date\":\"2026-06-30\",\"json\":\"1\"}', 200, '2026-06-23 17:21:20'),
(1204, 4, 4, 4, 11, 6, 'مدير حركة وتشغيل', 'ed0x4sdYqpiMOOPDg6HxFgkd2CbTspcgw2u7oW14JaqqTnI3', '::1', 'Mozilla/5.0 (Windows NT 10.0; Win64; x64) AppleWebKit/537.36 (KHTML, like Gecko) Chrome/149.0.0.0 Safari/537.36 Edg/149.0.0.0', 'movement_operations', 'movement', 'set_equipment_maintenance', 'set_equipment_maintenance', NULL, NULL, NULL, NULL, 'http://localhost/ems/movement/movement_operations.php', 'POST', '{\"action\":\"set_equipment_maintenance\",\"equipment_id\":\"21\",\"json\":\"1\"}', 200, '2026-06-23 17:21:47'),
(1205, 4, 4, 4, 11, 6, 'مدير حركة وتشغيل', 'ed0x4sdYqpiMOOPDg6HxFgkd2CbTspcgw2u7oW14JaqqTnI3', '::1', 'Mozilla/5.0 (Windows NT 10.0; Win64; x64) AppleWebKit/537.36 (KHTML, like Gecko) Chrome/149.0.0.0 Safari/537.36 Edg/149.0.0.0', 'logout', 'auth', 'logout', NULL, NULL, NULL, NULL, NULL, 'http://localhost/ems/logout.php', 'GET', NULL, 200, '2026-06-23 17:22:21'),
(1206, 4, 0, 0, 19, 13, 'ادارة الصيانة', '4q3WqDVSpaBOMCdJC3KuVupaAFdKFh1Equhcd1ALS9GVuivr', '::1', 'Mozilla/5.0 (Windows NT 10.0; Win64; x64) AppleWebKit/537.36 (KHTML, like Gecko) Chrome/149.0.0.0 Safari/537.36 Edg/149.0.0.0', 'login', 'auth', 'login', NULL, NULL, NULL, NULL, NULL, 'http://localhost/ems/login.php', 'POST', '{\"csrf_token\":\"[REDACTED]\",\"username\":\"صيانة\",\"password\":\"[REDACTED]\"}', 200, '2026-06-23 17:22:28'),
(1207, 4, 0, 0, 19, 13, 'ادارة الصيانة', '4q3WqDVSpaBOMCdJC3KuVupaAFdKFh1Equhcd1ALS9GVuivr', '::1', 'Mozilla/5.0 (Windows NT 10.0; Win64; x64) AppleWebKit/537.36 (KHTML, like Gecko) Chrome/149.0.0.0 Safari/537.36 Edg/149.0.0.0', 'orders', 'maintenance', 'create', 'add_part', NULL, NULL, NULL, NULL, 'http://localhost/ems/Maintenance/orders.php?id=28', 'POST', '{\"action\":\"add_part\",\"order_id\":\"28\",\"part_name\":\"سلندر احمر\",\"category\":\"كهرباء\",\"quantity\":\"1\",\"unit_cost\":\"10\",\"ajax\":\"1\"}', 200, '2026-06-23 17:24:22'),
(1208, 4, 0, 0, 19, 13, 'ادارة الصيانة', '4q3WqDVSpaBOMCdJC3KuVupaAFdKFh1Equhcd1ALS9GVuivr', '::1', 'Mozilla/5.0 (Windows NT 10.0; Win64; x64) AppleWebKit/537.36 (KHTML, like Gecko) Chrome/149.0.0.0 Safari/537.36 Edg/149.0.0.0', 'orders', 'maintenance', 'save_order', 'save_order', NULL, 28, NULL, NULL, 'http://localhost/ems/Maintenance/orders.php?id=28', 'POST', '{\"csrf_token\":\"[REDACTED]\",\"action\":\"save_order\",\"id\":\"28\",\"project_id\":\"4\",\"equipment_id\":\"21\",\"source\":\"بلاغ\",\"maint_type\":\"إصلاح عطل\",\"priority\":\"عادية\",\"failure_code_id\":\"385\",\"cost_party\":\"داخلي\",\"vendor_id\":\"7\",\"workshop\":\"ورشة\",\"technician_id\":\"9\",\"supervisor_id\":\"9\",\"external_cost\":\"100\",\"work_start\":\"2026-06-22T20:23\",\"work_end\":\"2026-06-23T20:23\",\"downtime_hours\":\"24\",\"root_cause_id\":\"5\",\"inspection_result\":\"ناجح\",\"state\":\"إغلاق\",\"diagnosis\":\"تم تغيير القطعة\",\"actions_taken\":\"شراء قطعة جديدة\"}', 302, '2026-06-23 17:24:38'),
(1209, 4, 0, 0, 19, 13, 'ادارة الصيانة', '4q3WqDVSpaBOMCdJC3KuVupaAFdKFh1Equhcd1ALS9GVuivr', '::1', 'Mozilla/5.0 (Windows NT 10.0; Win64; x64) AppleWebKit/537.36 (KHTML, like Gecko) Chrome/149.0.0.0 Safari/537.36 Edg/149.0.0.0', 'logout', 'auth', 'logout', NULL, NULL, NULL, NULL, NULL, 'http://localhost/ems/logout.php', 'GET', NULL, 200, '2026-06-23 17:24:59'),
(1210, 4, 4, 4, 11, 6, 'مدير حركة وتشغيل', '3qjTjAdGL7ZJrC5a0klnD3Huz4rNotHuTah,6501gczzTMRm', '::1', 'Mozilla/5.0 (Windows NT 10.0; Win64; x64) AppleWebKit/537.36 (KHTML, like Gecko) Chrome/149.0.0.0 Safari/537.36 Edg/149.0.0.0', 'login', 'auth', 'login', NULL, NULL, NULL, NULL, NULL, 'http://localhost/ems/login.php', 'POST', '{\"csrf_token\":\"[REDACTED]\",\"username\":\"حركة - الروسية\",\"password\":\"[REDACTED]\"}', 200, '2026-06-23 17:25:13'),
(1211, 4, 4, 4, 11, 6, 'مدير حركة وتشغيل', '3qjTjAdGL7ZJrC5a0klnD3Huz4rNotHuTah,6501gczzTMRm', '::1', 'Mozilla/5.0 (Windows NT 10.0; Win64; x64) AppleWebKit/537.36 (KHTML, like Gecko) Chrome/149.0.0.0 Safari/537.36 Edg/149.0.0.0', 'movement_operations', 'movement', 'set_op_state', 'set_op_state', NULL, NULL, NULL, NULL, 'http://localhost/ems/movement/movement_operations.php', 'POST', '{\"action\":\"set_op_state\",\"op_id\":\"34\",\"op_state\":\"تعمل\",\"json\":\"1\"}', 200, '2026-06-23 17:25:22'),
(1212, 4, 0, 0, 50, 12, 'ادارة المبيعات', 'dY8kiZOFzUKnGzdUEjE9MLHypWUliErVLtneNaR,UGKwXkb6', '::1', NULL, 'login', 'auth', 'login', NULL, NULL, NULL, NULL, NULL, 'http://localhost/ems/login.php', 'POST', '{\"username\":\"ssbot\",\"password\":\"[REDACTED]\",\"csrf_token\":\"[REDACTED]\"}', 200, '2026-06-23 17:47:09'),
(1213, 4, 0, 0, 6, 3, 'ادارة الاسطول', '5eZAw0sFOCXUgYacR-3ZXjiHS3xoZTNYsOz,a7XIz5wxaKJL', '::1', 'Mozilla/5.0 (Windows NT 10.0; Win64; x64) AppleWebKit/537.36 (KHTML, like Gecko) Chrome/136.0.0.0 Safari/537.36', 'project_users', 'main', 'create', 'create', NULL, NULL, NULL, NULL, 'http://localhost/ems/main/project_users.php', 'POST', '{\"username\":\"enjaz@gmail.com\",\"uid\":\"0\"}', 200, '2026-06-23 17:47:36'),
(1214, 4, 0, 0, 51, 12, 'ادارة المبيعات', 'FMX42pa4U0EkzjnrNGd8Azzim-VPHeTMwqReFD-bYvsZczVm', '::1', NULL, 'login', 'auth', 'login', NULL, NULL, NULL, NULL, NULL, 'http://localhost/ems/login.php', 'POST', '{\"username\":\"ssbot\",\"password\":\"[REDACTED]\",\"csrf_token\":\"[REDACTED]\"}', 200, '2026-06-23 17:53:30'),
(1215, 4, 4, 4, 11, 6, 'مدير حركة وتشغيل', '3qjTjAdGL7ZJrC5a0klnD3Huz4rNotHuTah,6501gczzTMRm', '::1', 'Mozilla/5.0 (Linux; Android 15; Pixel 9) AppleWebKit/537.36 (KHTML, like Gecko) Chrome/149.0.0.0 Mobile Safari/537.36', 'logout', 'auth', 'logout', NULL, NULL, NULL, NULL, NULL, 'http://localhost/ems/logout.php', 'GET', NULL, 200, '2026-06-23 18:10:50'),
(1216, 4, 0, 0, 19, 13, 'ادارة الصيانة', 'LXa,jWp4HbM6MhOlEAKlrCrnUvT-yRaGiAS2ozQJq1mH-3Jf', '::1', 'Mozilla/5.0 (Windows NT 10.0; Win64; x64) AppleWebKit/537.36 (KHTML, like Gecko) Chrome/149.0.0.0 Safari/537.36 Edg/149.0.0.0', 'login', 'auth', 'login', NULL, NULL, NULL, NULL, NULL, 'http://localhost/ems/login.php', 'POST', '{\"csrf_token\":\"[REDACTED]\",\"username\":\"صيانة\",\"password\":\"[REDACTED]\"}', 200, '2026-06-24 10:41:24'),
(1217, 4, 0, 0, 19, 13, 'ادارة الصيانة', 'LXa,jWp4HbM6MhOlEAKlrCrnUvT-yRaGiAS2ozQJq1mH-3Jf', '::1', 'Mozilla/5.0 (Windows NT 10.0; Win64; x64) AppleWebKit/537.36 (KHTML, like Gecko) Chrome/149.0.0.0 Safari/537.36 Edg/149.0.0.0', 'inspections', 'maintenance', 'new_inspection', 'new_inspection', NULL, NULL, NULL, NULL, 'http://localhost/ems/Maintenance/inspections.php', 'POST', '{\"csrf_token\":\"[REDACTED]\",\"action\":\"new_inspection\",\"inspection_type\":\"الفحص اليومي قبل التشغيل\",\"project_id\":\"\",\"equipment_id\":\"\",\"supplier_id\":\"\",\"external_equipment\":\"\",\"inspector_id\":\"\",\"scheduled_date\":\"\"}', 302, '2026-06-24 11:56:29'),
(1218, 4, 0, 0, 19, 13, 'ادارة الصيانة', 'LXa,jWp4HbM6MhOlEAKlrCrnUvT-yRaGiAS2ozQJq1mH-3Jf', '::1', 'Mozilla/5.0 (Windows NT 10.0; Win64; x64) AppleWebKit/537.36 (KHTML, like Gecko) Chrome/149.0.0.0 Safari/537.36 Edg/149.0.0.0', 'inspections', 'maintenance', 'new_inspection', 'new_inspection', NULL, NULL, NULL, NULL, 'http://localhost/ems/Maintenance/inspections.php', 'POST', '{\"csrf_token\":\"[REDACTED]\",\"action\":\"new_inspection\",\"inspection_type\":\"التفتيش الدوري الشهري\",\"project_id\":\"\",\"equipment_id\":\"\",\"supplier_id\":\"\",\"external_equipment\":\"\",\"inspector_id\":\"\",\"scheduled_date\":\"\"}', 302, '2026-06-24 11:58:03'),
(1219, 4, 0, 0, 19, 13, 'ادارة الصيانة', 'LXa,jWp4HbM6MhOlEAKlrCrnUvT-yRaGiAS2ozQJq1mH-3Jf', '::1', 'Mozilla/5.0 (Windows NT 10.0; Win64; x64) AppleWebKit/537.36 (KHTML, like Gecko) Chrome/149.0.0.0 Safari/537.36 Edg/149.0.0.0', 'inspections', 'maintenance', 'new_inspection', 'new_inspection', NULL, NULL, NULL, NULL, 'http://localhost/ems/Maintenance/inspections.php', 'POST', '{\"csrf_token\":\"[REDACTED]\",\"action\":\"new_inspection\",\"inspection_type\":\"فحص الاستلام الفني\",\"project_id\":\"4\",\"equipment_id\":\"13\",\"supplier_id\":\"\",\"external_equipment\":\"\",\"inspector_id\":\"\",\"scheduled_date\":\"\"}', 302, '2026-06-24 12:12:10'),
(1220, 4, 0, 0, 19, 13, 'ادارة الصيانة', 'LXa,jWp4HbM6MhOlEAKlrCrnUvT-yRaGiAS2ozQJq1mH-3Jf', '::1', 'Mozilla/5.0 (Windows NT 10.0; Win64; x64) AppleWebKit/537.36 (KHTML, like Gecko) Chrome/149.0.0.0 Safari/537.36 Edg/149.0.0.0', 'inspections', 'maintenance', 'save_inspection', 'save_inspection', NULL, 19, NULL, NULL, 'http://localhost/ems/Maintenance/inspections.php?id=19', 'POST', '{\"csrf_token\":\"[REDACTED]\",\"action\":\"save_inspection\",\"id\":\"19\",\"inspection_type\":\"التفتيش الدوري الشهري\",\"project_id\":\"\",\"equipment_id\":\"\",\"inspector_id\":\"\",\"scheduled_date\":\"\",\"tech_readiness_state\":\"\",\"overall_result\":\"\",\"equipment_condition\":\"\",\"engine_condition\":\"\",\"state\":\"جديد\",\"notes\":\"\",\"line\":{\"21\":{\"condition_state\":\"سليم\",\"measured_value\":\"\",\"note\":\"\",\"recommendation\":\"\"},\"22\":{\"condition_state\":\"سليم\",\"measured_value\":\"\",\"note\":\"\",\"recommendation\":\"\"},\"23\":{\"condition_state\":\"سليم\",\"measured_value\":\"\",\"note\":\"\",\"recommendation\":\"\"},\"24\":{\"condition_state\":\"سليم\",\"measured_value\":\"\",\"note\":\"\",\"recommendation\":\"\"},\"25\":{\"condition_state\":\"سليم\",\"measured_value\":\"\",\"note\":\"\",\"recommendation\":\"\"},\"26\":{\"condition_state\":\"سليم\",\"measured_value\":\"\",\"note\":\"\",\"recommendation\":\"\"},\"27\":{\"condition_state\":\"سليم\",\"measured_value\":\"\",\"note\":\"\",\"recommendation\":\"\"},\"28\":{\"condition_state\":\"سليم\",\"measured_value\":\"\",\"note\":\"\",\"recommendation\":\"\"},\"29\":{\"condition_state\":\"سليم\",\"measured_value\":\"\",\"note\":\"\",\"recommendation\":\"\"},\"30\":{\"condition_state\":\"سليم\",\"measured_value\":\"\",\"note\":\"\",\"recommendation\":\"\"},\"31\":{\"condition_state\":\"سليم\",\"measured_value\":\"\",\"note\":\"\",\"recommendation\":\"\"},\"32\":{\"condition_state\":\"\",\"measured_value\":\"\",\"note\":\"\",\"recommendation\":\"\"},\"33\":{\"condition_state\":\"\",\"measured_value\":\"\",\"note\":\"\",\"recommendation\":\"\"},\"34\":{\"condition_state\":\"\",\"measured_value\":\"\",\"note\":\"\",\"recommendation\":\"\"},\"35\":{\"condition_state\":\"\",\"measured_value\":\"\",\"note\":\"\",\"recommendation\":\"\"},\"36\":{\"condition_state\":\"\",\"measured_value\":\"\",\"note\":\"\",\"recommendation\":\"\"},\"37\":{\"condition_state\":\"\",\"measured_value\":\"\",\"note\":\"\",\"recommendation\":\"\"},\"38\":{\"condition_state\":\"\",\"measured_value\":\"\",\"note\":\"\",\"recommendation\":\"\"},\"39\":{\"condition_state\":\"\",\"measured_value\":\"\",\"note\":\"\",\"recommendation\":\"\"},\"40\":{\"condition_state\":\"\",\"measured_value\":\"\",\"note\":\"\",\"recommendation\":\"\"},\"41\":{\"condition_state\":\"\",\"measured_value\":\"\",\"note\":\"\",\"recommendation\":\"\"},\"42\":{\"condition_state\":\"\",\"measured_value\":\"\",\"note\":\"\",\"recommendation\":\"\"},\"43\":{\"condition_state\":\"\",\"measured_value\":\"\",\"note\":\"\",\"recommendation\":\"\"},\"44\":{\"condition_state\":\"\",\"measured_value\":\"\",\"note\":\"\",\"recommendation\":\"\"},\"45\":{\"condition_state\":\"\",\"measured_value\":\"\",\"note\":\"\",\"recommendation\":\"\"},\"46\":{\"condition_state\":\"\",\"measured_value\":\"\",\"note\":\"\",\"recommendation\":\"\"},\"47\":{\"condition_state\":\"\",\"measured_value\":\"\",\"note\":\"\",\"recommendation\":\"\"},\"48\":{\"condition_state\":\"\",\"measured_value\":\"\",\"note\":\"\",\"recommendation\":\"\"},\"49\":{\"condition_state\":\"\",\"measured_value\":\"\",\"note\":\"\",\"recommendation\":\"\"},\"50\":{\"condition_state\":\"\",\"measured_value\":\"\",\"note\":\"\",\"recommendation\":\"\"},\"51\":{\"condition_state\":\"\",\"measured_value\":\"\",\"note\":\"\",\"recommendation\":\"\"},\"52\":{\"condition_state\":\"\",\"measured_value\":\"\",\"note\":\"\",\"recommendation\":\"\"},\"53\":{\"condition_state\":\"\",\"measured_value\":\"\",\"note\":\"\",\"recommendation\":\"\"},\"54\":{\"condition_state\":\"\",\"measured_value\":\"\",\"note\":\"\",\"recommendation\":\"\"},\"55\":{\"condition_state\":\"\",\"measured_value\":\"\",\"note\":\"\",\"recommendation\":\"\"},\"56\":{\"condition_state\":\"\",\"measured_value\":\"\",\"note\":\"\",\"recommendation\":\"\"},\"57\":{\"condition_state\":\"\",\"measured_value\":\"\",\"note\":\"\",\"recommendation\":\"\"},\"58\":{\"condition_state\":\"\",\"measured_value\":\"\",\"note\":\"\",\"recommendation\":\"\"},\"59\":{\"condition_state\":\"\",\"measured_value\":\"\",\"note\":\"\",\"recommendation\":\"\"},\"60\":{\"condition_state\":\"\",\"measured_value\":\"\",\"note\":\"\",\"recommendation\":\"\"},\"61\":{\"condition_state\":\"\",\"measured_value\":\"\",\"note\":\"\",\"recommendation\":\"\"},\"62\":{\"condition_state\":\"\",\"measured_value\":\"\",\"note\":\"\",\"recommendation\":\"\"},\"63\":{\"condition_state\":\"\",\"measured_value\":\"\",\"note\":\"\",\"recommendation\":\"\"},\"64\":{\"condition_state\":\"\",\"measured_value\":\"\",\"note\":\"\",\"recommendation\":\"\"},\"65\":{\"condition_state\":\"\",\"measured_value\":\"\",\"note\":\"\",\"recommendation\":\"\"},\"66\":{\"condition_state\":\"\",\"measured_value\":\"\",\"note\":\"\",\"recommendation\":\"\"},\"67\":{\"condition_state\":\"\",\"measured_value\":\"\",\"note\":\"\",\"recommendation\":\"\"},\"68\":{\"condition_state\":\"\",\"measured_value\":\"\",\"note\":\"\",\"recommendation\":\"\"},\"69\":{\"condition_state\":\"\",\"measured_value\":\"\",\"note\":\"\",\"recommendation\":\"\"},\"70\":{\"condition_state\":\"\",\"measured_value\":\"\",\"note\":\"\",\"recommendation\":\"\"},\"71\":{\"condition_state\":\"\",\"measured_value\":\"\",\"note\":\"\",\"recommendation\":\"\"},\"72\":{\"condition_state\":\"\",\"measured_value\":\"\",\"note\":\"\",\"recommendation\":\"\"},\"73\":{\"condition_state\":\"\",\"measured_value\":\"\",\"note\":\"\",\"recommendation\":\"\"},\"74\":{\"condition_state\":\"\",\"measured_value\":\"\",\"note\":\"\",\"recommendation\":\"\"},\"75\":{\"condition_state\":\"\",\"measured_value\":\"\",\"note\":\"\",\"recommendation\":\"\"},\"76\":{\"condition_state\":\"\",\"measured_value\":\"\",\"note\":\"\",\"recommendation\":\"\"},\"77\":{\"condition_state\":\"\",\"measured_value\":\"\",\"note\":\"\",\"recommendation\":\"\"},\"78\":{\"condition_state\":\"\",\"measured_value\":\"\",\"note\":\"\",\"recommendation\":\"\"},\"79\":{\"condition_state\":\"\",\"measured_value\":\"\",\"note\":\"\",\"recommendation\":\"\"}}}', 302, '2026-06-24 12:20:18'),
(1221, 4, 0, 0, 19, 13, 'ادارة الصيانة', 'LXa,jWp4HbM6MhOlEAKlrCrnUvT-yRaGiAS2ozQJq1mH-3Jf', '::1', 'Mozilla/5.0 (Windows NT 10.0; Win64; x64) AppleWebKit/537.36 (KHTML, like Gecko) Chrome/149.0.0.0 Safari/537.36 Edg/149.0.0.0', 'inspections', 'maintenance', 'new_inspection', 'new_inspection', NULL, NULL, NULL, NULL, 'http://localhost/ems/Maintenance/inspections.php', 'POST', '{\"csrf_token\":\"[REDACTED]\",\"action\":\"new_inspection\",\"inspection_type\":\"فحص ما قبل الاستبدال/التخلص\",\"project_id\":\"1\",\"equipment_id\":\"3\",\"supplier_id\":\"\",\"external_equipment\":\"\",\"inspector_id\":\"\",\"scheduled_date\":\"\"}', 302, '2026-06-24 12:20:37'),
(1222, 4, 0, 0, 19, 13, 'ادارة الصيانة', 'LXa,jWp4HbM6MhOlEAKlrCrnUvT-yRaGiAS2ozQJq1mH-3Jf', '::1', 'Mozilla/5.0 (Windows NT 10.0; Win64; x64) AppleWebKit/537.36 (KHTML, like Gecko) Chrome/149.0.0.0 Safari/537.36 Edg/149.0.0.0', 'inspections', 'maintenance', 'save_inspection', 'save_inspection', NULL, 21, NULL, NULL, 'http://localhost/ems/Maintenance/inspections.php?id=21&msg=%D8%AA%D9%85+%D8%A5%D9%86%D8%B4%D8%A7%D8%A1+%D8%A7%D9%84%D8%AA%D9%81%D8%AA%D9%8A%D8%B4+%D9%88%D8%AA%D8%AD%D9%85%D9%8A%D9%84+%D8%A8%D9%86%D9%88%D8%AF%D9%87+%E2%9C%85', 'POST', '{\"csrf_token\":\"[REDACTED]\",\"action\":\"save_inspection\",\"id\":\"21\",\"inspection_type\":\"فحص ما قبل الاستبدال/التخلص\",\"project_id\":\"1\",\"equipment_id\":\"3\",\"inspector_id\":\"\",\"scheduled_date\":\"\",\"tech_readiness_state\":\"\",\"overall_result\":\"\",\"equipment_condition\":\"\",\"engine_condition\":\"\",\"state\":\"جديد\",\"notes\":\"\",\"line\":{\"137\":{\"condition_state\":\"سليم\",\"measured_value\":\"\",\"note\":\"\",\"recommendation\":\"\"},\"138\":{\"condition_state\":\"سليم\",\"measured_value\":\"\",\"note\":\"\",\"recommendation\":\"\"},\"139\":{\"condition_state\":\"سليم\",\"measured_value\":\"\",\"note\":\"\",\"recommendation\":\"\"},\"140\":{\"condition_state\":\"سليم\",\"measured_value\":\"\",\"note\":\"\",\"recommendation\":\"\"},\"141\":{\"condition_state\":\"سليم\",\"measured_value\":\"\",\"note\":\"\",\"recommendation\":\"\"},\"142\":{\"condition_state\":\"سليم\",\"measured_value\":\"\",\"note\":\"\",\"recommendation\":\"\"},\"143\":{\"condition_state\":\"سليم\",\"measured_value\":\"\",\"note\":\"\",\"recommendation\":\"\"},\"144\":{\"condition_state\":\"سليم\",\"measured_value\":\"\",\"note\":\"\",\"recommendation\":\"\"},\"145\":{\"condition_state\":\"سليم\",\"measured_value\":\"\",\"note\":\"\",\"recommendation\":\"\"},\"146\":{\"condition_state\":\"سليم\",\"measured_value\":\"\",\"note\":\"\",\"recommendation\":\"\"},\"147\":{\"condition_state\":\"سليم\",\"measured_value\":\"\",\"note\":\"\",\"recommendation\":\"\"}}}', 302, '2026-06-24 12:21:40'),
(1223, 4, 0, 0, 19, 13, 'ادارة الصيانة', 'LXa,jWp4HbM6MhOlEAKlrCrnUvT-yRaGiAS2ozQJq1mH-3Jf', '::1', 'Mozilla/5.0 (Windows NT 10.0; Win64; x64) AppleWebKit/537.36 (KHTML, like Gecko) Chrome/149.0.0.0 Safari/537.36 Edg/149.0.0.0', 'inspections', 'maintenance', 'new_inspection', 'new_inspection', NULL, NULL, NULL, NULL, 'http://localhost/ems/Maintenance/inspections.php', 'POST', '{\"csrf_token\":\"[REDACTED]\",\"action\":\"new_inspection\",\"inspection_type\":\"فحص ما قبل الاستبدال/التخلص\",\"project_id\":\"\",\"equipment_id\":\"\",\"supplier_id\":\"\",\"external_equipment\":\"\",\"inspector_id\":\"\",\"scheduled_date\":\"\"}', 302, '2026-06-24 12:22:29'),
(1224, 4, 0, 0, 19, 13, 'ادارة الصيانة', 'LXa,jWp4HbM6MhOlEAKlrCrnUvT-yRaGiAS2ozQJq1mH-3Jf', '::1', 'Mozilla/5.0 (Windows NT 10.0; Win64; x64) AppleWebKit/537.36 (KHTML, like Gecko) Chrome/149.0.0.0 Safari/537.36 Edg/149.0.0.0', 'logout', 'auth', 'logout', NULL, NULL, NULL, NULL, NULL, 'http://localhost/ems/logout.php', 'GET', NULL, 200, '2026-06-24 12:27:58'),
(1225, 4, 0, 0, 6, 3, 'ادارة الاسطول', 'S5qNco5Vf0UOhaWSs,6ZCD0VtZvn-nA,4GOxLkKPwAAHVV7,', '::1', 'Mozilla/5.0 (Windows NT 10.0; Win64; x64) AppleWebKit/537.36 (KHTML, like Gecko) Chrome/149.0.0.0 Safari/537.36 Edg/149.0.0.0', 'login', 'auth', 'login', NULL, NULL, NULL, NULL, NULL, 'http://localhost/ems/login.php', 'POST', '{\"csrf_token\":\"[REDACTED]\",\"username\":\"يسن\",\"password\":\"[REDACTED]\"}', 200, '2026-06-24 12:28:37'),
(1226, 4, 0, 0, 6, 3, 'ادارة الاسطول', 'S5qNco5Vf0UOhaWSs,6ZCD0VtZvn-nA,4GOxLkKPwAAHVV7,', '::1', 'Mozilla/5.0 (Windows NT 10.0; Win64; x64) AppleWebKit/537.36 (KHTML, like Gecko) Chrome/149.0.0.0 Safari/537.36 Edg/149.0.0.0', 'logout', 'auth', 'logout', NULL, NULL, NULL, NULL, NULL, 'http://localhost/ems/logout.php', 'GET', NULL, 200, '2026-06-24 12:36:16'),
(1227, 4, 0, 0, 19, 13, 'ادارة الصيانة', '6B7cpDGZ3UeZG1bbInIyGFAeIjohCpMEB9KeTkIaqTS1itdk', '::1', 'Mozilla/5.0 (Windows NT 10.0; Win64; x64) AppleWebKit/537.36 (KHTML, like Gecko) Chrome/149.0.0.0 Safari/537.36 Edg/149.0.0.0', 'login', 'auth', 'login', NULL, NULL, NULL, NULL, NULL, 'http://localhost/ems/login.php', 'POST', '{\"csrf_token\":\"[REDACTED]\",\"username\":\"صيانة\",\"password\":\"[REDACTED]\"}', 200, '2026-06-24 12:37:12'),
(1228, 4, 0, 0, 19, 13, 'ادارة الصيانة', '6B7cpDGZ3UeZG1bbInIyGFAeIjohCpMEB9KeTkIaqTS1itdk', '::1', 'Mozilla/5.0 (Windows NT 10.0; Win64; x64) AppleWebKit/537.36 (KHTML, like Gecko) Chrome/149.0.0.0 Safari/537.36 Edg/149.0.0.0', 'logout', 'auth', 'logout', NULL, NULL, NULL, NULL, NULL, 'http://localhost/ems/logout.php', 'GET', NULL, 200, '2026-06-24 12:38:06'),
(1229, 4, 0, 0, 6, 3, 'ادارة الاسطول', 'Z2WzKZsWSeCzv0f8FM9Ctw114bIe2pw2xulwibH6MGARfRE,', '::1', 'Mozilla/5.0 (Windows NT 10.0; Win64; x64) AppleWebKit/537.36 (KHTML, like Gecko) Chrome/149.0.0.0 Safari/537.36 Edg/149.0.0.0', 'login', 'auth', 'login', NULL, NULL, NULL, NULL, NULL, 'http://localhost/ems/login.php', 'POST', '{\"csrf_token\":\"[REDACTED]\",\"username\":\"يسن\",\"password\":\"[REDACTED]\"}', 200, '2026-06-24 12:38:13'),
(1230, 4, 0, 0, 6, 3, 'ادارة الاسطول', 'Z2WzKZsWSeCzv0f8FM9Ctw114bIe2pw2xulwibH6MGARfRE,', '::1', 'Mozilla/5.0 (Windows NT 10.0; Win64; x64) AppleWebKit/537.36 (KHTML, like Gecko) Chrome/149.0.0.0 Safari/537.36 Edg/149.0.0.0', 'logout', 'auth', 'logout', NULL, NULL, NULL, NULL, NULL, 'http://localhost/ems/logout.php', 'GET', NULL, 200, '2026-06-24 12:39:42'),
(1231, 4, 0, 0, 19, 13, 'ادارة الصيانة', 'bvkJPsbT0epnCEOxNHZZa2J-LZ9cGTugOoMLrp4S9u9bJM5X', '::1', 'Mozilla/5.0 (Windows NT 10.0; Win64; x64) AppleWebKit/537.36 (KHTML, like Gecko) Chrome/149.0.0.0 Safari/537.36 Edg/149.0.0.0', 'login', 'auth', 'login', NULL, NULL, NULL, NULL, NULL, 'http://localhost/ems/login.php', 'POST', '{\"csrf_token\":\"[REDACTED]\",\"username\":\"صيانة\",\"password\":\"[REDACTED]\"}', 200, '2026-06-24 12:39:49'),
(1232, 4, 0, 0, 19, 13, 'ادارة الصيانة', 'bvkJPsbT0epnCEOxNHZZa2J-LZ9cGTugOoMLrp4S9u9bJM5X', '::1', 'Mozilla/5.0 (Windows NT 10.0; Win64; x64) AppleWebKit/537.36 (KHTML, like Gecko) Chrome/149.0.0.0 Safari/537.36 Edg/149.0.0.0', 'inspections', 'maintenance', 'save_inspection', 'save_inspection', NULL, 21, NULL, NULL, 'http://localhost/ems/Maintenance/inspections.php?id=21', 'POST', '{\"csrf_token\":\"[REDACTED]\",\"action\":\"save_inspection\",\"id\":\"21\",\"inspection_type\":\"فحص ما قبل الاستبدال/التخلص\",\"project_id\":\"1\",\"equipment_id\":\"3\",\"inspector_id\":\"\",\"scheduled_date\":\"\",\"tech_readiness_state\":\"\",\"overall_result\":\"\",\"equipment_condition\":\"\",\"engine_condition\":\"\",\"state\":\"جديد\",\"notes\":\"\",\"line\":{\"137\":{\"condition_state\":\"سليم\",\"measured_value\":\"\",\"note\":\"\",\"recommendation\":\"\"},\"138\":{\"condition_state\":\"سليم\",\"measured_value\":\"\",\"note\":\"\",\"recommendation\":\"\"},\"139\":{\"condition_state\":\"سليم\",\"measured_value\":\"\",\"note\":\"\",\"recommendation\":\"\"},\"140\":{\"condition_state\":\"سليم\",\"measured_value\":\"\",\"note\":\"\",\"recommendation\":\"\"},\"141\":{\"condition_state\":\"سليم\",\"measured_value\":\"\",\"note\":\"\",\"recommendation\":\"\"},\"142\":{\"condition_state\":\"سليم\",\"measured_value\":\"\",\"note\":\"\",\"recommendation\":\"\"},\"143\":{\"condition_state\":\"سليم\",\"measured_value\":\"\",\"note\":\"\",\"recommendation\":\"\"},\"144\":{\"condition_state\":\"سليم\",\"measured_value\":\"\",\"note\":\"\",\"recommendation\":\"\"},\"145\":{\"condition_state\":\"سليم\",\"measured_value\":\"\",\"note\":\"\",\"recommendation\":\"\"},\"146\":{\"condition_state\":\"سليم\",\"measured_value\":\"\",\"note\":\"\",\"recommendation\":\"\"},\"147\":{\"condition_state\":\"لا ينطبق\",\"measured_value\":\"\",\"note\":\"\",\"recommendation\":\"\"}}}', 302, '2026-06-24 12:40:18'),
(1233, 4, 0, 0, 19, 13, 'ادارة الصيانة', 'bvkJPsbT0epnCEOxNHZZa2J-LZ9cGTugOoMLrp4S9u9bJM5X', '::1', 'Mozilla/5.0 (Windows NT 10.0; Win64; x64) AppleWebKit/537.36 (KHTML, like Gecko) Chrome/149.0.0.0 Safari/537.36 Edg/149.0.0.0', 'inspections', 'maintenance', 'new_inspection', 'new_inspection', NULL, NULL, NULL, NULL, 'http://localhost/ems/Maintenance/inspections.php', 'POST', '{\"csrf_token\":\"[REDACTED]\",\"action\":\"new_inspection\",\"inspection_type\":\"فحص ما قبل الشراء\",\"project_id\":\"\",\"equipment_id\":\"\",\"supplier_id\":\"\",\"external_equipment\":\"\",\"inspector_id\":\"\",\"scheduled_date\":\"\"}', 302, '2026-06-24 12:47:23'),
(1234, 4, 0, 0, 19, 13, 'ادارة الصيانة', 'bvkJPsbT0epnCEOxNHZZa2J-LZ9cGTugOoMLrp4S9u9bJM5X', '::1', 'Mozilla/5.0 (Windows NT 10.0; Win64; x64) AppleWebKit/537.36 (KHTML, like Gecko) Chrome/149.0.0.0 Safari/537.36 Edg/149.0.0.0', 'inspections', 'maintenance', 'save_inspection', 'save_inspection', NULL, 23, NULL, NULL, 'http://localhost/ems/Maintenance/inspections.php?id=23', 'POST', '{\"csrf_token\":\"[REDACTED]\",\"action\":\"save_inspection\",\"id\":\"23\",\"inspection_type\":\"فحص ما قبل الشراء\",\"external_equipment\":\"\",\"supplier_id\":\"3\",\"inspector_id\":\"9\",\"scheduled_date\":\"2026-06-24\",\"tech_readiness_state\":\"جاهزة\",\"overall_result\":\"\",\"equipment_condition\":\"جيدة\",\"engine_condition\":\"جيدة\",\"state\":\"مجدول\",\"notes\":\"\",\"line\":{\"159\":{\"condition_state\":\"سليم\",\"measured_value\":\"\",\"note\":\"\",\"recommendation\":\"\"},\"160\":{\"condition_state\":\"سليم\",\"measured_value\":\"\",\"note\":\"\",\"recommendation\":\"\"},\"161\":{\"condition_state\":\"سليم\",\"measured_value\":\"\",\"note\":\"\",\"recommendation\":\"\"},\"162\":{\"condition_state\":\"سليم\",\"measured_value\":\"\",\"note\":\"\",\"recommendation\":\"\"},\"163\":{\"condition_state\":\"سليم\",\"measured_value\":\"\",\"note\":\"\",\"recommendation\":\"\"},\"164\":{\"condition_state\":\"سليم\",\"measured_value\":\"\",\"note\":\"\",\"recommendation\":\"\"},\"165\":{\"condition_state\":\"سليم\",\"measured_value\":\"\",\"note\":\"\",\"recommendation\":\"\"},\"166\":{\"condition_state\":\"ملاحظة\",\"measured_value\":\"\",\"note\":\"يوجد صوت\",\"recommendation\":\"\"},\"167\":{\"condition_state\":\"ملاحظة\",\"measured_value\":\"\",\"note\":\"\",\"recommendation\":\"\"},\"168\":{\"condition_state\":\"لا ينطبق\",\"measured_value\":\"\",\"note\":\"\",\"recommendation\":\"\"},\"169\":{\"condition_state\":\"سليم\",\"measured_value\":\"\",\"note\":\"\",\"recommendation\":\"\"},\"170\":{\"condition_state\":\"ملاحظة\",\"measured_value\":\"\",\"note\":\"يوجد تسريب بسيط\",\"recommendation\":\"\"},\"171\":{\"condition_state\":\"لا ينطبق\",\"measured_value\":\"\",\"note\":\"\",\"recommendation\":\"\"},\"172\":{\"condition_state\":\"سليم\",\"measured_value\":\"\",\"note\":\"\",\"recommendation\":\"\"},\"173\":{\"condition_state\":\"سليم\",\"measured_value\":\"\",\"note\":\"\",\"recommendation\":\"\"},\"174\":{\"condition_state\":\"سليم\",\"measured_value\":\"\",\"note\":\"\",\"recommendation\":\"\"},\"175\":{\"condition_state\":\"سليم\",\"measured_value\":\"\",\"note\":\"\",\"recommendation\":\"\"},\"176\":{\"condition_state\":\"سليم\",\"measured_value\":\"\",\"note\":\"\",\"recommendation\":\"\"},\"177\":{\"condition_state\":\"سليم\",\"measured_value\":\"\",\"note\":\"\",\"recommendation\":\"\"},\"178\":{\"condition_state\":\"سليم\",\"measured_value\":\"\",\"note\":\"\",\"recommendation\":\"\"},\"179\":{\"condition_state\":\"سليم\",\"measured_value\":\"\",\"note\":\"\",\"recommendation\":\"\"},\"180\":{\"condition_state\":\"سليم\",\"measured_value\":\"\",\"note\":\"\",\"recommendation\":\"\"},\"181\":{\"condition_state\":\"حرج\",\"measured_value\":\"\",\"note\":\"\",\"recommendation\":\"\"},\"182\":{\"condition_state\":\"حرج\",\"measured_value\":\"\",\"note\":\"\",\"recommendation\":\"\"},\"183\":{\"condition_state\":\"ملاحظة\",\"measured_value\":\"\",\"note\":\"ناقص\",\"recommendation\":\"\"},\"184\":{\"condition_state\":\"لا ينطبق\",\"measured_value\":\"\",\"note\":\"\",\"recommendation\":\"\"},\"185\":{\"condition_state\":\"سليم\",\"measured_value\":\"\",\"note\":\"\",\"recommendation\":\"\"},\"186\":{\"condition_state\":\"سليم\",\"measured_value\":\"\",\"note\":\"\",\"recommendation\":\"\"},\"187\":{\"condition_state\":\"سليم\",\"measured_value\":\"\",\"note\":\"\",\"recommendation\":\"\"},\"188\":{\"condition_state\":\"سليم\",\"measured_value\":\"\",\"note\":\"\",\"recommendation\":\"\"},\"189\":{\"condition_state\":\"سليم\",\"measured_value\":\"\",\"note\":\"\",\"recommendation\":\"\"},\"190\":{\"condition_state\":\"سليم\",\"measured_value\":\"\",\"note\":\"\",\"recommendation\":\"\"},\"191\":{\"condition_state\":\"سليم\",\"measured_value\":\"\",\"note\":\"\",\"recommendation\":\"\"},\"192\":{\"condition_state\":\"سليم\",\"measured_value\":\"\",\"note\":\"\",\"recommendation\":\"\"},\"193\":{\"condition_state\":\"سليم\",\"measured_value\":\"\",\"note\":\"\",\"recommendation\":\"\"},\"194\":{\"condition_state\":\"سليم\",\"measured_value\":\"\",\"note\":\"\",\"recommendation\":\"\"},\"195\":{\"condition_state\":\"ملاحظة\",\"measured_value\":\"\",\"note\":\"\",\"recommendation\":\"\"},\"196\":{\"condition_state\":\"ملاحظة\",\"measured_value\":\"\",\"note\":\"\",\"recommendation\":\"\"},\"197\":{\"condition_state\":\"سليم\",\"measured_value\":\"\",\"note\":\"\",\"recommendation\":\"\"},\"198\":{\"condition_state\":\"سليم\",\"measured_value\":\"\",\"note\":\"\",\"recommendation\":\"\"},\"199\":{\"condition_state\":\"سليم\",\"measured_value\":\"\",\"note\":\"\",\"recommendation\":\"\"},\"200\":{\"condition_state\":\"سليم\",\"measured_value\":\"\",\"note\":\"\",\"recommendation\":\"\"},\"201\":{\"condition_state\":\"سليم\",\"measured_value\":\"\",\"note\":\"\",\"recommendation\":\"\"},\"202\":{\"condition_state\":\"سليم\",\"measured_value\":\"\",\"note\":\"\",\"recommendation\":\"\"},\"203\":{\"condition_state\":\"سليم\",\"measured_value\":\"\",\"note\":\"\",\"recommendation\":\"\"},\"204\":{\"condition_state\":\"سليم\",\"measured_value\":\"\",\"note\":\"\",\"recommendation\":\"\"},\"205\":{\"condition_state\":\"سليم\",\"measured_value\":\"\",\"note\":\"\",\"recommendation\":\"\"},\"206\":{\"condition_state\":\"لا ينطبق\",\"measured_value\":\"\",\"note\":\"\",\"recommendation\":\"\"},\"207\":{\"condition_state\":\"لا ينطبق\",\"measured_value\":\"\",\"note\":\"\",\"recommendation\":\"\"},\"208\":{\"condition_state\":\"لا ينطبق\",\"measured_value\":\"\",\"note\":\"\",\"recommendation\":\"\"},\"209\":{\"condition_state\":\"لا ينطبق\",\"measured_value\":\"\",\"note\":\"\",\"recommendation\":\"\"},\"210\":{\"condition_state\":\"سليم\",\"measured_value\":\"\",\"note\":\"\",\"recommendation\":\"\"},\"211\":{\"condition_state\":\"سليم\",\"measured_value\":\"\",\"note\":\"\",\"recommendation\":\"\"},\"212\":{\"condition_state\":\"ملاحظة\",\"measured_value\":\"\",\"note\":\"\",\"recommendation\":\"\"},\"213\":{\"condition_state\":\"حرج\",\"measured_value\":\"\",\"note\":\"\",\"recommendation\":\"\"},\"214\":{\"condition_state\":\"حرج\",\"measured_value\":\"\",\"note\":\"\",\"recommendation\":\"\"},\"215\":{\"condition_state\":\"سليم\",\"measured_value\":\"\",\"note\":\"\",\"recommendation\":\"\"},\"216\":{\"condition_state\":\"سليم\",\"measured_value\":\"\",\"note\":\"\",\"recommendation\":\"\"},\"217\":{\"condition_state\":\"سليم\",\"measured_value\":\"\",\"note\":\"\",\"recommendation\":\"\"},\"218\":{\"condition_state\":\"سليم\",\"measured_value\":\"\",\"note\":\"\",\"recommendation\":\"\"},\"219\":{\"condition_state\":\"سليم\",\"measured_value\":\"\",\"note\":\"\",\"recommendation\":\"\"},\"220\":{\"condition_state\":\"ملاحظة\",\"measured_value\":\"\",\"note\":\"\",\"recommendation\":\"\"},\"221\":{\"condition_state\":\"ملاحظة\",\"measured_value\":\"\",\"note\":\"\",\"recommendation\":\"\"},\"222\":{\"condition_state\":\"سليم\",\"measured_value\":\"\",\"note\":\"\",\"recommendation\":\"\"}}}', 302, '2026-06-24 12:52:17');
INSERT INTO `activity_logs` (`id`, `company_id`, `project_id`, `contract_id`, `user_id`, `role_id`, `role_name`, `session_id`, `ip_address`, `user_agent`, `screen_name`, `module_name`, `action_type`, `button_name`, `field_name`, `record_id`, `old_value`, `new_value`, `url`, `http_method`, `request_payload`, `response_status`, `created_at`) VALUES
(1235, 4, 0, 0, 19, 13, 'ادارة الصيانة', 'bvkJPsbT0epnCEOxNHZZa2J-LZ9cGTugOoMLrp4S9u9bJM5X', '::1', 'Mozilla/5.0 (Windows NT 10.0; Win64; x64) AppleWebKit/537.36 (KHTML, like Gecko) Chrome/149.0.0.0 Safari/537.36 Edg/149.0.0.0', 'inspections', 'maintenance', 'save_inspection', 'save_inspection', NULL, 23, NULL, NULL, 'http://localhost/ems/Maintenance/inspections.php?id=23', 'POST', '{\"csrf_token\":\"[REDACTED]\",\"action\":\"save_inspection\",\"id\":\"23\",\"inspection_type\":\"فحص ما قبل الشراء\",\"external_equipment\":\"\",\"supplier_id\":\"3\",\"inspector_id\":\"9\",\"scheduled_date\":\"2026-06-24\",\"tech_readiness_state\":\"جاهزة\",\"overall_result\":\"\",\"equipment_condition\":\"جيدة\",\"engine_condition\":\"جيدة\",\"state\":\"مغلق\",\"notes\":\"\",\"line\":{\"159\":{\"condition_state\":\"سليم\",\"measured_value\":\"\",\"note\":\"\",\"recommendation\":\"\"},\"160\":{\"condition_state\":\"سليم\",\"measured_value\":\"\",\"note\":\"\",\"recommendation\":\"\"},\"161\":{\"condition_state\":\"سليم\",\"measured_value\":\"\",\"note\":\"\",\"recommendation\":\"\"},\"162\":{\"condition_state\":\"سليم\",\"measured_value\":\"\",\"note\":\"\",\"recommendation\":\"\"},\"163\":{\"condition_state\":\"سليم\",\"measured_value\":\"\",\"note\":\"\",\"recommendation\":\"\"},\"164\":{\"condition_state\":\"سليم\",\"measured_value\":\"\",\"note\":\"\",\"recommendation\":\"\"},\"165\":{\"condition_state\":\"سليم\",\"measured_value\":\"\",\"note\":\"\",\"recommendation\":\"\"},\"166\":{\"condition_state\":\"ملاحظة\",\"measured_value\":\"\",\"note\":\"يوجد صوت\",\"recommendation\":\"\"},\"167\":{\"condition_state\":\"ملاحظة\",\"measured_value\":\"\",\"note\":\"\",\"recommendation\":\"\"},\"168\":{\"condition_state\":\"لا ينطبق\",\"measured_value\":\"\",\"note\":\"\",\"recommendation\":\"\"},\"169\":{\"condition_state\":\"سليم\",\"measured_value\":\"\",\"note\":\"\",\"recommendation\":\"\"},\"170\":{\"condition_state\":\"ملاحظة\",\"measured_value\":\"\",\"note\":\"يوجد تسريب بسيط\",\"recommendation\":\"\"},\"171\":{\"condition_state\":\"لا ينطبق\",\"measured_value\":\"\",\"note\":\"\",\"recommendation\":\"\"},\"172\":{\"condition_state\":\"سليم\",\"measured_value\":\"\",\"note\":\"\",\"recommendation\":\"\"},\"173\":{\"condition_state\":\"سليم\",\"measured_value\":\"\",\"note\":\"\",\"recommendation\":\"\"},\"174\":{\"condition_state\":\"سليم\",\"measured_value\":\"\",\"note\":\"\",\"recommendation\":\"\"},\"175\":{\"condition_state\":\"سليم\",\"measured_value\":\"\",\"note\":\"\",\"recommendation\":\"\"},\"176\":{\"condition_state\":\"سليم\",\"measured_value\":\"\",\"note\":\"\",\"recommendation\":\"\"},\"177\":{\"condition_state\":\"سليم\",\"measured_value\":\"\",\"note\":\"\",\"recommendation\":\"\"},\"178\":{\"condition_state\":\"سليم\",\"measured_value\":\"\",\"note\":\"\",\"recommendation\":\"\"},\"179\":{\"condition_state\":\"سليم\",\"measured_value\":\"\",\"note\":\"\",\"recommendation\":\"\"},\"180\":{\"condition_state\":\"سليم\",\"measured_value\":\"\",\"note\":\"\",\"recommendation\":\"\"},\"181\":{\"condition_state\":\"حرج\",\"measured_value\":\"\",\"note\":\"\",\"recommendation\":\"\"},\"182\":{\"condition_state\":\"حرج\",\"measured_value\":\"\",\"note\":\"\",\"recommendation\":\"\"},\"183\":{\"condition_state\":\"ملاحظة\",\"measured_value\":\"\",\"note\":\"ناقص\",\"recommendation\":\"\"},\"184\":{\"condition_state\":\"لا ينطبق\",\"measured_value\":\"\",\"note\":\"\",\"recommendation\":\"\"},\"185\":{\"condition_state\":\"سليم\",\"measured_value\":\"\",\"note\":\"\",\"recommendation\":\"\"},\"186\":{\"condition_state\":\"سليم\",\"measured_value\":\"\",\"note\":\"\",\"recommendation\":\"\"},\"187\":{\"condition_state\":\"سليم\",\"measured_value\":\"\",\"note\":\"\",\"recommendation\":\"\"},\"188\":{\"condition_state\":\"سليم\",\"measured_value\":\"\",\"note\":\"\",\"recommendation\":\"\"},\"189\":{\"condition_state\":\"سليم\",\"measured_value\":\"\",\"note\":\"\",\"recommendation\":\"\"},\"190\":{\"condition_state\":\"سليم\",\"measured_value\":\"\",\"note\":\"\",\"recommendation\":\"\"},\"191\":{\"condition_state\":\"سليم\",\"measured_value\":\"\",\"note\":\"\",\"recommendation\":\"\"},\"192\":{\"condition_state\":\"سليم\",\"measured_value\":\"\",\"note\":\"\",\"recommendation\":\"\"},\"193\":{\"condition_state\":\"سليم\",\"measured_value\":\"\",\"note\":\"\",\"recommendation\":\"\"},\"194\":{\"condition_state\":\"سليم\",\"measured_value\":\"\",\"note\":\"\",\"recommendation\":\"\"},\"195\":{\"condition_state\":\"ملاحظة\",\"measured_value\":\"\",\"note\":\"\",\"recommendation\":\"\"},\"196\":{\"condition_state\":\"ملاحظة\",\"measured_value\":\"\",\"note\":\"\",\"recommendation\":\"\"},\"197\":{\"condition_state\":\"سليم\",\"measured_value\":\"\",\"note\":\"\",\"recommendation\":\"\"},\"198\":{\"condition_state\":\"سليم\",\"measured_value\":\"\",\"note\":\"\",\"recommendation\":\"\"},\"199\":{\"condition_state\":\"سليم\",\"measured_value\":\"\",\"note\":\"\",\"recommendation\":\"\"},\"200\":{\"condition_state\":\"سليم\",\"measured_value\":\"\",\"note\":\"\",\"recommendation\":\"\"},\"201\":{\"condition_state\":\"سليم\",\"measured_value\":\"\",\"note\":\"\",\"recommendation\":\"\"},\"202\":{\"condition_state\":\"سليم\",\"measured_value\":\"\",\"note\":\"\",\"recommendation\":\"\"},\"203\":{\"condition_state\":\"سليم\",\"measured_value\":\"\",\"note\":\"\",\"recommendation\":\"\"},\"204\":{\"condition_state\":\"سليم\",\"measured_value\":\"\",\"note\":\"\",\"recommendation\":\"\"},\"205\":{\"condition_state\":\"سليم\",\"measured_value\":\"\",\"note\":\"\",\"recommendation\":\"\"},\"206\":{\"condition_state\":\"لا ينطبق\",\"measured_value\":\"\",\"note\":\"\",\"recommendation\":\"\"},\"207\":{\"condition_state\":\"لا ينطبق\",\"measured_value\":\"\",\"note\":\"\",\"recommendation\":\"\"},\"208\":{\"condition_state\":\"لا ينطبق\",\"measured_value\":\"\",\"note\":\"\",\"recommendation\":\"\"},\"209\":{\"condition_state\":\"لا ينطبق\",\"measured_value\":\"\",\"note\":\"\",\"recommendation\":\"\"},\"210\":{\"condition_state\":\"سليم\",\"measured_value\":\"\",\"note\":\"\",\"recommendation\":\"\"},\"211\":{\"condition_state\":\"سليم\",\"measured_value\":\"\",\"note\":\"\",\"recommendation\":\"\"},\"212\":{\"condition_state\":\"ملاحظة\",\"measured_value\":\"\",\"note\":\"\",\"recommendation\":\"\"},\"213\":{\"condition_state\":\"حرج\",\"measured_value\":\"\",\"note\":\"\",\"recommendation\":\"\"},\"214\":{\"condition_state\":\"حرج\",\"measured_value\":\"\",\"note\":\"\",\"recommendation\":\"\"},\"215\":{\"condition_state\":\"سليم\",\"measured_value\":\"\",\"note\":\"\",\"recommendation\":\"\"},\"216\":{\"condition_state\":\"سليم\",\"measured_value\":\"\",\"note\":\"\",\"recommendation\":\"\"},\"217\":{\"condition_state\":\"سليم\",\"measured_value\":\"\",\"note\":\"\",\"recommendation\":\"\"},\"218\":{\"condition_state\":\"سليم\",\"measured_value\":\"\",\"note\":\"\",\"recommendation\":\"\"},\"219\":{\"condition_state\":\"سليم\",\"measured_value\":\"\",\"note\":\"\",\"recommendation\":\"\"},\"220\":{\"condition_state\":\"ملاحظة\",\"measured_value\":\"\",\"note\":\"\",\"recommendation\":\"\"},\"221\":{\"condition_state\":\"ملاحظة\",\"measured_value\":\"\",\"note\":\"\",\"recommendation\":\"\"},\"222\":{\"condition_state\":\"سليم\",\"measured_value\":\"\",\"note\":\"\",\"recommendation\":\"\"}}}', 302, '2026-06-24 12:58:11'),
(1236, 4, 0, 0, 19, 13, 'ادارة الصيانة', 'bvkJPsbT0epnCEOxNHZZa2J-LZ9cGTugOoMLrp4S9u9bJM5X', '::1', 'Mozilla/5.0 (Windows NT 10.0; Win64; x64) AppleWebKit/537.36 (KHTML, like Gecko) Chrome/149.0.0.0 Safari/537.36 Edg/149.0.0.0', 'logout', 'auth', 'logout', NULL, NULL, NULL, NULL, NULL, 'http://localhost/ems/logout.php', 'GET', NULL, 200, '2026-06-24 12:58:32'),
(1237, 4, 0, 0, 19, 13, 'ادارة الصيانة', 'vxHVfcz4j2Z39RaTv9RqxhZKwLInFTVaf1mD8Uz4lF3BjHWA', '::1', 'Mozilla/5.0 (Windows NT 10.0; Win64; x64) AppleWebKit/537.36 (KHTML, like Gecko) Chrome/149.0.0.0 Safari/537.36 Edg/149.0.0.0', 'login', 'auth', 'login', NULL, NULL, NULL, NULL, NULL, 'http://localhost/ems/login.php', 'POST', '{\"csrf_token\":\"[REDACTED]\",\"username\":\"صيانة\",\"password\":\"[REDACTED]\"}', 200, '2026-06-24 12:58:40'),
(1238, 4, 0, 0, 19, 13, 'ادارة الصيانة', 'vxHVfcz4j2Z39RaTv9RqxhZKwLInFTVaf1mD8Uz4lF3BjHWA', '::1', 'Mozilla/5.0 (Windows NT 10.0; Win64; x64) AppleWebKit/537.36 (KHTML, like Gecko) Chrome/149.0.0.0 Safari/537.36 Edg/149.0.0.0', 'logout', 'auth', 'logout', NULL, NULL, NULL, NULL, NULL, 'http://localhost/ems/logout.php', 'GET', NULL, 200, '2026-06-24 12:58:48'),
(1239, 4, 0, 0, 6, 3, 'ادارة الاسطول', 'RlzO0oNfMmNZrD,fGovJIH7,ER7pMZHeKPq04l99jptChOHT', '::1', 'Mozilla/5.0 (Windows NT 10.0; Win64; x64) AppleWebKit/537.36 (KHTML, like Gecko) Chrome/149.0.0.0 Safari/537.36 Edg/149.0.0.0', 'login', 'auth', 'login', NULL, NULL, NULL, NULL, NULL, 'http://localhost/ems/login.php', 'POST', '{\"csrf_token\":\"[REDACTED]\",\"username\":\"يسن\",\"password\":\"[REDACTED]\"}', 200, '2026-06-24 12:59:10'),
(1240, 4, 0, 0, 6, 3, 'ادارة الاسطول', 'RlzO0oNfMmNZrD,fGovJIH7,ER7pMZHeKPq04l99jptChOHT', '::1', 'Mozilla/5.0 (Windows NT 10.0; Win64; x64) AppleWebKit/537.36 (KHTML, like Gecko) Chrome/149.0.0.0 Safari/537.36 Edg/149.0.0.0', 'logout', 'auth', 'logout', NULL, NULL, NULL, NULL, NULL, 'http://localhost/ems/logout.php', 'GET', NULL, 200, '2026-06-24 12:59:50'),
(1241, 4, 0, 0, 19, 13, 'ادارة الصيانة', 'MG6UzLs85ZMMXriNLFchI7ML0KXBLcFMVZP0h3nLV-Fe1j7P', '::1', 'Mozilla/5.0 (Windows NT 10.0; Win64; x64) AppleWebKit/537.36 (KHTML, like Gecko) Chrome/149.0.0.0 Safari/537.36 Edg/149.0.0.0', 'login', 'auth', 'login', NULL, NULL, NULL, NULL, NULL, 'http://localhost/ems/login.php', 'POST', '{\"csrf_token\":\"[REDACTED]\",\"username\":\"صيانة\",\"password\":\"[REDACTED]\"}', 200, '2026-06-24 12:59:59'),
(1242, 4, 0, 0, 19, 13, 'ادارة الصيانة', 'MG6UzLs85ZMMXriNLFchI7ML0KXBLcFMVZP0h3nLV-Fe1j7P', '::1', 'Mozilla/5.0 (Windows NT 10.0; Win64; x64) AppleWebKit/537.36 (KHTML, like Gecko) Chrome/149.0.0.0 Safari/537.36 Edg/149.0.0.0', 'inspections', 'maintenance', 'new_inspection', 'new_inspection', NULL, 3, NULL, NULL, 'http://localhost/ems/Maintenance/inspections.php', 'POST', '{\"csrf_token\":\"[REDACTED]\",\"action\":\"new_inspection\",\"inspection_type\":\"الفحص اليومي قبل التشغيل\",\"project_id\":\"4\",\"equipment_id\":\"13\",\"supplier_id\":\"3\",\"external_equipment\":\"\",\"inspector_id\":\"9\",\"scheduled_date\":\"2026-06-24\"}', 302, '2026-06-24 13:01:16'),
(1243, 4, 0, 0, 19, 13, 'ادارة الصيانة', 'MG6UzLs85ZMMXriNLFchI7ML0KXBLcFMVZP0h3nLV-Fe1j7P', '::1', 'Mozilla/5.0 (Windows NT 10.0; Win64; x64) AppleWebKit/537.36 (KHTML, like Gecko) Chrome/149.0.0.0 Safari/537.36 Edg/149.0.0.0', 'inspections', 'maintenance', 'save_inspection', 'save_inspection', NULL, 24, NULL, NULL, 'http://localhost/ems/Maintenance/inspections.php?id=24&msg=%D8%AA%D9%85+%D8%A5%D9%86%D8%B4%D8%A7%D8%A1+%D8%A7%D9%84%D8%AA%D9%81%D8%AA%D9%8A%D8%B4+%D9%88%D8%AA%D8%AD%D9%85%D9%8A%D9%84+%D8%A8%D9%86%D9%88%D8%AF%D9%87+%E2%9C%85', 'POST', '{\"csrf_token\":\"[REDACTED]\",\"action\":\"save_inspection\",\"id\":\"24\",\"inspection_type\":\"الفحص اليومي قبل التشغيل\",\"project_id\":\"4\",\"equipment_id\":\"13\",\"inspector_id\":\"9\",\"scheduled_date\":\"2026-06-24\",\"tech_readiness_state\":\"\",\"overall_result\":\"\",\"equipment_condition\":\"\",\"engine_condition\":\"\",\"state\":\"جديد\",\"notes\":\"\",\"line\":{\"223\":{\"condition_state\":\"ملاحظة\",\"measured_value\":\"\",\"note\":\"ناقص\",\"recommendation\":\"\"},\"224\":{\"condition_state\":\"سليم\",\"measured_value\":\"\",\"note\":\"\",\"recommendation\":\"\"},\"225\":{\"condition_state\":\"سليم\",\"measured_value\":\"\",\"note\":\"\",\"recommendation\":\"\"},\"226\":{\"condition_state\":\"سليم\",\"measured_value\":\"\",\"note\":\"\",\"recommendation\":\"\"},\"227\":{\"condition_state\":\"سليم\",\"measured_value\":\"\",\"note\":\"\",\"recommendation\":\"\"},\"228\":{\"condition_state\":\"سليم\",\"measured_value\":\"\",\"note\":\"\",\"recommendation\":\"\"},\"229\":{\"condition_state\":\"سليم\",\"measured_value\":\"\",\"note\":\"\",\"recommendation\":\"\"},\"230\":{\"condition_state\":\"سليم\",\"measured_value\":\"\",\"note\":\"\",\"recommendation\":\"\"},\"231\":{\"condition_state\":\"ملاحظة\",\"measured_value\":\"\",\"note\":\"تحتاج تغيير\",\"recommendation\":\"تغيير البطارية\"},\"232\":{\"condition_state\":\"سليم\",\"measured_value\":\"\",\"note\":\"\",\"recommendation\":\"\"},\"233\":{\"condition_state\":\"سليم\",\"measured_value\":\"\",\"note\":\"\",\"recommendation\":\"\"},\"234\":{\"condition_state\":\"سليم\",\"measured_value\":\"\",\"note\":\"\",\"recommendation\":\"\"},\"235\":{\"condition_state\":\"ملاحظة\",\"measured_value\":\"\",\"note\":\"وسخانة\",\"recommendation\":\"تحتاج نظافة\"}}}', 302, '2026-06-24 13:02:32'),
(1244, 4, 0, 0, 19, 13, 'ادارة الصيانة', 'MG6UzLs85ZMMXriNLFchI7ML0KXBLcFMVZP0h3nLV-Fe1j7P', '::1', 'Mozilla/5.0 (Windows NT 10.0; Win64; x64) AppleWebKit/537.36 (KHTML, like Gecko) Chrome/149.0.0.0 Safari/537.36 Edg/149.0.0.0', 'logout', 'auth', 'logout', NULL, NULL, NULL, NULL, NULL, 'http://localhost/ems/logout.php', 'GET', NULL, 200, '2026-06-24 13:02:41'),
(1245, 4, 0, 0, 6, 3, 'ادارة الاسطول', 'z8ZAyU43Zw1xA19m851K3MpLfdDYAembOONfPCqBC,ve5APH', '::1', 'Mozilla/5.0 (Windows NT 10.0; Win64; x64) AppleWebKit/537.36 (KHTML, like Gecko) Chrome/149.0.0.0 Safari/537.36 Edg/149.0.0.0', 'login', 'auth', 'login', NULL, NULL, NULL, NULL, NULL, 'http://localhost/ems/login.php', 'POST', '{\"csrf_token\":\"[REDACTED]\",\"username\":\"يسن\",\"password\":\"[REDACTED]\"}', 200, '2026-06-24 13:02:49'),
(1246, 4, 0, 0, 6, 3, 'ادارة الاسطول', 'z8ZAyU43Zw1xA19m851K3MpLfdDYAembOONfPCqBC,ve5APH', '::1', 'Mozilla/5.0 (Windows NT 10.0; Win64; x64) AppleWebKit/537.36 (KHTML, like Gecko) Chrome/149.0.0.0 Safari/537.36 Edg/149.0.0.0', 'logout', 'auth', 'logout', NULL, NULL, NULL, NULL, NULL, 'http://localhost/ems/logout.php', 'GET', NULL, 200, '2026-06-24 13:05:07'),
(1247, 4, 0, 0, 19, 13, 'ادارة الصيانة', 'VvwxbmUkRuo9xfvGn,HUbLbHtCp1mT8MhZn,BMFcANfh2Lig', '::1', 'Mozilla/5.0 (Windows NT 10.0; Win64; x64) AppleWebKit/537.36 (KHTML, like Gecko) Chrome/149.0.0.0 Safari/537.36 Edg/149.0.0.0', 'login', 'auth', 'login', NULL, NULL, NULL, NULL, NULL, 'http://localhost/ems/login.php', 'POST', '{\"csrf_token\":\"[REDACTED]\",\"username\":\"صيانة\",\"password\":\"[REDACTED]\"}', 200, '2026-06-24 13:05:16'),
(1248, 4, 0, 0, 19, 13, 'ادارة الصيانة', '6VlorbSson-sAH,3khG18C5HHt1mruqw7q8MIKMLrQuOUjWC', '127.0.0.1', 'Mozilla/5.0 (Windows NT 10.0; Win64; x64; rv:152.0) Gecko/20100101 Firefox/152.0', 'logout', 'auth', 'logout', NULL, NULL, NULL, NULL, NULL, 'http://localhost/ems/logout.php', 'GET', NULL, 200, '2026-06-25 08:09:10'),
(1249, 4, 0, 0, 7, 4, 'ادارة الموارد البشرية', 'UL6kc1qjS4C8rdkT,q8h0EsvUxpFqVF033e4Robk3NCIDd5a', '127.0.0.1', 'Mozilla/5.0 (Windows NT 10.0; Win64; x64; rv:152.0) Gecko/20100101 Firefox/152.0', 'login', 'auth', 'login', NULL, NULL, NULL, NULL, NULL, 'http://localhost/ems/login.php', 'POST', '{\"csrf_token\":\"[REDACTED]\",\"username\":\"اروينا\",\"password\":\"[REDACTED]\"}', 200, '2026-06-25 08:09:18'),
(1250, 4, 0, 0, 7, 4, 'ادارة الموارد البشرية', 'UL6kc1qjS4C8rdkT,q8h0EsvUxpFqVF033e4Robk3NCIDd5a', '127.0.0.1', 'Mozilla/5.0 (Windows NT 10.0; Win64; x64; rv:152.0) Gecko/20100101 Firefox/152.0', 'logout', 'auth', 'logout', NULL, NULL, NULL, NULL, NULL, 'http://localhost/ems/logout.php', 'GET', NULL, 200, '2026-06-25 08:22:04'),
(1251, 4, 4, 4, 11, 6, 'مدير حركة وتشغيل', 'Chn55zS4yd,AT6NvvY0sfrG9JHmCEmmP3uW-zu9JUzQiJ18m', '127.0.0.1', 'Mozilla/5.0 (Windows NT 10.0; Win64; x64; rv:152.0) Gecko/20100101 Firefox/152.0', 'login', 'auth', 'login', NULL, NULL, NULL, NULL, NULL, 'http://localhost/ems/login.php', 'POST', '{\"csrf_token\":\"[REDACTED]\",\"username\":\"حركة - الروسية\",\"password\":\"[REDACTED]\"}', 200, '2026-06-25 08:22:15'),
(1252, 4, 4, 4, 11, 6, 'مدير حركة وتشغيل', 'Chn55zS4yd,AT6NvvY0sfrG9JHmCEmmP3uW-zu9JUzQiJ18m', '127.0.0.1', 'Mozilla/5.0 (Windows NT 10.0; Win64; x64; rv:152.0) Gecko/20100101 Firefox/152.0', 'movement_operations', 'movement', 'save_single_driver', 'save_single_driver', NULL, NULL, NULL, NULL, 'http://localhost/ems/movement/movement_operations.php', 'POST', '{\"action\":\"save_single_driver\",\"rel_id\":\"28\",\"shift_type\":\"D\",\"status\":\"0\",\"end_date\":\"2026-06-25\",\"json\":\"1\"}', 200, '2026-06-25 08:22:43'),
(1253, 4, 4, 4, 11, 6, 'مدير حركة وتشغيل', 'Chn55zS4yd,AT6NvvY0sfrG9JHmCEmmP3uW-zu9JUzQiJ18m', '127.0.0.1', 'Mozilla/5.0 (Windows NT 10.0; Win64; x64; rv:152.0) Gecko/20100101 Firefox/152.0', 'movement_operations', 'movement', 'create', 'add_new_driver', NULL, 22, NULL, NULL, 'http://localhost/ems/movement/movement_operations.php', 'POST', '{\"action\":\"add_new_driver\",\"driver_id\":\"22\",\"equipment_id\":\"21\",\"shift_type\":\"D\",\"start_date\":\"2026-06-25\",\"end_date\":\"\",\"json\":\"1\"}', 200, '2026-06-25 08:22:57'),
(1254, 4, 4, 4, 11, 6, 'مدير حركة وتشغيل', 'Chn55zS4yd,AT6NvvY0sfrG9JHmCEmmP3uW-zu9JUzQiJ18m', '127.0.0.1', 'Mozilla/5.0 (Windows NT 10.0; Win64; x64; rv:152.0) Gecko/20100101 Firefox/152.0', 'movement_operations', 'movement', 'create', 'add_new_driver', NULL, 4, NULL, NULL, 'http://localhost/ems/movement/movement_operations.php', 'POST', '{\"action\":\"add_new_driver\",\"employee_id\":\"4\",\"equipment_id\":\"10\",\"shift_type\":\"B\",\"start_date\":\"2026-06-25\",\"end_date\":\"\",\"json\":\"1\"}', 200, '2026-06-25 09:11:32'),
(1255, 4, 4, 4, 11, 6, 'مدير حركة وتشغيل', 'Chn55zS4yd,AT6NvvY0sfrG9JHmCEmmP3uW-zu9JUzQiJ18m', '127.0.0.1', 'Mozilla/5.0 (Windows NT 10.0; Win64; x64; rv:152.0) Gecko/20100101 Firefox/152.0', 'logout', 'auth', 'logout', NULL, NULL, NULL, NULL, NULL, 'http://localhost/ems/logout.php', 'GET', NULL, 200, '2026-06-25 09:15:35'),
(1256, 4, 4, 4, 12, 5, 'مدير الموقع', 'nZ8CKTirGIVHTUjyauaWLZ51yhO-zcH6X2AXqH4nySWdLHFS', '127.0.0.1', 'Mozilla/5.0 (Windows NT 10.0; Win64; x64; rv:152.0) Gecko/20100101 Firefox/152.0', 'login', 'auth', 'login', NULL, NULL, NULL, NULL, NULL, 'http://localhost/ems/login.php', 'POST', '{\"csrf_token\":\"[REDACTED]\",\"username\":\"مدير موقع الروسية\",\"password\":\"[REDACTED]\"}', 200, '2026-06-25 09:15:40'),
(1257, 4, 4, 4, 12, 5, 'مدير الموقع', 'nZ8CKTirGIVHTUjyauaWLZ51yhO-zcH6X2AXqH4nySWdLHFS', '127.0.0.1', 'Mozilla/5.0 (Windows NT 10.0; Win64; x64; rv:152.0) Gecko/20100101 Firefox/152.0', 'timesheet', 'timesheet', 'get_event_types', 'get_event_types', NULL, NULL, NULL, NULL, 'http://localhost/ems/Timesheet/timesheet.php?type=1', 'GET', '{\"action\":\"get_event_types\",\"equipment_type\":\"1\"}', 200, '2026-06-25 09:15:43'),
(1258, 4, 4, 4, 12, 5, 'مدير الموقع', 'nZ8CKTirGIVHTUjyauaWLZ51yhO-zcH6X2AXqH4nySWdLHFS', '127.0.0.1', 'Mozilla/5.0 (Windows NT 10.0; Win64; x64; rv:152.0) Gecko/20100101 Firefox/152.0', 'timesheet', 'timesheet', 'get_event_types', 'get_event_types', NULL, NULL, NULL, NULL, 'http://localhost/ems/Timesheet/timesheet.php?type=1', 'GET', '{\"action\":\"get_event_types\",\"equipment_type\":\"1\"}', 200, '2026-06-25 09:15:43'),
(1259, 4, 4, 4, 12, 5, 'مدير الموقع', 'nZ8CKTirGIVHTUjyauaWLZ51yhO-zcH6X2AXqH4nySWdLHFS', '127.0.0.1', 'Mozilla/5.0 (Windows NT 10.0; Win64; x64; rv:152.0) Gecko/20100101 Firefox/152.0', 'timesheet', 'timesheet', 'get_event_types', 'get_event_types', NULL, NULL, NULL, NULL, 'http://localhost/ems/Timesheet/timesheet.php?type=1', 'GET', '{\"action\":\"get_event_types\",\"equipment_type\":\"3\"}', 200, '2026-06-25 09:15:43'),
(1260, 4, 4, 4, 12, 5, 'مدير الموقع', 'nZ8CKTirGIVHTUjyauaWLZ51yhO-zcH6X2AXqH4nySWdLHFS', '127.0.0.1', 'Mozilla/5.0 (Windows NT 10.0; Win64; x64; rv:152.0) Gecko/20100101 Firefox/152.0', 'logout', 'auth', 'logout', NULL, NULL, NULL, NULL, NULL, 'http://localhost/ems/logout.php', 'GET', NULL, 200, '2026-06-25 09:46:14'),
(1261, 4, 0, 0, 7, 4, 'ادارة الموارد البشرية', 'SXdqP0J9UV,AFfscbt5qGRfSfvcTu,FXN8B7TOG9EWUxlh77', '127.0.0.1', 'Mozilla/5.0 (Windows NT 10.0; Win64; x64; rv:152.0) Gecko/20100101 Firefox/152.0', 'login', 'auth', 'login', NULL, NULL, NULL, NULL, NULL, 'http://localhost/ems/login.php', 'POST', '{\"csrf_token\":\"[REDACTED]\",\"username\":\"اروينا\",\"password\":\"[REDACTED]\"}', 200, '2026-06-25 09:46:25'),
(1262, 4, 0, 0, 7, 4, 'ادارة الموارد البشرية', 'SXdqP0J9UV,AFfscbt5qGRfSfvcTu,FXN8B7TOG9EWUxlh77', '127.0.0.1', 'Mozilla/5.0 (Windows NT 10.0; Win64; x64; rv:152.0) Gecko/20100101 Firefox/152.0', 'logout', 'auth', 'logout', NULL, NULL, NULL, NULL, NULL, 'http://localhost/ems/logout.php', 'GET', NULL, 200, '2026-06-25 09:51:38'),
(1263, 4, 0, 0, 13, 12, 'ادارة المبيعات', 'sa7w6qtIHNHvm6jCiSlm,aasWHc5f4f-qiiZ1ImWZ4uLkLgI', '127.0.0.1', 'Mozilla/5.0 (Windows NT 10.0; Win64; x64; rv:152.0) Gecko/20100101 Firefox/152.0', 'login', 'auth', 'login', NULL, NULL, NULL, NULL, NULL, 'http://localhost/ems/login.php', 'POST', '{\"csrf_token\":\"[REDACTED]\",\"username\":\"مبيعات\",\"password\":\"[REDACTED]\"}', 200, '2026-06-25 09:51:48');

-- --------------------------------------------------------

--
-- Table structure for table `admin_audit_log`
--

CREATE TABLE `admin_audit_log` (
  `id` int(11) NOT NULL,
  `admin_id` int(11) DEFAULT NULL COMMENT 'super_admins.id',
  `action_type` varchar(50) NOT NULL COMMENT 'create|update|delete|approve|reject|suspend|activate|login|logout',
  `target_name` varchar(200) DEFAULT NULL COMMENT 'human-readable target (company name, plan name, etc.)',
  `target_id` int(11) DEFAULT NULL,
  `description` text DEFAULT NULL,
  `ip_address` varchar(45) DEFAULT NULL,
  `user_agent` varchar(300) DEFAULT NULL,
  `created_at` timestamp NOT NULL DEFAULT current_timestamp()
) ENGINE=InnoDB DEFAULT CHARSET=utf8mb4 COLLATE=utf8mb4_unicode_ci;

--
-- Dumping data for table `admin_audit_log`
--

INSERT INTO `admin_audit_log` (`id`, `admin_id`, `action_type`, `target_name`, `target_id`, `description`, `ip_address`, `user_agent`, `created_at`) VALUES
(1, 1, 'update', 'شركة', 1, 'تحديث بيانات الشركة: ايكوبيشن مجاني', '::1', 'Mozilla/5.0 (Windows NT 10.0; Win64; x64) AppleWebKit/537.36 (KHTML, like Gecko) Chrome/136.0.0.0 Safari/537.36', '2026-04-07 10:55:13'),
(2, 1, 'approve', 'طلب اشتراك', 1, 'قبول الطلب وإنشاء الشركة والمدير العام', '::1', 'Mozilla/5.0 (Windows NT 10.0; Win64; x64) AppleWebKit/537.36 (KHTML, like Gecko) Chrome/136.0.0.0 Safari/537.36', '2026-04-07 10:57:22'),
(3, 1, 'suspend', 'شركة', 1, 'تعليق الشركة رقم #1', '::1', 'Mozilla/5.0 (Windows NT 10.0; Win64; x64) AppleWebKit/537.36 (KHTML, like Gecko) Chrome/136.0.0.0 Safari/537.36', '2026-04-07 11:03:40'),
(4, 1, 'activate', 'شركة', 1, 'تفعيل الشركة رقم #1', '::1', 'Mozilla/5.0 (Windows NT 10.0; Win64; x64) AppleWebKit/537.36 (KHTML, like Gecko) Chrome/136.0.0.0 Safari/537.36', '2026-04-07 11:04:26'),
(5, 1, 'update_password', 'شركة', 2, 'تحديث كلمة مرور مستخدم الشركة: #2', '::1', 'Mozilla/5.0 (Windows NT 10.0; Win64; x64) AppleWebKit/537.36 (KHTML, like Gecko) Chrome/136.0.0.0 Safari/537.36', '2026-04-07 11:05:06'),
(6, 1, 'delete', 'شركة', 2, 'حذف شركة رقم #2', '::1', 'Mozilla/5.0 (Windows NT 10.0; Win64; x64) AppleWebKit/537.36 (KHTML, like Gecko) Chrome/136.0.0.0 Safari/537.36', '2026-04-07 11:09:15'),
(7, 1, 'approve', 'طلب اشتراك', 2, 'قبول الطلب وإنشاء الشركة والمدير العام', '::1', 'Mozilla/5.0 (Windows NT 10.0; Win64; x64) AppleWebKit/537.36 (KHTML, like Gecko) Chrome/136.0.0.0 Safari/537.36', '2026-04-07 11:10:58'),
(8, 1, 'approve', 'طلب اشتراك', 3, 'قبول الطلب وإنشاء الشركة والمدير العام', '::1', 'Mozilla/5.0 (Windows NT 10.0; Win64; x64) AppleWebKit/537.36 (KHTML, like Gecko) Chrome/136.0.0.0 Safari/537.36', '2026-04-07 11:19:26'),
(9, 1, 'login', 'جلسة الإدارة العليا', 1, 'تسجيل الدخول بنجاح', '::1', 'Mozilla/5.0 (Windows NT 10.0; Win64; x64) AppleWebKit/537.36 (KHTML, like Gecko) Chrome/136.0.0.0 Safari/537.36', '2026-04-07 11:36:12'),
(10, 1, 'login', 'جلسة الإدارة العليا', 1, 'تسجيل الدخول بنجاح', '::1', 'Mozilla/5.0 (Windows NT 10.0; Win64; x64) AppleWebKit/537.36 (KHTML, like Gecko) Chrome/136.0.0.0 Safari/537.36', '2026-04-09 15:12:11'),
(11, 1, 'logout', 'جلسة الإدارة العليا', 1, 'تسجيل خروج يدوي من المستخدم', '::1', 'Mozilla/5.0 (Windows NT 10.0; Win64; x64) AppleWebKit/537.36 (KHTML, like Gecko) Chrome/136.0.0.0 Safari/537.36', '2026-04-09 15:18:29'),
(12, 1, 'login', 'جلسة الإدارة العليا', 1, 'تسجيل الدخول بنجاح', '::1', 'Mozilla/5.0 (Windows NT 10.0; Win64; x64) AppleWebKit/537.36 (KHTML, like Gecko) Chrome/136.0.0.0 Safari/537.36', '2026-04-09 15:18:31'),
(13, 1, 'login', 'جلسة الإدارة العليا', 1, 'تسجيل الدخول بنجاح', '::1', 'Mozilla/5.0 (Windows NT 10.0; Win64; x64) AppleWebKit/537.36 (KHTML, like Gecko) Chrome/136.0.0.0 Safari/537.36', '2026-04-11 08:49:16'),
(14, 1, 'login', 'جلسة الإدارة العليا', 1, 'تسجيل الدخول بنجاح', '156.193.245.166', 'Mozilla/5.0 (Windows NT 10.0; Win64; x64) AppleWebKit/537.36 (KHTML, like Gecko) Chrome/136.0.0.0 Safari/537.36', '2026-04-18 10:28:53'),
(15, 1, 'login', 'جلسة الإدارة العليا', 1, 'تسجيل الدخول بنجاح', '196.155.87.250', 'Mozilla/5.0 (Windows NT 10.0; Win64; x64) AppleWebKit/537.36 (KHTML, like Gecko) Chrome/146.0.0.0 Safari/537.36', '2026-04-18 11:14:12'),
(16, 1, 'login', 'جلسة الإدارة العليا', 1, 'تسجيل الدخول بنجاح', '196.155.87.250', 'Mozilla/5.0 (Windows NT 10.0; Win64; x64) AppleWebKit/537.36 (KHTML, like Gecko) Chrome/146.0.0.0 Safari/537.36', '2026-04-18 13:48:35'),
(17, 1, 'logout', 'جلسة الإدارة العليا', 1, 'انتهت الجلسة بسبب عدم النشاط', '196.155.87.250', 'Mozilla/5.0 (Windows NT 10.0; Win64; x64) AppleWebKit/537.36 (KHTML, like Gecko) Chrome/146.0.0.0 Safari/537.36', '2026-04-18 15:01:05'),
(18, 1, 'login', 'جلسة الإدارة العليا', 1, 'تسجيل الدخول بنجاح', '196.155.87.250', 'Mozilla/5.0 (Windows NT 10.0; Win64; x64) AppleWebKit/537.36 (KHTML, like Gecko) Chrome/146.0.0.0 Safari/537.36', '2026-04-18 15:01:10'),
(19, 1, 'login', 'جلسة الإدارة العليا', 1, 'تسجيل الدخول بنجاح', '156.193.245.166', 'Mozilla/5.0 (Windows NT 10.0; Win64; x64) AppleWebKit/537.36 (KHTML, like Gecko) Chrome/136.0.0.0 Safari/537.36', '2026-04-20 05:32:01'),
(20, 1, 'login', 'جلسة الإدارة العليا', 1, 'تسجيل الدخول بنجاح', '196.155.87.250', 'Mozilla/5.0 (Windows NT 10.0; Win64; x64; rv:147.0) Gecko/20100101 Firefox/147.0', '2026-04-20 18:54:40'),
(21, 1, 'logout', 'جلسة الإدارة العليا', 1, 'انتهت الجلسة بسبب عدم النشاط', '196.155.87.250', 'Mozilla/5.0 (Windows NT 10.0; Win64; x64; rv:147.0) Gecko/20100101 Firefox/147.0', '2026-04-20 20:26:13'),
(22, 1, 'login', 'جلسة الإدارة العليا', 1, 'تسجيل الدخول بنجاح', '196.155.87.250', 'Mozilla/5.0 (Windows NT 10.0; Win64; x64; rv:147.0) Gecko/20100101 Firefox/147.0', '2026-04-20 20:26:21'),
(23, 1, 'login', 'جلسة الإدارة العليا', 1, 'تسجيل الدخول بنجاح', '156.193.245.166', 'Mozilla/5.0 (Windows NT 10.0; Win64; x64) AppleWebKit/537.36 (KHTML, like Gecko) Chrome/136.0.0.0 Safari/537.36', '2026-04-22 16:24:45'),
(24, 1, 'logout', 'جلسة الإدارة العليا', 1, 'انتهت الجلسة بسبب عدم النشاط', '156.193.245.166', 'Mozilla/5.0 (Windows NT 10.0; Win64; x64) AppleWebKit/537.36 (KHTML, like Gecko) Chrome/136.0.0.0 Safari/537.36', '2026-04-22 17:36:55'),
(25, 1, 'login', 'جلسة الإدارة العليا', 1, 'تسجيل الدخول بنجاح', '197.48.122.54', 'Mozilla/5.0 (Windows NT 10.0; Win64; x64; rv:147.0) Gecko/20100101 Firefox/147.0', '2026-04-25 10:55:56'),
(26, 1, 'login', 'جلسة الإدارة العليا', 1, 'تسجيل الدخول بنجاح', '156.193.243.194', 'Mozilla/5.0 (Windows NT 10.0; Win64; x64) AppleWebKit/537.36 (KHTML, like Gecko) Chrome/147.0.0.0 Safari/537.36 Edg/147.0.0.0', '2026-04-25 11:05:49'),
(27, 1, 'login', 'جلسة الإدارة العليا', 1, 'تسجيل الدخول بنجاح', '196.155.69.189', 'Mozilla/5.0 (Windows NT 10.0; Win64; x64; rv:147.0) Gecko/20100101 Firefox/147.0', '2026-04-25 12:27:52'),
(28, 1, 'login', 'جلسة الإدارة العليا', 1, 'تسجيل الدخول بنجاح', '156.193.243.194', 'Mozilla/5.0 (Windows NT 10.0; Win64; x64) AppleWebKit/537.36 (KHTML, like Gecko) Chrome/136.0.0.0 Safari/537.36', '2026-04-26 11:40:12'),
(29, 1, 'logout', 'جلسة الإدارة العليا', 1, 'تسجيل خروج يدوي من المستخدم', '156.193.243.194', 'Mozilla/5.0 (Windows NT 10.0; Win64; x64) AppleWebKit/537.36 (KHTML, like Gecko) Chrome/136.0.0.0 Safari/537.36', '2026-04-26 11:41:29'),
(30, 1, 'login', 'جلسة الإدارة العليا', 1, 'تسجيل الدخول بنجاح', '41.43.131.168', 'Mozilla/5.0 (Windows NT 10.0; Win64; x64; rv:147.0) Gecko/20100101 Firefox/147.0', '2026-04-26 15:12:17'),
(31, 1, 'login', 'جلسة الإدارة العليا', 1, 'تسجيل الدخول بنجاح', '41.43.131.168', 'Mozilla/5.0 (Windows NT 10.0; Win64; x64; rv:147.0) Gecko/20100101 Firefox/147.0', '2026-04-26 15:15:36'),
(32, 1, 'login', 'جلسة الإدارة العليا', 1, 'تسجيل الدخول بنجاح', '41.238.31.33', 'Mozilla/5.0 (Windows NT 10.0; Win64; x64) AppleWebKit/537.36 (KHTML, like Gecko) Chrome/147.0.0.0 Safari/537.36 Edg/147.0.0.0', '2026-04-26 20:07:48'),
(33, 1, 'login', 'جلسة الإدارة العليا', 1, 'تسجيل الدخول بنجاح', '41.238.31.33', 'Mozilla/5.0 (Windows NT 10.0; Win64; x64) AppleWebKit/537.36 (KHTML, like Gecko) Chrome/136.0.0.0 Safari/537.36', '2026-04-27 14:44:11'),
(34, 1, 'login', 'جلسة الإدارة العليا', 1, 'تسجيل الدخول بنجاح', '41.36.69.1', 'Mozilla/5.0 (Windows NT 10.0; Win64; x64; rv:147.0) Gecko/20100101 Firefox/147.0', '2026-04-27 19:23:14'),
(35, 1, 'login', 'جلسة الإدارة العليا', 1, 'تسجيل الدخول بنجاح', '41.36.69.1', 'Mozilla/5.0 (Windows NT 10.0; Win64; x64; rv:147.0) Gecko/20100101 Firefox/147.0', '2026-04-27 19:24:57'),
(36, 1, 'login', 'جلسة الإدارة العليا', 1, 'تسجيل الدخول بنجاح', '41.36.69.1', 'Mozilla/5.0 (Windows NT 10.0; Win64; x64; rv:147.0) Gecko/20100101 Firefox/147.0', '2026-04-27 19:26:12'),
(37, 1, 'login', 'جلسة الإدارة العليا', 1, 'تسجيل الدخول بنجاح', '41.35.139.149', 'Mozilla/5.0 (Windows NT 10.0; Win64; x64; rv:147.0) Gecko/20100101 Firefox/147.0', '2026-04-28 09:15:07'),
(38, 1, 'login', 'جلسة الإدارة العليا', 1, 'تسجيل الدخول بنجاح', '41.35.139.149', 'Mozilla/5.0 (Windows NT 10.0; Win64; x64) AppleWebKit/537.36 (KHTML, like Gecko) Chrome/147.0.0.0 Safari/537.36', '2026-04-28 09:18:36'),
(39, 1, 'login', 'جلسة الإدارة العليا', 1, 'تسجيل الدخول بنجاح', '41.35.139.149', 'Mozilla/5.0 (Windows NT 10.0; Win64; x64; rv:147.0) Gecko/20100101 Firefox/147.0', '2026-04-28 09:19:25'),
(40, 1, 'login', 'جلسة الإدارة العليا', 1, 'تسجيل الدخول بنجاح', '41.35.139.149', 'Mozilla/5.0 (Windows NT 10.0; Win64; x64; rv:147.0) Gecko/20100101 Firefox/147.0', '2026-04-28 13:43:18'),
(41, 1, 'login', 'جلسة الإدارة العليا', 1, 'تسجيل الدخول بنجاح', '41.37.156.129', 'Mozilla/5.0 (Windows NT 10.0; Win64; x64; rv:147.0) Gecko/20100101 Firefox/147.0', '2026-05-01 08:14:21'),
(42, 1, 'login', 'جلسة الإدارة العليا', 1, 'تسجيل الدخول بنجاح', '41.37.156.129', 'Mozilla/5.0 (Windows NT 10.0; Win64; x64) AppleWebKit/537.36 (KHTML, like Gecko) Chrome/147.0.0.0 Safari/537.36', '2026-05-01 11:12:13'),
(43, 1, 'logout', 'جلسة الإدارة العليا', 1, 'تسجيل خروج يدوي من المستخدم', '41.37.156.129', 'Mozilla/5.0 (Windows NT 10.0; Win64; x64) AppleWebKit/537.36 (KHTML, like Gecko) Chrome/147.0.0.0 Safari/537.36', '2026-05-01 11:16:30'),
(44, 1, 'login', 'جلسة الإدارة العليا', 1, 'تسجيل الدخول بنجاح', '41.37.156.129', 'Mozilla/5.0 (Windows NT 10.0; Win64; x64; rv:147.0) Gecko/20100101 Firefox/147.0', '2026-05-01 11:18:47'),
(45, 1, 'login', 'جلسة الإدارة العليا', 1, 'تسجيل الدخول بنجاح', '41.37.156.129', 'Mozilla/5.0 (Windows NT 10.0; Win64; x64; rv:147.0) Gecko/20100101 Firefox/147.0', '2026-05-01 11:57:47'),
(46, 1, 'login', 'جلسة الإدارة العليا', 1, 'تسجيل الدخول بنجاح', '41.37.156.129', 'Mozilla/5.0 (Windows NT 10.0; Win64; x64) AppleWebKit/537.36 (KHTML, like Gecko) Chrome/147.0.0.0 Safari/537.36', '2026-05-01 12:09:19'),
(47, 1, 'logout', 'جلسة الإدارة العليا', 1, 'تسجيل خروج يدوي من المستخدم', '41.37.156.129', 'Mozilla/5.0 (Windows NT 10.0; Win64; x64; rv:147.0) Gecko/20100101 Firefox/147.0', '2026-05-01 12:51:12'),
(48, 1, 'login', 'جلسة الإدارة العليا', 1, 'تسجيل الدخول بنجاح', '197.48.140.79', 'Mozilla/5.0 (Windows NT 10.0; Win64; x64; rv:147.0) Gecko/20100101 Firefox/147.0', '2026-05-02 12:27:03'),
(49, 1, 'login', 'جلسة الإدارة العليا', 1, 'تسجيل الدخول بنجاح', '41.238.31.33', 'Mozilla/5.0 (Windows NT 10.0; Win64; x64) AppleWebKit/537.36 (KHTML, like Gecko) Chrome/136.0.0.0 Safari/537.36', '2026-05-02 13:47:30'),
(50, 1, 'login', 'جلسة الإدارة العليا', 1, 'تسجيل الدخول بنجاح', '197.48.140.79', 'Mozilla/5.0 (Windows NT 10.0; Win64; x64; rv:147.0) Gecko/20100101 Firefox/147.0', '2026-05-05 07:12:04'),
(51, 1, 'login', 'جلسة الإدارة العليا', 1, 'تسجيل الدخول بنجاح', '197.48.140.79', 'Mozilla/5.0 (Windows NT 10.0; Win64; x64; rv:147.0) Gecko/20100101 Firefox/147.0', '2026-05-05 07:14:23'),
(52, 1, 'login', 'جلسة الإدارة العليا', 1, 'تسجيل الدخول بنجاح', '197.48.140.79', 'Mozilla/5.0 (Windows NT 10.0; Win64; x64; rv:147.0) Gecko/20100101 Firefox/147.0', '2026-05-06 10:40:44'),
(53, 1, 'login', 'جلسة الإدارة العليا', 1, 'تسجيل الدخول بنجاح', '::1', 'Mozilla/5.0 (Windows NT 10.0; Win64; x64) AppleWebKit/537.36 (KHTML, like Gecko) Chrome/148.0.0.0 Safari/537.36', '2026-05-18 14:30:04'),
(54, 1, 'login', 'جلسة الإدارة العليا', 1, 'تسجيل الدخول بنجاح', '::1', 'Mozilla/5.0 (Windows NT 10.0; Win64; x64) AppleWebKit/537.36 (KHTML, like Gecko) Chrome/148.0.0.0 Safari/537.36', '2026-05-23 15:48:14'),
(55, 1, 'login', 'جلسة الإدارة العليا', 1, 'تسجيل الدخول بنجاح', '::1', 'Mozilla/5.0 (Windows NT 10.0; Win64; x64) AppleWebKit/537.36 (KHTML, like Gecko) Chrome/148.0.0.0 Safari/537.36', '2026-05-30 09:41:38'),
(56, 1, 'login', 'جلسة الإدارة العليا', 1, 'تسجيل الدخول بنجاح', '::1', 'Mozilla/5.0 (Windows NT 10.0; Win64; x64) AppleWebKit/537.36 (KHTML, like Gecko) Chrome/148.0.0.0 Safari/537.36', '2026-06-01 11:29:41'),
(57, 1, 'login', 'جلسة الإدارة العليا', 1, 'تسجيل الدخول بنجاح', '127.0.0.1', 'Mozilla/5.0 (Windows NT 10.0; Win64; x64; rv:150.0) Gecko/20100101 Firefox/150.0', '2026-06-02 09:41:43'),
(58, 1, 'login', 'جلسة الإدارة العليا', 1, 'تسجيل الدخول بنجاح', '::1', 'Mozilla/5.0 (Windows NT 10.0; Win64; x64) AppleWebKit/537.36 (KHTML, like Gecko) Chrome/148.0.0.0 Safari/537.36', '2026-06-07 14:45:54'),
(59, 1, 'login', 'جلسة الإدارة العليا', 1, 'تسجيل الدخول بنجاح', '::1', 'Mozilla/5.0 (Windows NT 10.0; Win64; x64) AppleWebKit/537.36 (KHTML, like Gecko) Chrome/148.0.0.0 Safari/537.36', '2026-06-08 06:38:21'),
(60, 1, 'login', 'جلسة الإدارة العليا', 1, 'تسجيل الدخول بنجاح', '::1', 'Mozilla/5.0 (Windows NT 10.0; Win64; x64) AppleWebKit/537.36 (KHTML, like Gecko) Chrome/136.0.0.0 Safari/537.36', '2026-06-20 19:52:53');

-- --------------------------------------------------------

--
-- Table structure for table `admin_companies`
--

CREATE TABLE `admin_companies` (
  `id` int(11) NOT NULL COMMENT 'معرف فريد',
  `company_name` varchar(200) NOT NULL COMMENT 'اسم الشركة',
  `commercial_registration` varchar(120) DEFAULT NULL COMMENT 'السجل التجاري',
  `sector` varchar(100) DEFAULT NULL COMMENT 'القطاع',
  `country` varchar(100) DEFAULT NULL COMMENT 'البلد',
  `city` varchar(100) DEFAULT NULL COMMENT 'المدينة',
  `tax_number` varchar(120) DEFAULT NULL COMMENT 'الرقم الضريبي',
  `email` varchar(150) NOT NULL COMMENT 'البريد',
  `phone` varchar(30) DEFAULT NULL COMMENT 'رقم الهاتف',
  `address` text DEFAULT NULL COMMENT 'العنوان',
  `postal_address` text DEFAULT NULL COMMENT 'العنوان البريدي',
  `logo_path` varchar(255) DEFAULT NULL COMMENT 'الشعار',
  `plan_id` int(11) DEFAULT NULL COMMENT 'خطة الاشتراك',
  `modules_enabled` text DEFAULT NULL,
  `name` varchar(200) DEFAULT NULL COMMENT 'الاسم',
  `company_name_ar` varchar(200) DEFAULT NULL COMMENT 'اسم الشركة عربي',
  `company_name_en` varchar(200) DEFAULT NULL COMMENT 'اسم الشركة انحليزي',
  `status` enum('pending','active','suspended','cancelled') NOT NULL DEFAULT 'pending' COMMENT 'الحالة',
  `subscription_start` date DEFAULT NULL COMMENT 'بداية الاشتراك',
  `subscription_end` date DEFAULT NULL COMMENT 'نهاية الاشتراك',
  `users_count` int(11) NOT NULL DEFAULT 0 COMMENT 'عدد المستخدمين',
  `max_users` int(11) NOT NULL DEFAULT 0 COMMENT 'المستخدمين',
  `max_equipments` int(11) NOT NULL DEFAULT 0 COMMENT 'المعدات',
  `max_projects` int(11) NOT NULL DEFAULT 0 COMMENT 'المشاريع',
  `currency` varchar(20) NOT NULL DEFAULT 'SAR' COMMENT 'العملة',
  `timezone` varchar(64) NOT NULL DEFAULT 'Asia/Riyadh' COMMENT 'المنطقة الزمنية',
  `notes` text DEFAULT NULL COMMENT 'الملاحظات',
  `created_at` timestamp NOT NULL DEFAULT current_timestamp() COMMENT 'الانشاء',
  `updated_at` timestamp NOT NULL DEFAULT current_timestamp() ON UPDATE current_timestamp() COMMENT 'التعديل'
) ENGINE=InnoDB DEFAULT CHARSET=utf8mb4 COLLATE=utf8mb4_unicode_ci;

--
-- Dumping data for table `admin_companies`
--

INSERT INTO `admin_companies` (`id`, `company_name`, `commercial_registration`, `sector`, `country`, `city`, `tax_number`, `email`, `phone`, `address`, `postal_address`, `logo_path`, `plan_id`, `modules_enabled`, `name`, `company_name_ar`, `company_name_en`, `status`, `subscription_start`, `subscription_end`, `users_count`, `max_users`, `max_equipments`, `max_projects`, `currency`, `timezone`, `notes`, `created_at`, `updated_at`) VALUES
(1, 'ايكوبيشن مجاني', '17687687', 'تعدين', 'السودان', 'عطبرة', '5675867698', 'info@freeequipation.com', '+249915657576', '', 'عطبرة السوق الكبير', '', 1, '', 'ايكوبيشن مجاني', 'ايكوبيشن مجاني', 'Free Equipation', 'active', '2026-04-07', NULL, 1, 10, 50, 2, 'USD', 'Asia/Riyadh', NULL, '2026-04-07 10:53:47', '2026-04-07 11:04:26'),
(4, 'ايكوبيشن', '0989897987987', 'تعدين', 'السودان', 'عطبرة', '6576576576567', 'info@equipation.com', '+249915657576', 'عطبرة الطايق الاول', 'عطبرة الطايق الاول', NULL, 2, '', 'ايكوبيشن', 'ايكوبيشن', 'Equipation', 'active', NULL, NULL, 1, 0, 100, 10, 'USD', 'Asia/Riyadh', NULL, '2026-04-07 11:19:26', '2026-04-07 11:19:26');

-- --------------------------------------------------------

--
-- Table structure for table `admin_subscription_plans`
--

CREATE TABLE `admin_subscription_plans` (
  `id` int(11) NOT NULL,
  `plan_name` varchar(100) NOT NULL COMMENT 'اسم الخطة',
  `price` decimal(10,2) NOT NULL DEFAULT 0.00 COMMENT 'السعر',
  `max_users` int(11) NOT NULL DEFAULT 0 COMMENT '0 = unlimited المستخدمين',
  `max_projects` int(11) NOT NULL DEFAULT 0 COMMENT 'المشاريع',
  `max_equipments` int(11) NOT NULL DEFAULT 0 COMMENT 'المعدات',
  `features` text DEFAULT NULL COMMENT 'المميزات',
  `sort_order` int(11) NOT NULL DEFAULT 0 COMMENT 'الترتيب',
  `is_active` tinyint(1) NOT NULL DEFAULT 1 COMMENT 'نشط',
  `created_at` timestamp NOT NULL DEFAULT current_timestamp() COMMENT 'الانشاء',
  `updated_at` timestamp NOT NULL DEFAULT current_timestamp() ON UPDATE current_timestamp() COMMENT 'التعديل'
) ENGINE=InnoDB DEFAULT CHARSET=utf8mb4 COLLATE=utf8mb4_unicode_ci;

--
-- Dumping data for table `admin_subscription_plans`
--

INSERT INTO `admin_subscription_plans` (`id`, `plan_name`, `price`, `max_users`, `max_projects`, `max_equipments`, `features`, `sort_order`, `is_active`, `created_at`, `updated_at`) VALUES
(1, 'مجاني', 0.00, 10, 2, 50, '', 0, 1, '2026-04-07 10:25:23', '2026-04-07 10:31:06'),
(2, 'مدفوع', 10.00, 0, 10, 100, '', 1, 1, '2026-04-07 10:26:08', '2026-04-07 10:31:14');

-- --------------------------------------------------------

--
-- Table structure for table `admin_subscription_requests`
--

CREATE TABLE `admin_subscription_requests` (
  `id` int(11) NOT NULL COMMENT 'معرف فريد',
  `company_id` int(11) DEFAULT NULL COMMENT 'null if company not  created yet رقم الشركة',
  `company_name` varchar(200) NOT NULL COMMENT 'اسم الشركة',
  `email` varchar(150) NOT NULL COMMENT 'البريد',
  `phone` varchar(30) DEFAULT NULL COMMENT 'الهاتف',
  `plan_id` int(11) DEFAULT NULL COMMENT 'خطة الاشتراك',
  `message` text DEFAULT NULL COMMENT 'message from the requesting company جميع بيانات الشركة ',
  `status` enum('pending','approved','rejected') NOT NULL DEFAULT 'pending' COMMENT 'الحالة',
  `reviewed_by` int(11) DEFAULT NULL COMMENT 'super_admins.id المراجع',
  `reviewed_at` timestamp NULL DEFAULT NULL COMMENT 'زمن المراجعه',
  `review_note` text DEFAULT NULL COMMENT 'الملاحظات',
  `created_at` timestamp NOT NULL DEFAULT current_timestamp() COMMENT 'الانشاء'
) ENGINE=InnoDB DEFAULT CHARSET=utf8mb4 COLLATE=utf8mb4_unicode_ci;

--
-- Dumping data for table `admin_subscription_requests`
--

INSERT INTO `admin_subscription_requests` (`id`, `company_id`, `company_name`, `email`, `phone`, `plan_id`, `message`, `status`, `reviewed_by`, `reviewed_at`, `review_note`, `created_at`) VALUES
(3, 4, 'ايكوبيشن', 'info@equipation.com', '+249915657576', 2, '{\"company_name_en\":\"Equipation\",\"commercial_registration\":\"0989897987987\",\"sector\":\"تعدين\",\"country\":\"السودان\",\"city\":\"عطبرة\",\"tax_number\":\"6576576576567\",\"postal_address\":\"عطبرة الطايق الاول\",\"modules_enabled\":\"\",\"currency\":\"USD\",\"timezone\":\"Asia\\/Riyadh\",\"max_users\":0,\"max_equipments\":100,\"max_projects\":10,\"manager_name\":\"مستر محمد ادريس\",\"manager_email\":\"admin@gmail.com\",\"manager_phone\":\"+249915657576\",\"manager_password_hash\":\"$2y$10$8FcRlrkxuIOUr6kWAwy6Z.lh1rYmAzAA\\/8zSH7sxhgPAc69eQNLTG\",\"source\":\"company_register\"}', 'approved', 1, '2026-04-07 11:19:26', 'تم الدفع', '2026-04-07 11:19:08');

-- --------------------------------------------------------

--
-- Table structure for table `admin_subscription_requests_test_probe`
--

CREATE TABLE `admin_subscription_requests_test_probe` (
  `id` int(11) NOT NULL,
  `company_id` int(11) DEFAULT NULL,
  `company_name` varchar(200) NOT NULL,
  `email` varchar(150) NOT NULL,
  `phone` varchar(30) DEFAULT NULL,
  `plan_id` int(11) DEFAULT NULL,
  `message` text DEFAULT NULL,
  `status` enum('pending','approved','rejected') NOT NULL DEFAULT 'pending',
  `reviewed_by` int(11) DEFAULT NULL,
  `reviewed_at` timestamp NULL DEFAULT NULL,
  `review_note` text DEFAULT NULL,
  `created_at` timestamp NOT NULL DEFAULT current_timestamp()
) ENGINE=InnoDB DEFAULT CHARSET=utf8mb4 COLLATE=utf8mb4_unicode_ci;

-- --------------------------------------------------------

--
-- Table structure for table `api_tokens`
--

CREATE TABLE `api_tokens` (
  `id` int(11) NOT NULL,
  `user_id` int(11) NOT NULL,
  `token_hash` char(64) NOT NULL COMMENT 'sha256 hex ┘ä┘äÏ¬┘ê┘â┘å Ïº┘äÏ«Ïº┘à',
  `device` varchar(150) DEFAULT NULL COMMENT '┘êÏÁ┘ü ÏºÏ«Ï¬┘èÏºÏ▒┘è ┘ä┘äÏ¼┘çÏºÏ▓/Ïº┘äÏ¬ÏÀÏ¿┘è┘é',
  `created_at` timestamp NOT NULL DEFAULT current_timestamp(),
  `last_used_at` datetime DEFAULT NULL,
  `expires_at` datetime DEFAULT NULL,
  `revoked` tinyint(1) NOT NULL DEFAULT 0
) ENGINE=InnoDB DEFAULT CHARSET=utf8mb4 COLLATE=utf8mb4_unicode_ci;

--
-- Dumping data for table `api_tokens`
--

INSERT INTO `api_tokens` (`id`, `user_id`, `token_hash`, `device`, `created_at`, `last_used_at`, `expires_at`, `revoked`) VALUES
(2, 11, '7a3862cc1b80ab6b91cfa3dd3407720d7c9cf61f32ac7875801cb159bd21a362', 'Mozilla/5.0 (Windows NT 10.0; Win64; x64) AppleWebKit/537.36 (KHTML, like Gecko) Code/1.122.1 Chrome/142.0.7444.265 Electron/39.8.8 Safari/537.36', '2026-06-06 19:05:23', '2026-06-06 22:52:15', '2026-07-06 21:05:23', 0),
(3, 11, '925af84a5bc5481e0e4276057b4429ebb9877e2679c014a937d9e7d3037ce77b', 'Mozilla/5.0 (Windows NT 10.0; Win64; x64; rv:151.0) Gecko/20100101 Firefox/151.0', '2026-06-06 19:54:42', '2026-06-06 22:55:02', '2026-07-06 21:54:42', 0),
(4, 11, 'b364bce244d6deaed6f345ba6936a4327902095fe63a78422226cb82cbc4407f', 'Dart/3.6 (dart:io)', '2026-06-06 20:18:27', '2026-06-06 23:55:58', '2026-07-06 22:18:27', 0),
(5, 11, '7d33db2a5c15b2b5316868b3711bbdb2b4a0092552a31922237e7605e333af0f', 'Dart/3.6 (dart:io)', '2026-06-07 07:33:00', '2026-06-07 10:33:04', '2026-07-07 09:33:00', 1),
(6, 11, '6e1f2823aeee532e2556d0f0b0ffce3464e6c6485be0b636c52174892eb850df', 'Dart/3.6 (dart:io)', '2026-06-07 07:33:21', '2026-06-07 18:54:35', '2026-07-07 09:33:21', 0),
(8, 12, 'ea15d4afa9c30dceb531cddf020797d98861635ccdcb68aff5978a06687ef451', 'Dart/3.6 (dart:io)', '2026-06-07 17:42:46', '2026-06-10 11:59:55', '2026-07-07 19:42:46', 0),
(10, 11, '7c8825ffa146cbe6d64dcfff0348e535caff1345b36d9dea21b5d3416a666d57', 'Dart/3.6 (dart:io)', '2026-06-07 20:40:46', '2026-06-08 10:09:52', '2026-07-07 22:40:46', 0),
(11, 11, '8230696cd21167c23a21e337c8c2058e0d7cc86d069bd0f19b2e7133f80935e1', 'Dart/3.6 (dart:io)', '2026-06-08 12:38:45', '2026-06-08 16:51:40', '2026-07-08 14:38:45', 0),
(12, 11, 'c331dd9d8f78d1dc8a6002e102259e656cec39dcefb7edaab8826edac25442eb', 'Dart/3.6 (dart:io)', '2026-06-08 14:17:02', '2026-06-10 12:10:37', '2026-07-08 16:17:02', 0);

-- --------------------------------------------------------

--
-- Table structure for table `approval_requests`
--

CREATE TABLE `approval_requests` (
  `id` int(11) NOT NULL,
  `entity_type` varchar(50) NOT NULL,
  `entity_id` int(11) NOT NULL,
  `action` varchar(100) NOT NULL,
  `payload` longtext NOT NULL,
  `requested_by` int(11) NOT NULL,
  `current_step` int(11) DEFAULT 1,
  `status` enum('pending','approved','rejected') NOT NULL DEFAULT 'pending',
  `rejection_reason` text DEFAULT NULL,
  `approved_at` datetime DEFAULT NULL,
  `rejected_at` datetime DEFAULT NULL,
  `executed_at` datetime DEFAULT NULL,
  `created_at` datetime NOT NULL DEFAULT current_timestamp(),
  `updated_at` datetime DEFAULT NULL
) ENGINE=InnoDB DEFAULT CHARSET=utf8mb4 COLLATE=utf8mb4_unicode_ci;

--
-- Dumping data for table `approval_requests`
--

INSERT INTO `approval_requests` (`id`, `entity_type`, `entity_id`, `action`, `payload`, `requested_by`, `current_step`, `status`, `rejection_reason`, `approved_at`, `rejected_at`, `executed_at`, `created_at`, `updated_at`) VALUES
(1, 'timesheet', 1, 'approve', '{\"summary\":{\"table\":\"timesheet\",\"operation\":\"update\",\"old_values\":{\"id\":\"1\",\"status\":\"1\",\"time_notes\":\"لاتوجد ملاحظات\"},\"new_values\":{\"status\":2,\"time_notes\":\"تم\"}},\"operations\":[{\"db_action\":\"update\",\"table\":\"timesheet\",\"where\":{\"id\":1},\"data\":{\"status\":2,\"time_notes\":\"تم\"}}]}', 8, 1, 'pending', NULL, NULL, NULL, NULL, '2026-04-07 15:11:42', '2026-04-07 15:11:42'),
(2, 'project', 1, 'update', '{\"summary\":{\"table\":\"project\",\"operation\":\"update\",\"old_values\":{\"id\":\"1\",\"company_id\":\"4\",\"client_id\":\"1\",\"name\":\"مشروع الروسية\",\"client\":\"شركة بايناتس\",\"location\":\"شمال غرب المناقل\",\"project_code\":\"PR1\",\"category\":\"فئة المشروع\",\"sub_sector\":\"فرعي\",\"state\":\"نهر النيل\",\"region\":\"حفر الباطن\",\"nearest_market\":\"سوق اللفة\",\"latitude\":\"12\",\"longitude\":\"31\",\"total\":\"0\",\"status\":\"1\",\"created_by\":\"4\",\"create_at\":\"2026-04-07 11:46:05\",\"updated_at\":null,\"is_deleted\":\"0\",\"deleted_at\":null,\"deleted_by\":null},\"new_values\":{\"client_id\":1,\"name\":\"مشروع الروسية\",\"client\":\"شركة إليانس للتعدين المحدودة\",\"location\":\"وادي العشار\",\"project_code\":\"PR1\",\"category\":\"مناجم\",\"sub_sector\":\"المنجم الأول\",\"state\":\"البحر الأحمر\",\"region\":\"وادي العشار\",\"nearest_market\":\"سوق وادي العشار\",\"latitude\":\"000\",\"longitude\":\"31\",\"total\":0,\"status\":\"1\",\"updated_at\":\"2026-04-25 09:59:54\",\"company_id\":4}},\"operations\":[{\"db_action\":\"update\",\"table\":\"project\",\"where\":{\"id\":1},\"data\":{\"client_id\":1,\"name\":\"مشروع الروسية\",\"client\":\"شركة إليانس للتعدين المحدودة\",\"location\":\"وادي العشار\",\"project_code\":\"PR1\",\"category\":\"مناجم\",\"sub_sector\":\"المنجم الأول\",\"state\":\"البحر الأحمر\",\"region\":\"وادي العشار\",\"nearest_market\":\"سوق وادي العشار\",\"latitude\":\"000\",\"longitude\":\"31\",\"total\":0,\"status\":\"1\",\"updated_at\":\"2026-04-25 09:59:54\",\"company_id\":4}}]}', 4, 1, 'pending', NULL, NULL, NULL, NULL, '2026-04-25 09:59:54', '2026-04-25 09:59:54'),
(3, 'project', 2, 'update', '{\"summary\":{\"table\":\"project\",\"operation\":\"update\",\"old_values\":{\"id\":\"2\",\"company_id\":\"4\",\"client_id\":\"1\",\"name\":\"مشروع اليانس\",\"client\":\"شركة بايناتس\",\"location\":\"موقع اليانس\",\"project_code\":\"PR2\",\"category\":\"تعدين\",\"sub_sector\":\"تعدين\",\"state\":\"نهر النيل\",\"region\":\"حفر الباطن\",\"nearest_market\":\"سوق اللفة\",\"latitude\":\"12\",\"longitude\":\"31\",\"total\":\"0\",\"status\":\"1\",\"created_by\":\"4\",\"create_at\":\"2026-04-13 11:22:49\",\"updated_at\":null,\"is_deleted\":\"0\",\"deleted_at\":null,\"deleted_by\":null},\"new_values\":{\"client_id\":1,\"name\":\"مشروع اليانس\",\"client\":\"شركة إليانس للتعدين المحدودة\",\"location\":\"عطبره\",\"project_code\":\"PR2\",\"category\":\"تعدين\",\"sub_sector\":\"تعدين\",\"state\":\"نهر النيل\",\"region\":\"حفر الباطن\",\"nearest_market\":\"سوق اللفة\",\"latitude\":\"12\",\"longitude\":\"31\",\"total\":0,\"status\":\"1\",\"updated_at\":\"2026-04-25 11:36:16\",\"company_id\":4}},\"operations\":[{\"db_action\":\"update\",\"table\":\"project\",\"where\":{\"id\":2},\"data\":{\"client_id\":1,\"name\":\"مشروع اليانس\",\"client\":\"شركة إليانس للتعدين المحدودة\",\"location\":\"عطبره\",\"project_code\":\"PR2\",\"category\":\"تعدين\",\"sub_sector\":\"تعدين\",\"state\":\"نهر النيل\",\"region\":\"حفر الباطن\",\"nearest_market\":\"سوق اللفة\",\"latitude\":\"12\",\"longitude\":\"31\",\"total\":0,\"status\":\"1\",\"updated_at\":\"2026-04-25 11:36:16\",\"company_id\":4}}]}', 4, 1, 'pending', NULL, NULL, NULL, NULL, '2026-04-25 11:36:16', '2026-04-25 11:36:16'),
(4, 'contract', 4, 'renewal', '{\"summary\":{\"old_values\":{\"actual_start\":\"2025-07-01\",\"actual_end\":\"2026-07-01\",\"status\":\"1\"},\"new_values\":{\"actual_start\":\"2026-07-01\",\"actual_end\":\"2027-01-15\",\"contract_duration_months\":6,\"contract_duration_days\":198,\"status\":1,\"updated_at\":\"2026-05-11 01:27:48\"}},\"operations\":[{\"db_action\":\"update\",\"table\":\"contracts\",\"where\":{\"id\":4},\"data\":{\"actual_start\":\"2026-07-01\",\"actual_end\":\"2027-01-15\",\"contract_duration_months\":6,\"contract_duration_days\":198,\"status\":1,\"updated_at\":\"2026-05-11 01:27:48\"}},{\"db_action\":\"insert\",\"table\":\"contract_notes\",\"data\":{\"contract_id\":4,\"note\":\"تم تجديد العقد من 2026-07-01 إلى 2027-01-15 (مدة: 6 شهور \\/ 198 يوم)\",\"user_id\":13,\"created_at\":\"2026-05-11 01:27:48\"}}]}', 13, 1, 'pending', NULL, NULL, NULL, NULL, '2026-05-11 02:27:48', '2026-05-11 02:27:48'),
(5, 'contract', 2, 'renewal', '{\"summary\":{\"old_values\":{\"actual_start\":\"2025-10-01\",\"actual_end\":\"2026-10-01\",\"status\":\"1\"},\"new_values\":{\"actual_start\":\"2026-10-01\",\"actual_end\":\"2027-03-12\",\"contract_duration_months\":5,\"contract_duration_days\":162,\"status\":1,\"updated_at\":\"2026-05-11 02:08:35\"}},\"operations\":[{\"db_action\":\"update\",\"table\":\"contracts\",\"where\":{\"id\":2},\"data\":{\"actual_start\":\"2026-10-01\",\"actual_end\":\"2027-03-12\",\"contract_duration_months\":5,\"contract_duration_days\":162,\"status\":1,\"updated_at\":\"2026-05-11 02:08:35\"}},{\"db_action\":\"insert\",\"table\":\"contract_notes\",\"data\":{\"contract_id\":2,\"note\":\"تم تجديد العقد من 2026-10-01 إلى 2027-03-12 (مدة: 5 شهور \\/ 162 يوم)\",\"user_id\":13,\"created_at\":\"2026-05-11 02:08:35\"}}]}', 13, 1, 'pending', NULL, NULL, NULL, NULL, '2026-05-11 03:08:35', '2026-05-11 03:08:35');

-- --------------------------------------------------------

--
-- Table structure for table `approval_steps`
--

CREATE TABLE `approval_steps` (
  `id` int(11) NOT NULL,
  `request_id` int(11) NOT NULL,
  `role_required` varchar(100) NOT NULL,
  `step_order` int(11) NOT NULL,
  `approved_by` int(11) DEFAULT NULL,
  `approved_at` datetime DEFAULT NULL,
  `status` enum('pending','approved','rejected') NOT NULL DEFAULT 'pending',
  `note` text DEFAULT NULL,
  `created_at` datetime NOT NULL DEFAULT current_timestamp()
) ENGINE=InnoDB DEFAULT CHARSET=utf8mb4 COLLATE=utf8mb4_unicode_ci;

--
-- Dumping data for table `approval_steps`
--

INSERT INTO `approval_steps` (`id`, `request_id`, `role_required`, `step_order`, `approved_by`, `approved_at`, `status`, `note`, `created_at`) VALUES
(1, 1, '-1', 1, NULL, NULL, 'pending', NULL, '2026-04-07 15:11:42'),
(2, 2, '-1', 1, NULL, NULL, 'pending', NULL, '2026-04-25 09:59:54'),
(3, 3, '-1', 1, NULL, NULL, 'pending', NULL, '2026-04-25 11:36:16'),
(4, 4, '-1', 1, NULL, NULL, 'pending', NULL, '2026-05-11 02:27:48'),
(5, 5, '-1', 1, NULL, NULL, 'pending', NULL, '2026-05-11 03:08:35');

-- --------------------------------------------------------

--
-- Table structure for table `approval_workflow_rules`
--

CREATE TABLE `approval_workflow_rules` (
  `id` int(11) NOT NULL,
  `entity_type` varchar(50) NOT NULL,
  `action` varchar(100) NOT NULL,
  `role_required` varchar(100) NOT NULL,
  `step_order` int(11) NOT NULL,
  `is_active` tinyint(1) NOT NULL DEFAULT 1,
  `created_at` datetime NOT NULL DEFAULT current_timestamp(),
  `updated_at` datetime DEFAULT NULL
) ENGINE=InnoDB DEFAULT CHARSET=utf8mb4 COLLATE=utf8mb4_unicode_ci;

-- --------------------------------------------------------

--
-- Table structure for table `audit_logs`
--

CREATE TABLE `audit_logs` (
  `id` int(11) NOT NULL,
  `user_id` int(11) DEFAULT NULL,
  `company_id` int(11) DEFAULT NULL,
  `action_type` varchar(80) NOT NULL,
  `target_name` varchar(200) DEFAULT NULL,
  `description` text DEFAULT NULL,
  `ip_address` varchar(45) DEFAULT NULL,
  `user_agent` varchar(300) DEFAULT NULL,
  `created_at` timestamp NOT NULL DEFAULT current_timestamp()
) ENGINE=InnoDB DEFAULT CHARSET=utf8mb4 COLLATE=utf8mb4_unicode_ci;

--
-- Dumping data for table `audit_logs`
--

INSERT INTO `audit_logs` (`id`, `user_id`, `company_id`, `action_type`, `target_name`, `description`, `ip_address`, `user_agent`, `created_at`) VALUES
(1, 0, 1, 'login', 'بوابة الشركة', 'تسجيل دخول ناجح', '::1', 'Mozilla/5.0 (Windows NT 10.0; Win64; x64) AppleWebKit/537.36 (KHTML, like Gecko) Chrome/146.0.0.0 Safari/537.36 Edg/146.0.0.0', '2026-04-07 10:53:47'),
(2, 1, 1, 'login', 'بوابة الشركة', 'تسجيل دخول ناجح', '::1', 'Mozilla/5.0 (Windows NT 10.0; Win64; x64) AppleWebKit/537.36 (KHTML, like Gecko) Chrome/146.0.0.0 Safari/537.36 Edg/146.0.0.0', '2026-04-07 10:54:04'),
(3, 1, 1, 'logout', 'بوابة الشركة', 'تسجيل خروج يدوي', '::1', 'Mozilla/5.0 (Windows NT 10.0; Win64; x64) AppleWebKit/537.36 (KHTML, like Gecko) Chrome/146.0.0.0 Safari/537.36 Edg/146.0.0.0', '2026-04-07 10:54:10'),
(4, 4, 4, 'login', 'بوابة الشركة', 'تسجيل دخول ناجح', '::1', 'Mozilla/5.0 (Windows NT 10.0; Win64; x64) AppleWebKit/537.36 (KHTML, like Gecko) Chrome/136.0.0.0 Safari/537.36', '2026-04-07 11:24:49'),
(5, 4, 4, 'login', 'بوابة الشركة', 'تسجيل دخول ناجح', '::1', 'Mozilla/5.0 (Windows NT 10.0; Win64; x64) AppleWebKit/537.36 (KHTML, like Gecko) Chrome/136.0.0.0 Safari/537.36', '2026-04-07 11:33:56'),
(6, 4, 4, 'login', 'بوابة الشركة', 'تسجيل دخول ناجح', '2001:1a10:18f1:8e00:ad8e:a6d2:3dec:38d1', 'Mozilla/5.0 (Windows NT 10.0; Win64; x64) AppleWebKit/537.36 (KHTML, like Gecko) Chrome/147.0.0.0 Safari/537.36 Edg/147.0.0.0', '2026-04-30 06:47:38'),
(7, 6, 4, 'login', 'بوابة الشركة', 'تسجيل دخول ناجح', '212.70.114.2', 'Mozilla/5.0 (Windows NT 10.0; Win64; x64) AppleWebKit/537.36 (KHTML, like Gecko) Chrome/147.0.0.0 Safari/537.36 Edg/147.0.0.0', '2026-05-01 07:18:33');

-- --------------------------------------------------------

--
-- Table structure for table `clients`
--

CREATE TABLE `clients` (
  `id` int(11) NOT NULL,
  `company_id` int(11) DEFAULT NULL,
  `client_code` varchar(50) NOT NULL COMMENT 'كود العميل',
  `client_name` varchar(255) NOT NULL COMMENT 'اسم العميل',
  `entity_type` varchar(100) DEFAULT NULL COMMENT 'نوع الكيان',
  `sector_category` varchar(100) DEFAULT NULL COMMENT 'تصنيف القطاع',
  `phone` varchar(50) DEFAULT NULL COMMENT 'رقم الهاتف',
  `email` varchar(100) DEFAULT NULL COMMENT 'البريد الإلكتروني',
  `whatsapp` varchar(50) DEFAULT NULL COMMENT 'رقم الواتساب',
  `status` enum('نشط','متوقف') NOT NULL DEFAULT 'نشط' COMMENT 'حالة العميل',
  `created_by` int(11) DEFAULT NULL COMMENT 'معرف المستخدم الذي أضاف العميل',
  `created_at` timestamp NOT NULL DEFAULT current_timestamp() COMMENT 'تاريخ الإضافة',
  `updated_at` timestamp NOT NULL DEFAULT current_timestamp() ON UPDATE current_timestamp() COMMENT 'تاريخ آخر تحديث',
  `is_deleted` tinyint(1) NOT NULL DEFAULT 0,
  `deleted_at` datetime DEFAULT NULL,
  `deleted_by` int(11) DEFAULT NULL
) ENGINE=InnoDB DEFAULT CHARSET=utf8mb4 COLLATE=utf8mb4_unicode_ci COMMENT='جدول العملاء';

--
-- Dumping data for table `clients`
--

INSERT INTO `clients` (`id`, `company_id`, `client_code`, `client_name`, `entity_type`, `sector_category`, `phone`, `email`, `whatsapp`, `status`, `created_by`, `created_at`, `updated_at`, `is_deleted`, `deleted_at`, `deleted_by`) VALUES
(1, 4, 'C001', 'شركة إليانس للتعدين المحدودة', 'دولي', 'تعدين', '249912345678', 'sudan@gmail.com', '249912345678', 'نشط', 4, '2026-04-07 11:45:22', '2026-04-25 09:57:42', 0, NULL, NULL),
(2, 4, '58', 'شركة محمد', 'دولي', 'تعدين', '249912345678', 'sudan@gmail.com', '249912345678', 'نشط', 4, '2026-04-26 08:30:27', '2026-05-19 17:31:39', 0, NULL, NULL),
(3, 4, 'CLT-0001', 'شركة النيل للمقاولات', 'حكومي', 'بنية تحتية', '249123456789', 'nile@example.com', '249123456789', 'نشط', 13, '2026-06-06 10:57:31', '2026-06-06 10:57:31', 0, NULL, NULL),
(4, 4, 'CLT-0001-2', 'شركة علي', 'حكومي', 'بنية تحتية', '249123456789', 'nile@example.com', '249123456789', 'نشط', 13, '2026-06-06 10:57:31', '2026-06-06 10:57:31', 0, NULL, NULL);

-- --------------------------------------------------------

--
-- Table structure for table `company_user_password_resets`
--

CREATE TABLE `company_user_password_resets` (
  `id` int(11) NOT NULL,
  `user_id` int(11) NOT NULL,
  `token_hash` char(64) NOT NULL,
  `expires_at` timestamp NOT NULL DEFAULT current_timestamp() ON UPDATE current_timestamp(),
  `used_at` timestamp NULL DEFAULT NULL,
  `created_at` timestamp NOT NULL DEFAULT current_timestamp()
) ENGINE=InnoDB DEFAULT CHARSET=utf8mb4 COLLATE=utf8mb4_unicode_ci;

-- --------------------------------------------------------

--
-- Table structure for table `contractequipments`
--

CREATE TABLE `contractequipments` (
  `id` int(11) NOT NULL,
  `company_id` int(11) DEFAULT NULL,
  `contract_id` int(11) NOT NULL COMMENT 'رقم العقد',
  `equip_type` varchar(255) NOT NULL COMMENT 'نوع المعدة',
  `equip_size` int(11) DEFAULT NULL COMMENT 'حجم المعدة',
  `equip_count` int(11) DEFAULT NULL COMMENT 'عدد المعدات',
  `equip_count_basic` int(11) DEFAULT 0 COMMENT 'عدد المعدات الأساسية',
  `equip_count_backup` int(11) DEFAULT 0 COMMENT 'عدد المعدات الاحتياطية',
  `equip_shifts` int(11) DEFAULT 0 COMMENT 'عدد الورديات',
  `equip_unit` varchar(50) DEFAULT 'ساعة' COMMENT 'الوحدة',
  `shift1_start` time DEFAULT NULL COMMENT 'وقت بداية الوردية الأولى',
  `shift1_end` time DEFAULT NULL COMMENT 'وقت نهاية الوردية الأولى',
  `shift2_start` time DEFAULT NULL COMMENT 'وقت بداية الوردية الثانية',
  `shift2_end` time DEFAULT NULL COMMENT 'وقت نهاية الوردية الثانية',
  `shift_hours` int(11) DEFAULT 0 COMMENT 'إجمالي ساعات الوردية',
  `equip_total_month` int(11) DEFAULT NULL COMMENT 'إجمالي الساعات اليومية ',
  `equip_monthly_target` int(11) DEFAULT 0 COMMENT 'وحدات العمل في الشهر',
  `equip_total_contract` int(11) DEFAULT NULL COMMENT 'إجمالي ساعات العقد',
  `equip_price` decimal(10,2) DEFAULT 0.00 COMMENT 'السعر',
  `equip_operators` int(11) DEFAULT 0 COMMENT 'المشغلين',
  `equip_supervisors` int(11) DEFAULT 0 COMMENT 'المشرفين',
  `equip_technicians` int(11) DEFAULT 0 COMMENT 'الفنيين',
  `equip_assistants` int(11) DEFAULT 0 COMMENT 'المساعدين',
  `equip_price_currency` varchar(20) DEFAULT NULL COMMENT 'تمييز السعر',
  `created_at` timestamp NOT NULL DEFAULT current_timestamp()
) ENGINE=InnoDB DEFAULT CHARSET=utf8mb4 COLLATE=utf8mb4_unicode_ci;

--
-- Dumping data for table `contractequipments`
--

INSERT INTO `contractequipments` (`id`, `company_id`, `contract_id`, `equip_type`, `equip_size`, `equip_count`, `equip_count_basic`, `equip_count_backup`, `equip_shifts`, `equip_unit`, `shift1_start`, `shift1_end`, `shift2_start`, `shift2_end`, `shift_hours`, `equip_total_month`, `equip_monthly_target`, `equip_total_contract`, `equip_price`, `equip_operators`, `equip_supervisors`, `equip_technicians`, `equip_assistants`, `equip_price_currency`, `created_at`) VALUES
(1, NULL, 1, '1', 100, 5, 3, 2, 2, 'ساعة', '13:51:00', '13:51:00', '13:51:00', '13:52:00', 10, 50, 6000, 1000, 10.00, 3, 3, 3, 3, '', '2026-04-07 11:52:10'),
(2, NULL, 1, '2', 300, 5, 3, 2, 3, 'ساعة', '13:52:00', '13:53:00', '13:54:00', '13:55:00', 10, 50, 6000, 1000, 10.00, 3, 3, 3, 3, 'دولار', '2026-04-07 11:52:10'),
(8, NULL, 2, '1', 28, 5, 0, 0, 2, 'متر طولي', '00:57:00', '02:14:00', '15:30:00', '22:05:00', 20, 100, 600, 36600, 40.00, 88, 2, 2, 48, 'دولار', '2026-04-20 09:42:26'),
(23, NULL, 5, '1', 340, 6, 6, 0, 2, 'ساعة', '00:00:00', '12:00:00', '12:00:00', '00:00:00', 10, 60, 300, 11100, 20.00, 15, 1, 3, 6, 'دولار', '2026-04-27 10:59:44'),
(24, NULL, 5, '2', 25, 24, 24, 0, 2, 'ساعة', '00:00:00', '12:00:00', '12:00:00', '00:00:00', 10, 240, 300, 44400, 8.00, 30, 1, 10, 10, 'دولار', '2026-04-27 10:59:44'),
(25, NULL, 4, '1', 340, 6, 6, 4, 2, 'ساعة', '18:00:00', '04:00:00', '06:00:00', '16:00:00', 10, 100, 300, 36600, 20.00, 15, 0, 0, 2, 'دولار', '2026-04-28 10:31:11'),
(26, NULL, 4, '2', 35, 10, 10, 0, 2, 'ساعة', '18:00:00', '04:00:00', '18:00:00', '04:00:00', 10, 100, 300, 36600, 8.00, 56, 3, 6, 8, '', '2026-04-28 10:31:11');

-- --------------------------------------------------------

--
-- Table structure for table `contracts`
--

CREATE TABLE `contracts` (
  `id` int(11) NOT NULL,
  `company_id` int(11) DEFAULT NULL,
  `contract_signing_date` date NOT NULL,
  `grace_period_days` int(11) DEFAULT 0,
  `contract_duration_months` int(11) DEFAULT 0,
  `contract_duration_days` int(11) NOT NULL DEFAULT 0,
  `equip_shifts_contract` int(11) DEFAULT 0 COMMENT 'عدد الورديات للعقد',
  `shift_contract` int(11) DEFAULT 0 COMMENT 'ساعات الوردية للعقد',
  `equip_total_contract_daily` int(11) DEFAULT 0 COMMENT 'إجمالي الوحدات يومياً للعقد',
  `total_contract_permonth` int(11) DEFAULT 0 COMMENT 'وحدات العمل في الشهر للعقد',
  `total_contract_units` int(11) DEFAULT 0 COMMENT 'إجمالي وحدات العقد',
  `actual_start` date DEFAULT NULL,
  `actual_end` date DEFAULT NULL,
  `transportation` mediumtext DEFAULT NULL,
  `accommodation` mediumtext DEFAULT NULL,
  `place_for_living` mediumtext DEFAULT NULL,
  `workshop` mediumtext DEFAULT NULL,
  `hours_monthly_target` int(11) DEFAULT 0,
  `forecasted_contracted_hours` int(11) DEFAULT 0,
  `created_at` timestamp NOT NULL DEFAULT current_timestamp(),
  `updated_at` timestamp NULL DEFAULT NULL ON UPDATE current_timestamp(),
  `daily_work_hours` varchar(20) DEFAULT NULL,
  `daily_operators` varchar(20) DEFAULT NULL,
  `first_party` varchar(255) DEFAULT NULL,
  `second_party` varchar(255) DEFAULT NULL,
  `witness_one` varchar(255) DEFAULT NULL,
  `witness_two` varchar(255) DEFAULT NULL,
  `price_currency_contract` varchar(20) DEFAULT NULL COMMENT 'عملة العقد',
  `paid_contract` varchar(100) DEFAULT NULL COMMENT 'المبلغ المدفوع',
  `payment_time` varchar(50) DEFAULT NULL COMMENT 'وقت الدفع (مقدم/مؤخر)',
  `guarantees` mediumtext DEFAULT NULL COMMENT 'الضمانات',
  `payment_date` date DEFAULT NULL COMMENT 'تاريخ الدفع',
  `contract_status` mediumtext DEFAULT NULL,
  `pause_reason` mediumtext DEFAULT NULL,
  `pause_date` date DEFAULT NULL COMMENT 'تاريخ إيقاف العقد',
  `resume_date` date DEFAULT NULL COMMENT 'تاريخ استئناف العقد',
  `termination_type` varchar(50) DEFAULT NULL,
  `termination_reason` mediumtext DEFAULT NULL,
  `merged_with` int(11) DEFAULT NULL,
  `status` tinyint(1) DEFAULT 1 COMMENT '1=نشط, 0=موقوف',
  `is_deleted` tinyint(1) NOT NULL DEFAULT 0,
  `deleted_at` datetime DEFAULT NULL,
  `deleted_by` int(11) DEFAULT NULL,
  `project_id` int(11) DEFAULT NULL
) ENGINE=InnoDB DEFAULT CHARSET=utf8mb4 COLLATE=utf8mb4_unicode_ci;

--
-- Dumping data for table `contracts`
--

INSERT INTO `contracts` (`id`, `company_id`, `contract_signing_date`, `grace_period_days`, `contract_duration_months`, `contract_duration_days`, `equip_shifts_contract`, `shift_contract`, `equip_total_contract_daily`, `total_contract_permonth`, `total_contract_units`, `actual_start`, `actual_end`, `transportation`, `accommodation`, `place_for_living`, `workshop`, `hours_monthly_target`, `forecasted_contracted_hours`, `created_at`, `updated_at`, `daily_work_hours`, `daily_operators`, `first_party`, `second_party`, `witness_one`, `witness_two`, `price_currency_contract`, `paid_contract`, `payment_time`, `guarantees`, `payment_date`, `contract_status`, `pause_reason`, `pause_date`, `resume_date`, `termination_type`, `termination_reason`, `merged_with`, `status`, `is_deleted`, `deleted_at`, `deleted_by`, `project_id`) VALUES
(1, 4, '2026-04-01', 10, 0, 21, 2, 10, 40, 6000, 6000, '2026-04-10', '2026-04-30', 'مالك المعدة', 'مالك المعدة', 'مالك المعدة', 'مالك المعدة', 100, 2000, '2026-04-07 11:52:10', '2026-05-14 15:09:35', '20', '3', 'محمد سيد', 'مبارك عوض', 'سمير الليل', 'مبارك محمود', 'دولار', '1000', 'مقدم', 'رهن سيارة', '2026-04-20', NULL, NULL, NULL, NULL, NULL, NULL, NULL, 1, 0, NULL, NULL, 1),
(2, 4, '2025-10-01', 10, 0, 366, 2, 10, 100, 600, 2, '2025-10-01', '2026-10-01', 'بدون', 'مالك المشروع', 'مالك المشروع', 'بدون', 600, 36600, '2026-04-13 12:04:08', '2026-05-14 15:09:35', '20', '2', 'Voluptatem et tempor', 'Consequatur eveniet', 'Reiciendis voluptas ', 'Nisi sint sit alias ', 'جنيه', 'Qui et aspernatur qu', ' مؤخر', 'Odit quis repellendu', '2011-10-28', NULL, NULL, NULL, NULL, NULL, NULL, NULL, 1, 0, NULL, NULL, 2),
(3, 4, '2026-04-24', 5, 0, 365, 2, 10, 20, 600, 7000, '2026-05-01', '2027-04-30', '', '', '', '', 0, 0, '2026-04-25 11:57:29', '2026-05-14 15:09:35', '20', '', '', '', '', '', 'دولار', '100000', 'مقدم', 'تأمين المشروع', '2026-04-27', NULL, NULL, NULL, NULL, NULL, NULL, NULL, 1, 0, NULL, NULL, 3),
(4, 4, '2025-07-01', 0, 7, 233, 2, 10, 20, 600, 216000, '2026-07-01', '2027-02-19', 'مالك المعدة', 'مالك المشروع', 'مالك المشروع', 'مالك المعدة', 600, 73200, '2026-04-26 09:45:07', '2026-05-14 15:09:35', '20', '1', 'شركة إكوبيشن للإستثمار المحدودة', 'شركة إليانس لتعدين الذهب المحدودة', 'محمد فيصل محمد صابر', 'يس سيدأحمد محمدالأمين الحسن', 'دولار', '', '', '', '0000-00-00', NULL, NULL, NULL, NULL, NULL, NULL, NULL, 1, 0, NULL, NULL, 4),
(5, 4, '2026-04-01', 30, 0, 185, 2, 12, 24, 3000, 43000, '2026-05-01', '2026-11-01', 'مالك المعدة', 'مالك المشروع', 'مالك المشروع', 'مالك المعدة', 600, 55500, '2026-04-27 09:52:44', '2026-05-14 15:09:35', '20', '3', 'شركة إكوبيشن للإستثمار المحدودة', 'شركة إليانس لتعدين الذهب المحدودة', 'محمد فيصل محمد صابر', 'يس سيدأحمد محمدالأمين الحسن', 'دولار', '150000', 'مقدم', 'تأمين المشروع', '2026-04-15', NULL, NULL, NULL, NULL, NULL, NULL, NULL, 1, 0, NULL, NULL, 4);

-- --------------------------------------------------------

--
-- Table structure for table `contract_notes`
--

CREATE TABLE `contract_notes` (
  `id` int(11) NOT NULL,
  `company_id` int(11) DEFAULT NULL,
  `contract_id` int(11) NOT NULL,
  `note` mediumtext NOT NULL,
  `user_id` int(11) DEFAULT 0,
  `created_at` timestamp NOT NULL DEFAULT current_timestamp(),
  `created_by` int(11) DEFAULT NULL
) ENGINE=InnoDB DEFAULT CHARSET=utf8mb4 COLLATE=utf8mb4_unicode_ci;

--
-- Dumping data for table `contract_notes`
--

INSERT INTO `contract_notes` (`id`, `company_id`, `contract_id`, `note`, `user_id`, `created_at`, `created_by`) VALUES
(1, NULL, 4, 'تم تجديد العقد من 2026-07-01 إلى 2027-02-19 (مدة: 7 شهور / 233 يوم)', 13, '2026-05-11 00:19:30', NULL);

-- --------------------------------------------------------

--
-- Table structure for table `drivercontractequipments`
--

CREATE TABLE `drivercontractequipments` (
  `id` int(11) NOT NULL,
  `company_id` int(11) DEFAULT NULL,
  `contract_id` int(11) NOT NULL COMMENT 'معرف عقد السائق من جدول drivercontracts',
  `equip_type` varchar(100) DEFAULT NULL COMMENT 'نوع المعدة (حفار، قلاب، خرامة)',
  `equip_size` int(11) DEFAULT NULL COMMENT 'حجم المعدة',
  `equip_count` int(11) DEFAULT NULL COMMENT 'عدد المعدات',
  `equip_count_basic` int(11) DEFAULT 0 COMMENT 'عدد المعدات الأساسية',
  `equip_count_backup` int(11) DEFAULT 0 COMMENT 'عدد المعدات الاحتياطية',
  `equip_shifts` int(11) DEFAULT NULL COMMENT 'عدد الورديات',
  `equip_unit` varchar(50) DEFAULT NULL COMMENT 'وحدة القياس (ساعة، طن، متر)',
  `shift1_start` time DEFAULT NULL COMMENT 'بداية الوردية الأولى',
  `shift1_end` time DEFAULT NULL COMMENT 'نهاية الوردية الأولى',
  `shift2_start` time DEFAULT NULL COMMENT 'بداية الوردية الثانية',
  `shift2_end` time DEFAULT NULL COMMENT 'نهاية الوردية الثانية',
  `shift_hours` decimal(10,2) DEFAULT NULL COMMENT 'ساعات الوردية',
  `equip_total_month` decimal(10,2) DEFAULT NULL COMMENT 'إجمالي الوحدات يومياً',
  `equip_monthly_target` decimal(10,2) DEFAULT NULL COMMENT 'وحدات العمل في الشهر',
  `equip_total_contract` decimal(10,2) DEFAULT NULL COMMENT 'إجمالي وحدات العقد',
  `equip_price` decimal(10,2) DEFAULT NULL COMMENT 'السعر للوحدة',
  `equip_price_currency` varchar(20) DEFAULT NULL COMMENT 'العملة (دولار، جنيه)',
  `equip_operators` int(11) DEFAULT NULL COMMENT 'عدد المشغلين',
  `equip_supervisors` int(11) DEFAULT NULL COMMENT 'عدد المشرفين',
  `equip_technicians` int(11) DEFAULT NULL COMMENT 'عدد الفنيين',
  `equip_assistants` int(11) DEFAULT NULL COMMENT 'عدد المساعدين',
  `created_at` timestamp NOT NULL DEFAULT current_timestamp()
) ENGINE=InnoDB DEFAULT CHARSET=utf8mb4 COLLATE=utf8mb4_unicode_ci COMMENT='معدات عقود السائقين';

-- --------------------------------------------------------

--
-- Table structure for table `drivercontracts`
--

CREATE TABLE `drivercontracts` (
  `id` int(11) NOT NULL,
  `company_id` int(11) DEFAULT NULL,
  `employee_id` int(11) NOT NULL,
  `contract_signing_date` date NOT NULL,
  `grace_period_days` int(11) DEFAULT 0,
  `contract_duration_months` int(11) DEFAULT 0,
  `contract_duration_days` int(11) DEFAULT 0,
  `equip_shifts_contract` int(11) DEFAULT 0 COMMENT 'عدد ورديات المعدات في العقد',
  `shift_contract` int(11) DEFAULT 0 COMMENT 'الوردية',
  `equip_total_contract_daily` decimal(10,2) DEFAULT 0.00 COMMENT 'إجمالي الوحدات اليومية للعقد',
  `total_contract_permonth` decimal(10,2) DEFAULT 0.00 COMMENT 'إجمالي وحدات العمل في الشهر',
  `total_contract_units` decimal(10,2) DEFAULT 0.00 COMMENT 'إجمالي وحدات العمل للعقد',
  `actual_start` date DEFAULT NULL,
  `actual_end` date DEFAULT NULL,
  `transportation` mediumtext DEFAULT NULL,
  `accommodation` mediumtext DEFAULT NULL,
  `place_for_living` mediumtext DEFAULT NULL,
  `workshop` mediumtext DEFAULT NULL,
  `equip_type` varchar(100) DEFAULT NULL,
  `equip_size` int(11) DEFAULT NULL,
  `equip_count` int(11) DEFAULT 0,
  `equip_target_per_month` int(11) DEFAULT 0,
  `equip_total_month` int(11) DEFAULT 0,
  `equip_total_contract` int(11) DEFAULT 0,
  `mach_type` varchar(100) DEFAULT NULL,
  `mach_size` int(11) DEFAULT NULL,
  `mach_count` int(11) DEFAULT 0,
  `mach_target_per_month` int(11) DEFAULT 0,
  `mach_total_month` int(11) DEFAULT 0,
  `mach_total_contract` int(11) DEFAULT 0,
  `hours_monthly_target` int(11) DEFAULT 0,
  `forecasted_contracted_hours` int(11) DEFAULT 0,
  `created_at` timestamp NOT NULL DEFAULT current_timestamp(),
  `updated_at` timestamp NULL DEFAULT NULL ON UPDATE current_timestamp(),
  `daily_work_hours` varchar(20) DEFAULT NULL,
  `daily_operators` varchar(20) DEFAULT NULL,
  `first_party` varchar(255) DEFAULT NULL,
  `second_party` varchar(255) DEFAULT NULL,
  `witness_one` varchar(255) DEFAULT NULL,
  `witness_two` varchar(255) DEFAULT NULL,
  `price_currency_contract` varchar(50) DEFAULT NULL COMMENT 'عملة العقد',
  `paid_contract` decimal(10,2) DEFAULT 0.00 COMMENT 'المبلغ المدفوع',
  `payment_time` varchar(50) DEFAULT NULL COMMENT 'وقت الدفع (مقدم/مؤخر)',
  `guarantees` mediumtext DEFAULT NULL COMMENT 'الضمانات',
  `payment_date` date DEFAULT NULL COMMENT 'تاريخ الدفع',
  `pause_reason` mediumtext DEFAULT NULL COMMENT 'سبب الإيقاف',
  `pause_date` date DEFAULT NULL COMMENT 'تاريخ الإيقاف',
  `resume_date` date DEFAULT NULL COMMENT 'تاريخ الاستئناف',
  `termination_type` varchar(50) DEFAULT NULL COMMENT 'نوع الإنهاء',
  `termination_reason` mediumtext DEFAULT NULL COMMENT 'سبب الإنهاء',
  `merged_with` int(11) DEFAULT NULL COMMENT 'دمج مع عقد آخر',
  `project_id` int(11) NOT NULL DEFAULT 0,
  `project_contract_id` int(11) DEFAULT NULL COMMENT 'معرف عقد المشروع',
  `status` tinyint(1) DEFAULT 1
) ENGINE=InnoDB DEFAULT CHARSET=utf8mb4 COLLATE=utf8mb4_unicode_ci;

-- --------------------------------------------------------

--
-- Table structure for table `drivers_legacy_backup`
--

CREATE TABLE `drivers_legacy_backup` (
  `id` int(11) NOT NULL,
  `company_id` int(11) DEFAULT NULL,
  `project_id` int(11) DEFAULT NULL,
  `name` varchar(255) NOT NULL,
  `driver_code` varchar(50) DEFAULT NULL COMMENT 'الرمز/الكود الفريد للمشغل',
  `nickname` varchar(255) DEFAULT NULL COMMENT 'اسم الشهرة/الكنية',
  `identity_type` varchar(50) DEFAULT NULL COMMENT 'نوع الهوية',
  `identity_number` varchar(100) DEFAULT NULL COMMENT 'رقم الهوية',
  `identity_expiry_date` date DEFAULT NULL COMMENT 'تاريخ انتهاء الهوية',
  `driver_photo` varchar(255) DEFAULT NULL,
  `identity_photo` varchar(255) DEFAULT NULL,
  `license_number` varchar(100) DEFAULT NULL COMMENT 'رقم رخصة القيادة',
  `license_type` varchar(100) DEFAULT NULL COMMENT 'نوع رخصة القيادة',
  `license_expiry_date` date DEFAULT NULL COMMENT 'تاريخ انتهاء رخصة القيادة',
  `license_issuer` varchar(255) DEFAULT NULL COMMENT 'جهة إصدار الرخصة',
  `specialized_equipment` mediumtext DEFAULT NULL COMMENT 'نوع المعدة المتخصص فيها (متعدد)',
  `years_in_field` int(11) DEFAULT NULL COMMENT 'سنوات العمل في المجال',
  `years_on_equipment` int(11) DEFAULT NULL COMMENT 'سنوات العمل على هذا النوع من المعدات',
  `skill_level` varchar(50) DEFAULT NULL COMMENT 'مستوى الكفاءة المهنية',
  `certificates` mediumtext DEFAULT NULL COMMENT 'الشهادات والتدريبات',
  `owner_supervisor` varchar(255) DEFAULT NULL COMMENT 'اسم المالك/المشرف المباشر',
  `supplier_id` int(11) DEFAULT NULL COMMENT 'المورد الذي يعمل معه',
  `employment_affiliation` varchar(100) DEFAULT NULL COMMENT 'تبعية المشغل',
  `salary_type` varchar(50) DEFAULT NULL COMMENT 'نوع الراتب/الأجر',
  `monthly_salary` decimal(10,2) DEFAULT NULL COMMENT 'المبلغ الشهري التقريبي',
  `email` varchar(255) DEFAULT NULL COMMENT 'البريد الإلكتروني',
  `address` mediumtext DEFAULT NULL COMMENT 'العنوان',
  `performance_rating` varchar(50) DEFAULT NULL COMMENT 'تقييم الكفاءة التشغيلية',
  `behavior_record` varchar(50) DEFAULT NULL COMMENT 'سجل السلوك والانضباط',
  `accident_record` varchar(50) DEFAULT NULL COMMENT 'سجل الحوادث والأعطال',
  `health_status` varchar(50) DEFAULT NULL COMMENT 'الحالة الصحية',
  `health_issues` mediumtext DEFAULT NULL COMMENT 'المشاكل الصحية المعروفة',
  `vaccinations_status` varchar(50) DEFAULT NULL COMMENT 'التطعيمات والفحوصات',
  `previous_employer` varchar(255) DEFAULT NULL COMMENT 'اسم جهة التوظيف السابقة',
  `employment_duration` varchar(100) DEFAULT NULL COMMENT 'مدة العمل معهم',
  `reference_contact` varchar(255) DEFAULT NULL COMMENT 'مرجع للاتصال',
  `general_notes` mediumtext DEFAULT NULL COMMENT 'ملاحظات عامة',
  `driver_status` varchar(50) DEFAULT 'نشط' COMMENT 'حالة المشغل',
  `start_date` date DEFAULT NULL COMMENT 'تاريخ البدء الفعلي',
  `created_at` timestamp NULL DEFAULT current_timestamp() COMMENT 'تاريخ التسجيل في النظام',
  `phone` varchar(255) NOT NULL,
  `phone_alternative` varchar(50) DEFAULT NULL COMMENT 'رقم هاتف بديل',
  `status` tinyint(1) DEFAULT 1
) ENGINE=InnoDB DEFAULT CHARSET=utf8mb4 COLLATE=utf8mb4_unicode_ci;

--
-- Dumping data for table `drivers_legacy_backup`
--

INSERT INTO `drivers_legacy_backup` (`id`, `company_id`, `project_id`, `name`, `driver_code`, `nickname`, `identity_type`, `identity_number`, `identity_expiry_date`, `driver_photo`, `identity_photo`, `license_number`, `license_type`, `license_expiry_date`, `license_issuer`, `specialized_equipment`, `years_in_field`, `years_on_equipment`, `skill_level`, `certificates`, `owner_supervisor`, `supplier_id`, `employment_affiliation`, `salary_type`, `monthly_salary`, `email`, `address`, `performance_rating`, `behavior_record`, `accident_record`, `health_status`, `health_issues`, `vaccinations_status`, `previous_employer`, `employment_duration`, `reference_contact`, `general_notes`, `driver_status`, `start_date`, `created_at`, `phone`, `phone_alternative`, `status`) VALUES
(1, 4, 5, 'محمد سيد', 'DR1', 'Linda Workman', 'بطاقة هوية وطنية', '939', '1976-08-07', '', '', '661', 'فئة د (شاحنات ثقيلة)', '2007-11-30', 'Saepe nisi hic et se', 'حفارة (Excavator), دوزر (Dozer), شاحنة تناكر/صهريج (Tanker Truck), معدات أخرى', 4, 3, 'سيد حرفة (أكثر من 10 سنوات)', 'Dolorem ad maxime qu', 'Duis non autem paria', 1, 'تابع للمورد/الوسيط', 'يومي', 12.00, 'hefade@mailinator.com', 'Rerum dignissimos mo', 'جيد جداً', 'مقبول (بعض الشكاوى)', 'غير محدد', 'محتاج متابعة طبية', 'Mollitia corporis oc', 'قديمة', 'Non optio est et ma', 'Quisquam laudantium', 'Dolorem et laboriosa', 'Facere aliquid obcae', 'نشط', '1994-05-07', '2026-04-07 12:39:24', '+1 (165) 293-2817', '+1 (433) 539-7514', 1),
(2, 4, 4, 'حسن سيد حسن', 'DR2', 'Halee Hancock', 'رخصة قيادة', '590', '1985-01-22', NULL, NULL, '79', 'فئة د (شاحنات ثقيلة)', '2002-05-10', 'Sed id delectus mol', 'حفارة (Excavator), دوزر (Dozer), شاحنة قلابة (Dump Truck), جرافة (Loader), ممهدة (Grader)', 3, 2, 'خبير (5-10 سنوات)', 'Cumque consequatur', 'Fugit anim minus id', 1, 'تابع لشركة متخصصة في التشغيل', 'حسب المشروع', 8.00, 'zusatipyx@mailinator.com', 'Ad eveniet aut volu', 'ممتاز', 'غير محدد', 'غير محدد', 'سليم تماماً', 'Pariatur A est eius', 'محدثة', 'Eos similique ea sus', 'Ea quis in excepturi', 'Qui ut voluptas poss', 'Aut laborum Ut sequ', 'نشط', '1990-05-29', '2026-04-07 12:40:06', '+1 (743) 975-1092', '+1 (834) 162-7231', 1),
(3, 4, 4, 'ابو بكر محمود', 'DR21', 'بكري', 'رخصة قيادة', '405', '1974-12-22', NULL, NULL, '135', 'فئة ج (شاحنات خفيفة)', '1981-02-24', 'Error accusamus fugi', 'حفارة (Excavator), مثقاب/مكنة تخريم (Drill Machine), دوزر (Dozer), شاحنة تناكر/صهريج (Tanker Truck), معدات أخرى', 2, 1, 'مبتدئ (أقل من سنة)', 'Est est doloremque d', 'Voluptas doloribus v', 3, 'تابع لمالك المعدة مباشرة', 'أسبوعي', 12.00, 'xytemyke@mailinator.com', 'Quae aliquip aut eum', 'مقبول', 'غير محدد', 'نظيف (لا توجد حوادث)', 'غير محدد', 'Occaecat et dolor ir', 'محدثة', 'Nihil molestias nesc', 'Similique voluptatum', 'Voluptatem sint est', 'Delectus repellendu', 'نشط', '1994-05-11', '2026-04-13 12:21:46', '+1 (285) 112-7987', '+1 (304) 799-2794', 1),
(4, 4, 4, 'احمد الريح', 'DR22', 'حمادة', 'بطاقة أخرى', '601', '2017-04-20', NULL, NULL, '578', 'فئة ج (شاحنات خفيفة)', '2021-11-25', 'Dolores nihil numqua', 'شاحنة قلابة (Dump Truck), ممهدة (Grader)', 5, 1, 'كفء (3-5 سنوات)', 'Non irure tempora el', 'Aut adipisicing numq', 3, 'تابع لشركة متخصصة في التشغيل', 'شهري', 6.00, 'guben@mailinator.com', 'Qui ut ut sequi simi', 'مقبول', 'مقبول (بعض الشكاوى)', 'نظيف (لا توجد حوادث)', 'غير محدد', 'Iusto numquam mollit', 'قديمة', 'Quia minima atque ev', 'Rerum cum voluptates', 'Cumque voluptate dol', 'Est debitis fugit e', 'نشط', '1970-07-13', '2026-04-13 12:23:21', '+1 (361) 805-8787', '+1 (381) 487-3832', 1),
(5, 4, 4, 'ايوب عبد الواحد', 'DR23', 'ايوب', 'بطاقة أخرى', '150', '1987-03-24', NULL, NULL, '993', 'فئة ج (شاحنات خفيفة)', '2000-06-04', 'Est officia laboris', 'مثقاب/مكنة تخريم (Drill Machine), شاحنة تناكر/صهريج (Tanker Truck), معدات أخرى', 5, 1, 'كفء (3-5 سنوات)', 'Fugit qui veniam e', 'Sed quaerat pariatur', 3, 'تابع للمورد/الوسيط', 'شهري', 1.00, 'dyzy@mailinator.com', 'Inventore vero aut a', 'ممتاز', 'ضعيف (شكاوى متكررة)', 'غير محدد', 'محتاج متابعة طبية', 'Aut sed veniam ipsu', 'قيد الفحص', 'Rerum dolorem conseq', 'Dolor quasi assumend', 'Nostrud quia eiusmod', 'Qui voluptate quae s', 'نشط', '1983-01-09', '2026-04-13 12:25:09', '+1 (349) 884-9487', '+1 (781) 369-9738', 1),
(6, 4, 4, 'بشير عبد الله', 'DR24', 'Jin Petersen', 'بطاقة لاجئ', '245', '2007-12-25', NULL, NULL, '563', 'فئة ب (سيارات خصوصية)', '1989-04-14', 'Voluptas saepe recus', 'شاحنة تناكر/صهريج (Tanker Truck), جرافة (Loader), معدات أخرى', 5, 3, 'كفء (3-5 سنوات)', 'Sint ipsa voluptate', 'Omnis sed sint et di', 3, 'تابع لشركة متخصصة في التشغيل', 'أسبوعي', 9.00, 'jupe@mailinator.com', 'Cum possimus sunt a', 'ممتاز', 'مقبول (بعض الشكاوى)', 'حادث واحد (طفيف)', 'محتاج متابعة طبية', 'Aspernatur culpa eli', 'قيد الفحص', 'Aute ut similique ad', 'Ea est asperiores vo', 'Ut deserunt error du', 'Repellendus Suscipi', 'نشط', '1978-05-02', '2026-04-13 12:26:27', '+1 (696) 738-8861', '+1 (274) 962-9936', 1),
(7, 4, 4, 'تاي الله', 'DR25', 'Barbara Hill', 'جواز سفر', '919', '1978-03-08', NULL, NULL, '286', 'فئة د (شاحنات ثقيلة)', '1978-05-27', 'Optio quia consequa', 'شاحنة قلابة (Dump Truck)', 5, 2, 'مبتدئ (أقل من سنة)', 'Culpa mollit earum e', 'Quis ex delectus di', 3, 'تابع لشركة متخصصة في التشغيل', 'حسب المشروع', 10.00, 'feko@mailinator.com', 'Incididunt dolorum s', 'مقبول', 'ضعيف (شكاوى متكررة)', 'نظيف (لا توجد حوادث)', 'غير محدد', 'Maiores facere est i', 'قديمة', 'Quia do laborum Eni', 'Do maxime nisi volup', 'Neque sit dolor sun', 'Dolor rem et harum r', 'نشط', '1973-07-05', '2026-04-13 12:27:40', '+1 (801) 524-8878', '+1 (736) 791-9272', 1),
(8, 4, 4, 'حسين موسى', 'DR26', 'Kiayada Nielsen', 'جواز سفر', '992', '2025-06-01', NULL, NULL, '339', 'فئة أ (دراجات نارية)', '2010-11-17', 'Laborum Laborum vol', 'مثقاب/مكنة تخريم (Drill Machine), شاحنة قلابة (Dump Truck), شاحنة تناكر/صهريج (Tanker Truck)', 5, 1, 'سيد حرفة (أكثر من 10 سنوات)', 'Nostrud irure elit', 'Distinctio Dicta ni', 3, 'تابع لشركة متخصصة في التشغيل', 'شهري', 11.00, 'fujetike@mailinator.com', 'Obcaecati ea dolore', 'جيد جداً', 'ضعيف (شكاوى متكررة)', 'نظيف (لا توجد حوادث)', 'محتاج متابعة طبية', 'Reprehenderit duis', 'لا يوجد فحص', 'Laudantium dolorem', 'Cillum ea hic rerum', 'Eaque est quas lauda', 'Voluptas enim et quo', 'نشط', '2012-07-11', '2026-04-13 12:49:18', '+1 (951) 455-3516', '+1 (978) 573-6838', 1),
(9, 4, 4, 'سعيد محمد', 'DR27', 'Moses Chan', 'بطاقة هوية وطنية', '222', '1982-06-25', NULL, NULL, '853', 'فئة د (شاحنات ثقيلة)', '2009-10-06', 'Quidem eos repudiand', 'حفارة (Excavator), شاحنة تناكر/صهريج (Tanker Truck), جرافة (Loader), ممهدة (Grader)', 5, 1, 'كفء (3-5 سنوات)', 'Ea harum facere quid', 'Est dolorum delectu', 3, 'تابع لشركة متخصصة في التشغيل', 'شهري', 2.00, 'misirenir@mailinator.com', 'Obcaecati exercitati', 'مقبول', 'مقبول (بعض الشكاوى)', 'ثلاثة حوادث فأكثر (خطير)', 'بحالة مقبولة', 'Voluptatem enim mini', 'محدثة', 'Repudiandae sint aut', 'Fuga Reiciendis eni', 'Nisi nostrum cumque', 'Eos fugiat aliquam n', 'نشط', '2002-10-21', '2026-04-13 12:50:46', '+1 (438) 926-8717', '+1 (592) 116-7516', 1),
(10, 4, 4, 'سليمان علي', 'DR28', 'Ray Lara', 'جواز سفر', '808', '1999-08-17', NULL, NULL, '266', 'فئة د (شاحنات ثقيلة)', '1996-09-28', 'Modi exercitationem', 'مثقاب/مكنة تخريم (Drill Machine), دوزر (Dozer), شاحنة قلابة (Dump Truck), جرافة (Loader), معدات أخرى', 5, 1, 'متدرب (1-2 سنة)', 'Est saepe est simili', 'Id adipisicing volup', 3, 'تابع لمالك المعدة مباشرة', 'أسبوعي', 3.00, 'giwomag@mailinator.com', 'Nostrum cum consequu', 'جيد', 'ضعيف (شكاوى متكررة)', 'نظيف (لا توجد حوادث)', 'بحالة مقبولة', 'Facilis occaecat ali', 'محدثة', 'Dolor id hic impedit', 'Aliquam reprehenderi', 'Possimus enim proid', 'Earum alias alias eu', 'نشط', '1992-09-14', '2026-04-13 12:53:00', '+1 (329) 526-6034', '+1 (861) 471-6545', 1),
(11, 4, 4, 'عبد الغني الدود', 'DR29', 'Lucy Shaffer', 'بطاقة لاجئ', '230', '2021-04-19', NULL, NULL, '290', 'غير محدد', '2018-04-20', 'Eum dolor beatae ver', 'دوزر (Dozer), شاحنة قلابة (Dump Truck), شاحنة تناكر/صهريج (Tanker Truck), معدات أخرى', 5, 1, 'سيد حرفة (أكثر من 10 سنوات)', 'Corporis voluptas co', 'Doloribus dolor sed', 3, 'تابع للمورد/الوسيط', 'شهري', 9.00, 'tyvexo@mailinator.com', 'Consectetur qui sol', 'جيد', 'ضعيف (شكاوى متكررة)', 'غير محدد', 'بحالة جيدة', 'Distinctio Officia', 'لا يوجد فحص', 'Iste error temporibu', 'Praesentium sed earu', 'Eius praesentium lib', 'Optio quia ut quibu', 'نشط', '1971-01-05', '2026-04-13 12:55:12', '+1 (245) 136-4421', '+1 (511) 457-6755', 1),
(12, 4, 4, 'عبد القادر يحي', 'DR30', 'Callie Morris', 'بطاقة لاجئ', '861', '2008-09-12', NULL, NULL, '595', 'فئة د (شاحنات ثقيلة)', '1972-09-05', 'Eveniet tempore di', 'مثقاب/مكنة تخريم (Drill Machine), دوزر (Dozer), شاحنة قلابة (Dump Truck), ممهدة (Grader), معدات أخرى', 5, 1, 'خبير (5-10 سنوات)', 'Eaque sed dicta et d', 'Nemo enim omnis adip', 3, 'تابع للمورد/الوسيط', 'حسب المشروع', 12.00, 'byzylakeza@mailinator.com', 'Et veniam vel tempo', 'ضعيف', 'ممتاز (لا توجد شكاوى)', 'ثلاثة حوادث فأكثر (خطير)', 'غير محدد', 'Vero voluptas dolore', 'قديمة', 'Perferendis sequi re', 'Aut in commodi enim', 'Facilis deserunt par', 'Dolore dolor enim si', 'نشط', '2005-05-05', '2026-04-13 12:57:09', '+1 (989) 798-8604', '+1 (926) 976-8039', 1),
(13, 4, 4, 'عبد المنعم عبد الرحيم', 'DR31', 'Erin Nieves', 'بطاقة لاجئ', '285', '2001-12-13', NULL, NULL, '214', 'فئة د (شاحنات ثقيلة)', '2008-01-15', 'Dolor tempore dolor', 'دوزر (Dozer), شاحنة قلابة (Dump Truck), جرافة (Loader), معدات أخرى', 5, 1, 'متدرب (1-2 سنة)', 'Doloribus doloribus', 'Modi accusantium bla', 3, 'تابع للمورد/الوسيط', 'أسبوعي', 3.00, 'xypinebuqo@mailinator.com', 'Qui ea aliqua Sit', 'جيد', 'مقبول (بعض الشكاوى)', 'ثلاثة حوادث فأكثر (خطير)', 'بحالة مقبولة', 'Impedit irure exped', 'محدثة', 'Ipsum consequatur', 'Reiciendis nostrum l', 'Laboris sunt volupt', 'Anim aut aut asperio', 'نشط', '2013-09-10', '2026-04-13 12:58:57', '+1 (616) 127-4378', '+1 (646) 665-6012', 1),
(14, 4, 4, 'عثمان عبد الكريم', 'DR32', 'Anastasia Hewitt', 'بطاقة هوية وطنية', '761', '1994-12-18', NULL, NULL, '378', 'فئة أ (دراجات نارية)', '2013-09-28', 'Cillum ducimus anim', 'حفارة (Excavator), شاحنة تناكر/صهريج (Tanker Truck)', 5, 1, 'سيد حرفة (أكثر من 10 سنوات)', 'Ipsum voluptas temp', 'Architecto est exer', 3, 'مقاول مستقل', 'حسب الإنتاجية', 3.00, 'byvysur@mailinator.com', 'Excepturi impedit e', 'غير محدد', 'مقبول (بعض الشكاوى)', 'حادثان (متوسط)', 'غير محدد', 'Reiciendis aliqua O', 'قديمة', 'Delectus impedit m', 'Dignissimos nihil ea', 'Aperiam et ut itaque', 'Amet sunt rem ipsum', 'نشط', '2013-02-24', '2026-04-13 13:00:28', '+1 (613) 133-3777', '+1 (761) 824-4263', 1),
(15, 4, 4, 'كرم جبارة', 'DR33', 'Howard Fleming', 'بطاقة أخرى', '440', '1978-10-16', '', '', '876', 'متعددة الفئات', '2012-10-17', 'Vitae consequat Lab', 'حفارة (Excavator), مثقاب/مكنة تخريم (Drill Machine), شاحنة قلابة (Dump Truck), شاحنة تناكر/صهريج (Tanker Truck), ممهدة (Grader), معدات أخرى', 5, 1, 'مبتدئ (أقل من سنة)', 'Facere fugiat irure', 'Ut fugit quos alias', 3, 'تابع لشركة متخصصة في التشغيل', 'أسبوعي', 11.00, 'nyxe@mailinator.com', 'Dolor et consequatur', 'غير محدد', 'مقبول (بعض الشكاوى)', 'حادثان (متوسط)', 'بحالة جيدة', 'Delectus ea et repe', 'قديمة', 'Aliqua Molestiae qu', 'Enim tempore do sun', 'Id cum deserunt veli', 'Vero sed in molestia', 'نشط', '1970-02-16', '2026-04-13 13:01:41', '+1 (329) 275-8061', '+1 (135) 308-6085', 1),
(16, 4, 5, 'مجتبى إدريس', 'DR34', 'Lars Yates', 'رخصة قيادة', '147', '2025-08-19', '', '', '373', 'فئة د (شاحنات ثقيلة)', '1983-04-25', 'Enim sit dolorem do', 'مثقاب/مكنة تخريم (Drill Machine), دوزر (Dozer)', 5, 1, 'كفء (3-5 سنوات)', 'Sed sed nostrud eum', 'Quis vero molestias', 3, 'تابع للمورد/الوسيط', 'حسب الإنتاجية', 4.00, 'pojovogifi@mailinator.com', 'Aliqua Unde rerum d', 'ضعيف', 'ضعيف (شكاوى متكررة)', 'غير محدد', 'محتاج متابعة طبية', 'Ut quasi incididunt', 'قيد الفحص', 'Minim animi dolor l', 'Nulla quaerat cillum', 'Explicabo Tempore', 'Ullamco dolor quae m', 'نشط', '1984-12-30', '2026-04-13 13:03:16', '+1 (512) 131-4609', '+1 (797) 293-6917', 1),
(17, 4, 5, 'محمد بخيت', 'DR35', 'Bevis Holden', 'بطاقة هوية وطنية', '314', '1972-08-28', '', '', '402', 'فئة أ (دراجات نارية)', '1977-11-21', 'Id illo amet sed q', 'مثقاب/مكنة تخريم (Drill Machine), معدات أخرى', 5, 1, 'كفء (3-5 سنوات)', 'Non culpa autem elit', 'Possimus soluta sin', 3, 'تابع للمورد/الوسيط', 'حسب المشروع', 11.00, 'hyjok@mailinator.com', 'Aut harum velit dolo', 'ضعيف', 'ضعيف (شكاوى متكررة)', 'غير محدد', 'سليم تماماً', 'Velit consequatur V', 'قيد الفحص', 'Magnam eum quia inve', 'Similique elit volu', 'Exercitation animi', 'Laborum ut non nostr', 'نشط', '1986-04-29', '2026-04-13 13:04:47', '+1 (866) 829-4461', '+1 (177) 809-3388', 1),
(18, 4, 4, 'محمد فارس', 'DR36', 'Adam Buckner', 'جواز سفر', '977', '1987-08-08', '', '', '470', 'فئة ج (شاحنات خفيفة)', '2024-01-06', 'Nisi vitae eum quae', 'حفارة (Excavator), مثقاب/مكنة تخريم (Drill Machine), شاحنة قلابة (Dump Truck), معدات أخرى', 5, 1, 'سيد حرفة (أكثر من 10 سنوات)', 'Deserunt dolor conse', 'Asperiores eius atqu', 2, 'مقاول مستقل', 'حسب الإنتاجية', 3.00, 'risyzosy@mailinator.com', 'Aut ipsam vel unde o', 'مقبول', 'مقبول (بعض الشكاوى)', 'حادثان (متوسط)', 'سليم تماماً', 'Illum labore volupt', 'قديمة', 'Illo eos praesentiu', 'Et voluptatem magnam', 'Sed commodo non aper', 'Nobis ad qui duis ut', 'نشط', '1983-03-25', '2026-04-13 13:05:41', '+1 (591) 549-5872', '+1 (809) 954-7496', 1),
(19, 4, 4, 'محمد مضوي', 'DR37', 'Risa Holmes', 'رخصة قيادة', '334', '1995-02-28', NULL, NULL, '745', 'متعددة الفئات', '2021-01-18', 'Cupidatat assumenda', 'حفارة (Excavator), معدات أخرى', 5, 1, 'مبتدئ (أقل من سنة)', 'Reiciendis est saepe', 'Exercitationem conse', 3, 'تابع لشركة متخصصة في التشغيل', 'شهري', 7.00, 'kyjecu@mailinator.com', 'Cupiditate quidem co', 'غير محدد', 'مقبول (بعض الشكاوى)', 'حادثان (متوسط)', 'بحالة جيدة', 'Quos nemo quod hic o', 'لا يوجد فحص', 'Nihil nemo vel iste', 'In ut labore sint at', 'Aut eos at quo rerum', 'Et necessitatibus om', 'نشط', '2019-01-24', '2026-04-13 13:07:26', '+1 (296) 512-4095', '+1 (702) 423-8092', 1),
(20, 4, 4, 'محمود النيل', 'DR38', 'Kylynn Franklin', 'جواز سفر', '777', '2021-06-29', NULL, NULL, '221', 'فئة د (شاحنات ثقيلة)', '1987-07-27', 'Voluptatem Dolore a', 'جرافة (Loader), ممهدة (Grader), معدات أخرى', 5, 1, 'متدرب (1-2 سنة)', 'Doloribus officiis d', 'Laboris praesentium', 3, 'تابع لمالك المعدة مباشرة', 'حسب المشروع', 9.00, 'jyqozujyc@mailinator.com', 'Id iste explicabo U', 'ممتاز', 'غير محدد', 'ثلاثة حوادث فأكثر (خطير)', 'محتاج متابعة طبية', 'Et animi repudianda', 'محدثة', 'Praesentium natus no', 'In sunt enim vel est', 'Sit rerum dignissimo', 'Quis alias veritatis', 'نشط', '2004-04-20', '2026-04-13 13:08:49', '+1 (749) 684-7125', '+1 (362) 986-7752', 1),
(21, 4, 4, 'نصر الدين يحيا', 'DR39', 'Eden Hogan', 'بطاقة أخرى', '994', '1976-11-11', NULL, NULL, '680', 'فئة د (شاحنات ثقيلة)', '1982-06-13', 'Accusantium in Nam m', 'دوزر (Dozer), جرافة (Loader), ممهدة (Grader)', 5, 1, 'متدرب (1-2 سنة)', 'Omnis eum nisi odit', 'Vero ut illo deserun', 3, 'مقاول مستقل', 'شهري', 6.00, 'hymog@mailinator.com', 'Eum reprehenderit a', 'غير محدد', 'ممتاز (لا توجد شكاوى)', 'غير محدد', 'غير محدد', 'Eveniet rerum nobis', 'محدثة', 'Nostrum ea maiores d', 'Nobis voluptatem Ex', 'Perspiciatis incidu', 'Dolore eiusmod culpa', 'نشط', '2011-08-15', '2026-04-13 13:09:57', '+1 (352) 765-2112', '+1 (449) 191-6255', 1),
(22, 4, 4, 'ياسر جبارة', 'DR40', 'Theodore Wyatt', 'بطاقة لاجئ', '309', '1990-08-20', NULL, NULL, '190', 'فئة أ (دراجات نارية)', '2002-07-04', 'Inventore vero tenet', 'شاحنة قلابة (Dump Truck), ممهدة (Grader), معدات أخرى', 5, 1, 'كفء (3-5 سنوات)', 'Voluptate velit repr', 'Dolor eveniet dolor', 3, 'تابع للمورد/الوسيط', 'حسب الإنتاجية', 7.00, 'xyfiwota@mailinator.com', 'Quis repellendus Qu', 'جيد', 'غير محدد', 'حادثان (متوسط)', 'سليم تماماً', 'Aut sunt velit molli', 'محدثة', 'Id possimus autem i', 'Id modi aspernatur', 'Ab cumque nostrum la', 'Minus necessitatibus', 'نشط', '1983-02-10', '2026-04-13 13:10:50', '+1 (877) 981-3484', '+1 (416) 454-2556', 1),
(23, 4, 4, 'جديد فضل جديد', '131355', 'جديد', 'بطاقة هوية وطنية', '3132131331', '2026-05-08', '', '', '61313', 'فئة د (شاحنات ثقيلة)', '2026-05-03', 'مرور عطبرة', 'حفارة (Excavator), دوزر (Dozer), جرافة (Loader)', 8, 5, 'كفء (3-5 سنوات)', '', 'شركة صابركو', 5, 'تابع لمالك المعدة مباشرة', 'شهري', 1000.00, 'sudan@gmail.com', 'الخناق', 'جيد جداً', 'ممتاز (لا توجد شكاوى)', 'نظيف (لا توجد حوادث)', 'سليم تماماً', '', 'محدثة', 'دال للتعدين', '4', '', '', 'نشط', '2025-09-08', '2026-04-28 11:34:00', '6531533161', '532121235855', 1),
(24, 4, 5, 'على فضل الله', '946513', 'على', '', '3132131331', '2026-05-08', '', '', '61313', '', '2026-05-03', 'مرور عطبرة', 'شاحنة قلابة (Dump Truck), شاحنة تناكر/صهريج (Tanker Truck)', 8, 5, '', '', 'عمر هشام', 6, 'تابع لمالك المعدة مباشرة', 'شهري', 700.00, 'sudan@gmail.com', '', 'ممتاز', 'ممتاز (لا توجد شكاوى)', 'نظيف (لا توجد حوادث)', 'سليم تماماً', '', 'قديمة', 'دال للتعدين', '2', '', '', 'نشط', '2025-09-08', '2026-04-28 11:37:12', '6531533161', '5664+5+', 1),
(25, 4, 5, 'حيدر محمد أحمد', '89465132', 'حيدر', 'بطاقة هوية وطنية', '3132131331', '2026-05-08', '', '', '61313', '', '2026-05-03', 'مرور عطبرة', 'شاحنة قلابة (Dump Truck), شاحنة تناكر/صهريج (Tanker Truck)', 8, 5, 'خبير (5-10 سنوات)', '', 'عمر هشام', 6, 'تابع لمالك المعدة مباشرة', 'شهري', 700.00, 'sudan@gmail.com', '', 'ممتاز', 'ممتاز (لا توجد شكاوى)', 'حادث واحد (طفيف)', 'سليم تماماً', '', 'لا يوجد فحص', 'دال للتعدين', '3', '', '', 'نشط', '2025-09-08', '2026-04-28 11:39:31', '6531533161', '', 1),
(26, 4, 4, 'محمد أحمد علي', 'DRV-0001', '', '', '', NULL, '', '', '', '', '2027-01-01', '', '', NULL, NULL, '', '', '', NULL, '', '', NULL, '', '', '', '', '', '', '', '', '', '', '', '', 'نشط', NULL, '2026-06-06 10:16:18', '249912345678', '', 1),
(27, 4, 4, 'مروان', 'DRV-0001-3', '', '', '', NULL, '', '', '', '', '2027-01-01', '', '', NULL, NULL, '', '', '', NULL, '', '', NULL, '', '', '', '', '', '', '', '', '', '', '', '', 'نشط', NULL, '2026-06-06 10:16:18', '249912345678', '', 1),
(28, 4, 4, 'Madonna Hewitt', 'Fugit veniam bland', 'Stacy Miles', 'بطاقة أخرى', '723', '1987-01-10', '', '', '591', 'فئة ج (شاحنات خفيفة)', '2016-02-09', 'Non laborum eiusmod', 'حفارة (Excavator), مثقاب/مكنة تخريم (Drill Machine), شاحنة تناكر/صهريج (Tanker Truck)', NULL, NULL, 'كفء (3-5 سنوات)', 'Obcaecati temporibus', 'Consequatur elit n', 8, 'تابع للمورد/الوسيط', 'شهري', 5.00, 'kyvykyqa@mailinator.com', 'Ut qui nostrum nostr', 'ممتاز', 'جيد (شكاوى نادرة)', 'نظيف (لا توجد حوادث)', 'غير محدد', 'Magnam consequatur', 'قديمة', 'Veniam quidem et no', 'Pariatur Sed aut do', 'Quaerat incidunt ip', 'Rerum earum ipsam la', 'مفصول', '1981-12-19', '2026-06-09 12:50:59', '+1 (706) 711-3047', '+1 (275) 107-3097', 1);

-- --------------------------------------------------------

--
-- Table structure for table `driver_contract_notes`
--

CREATE TABLE `driver_contract_notes` (
  `id` int(11) NOT NULL,
  `company_id` int(11) DEFAULT NULL,
  `contract_id` int(11) NOT NULL COMMENT 'معرف عقد السائق',
  `note` text NOT NULL COMMENT 'الملاحظة أو الإجراء المتخذ',
  `created_at` timestamp NOT NULL DEFAULT current_timestamp() COMMENT 'تاريخ الإضافة'
) ENGINE=InnoDB DEFAULT CHARSET=utf8mb4 COLLATE=utf8mb4_unicode_ci COMMENT='سجل التدقيق لإجراءات عقود السائقين';

-- --------------------------------------------------------

--
-- Table structure for table `employees`
--

CREATE TABLE `employees` (
  `id` int(11) NOT NULL,
  `employee_type` varchar(40) NOT NULL DEFAULT 'سائق/مشغّل',
  `company_id` int(11) DEFAULT NULL,
  `project_id` int(11) DEFAULT NULL,
  `name` varchar(255) NOT NULL,
  `employee_code` varchar(50) DEFAULT NULL,
  `nickname` varchar(255) DEFAULT NULL COMMENT 'اسم الشهرة/الكنية',
  `identity_type` varchar(50) DEFAULT NULL COMMENT 'نوع الهوية',
  `identity_number` varchar(100) DEFAULT NULL COMMENT 'رقم الهوية',
  `identity_expiry_date` date DEFAULT NULL COMMENT 'تاريخ انتهاء الهوية',
  `employee_photo` varchar(255) DEFAULT NULL,
  `identity_photo` varchar(255) DEFAULT NULL,
  `license_number` varchar(100) DEFAULT NULL COMMENT 'رقم رخصة القيادة',
  `license_type` varchar(100) DEFAULT NULL COMMENT 'نوع رخصة القيادة',
  `license_expiry_date` date DEFAULT NULL COMMENT 'تاريخ انتهاء رخصة القيادة',
  `license_issuer` varchar(255) DEFAULT NULL COMMENT 'جهة إصدار الرخصة',
  `specialized_equipment` mediumtext DEFAULT NULL COMMENT 'نوع المعدة المتخصص فيها (متعدد)',
  `years_in_field` int(11) DEFAULT NULL COMMENT 'سنوات العمل في المجال',
  `years_on_equipment` int(11) DEFAULT NULL COMMENT 'سنوات العمل على هذا النوع من المعدات',
  `skill_level` varchar(50) DEFAULT NULL COMMENT 'مستوى الكفاءة المهنية',
  `certificates` mediumtext DEFAULT NULL COMMENT 'الشهادات والتدريبات',
  `owner_supervisor` varchar(255) DEFAULT NULL COMMENT 'اسم المالك/المشرف المباشر',
  `supplier_id` int(11) DEFAULT NULL COMMENT 'المورد الذي يعمل معه',
  `employment_affiliation` varchar(100) DEFAULT NULL COMMENT 'تبعية المشغل',
  `salary_type` varchar(50) DEFAULT NULL COMMENT 'نوع الراتب/الأجر',
  `monthly_salary` decimal(10,2) DEFAULT NULL COMMENT 'المبلغ الشهري التقريبي',
  `email` varchar(255) DEFAULT NULL COMMENT 'البريد الإلكتروني',
  `address` mediumtext DEFAULT NULL COMMENT 'العنوان',
  `performance_rating` varchar(50) DEFAULT NULL COMMENT 'تقييم الكفاءة التشغيلية',
  `behavior_record` varchar(50) DEFAULT NULL COMMENT 'سجل السلوك والانضباط',
  `accident_record` varchar(50) DEFAULT NULL COMMENT 'سجل الحوادث والأعطال',
  `health_status` varchar(50) DEFAULT NULL COMMENT 'الحالة الصحية',
  `health_issues` mediumtext DEFAULT NULL COMMENT 'المشاكل الصحية المعروفة',
  `vaccinations_status` varchar(50) DEFAULT NULL COMMENT 'التطعيمات والفحوصات',
  `previous_employer` varchar(255) DEFAULT NULL COMMENT 'اسم جهة التوظيف السابقة',
  `employment_duration` varchar(100) DEFAULT NULL COMMENT 'مدة العمل معهم',
  `reference_contact` varchar(255) DEFAULT NULL COMMENT 'مرجع للاتصال',
  `general_notes` mediumtext DEFAULT NULL COMMENT 'ملاحظات عامة',
  `employee_status` varchar(50) DEFAULT '???',
  `start_date` date DEFAULT NULL COMMENT 'تاريخ البدء الفعلي',
  `created_at` timestamp NULL DEFAULT current_timestamp() COMMENT 'تاريخ التسجيل في النظام',
  `phone` varchar(255) NOT NULL,
  `phone_alternative` varchar(50) DEFAULT NULL COMMENT 'رقم هاتف بديل',
  `status` tinyint(1) DEFAULT 1,
  `birth_date` date DEFAULT NULL,
  `nationality` varchar(80) DEFAULT NULL,
  `blood_type` varchar(8) DEFAULT NULL,
  `whatsapp` varchar(50) DEFAULT NULL,
  `emergency_contact_name` varchar(150) DEFAULT NULL,
  `emergency_contact_relation` varchar(80) DEFAULT NULL,
  `emergency_contact_phone` varchar(50) DEFAULT NULL,
  `license_issue_date` date DEFAULT NULL,
  `license_grade` varchar(40) DEFAULT NULL,
  `license_photo` varchar(255) DEFAULT NULL,
  `medical_report_path` varchar(255) DEFAULT NULL
) ENGINE=InnoDB DEFAULT CHARSET=utf8mb4 COLLATE=utf8mb4_unicode_ci;

--
-- Dumping data for table `employees`
--

INSERT INTO `employees` (`id`, `employee_type`, `company_id`, `project_id`, `name`, `employee_code`, `nickname`, `identity_type`, `identity_number`, `identity_expiry_date`, `employee_photo`, `identity_photo`, `license_number`, `license_type`, `license_expiry_date`, `license_issuer`, `specialized_equipment`, `years_in_field`, `years_on_equipment`, `skill_level`, `certificates`, `owner_supervisor`, `supplier_id`, `employment_affiliation`, `salary_type`, `monthly_salary`, `email`, `address`, `performance_rating`, `behavior_record`, `accident_record`, `health_status`, `health_issues`, `vaccinations_status`, `previous_employer`, `employment_duration`, `reference_contact`, `general_notes`, `employee_status`, `start_date`, `created_at`, `phone`, `phone_alternative`, `status`, `birth_date`, `nationality`, `blood_type`, `whatsapp`, `emergency_contact_name`, `emergency_contact_relation`, `emergency_contact_phone`, `license_issue_date`, `license_grade`, `license_photo`, `medical_report_path`) VALUES
(1, 'سائق/مشغّل', 4, 5, 'محمد سيد', 'DR1', 'Linda Workman', 'بطاقة هوية وطنية', '939', '1976-08-07', '', '', '661', 'فئة د (شاحنات ثقيلة)', '2007-11-30', 'Saepe nisi hic et se', 'حفارة (Excavator), دوزر (Dozer), شاحنة تناكر/صهريج (Tanker Truck), معدات أخرى', 4, 3, 'سيد حرفة (أكثر من 10 سنوات)', 'Dolorem ad maxime qu', 'Duis non autem paria', 1, 'تابع للمورد/الوسيط', 'يومي', 12.00, 'hefade@mailinator.com', 'Rerum dignissimos mo', 'جيد جداً', 'مقبول (بعض الشكاوى)', 'غير محدد', 'محتاج متابعة طبية', 'Mollitia corporis oc', 'قديمة', 'Non optio est et ma', 'Quisquam laudantium', 'Dolorem et laboriosa', 'Facere aliquid obcae', 'نشط', '1994-05-07', '2026-04-07 12:39:24', '+1 (165) 293-2817', '+1 (433) 539-7514', 1, NULL, NULL, NULL, NULL, NULL, NULL, NULL, NULL, NULL, NULL, NULL),
(2, 'سائق/مشغّل', 4, 4, 'حسن سيد حسن', 'DR2', 'Halee Hancock', 'رخصة قيادة', '590', '1985-01-22', NULL, NULL, '79', 'فئة د (شاحنات ثقيلة)', '2002-05-10', 'Sed id delectus mol', 'حفارة (Excavator), دوزر (Dozer), شاحنة قلابة (Dump Truck), جرافة (Loader), ممهدة (Grader)', 3, 2, 'خبير (5-10 سنوات)', 'Cumque consequatur', 'Fugit anim minus id', 1, 'تابع لشركة متخصصة في التشغيل', 'حسب المشروع', 8.00, 'zusatipyx@mailinator.com', 'Ad eveniet aut volu', 'ممتاز', 'غير محدد', 'غير محدد', 'سليم تماماً', 'Pariatur A est eius', 'محدثة', 'Eos similique ea sus', 'Ea quis in excepturi', 'Qui ut voluptas poss', 'Aut laborum Ut sequ', 'نشط', '1990-05-29', '2026-04-07 12:40:06', '+1 (743) 975-1092', '+1 (834) 162-7231', 1, NULL, NULL, NULL, NULL, NULL, NULL, NULL, NULL, NULL, NULL, NULL),
(3, 'سائق/مشغّل', 4, 4, 'ابو بكر محمود', 'DR21', 'بكري', 'رخصة قيادة', '405', '1974-12-22', NULL, NULL, '135', 'فئة ج (شاحنات خفيفة)', '1981-02-24', 'Error accusamus fugi', 'حفارة (Excavator), مثقاب/مكنة تخريم (Drill Machine), دوزر (Dozer), شاحنة تناكر/صهريج (Tanker Truck), معدات أخرى', 2, 1, 'مبتدئ (أقل من سنة)', 'Est est doloremque d', 'Voluptas doloribus v', 3, 'تابع لمالك المعدة مباشرة', 'أسبوعي', 12.00, 'xytemyke@mailinator.com', 'Quae aliquip aut eum', 'مقبول', 'غير محدد', 'نظيف (لا توجد حوادث)', 'غير محدد', 'Occaecat et dolor ir', 'محدثة', 'Nihil molestias nesc', 'Similique voluptatum', 'Voluptatem sint est', 'Delectus repellendu', 'نشط', '1994-05-11', '2026-04-13 12:21:46', '+1 (285) 112-7987', '+1 (304) 799-2794', 1, NULL, NULL, NULL, NULL, NULL, NULL, NULL, NULL, NULL, NULL, NULL),
(4, 'سائق/مشغّل', 4, 4, 'احمد الريح', 'DR22', 'حمادة', 'بطاقة أخرى', '601', '2017-04-20', NULL, NULL, '578', 'فئة ج (شاحنات خفيفة)', '2021-11-25', 'Dolores nihil numqua', 'شاحنة قلابة (Dump Truck), ممهدة (Grader)', 5, 1, 'كفء (3-5 سنوات)', 'Non irure tempora el', 'Aut adipisicing numq', 3, 'تابع لشركة متخصصة في التشغيل', 'شهري', 6.00, 'guben@mailinator.com', 'Qui ut ut sequi simi', 'مقبول', 'مقبول (بعض الشكاوى)', 'نظيف (لا توجد حوادث)', 'غير محدد', 'Iusto numquam mollit', 'قديمة', 'Quia minima atque ev', 'Rerum cum voluptates', 'Cumque voluptate dol', 'Est debitis fugit e', 'نشط', '1970-07-13', '2026-04-13 12:23:21', '+1 (361) 805-8787', '+1 (381) 487-3832', 1, NULL, NULL, NULL, NULL, NULL, NULL, NULL, NULL, NULL, NULL, NULL),
(5, 'سائق/مشغّل', 4, 4, 'ايوب عبد الواحد', 'DR23', 'ايوب', 'بطاقة أخرى', '150', '1987-03-24', NULL, NULL, '993', 'فئة ج (شاحنات خفيفة)', '2000-06-04', 'Est officia laboris', 'مثقاب/مكنة تخريم (Drill Machine), شاحنة تناكر/صهريج (Tanker Truck), معدات أخرى', 5, 1, 'كفء (3-5 سنوات)', 'Fugit qui veniam e', 'Sed quaerat pariatur', 3, 'تابع للمورد/الوسيط', 'شهري', 1.00, 'dyzy@mailinator.com', 'Inventore vero aut a', 'ممتاز', 'ضعيف (شكاوى متكررة)', 'غير محدد', 'محتاج متابعة طبية', 'Aut sed veniam ipsu', 'قيد الفحص', 'Rerum dolorem conseq', 'Dolor quasi assumend', 'Nostrud quia eiusmod', 'Qui voluptate quae s', 'نشط', '1983-01-09', '2026-04-13 12:25:09', '+1 (349) 884-9487', '+1 (781) 369-9738', 1, NULL, NULL, NULL, NULL, NULL, NULL, NULL, NULL, NULL, NULL, NULL),
(6, 'سائق/مشغّل', 4, 4, 'بشير عبد الله', 'DR24', 'Jin Petersen', 'بطاقة لاجئ', '245', '2007-12-25', NULL, NULL, '563', 'فئة ب (سيارات خصوصية)', '1989-04-14', 'Voluptas saepe recus', 'شاحنة تناكر/صهريج (Tanker Truck), جرافة (Loader), معدات أخرى', 5, 3, 'كفء (3-5 سنوات)', 'Sint ipsa voluptate', 'Omnis sed sint et di', 3, 'تابع لشركة متخصصة في التشغيل', 'أسبوعي', 9.00, 'jupe@mailinator.com', 'Cum possimus sunt a', 'ممتاز', 'مقبول (بعض الشكاوى)', 'حادث واحد (طفيف)', 'محتاج متابعة طبية', 'Aspernatur culpa eli', 'قيد الفحص', 'Aute ut similique ad', 'Ea est asperiores vo', 'Ut deserunt error du', 'Repellendus Suscipi', 'نشط', '1978-05-02', '2026-04-13 12:26:27', '+1 (696) 738-8861', '+1 (274) 962-9936', 1, NULL, NULL, NULL, NULL, NULL, NULL, NULL, NULL, NULL, NULL, NULL),
(7, 'سائق/مشغّل', 4, 4, 'تاي الله', 'DR25', 'Barbara Hill', 'جواز سفر', '919', '1978-03-08', NULL, NULL, '286', 'فئة د (شاحنات ثقيلة)', '1978-05-27', 'Optio quia consequa', 'شاحنة قلابة (Dump Truck)', 5, 2, 'مبتدئ (أقل من سنة)', 'Culpa mollit earum e', 'Quis ex delectus di', 3, 'تابع لشركة متخصصة في التشغيل', 'حسب المشروع', 10.00, 'feko@mailinator.com', 'Incididunt dolorum s', 'مقبول', 'ضعيف (شكاوى متكررة)', 'نظيف (لا توجد حوادث)', 'غير محدد', 'Maiores facere est i', 'قديمة', 'Quia do laborum Eni', 'Do maxime nisi volup', 'Neque sit dolor sun', 'Dolor rem et harum r', 'نشط', '1973-07-05', '2026-04-13 12:27:40', '+1 (801) 524-8878', '+1 (736) 791-9272', 1, NULL, NULL, NULL, NULL, NULL, NULL, NULL, NULL, NULL, NULL, NULL),
(8, 'سائق/مشغّل', 4, 4, 'حسين موسى', 'DR26', 'Kiayada Nielsen', 'جواز سفر', '992', '2025-06-01', NULL, NULL, '339', 'فئة أ (دراجات نارية)', '2010-11-17', 'Laborum Laborum vol', 'مثقاب/مكنة تخريم (Drill Machine), شاحنة قلابة (Dump Truck), شاحنة تناكر/صهريج (Tanker Truck)', 5, 1, 'سيد حرفة (أكثر من 10 سنوات)', 'Nostrud irure elit', 'Distinctio Dicta ni', 3, 'تابع لشركة متخصصة في التشغيل', 'شهري', 11.00, 'fujetike@mailinator.com', 'Obcaecati ea dolore', 'جيد جداً', 'ضعيف (شكاوى متكررة)', 'نظيف (لا توجد حوادث)', 'محتاج متابعة طبية', 'Reprehenderit duis', 'لا يوجد فحص', 'Laudantium dolorem', 'Cillum ea hic rerum', 'Eaque est quas lauda', 'Voluptas enim et quo', 'نشط', '2012-07-11', '2026-04-13 12:49:18', '+1 (951) 455-3516', '+1 (978) 573-6838', 1, NULL, NULL, NULL, NULL, NULL, NULL, NULL, NULL, NULL, NULL, NULL),
(9, 'سائق/مشغّل', 4, 4, 'سعيد محمد', 'DR27', 'Moses Chan', 'بطاقة هوية وطنية', '222', '1982-06-25', NULL, NULL, '853', 'فئة د (شاحنات ثقيلة)', '2009-10-06', 'Quidem eos repudiand', 'حفارة (Excavator), شاحنة تناكر/صهريج (Tanker Truck), جرافة (Loader), ممهدة (Grader)', 5, 1, 'كفء (3-5 سنوات)', 'Ea harum facere quid', 'Est dolorum delectu', 3, 'تابع لشركة متخصصة في التشغيل', 'شهري', 2.00, 'misirenir@mailinator.com', 'Obcaecati exercitati', 'مقبول', 'مقبول (بعض الشكاوى)', 'ثلاثة حوادث فأكثر (خطير)', 'بحالة مقبولة', 'Voluptatem enim mini', 'محدثة', 'Repudiandae sint aut', 'Fuga Reiciendis eni', 'Nisi nostrum cumque', 'Eos fugiat aliquam n', 'نشط', '2002-10-21', '2026-04-13 12:50:46', '+1 (438) 926-8717', '+1 (592) 116-7516', 1, NULL, NULL, NULL, NULL, NULL, NULL, NULL, NULL, NULL, NULL, NULL),
(10, 'سائق/مشغّل', 4, 4, 'سليمان علي', 'DR28', 'Ray Lara', 'جواز سفر', '808', '1999-08-17', NULL, NULL, '266', 'فئة د (شاحنات ثقيلة)', '1996-09-28', 'Modi exercitationem', 'مثقاب/مكنة تخريم (Drill Machine), دوزر (Dozer), شاحنة قلابة (Dump Truck), جرافة (Loader), معدات أخرى', 5, 1, 'متدرب (1-2 سنة)', 'Est saepe est simili', 'Id adipisicing volup', 3, 'تابع لمالك المعدة مباشرة', 'أسبوعي', 3.00, 'giwomag@mailinator.com', 'Nostrum cum consequu', 'جيد', 'ضعيف (شكاوى متكررة)', 'نظيف (لا توجد حوادث)', 'بحالة مقبولة', 'Facilis occaecat ali', 'محدثة', 'Dolor id hic impedit', 'Aliquam reprehenderi', 'Possimus enim proid', 'Earum alias alias eu', 'نشط', '1992-09-14', '2026-04-13 12:53:00', '+1 (329) 526-6034', '+1 (861) 471-6545', 1, NULL, NULL, NULL, NULL, NULL, NULL, NULL, NULL, NULL, NULL, NULL),
(11, 'سائق/مشغّل', 4, 4, 'عبد الغني الدود', 'DR29', 'Lucy Shaffer', 'بطاقة لاجئ', '230', '2021-04-19', NULL, NULL, '290', 'غير محدد', '2018-04-20', 'Eum dolor beatae ver', 'دوزر (Dozer), شاحنة قلابة (Dump Truck), شاحنة تناكر/صهريج (Tanker Truck), معدات أخرى', 5, 1, 'سيد حرفة (أكثر من 10 سنوات)', 'Corporis voluptas co', 'Doloribus dolor sed', 3, 'تابع للمورد/الوسيط', 'شهري', 9.00, 'tyvexo@mailinator.com', 'Consectetur qui sol', 'جيد', 'ضعيف (شكاوى متكررة)', 'غير محدد', 'بحالة جيدة', 'Distinctio Officia', 'لا يوجد فحص', 'Iste error temporibu', 'Praesentium sed earu', 'Eius praesentium lib', 'Optio quia ut quibu', 'نشط', '1971-01-05', '2026-04-13 12:55:12', '+1 (245) 136-4421', '+1 (511) 457-6755', 1, NULL, NULL, NULL, NULL, NULL, NULL, NULL, NULL, NULL, NULL, NULL),
(12, 'سائق/مشغّل', 4, 4, 'عبد القادر يحي', 'DR30', 'Callie Morris', 'بطاقة لاجئ', '861', '2008-09-12', NULL, NULL, '595', 'فئة د (شاحنات ثقيلة)', '1972-09-05', 'Eveniet tempore di', 'مثقاب/مكنة تخريم (Drill Machine), دوزر (Dozer), شاحنة قلابة (Dump Truck), ممهدة (Grader), معدات أخرى', 5, 1, 'خبير (5-10 سنوات)', 'Eaque sed dicta et d', 'Nemo enim omnis adip', 3, 'تابع للمورد/الوسيط', 'حسب المشروع', 12.00, 'byzylakeza@mailinator.com', 'Et veniam vel tempo', 'ضعيف', 'ممتاز (لا توجد شكاوى)', 'ثلاثة حوادث فأكثر (خطير)', 'غير محدد', 'Vero voluptas dolore', 'قديمة', 'Perferendis sequi re', 'Aut in commodi enim', 'Facilis deserunt par', 'Dolore dolor enim si', 'نشط', '2005-05-05', '2026-04-13 12:57:09', '+1 (989) 798-8604', '+1 (926) 976-8039', 1, NULL, NULL, NULL, NULL, NULL, NULL, NULL, NULL, NULL, NULL, NULL),
(13, 'سائق/مشغّل', 4, 4, 'عبد المنعم عبد الرحيم', 'DR31', 'Erin Nieves', 'بطاقة لاجئ', '285', '2001-12-13', NULL, NULL, '214', 'فئة د (شاحنات ثقيلة)', '2008-01-15', 'Dolor tempore dolor', 'دوزر (Dozer), شاحنة قلابة (Dump Truck), جرافة (Loader), معدات أخرى', 5, 1, 'متدرب (1-2 سنة)', 'Doloribus doloribus', 'Modi accusantium bla', 3, 'تابع للمورد/الوسيط', 'أسبوعي', 3.00, 'xypinebuqo@mailinator.com', 'Qui ea aliqua Sit', 'جيد', 'مقبول (بعض الشكاوى)', 'ثلاثة حوادث فأكثر (خطير)', 'بحالة مقبولة', 'Impedit irure exped', 'محدثة', 'Ipsum consequatur', 'Reiciendis nostrum l', 'Laboris sunt volupt', 'Anim aut aut asperio', 'نشط', '2013-09-10', '2026-04-13 12:58:57', '+1 (616) 127-4378', '+1 (646) 665-6012', 1, NULL, NULL, NULL, NULL, NULL, NULL, NULL, NULL, NULL, NULL, NULL),
(14, 'سائق/مشغّل', 4, 4, 'عثمان عبد الكريم', 'DR32', 'Anastasia Hewitt', 'بطاقة هوية وطنية', '761', '1994-12-18', NULL, NULL, '378', 'فئة أ (دراجات نارية)', '2013-09-28', 'Cillum ducimus anim', 'حفارة (Excavator), شاحنة تناكر/صهريج (Tanker Truck)', 5, 1, 'سيد حرفة (أكثر من 10 سنوات)', 'Ipsum voluptas temp', 'Architecto est exer', 3, 'مقاول مستقل', 'حسب الإنتاجية', 3.00, 'byvysur@mailinator.com', 'Excepturi impedit e', 'غير محدد', 'مقبول (بعض الشكاوى)', 'حادثان (متوسط)', 'غير محدد', 'Reiciendis aliqua O', 'قديمة', 'Delectus impedit m', 'Dignissimos nihil ea', 'Aperiam et ut itaque', 'Amet sunt rem ipsum', 'نشط', '2013-02-24', '2026-04-13 13:00:28', '+1 (613) 133-3777', '+1 (761) 824-4263', 1, NULL, NULL, NULL, NULL, NULL, NULL, NULL, NULL, NULL, NULL, NULL),
(15, 'سائق/مشغّل', 4, 4, 'كرم جبارة', 'DR33', 'Howard Fleming', 'بطاقة أخرى', '440', '1978-10-16', '', '', '876', 'متعددة الفئات', '2012-10-17', 'Vitae consequat Lab', 'حفارة (Excavator), مثقاب/مكنة تخريم (Drill Machine), شاحنة قلابة (Dump Truck), شاحنة تناكر/صهريج (Tanker Truck), ممهدة (Grader), معدات أخرى', 5, 1, 'مبتدئ (أقل من سنة)', 'Facere fugiat irure', 'Ut fugit quos alias', 3, 'تابع لشركة متخصصة في التشغيل', 'أسبوعي', 11.00, 'nyxe@mailinator.com', 'Dolor et consequatur', 'غير محدد', 'مقبول (بعض الشكاوى)', 'حادثان (متوسط)', 'بحالة جيدة', 'Delectus ea et repe', 'قديمة', 'Aliqua Molestiae qu', 'Enim tempore do sun', 'Id cum deserunt veli', 'Vero sed in molestia', 'نشط', '1970-02-16', '2026-04-13 13:01:41', '+1 (329) 275-8061', '+1 (135) 308-6085', 1, NULL, NULL, NULL, NULL, NULL, NULL, NULL, NULL, NULL, NULL, NULL),
(16, 'سائق/مشغّل', 4, 5, 'مجتبى إدريس', 'DR34', 'Lars Yates', 'رخصة قيادة', '147', '2025-08-19', '', '', '373', 'فئة د (شاحنات ثقيلة)', '1983-04-25', 'Enim sit dolorem do', 'مثقاب/مكنة تخريم (Drill Machine), دوزر (Dozer)', 5, 1, 'كفء (3-5 سنوات)', 'Sed sed nostrud eum', 'Quis vero molestias', 3, 'تابع للمورد/الوسيط', 'حسب الإنتاجية', 4.00, 'pojovogifi@mailinator.com', 'Aliqua Unde rerum d', 'ضعيف', 'ضعيف (شكاوى متكررة)', 'غير محدد', 'محتاج متابعة طبية', 'Ut quasi incididunt', 'قيد الفحص', 'Minim animi dolor l', 'Nulla quaerat cillum', 'Explicabo Tempore', 'Ullamco dolor quae m', 'نشط', '1984-12-30', '2026-04-13 13:03:16', '+1 (512) 131-4609', '+1 (797) 293-6917', 1, NULL, NULL, NULL, NULL, NULL, NULL, NULL, NULL, NULL, NULL, NULL),
(17, 'سائق/مشغّل', 4, 5, 'محمد بخيت', 'DR35', 'Bevis Holden', 'بطاقة هوية وطنية', '314', '1972-08-28', '', '', '402', 'فئة أ (دراجات نارية)', '1977-11-21', 'Id illo amet sed q', 'مثقاب/مكنة تخريم (Drill Machine), معدات أخرى', 5, 1, 'كفء (3-5 سنوات)', 'Non culpa autem elit', 'Possimus soluta sin', 3, 'تابع للمورد/الوسيط', 'حسب المشروع', 11.00, 'hyjok@mailinator.com', 'Aut harum velit dolo', 'ضعيف', 'ضعيف (شكاوى متكررة)', 'غير محدد', 'سليم تماماً', 'Velit consequatur V', 'قيد الفحص', 'Magnam eum quia inve', 'Similique elit volu', 'Exercitation animi', 'Laborum ut non nostr', 'نشط', '1986-04-29', '2026-04-13 13:04:47', '+1 (866) 829-4461', '+1 (177) 809-3388', 1, NULL, NULL, NULL, NULL, NULL, NULL, NULL, NULL, NULL, NULL, NULL),
(18, 'سائق/مشغّل', 4, 4, 'محمد فارس', 'DR36', 'Adam Buckner', 'جواز سفر', '977', '1987-08-08', '', '', '470', 'فئة ج (شاحنات خفيفة)', '2024-01-06', 'Nisi vitae eum quae', 'حفارة (Excavator), مثقاب/مكنة تخريم (Drill Machine), شاحنة قلابة (Dump Truck), معدات أخرى', 5, 1, 'سيد حرفة (أكثر من 10 سنوات)', 'Deserunt dolor conse', 'Asperiores eius atqu', 2, 'مقاول مستقل', 'حسب الإنتاجية', 3.00, 'risyzosy@mailinator.com', 'Aut ipsam vel unde o', 'مقبول', 'مقبول (بعض الشكاوى)', 'حادثان (متوسط)', 'سليم تماماً', 'Illum labore volupt', 'قديمة', 'Illo eos praesentiu', 'Et voluptatem magnam', 'Sed commodo non aper', 'Nobis ad qui duis ut', 'نشط', '1983-03-25', '2026-04-13 13:05:41', '+1 (591) 549-5872', '+1 (809) 954-7496', 1, NULL, NULL, NULL, NULL, NULL, NULL, NULL, NULL, NULL, NULL, NULL),
(19, 'سائق/مشغّل', 4, 4, 'محمد مضوي', 'DR37', 'Risa Holmes', 'رخصة قيادة', '334', '1995-02-28', NULL, NULL, '745', 'متعددة الفئات', '2021-01-18', 'Cupidatat assumenda', 'حفارة (Excavator), معدات أخرى', 5, 1, 'مبتدئ (أقل من سنة)', 'Reiciendis est saepe', 'Exercitationem conse', 3, 'تابع لشركة متخصصة في التشغيل', 'شهري', 7.00, 'kyjecu@mailinator.com', 'Cupiditate quidem co', 'غير محدد', 'مقبول (بعض الشكاوى)', 'حادثان (متوسط)', 'بحالة جيدة', 'Quos nemo quod hic o', 'لا يوجد فحص', 'Nihil nemo vel iste', 'In ut labore sint at', 'Aut eos at quo rerum', 'Et necessitatibus om', 'نشط', '2019-01-24', '2026-04-13 13:07:26', '+1 (296) 512-4095', '+1 (702) 423-8092', 1, NULL, NULL, NULL, NULL, NULL, NULL, NULL, NULL, NULL, NULL, NULL),
(20, 'سائق/مشغّل', 4, 4, 'محمود النيل', 'DR38', 'Kylynn Franklin', 'جواز سفر', '777', '2021-06-29', NULL, NULL, '221', 'فئة د (شاحنات ثقيلة)', '1987-07-27', 'Voluptatem Dolore a', 'جرافة (Loader), ممهدة (Grader), معدات أخرى', 5, 1, 'متدرب (1-2 سنة)', 'Doloribus officiis d', 'Laboris praesentium', 3, 'تابع لمالك المعدة مباشرة', 'حسب المشروع', 9.00, 'jyqozujyc@mailinator.com', 'Id iste explicabo U', 'ممتاز', 'غير محدد', 'ثلاثة حوادث فأكثر (خطير)', 'محتاج متابعة طبية', 'Et animi repudianda', 'محدثة', 'Praesentium natus no', 'In sunt enim vel est', 'Sit rerum dignissimo', 'Quis alias veritatis', 'نشط', '2004-04-20', '2026-04-13 13:08:49', '+1 (749) 684-7125', '+1 (362) 986-7752', 1, NULL, NULL, NULL, NULL, NULL, NULL, NULL, NULL, NULL, NULL, NULL),
(21, 'سائق/مشغّل', 4, 4, 'نصر الدين يحيا', 'DR39', 'Eden Hogan', 'بطاقة أخرى', '994', '1976-11-11', NULL, NULL, '680', 'فئة د (شاحنات ثقيلة)', '1982-06-13', 'Accusantium in Nam m', 'دوزر (Dozer), جرافة (Loader), ممهدة (Grader)', 5, 1, 'متدرب (1-2 سنة)', 'Omnis eum nisi odit', 'Vero ut illo deserun', 3, 'مقاول مستقل', 'شهري', 6.00, 'hymog@mailinator.com', 'Eum reprehenderit a', 'غير محدد', 'ممتاز (لا توجد شكاوى)', 'غير محدد', 'غير محدد', 'Eveniet rerum nobis', 'محدثة', 'Nostrum ea maiores d', 'Nobis voluptatem Ex', 'Perspiciatis incidu', 'Dolore eiusmod culpa', 'نشط', '2011-08-15', '2026-04-13 13:09:57', '+1 (352) 765-2112', '+1 (449) 191-6255', 1, NULL, NULL, NULL, NULL, NULL, NULL, NULL, NULL, NULL, NULL, NULL),
(22, 'سائق/مشغّل', 4, 4, 'ياسر جبارة', 'DR40', 'Theodore Wyatt', 'بطاقة لاجئ', '309', '1990-08-20', NULL, NULL, '190', 'فئة أ (دراجات نارية)', '2002-07-04', 'Inventore vero tenet', 'شاحنة قلابة (Dump Truck), ممهدة (Grader), معدات أخرى', 5, 1, 'كفء (3-5 سنوات)', 'Voluptate velit repr', 'Dolor eveniet dolor', 3, 'تابع للمورد/الوسيط', 'حسب الإنتاجية', 7.00, 'xyfiwota@mailinator.com', 'Quis repellendus Qu', 'جيد', 'غير محدد', 'حادثان (متوسط)', 'سليم تماماً', 'Aut sunt velit molli', 'محدثة', 'Id possimus autem i', 'Id modi aspernatur', 'Ab cumque nostrum la', 'Minus necessitatibus', 'نشط', '1983-02-10', '2026-04-13 13:10:50', '+1 (877) 981-3484', '+1 (416) 454-2556', 1, NULL, NULL, NULL, NULL, NULL, NULL, NULL, NULL, NULL, NULL, NULL),
(23, 'سائق/مشغّل', 4, 4, 'جديد فضل جديد', '131355', 'جديد', 'بطاقة هوية وطنية', '3132131331', '2026-05-08', '', '', '61313', 'فئة د (شاحنات ثقيلة)', '2026-05-03', 'مرور عطبرة', 'حفارة (Excavator), دوزر (Dozer), جرافة (Loader)', 8, 5, 'كفء (3-5 سنوات)', '', 'شركة صابركو', 5, 'تابع لمالك المعدة مباشرة', 'شهري', 1000.00, 'sudan@gmail.com', 'الخناق', 'جيد جداً', 'ممتاز (لا توجد شكاوى)', 'نظيف (لا توجد حوادث)', 'سليم تماماً', '', 'محدثة', 'دال للتعدين', '4', '', '', 'نشط', '2025-09-08', '2026-04-28 11:34:00', '6531533161', '532121235855', 1, NULL, NULL, NULL, NULL, NULL, NULL, NULL, NULL, NULL, NULL, NULL),
(24, 'سائق/مشغّل', 4, 5, 'على فضل الله', '946513', 'على', '', '3132131331', '2026-05-08', '', '', '61313', '', '2026-05-03', 'مرور عطبرة', 'شاحنة قلابة (Dump Truck), شاحنة تناكر/صهريج (Tanker Truck)', 8, 5, '', '', 'عمر هشام', 6, 'تابع لمالك المعدة مباشرة', 'شهري', 700.00, 'sudan@gmail.com', '', 'ممتاز', 'ممتاز (لا توجد شكاوى)', 'نظيف (لا توجد حوادث)', 'سليم تماماً', '', 'قديمة', 'دال للتعدين', '2', '', '', 'نشط', '2025-09-08', '2026-04-28 11:37:12', '6531533161', '5664+5+', 1, NULL, NULL, NULL, NULL, NULL, NULL, NULL, NULL, NULL, NULL, NULL),
(25, 'سائق/مشغّل', 4, 5, 'حيدر محمد أحمد', '89465132', 'حيدر', 'بطاقة هوية وطنية', '3132131331', '2026-05-08', '', '', '61313', '', '2026-05-03', 'مرور عطبرة', 'شاحنة قلابة (Dump Truck), شاحنة تناكر/صهريج (Tanker Truck)', 8, 5, 'خبير (5-10 سنوات)', '', 'عمر هشام', 6, 'تابع لمالك المعدة مباشرة', 'شهري', 700.00, 'sudan@gmail.com', '', 'ممتاز', 'ممتاز (لا توجد شكاوى)', 'حادث واحد (طفيف)', 'سليم تماماً', '', 'لا يوجد فحص', 'دال للتعدين', '3', '', '', 'نشط', '2025-09-08', '2026-04-28 11:39:31', '6531533161', '', 1, NULL, NULL, NULL, NULL, NULL, NULL, NULL, NULL, NULL, NULL, NULL),
(26, 'سائق/مشغّل', 4, 4, 'محمد أحمد علي', 'DRV-0001', '', '', '', NULL, '', '', '', '', '2027-01-01', '', '', NULL, NULL, '', '', '', NULL, '', '', NULL, '', '', '', '', '', '', '', '', '', '', '', '', 'نشط', NULL, '2026-06-06 10:16:18', '249912345678', '', 1, NULL, NULL, NULL, NULL, NULL, NULL, NULL, NULL, NULL, NULL, NULL),
(27, 'سائق/مشغّل', 4, 4, 'مروان', 'DRV-0001-3', '', '', '', NULL, '', '', '', '', '2027-01-01', '', '', NULL, NULL, '', '', '', NULL, '', '', NULL, '', '', '', '', '', '', '', '', '', '', '', '', 'نشط', NULL, '2026-06-06 10:16:18', '249912345678', '', 1, NULL, NULL, NULL, NULL, NULL, NULL, NULL, NULL, NULL, NULL, NULL),
(28, 'سائق/مشغّل', 4, 4, 'Madonna Hewitt', 'Fugit veniam bland', 'Stacy Miles', 'بطاقة أخرى', '723', '1987-01-10', '', '', '591', 'فئة ج (شاحنات خفيفة)', '2016-02-09', 'Non laborum eiusmod', 'حفارة (Excavator), مثقاب/مكنة تخريم (Drill Machine), شاحنة تناكر/صهريج (Tanker Truck)', NULL, NULL, 'كفء (3-5 سنوات)', 'Obcaecati temporibus', 'Consequatur elit n', 8, 'تابع للمورد/الوسيط', 'شهري', 5.00, 'kyvykyqa@mailinator.com', 'Ut qui nostrum nostr', 'ممتاز', 'جيد (شكاوى نادرة)', 'نظيف (لا توجد حوادث)', 'غير محدد', 'Magnam consequatur', 'قديمة', 'Veniam quidem et no', 'Pariatur Sed aut do', 'Quaerat incidunt ip', 'Rerum earum ipsam la', 'مفصول', '1981-12-19', '2026-06-09 12:50:59', '+1 (706) 711-3047', '+1 (275) 107-3097', 1, NULL, NULL, NULL, NULL, NULL, NULL, NULL, NULL, NULL, NULL, NULL);

-- --------------------------------------------------------

--
-- Table structure for table `equipments`
--

CREATE TABLE `equipments` (
  `id` int(11) NOT NULL,
  `company_id` int(11) DEFAULT NULL,
  `created_by` int(11) DEFAULT NULL COMMENT 'منشئ المعدة',
  `created_at` datetime DEFAULT NULL COMMENT 'تاريخ إضافة المعدة',
  `suppliers` varchar(10) NOT NULL,
  `code` varchar(100) NOT NULL,
  `type` varchar(100) NOT NULL,
  `name` varchar(100) NOT NULL,
  `serial_number` varchar(100) DEFAULT NULL COMMENT 'رقم المعدة/الرقم التسلسلي',
  `chassis_number` varchar(100) DEFAULT NULL COMMENT 'رقم الهيكل/الهيكل الأساسي',
  `machine_number` varchar(100) DEFAULT NULL COMMENT 'رقم الماكينة أو المحرك',
  `manufacturer` varchar(100) DEFAULT NULL COMMENT 'الماركة/الشركة المصنعة',
  `model` varchar(100) DEFAULT NULL COMMENT 'الموديل/الطراز',
  `model_id` int(11) DEFAULT NULL,
  `manufacturing_year` int(11) DEFAULT NULL COMMENT 'سنة الصنع',
  `import_year` int(11) DEFAULT NULL COMMENT 'سنة الاستيراد/البدء',
  `equipment_condition` varchar(50) DEFAULT 'في حالة جيدة' COMMENT 'حالة المعدة',
  `operating_hours` int(11) DEFAULT NULL COMMENT 'ساعات التشغيل',
  `engine_condition` varchar(50) DEFAULT 'جيدة' COMMENT 'حالة المحرك',
  `tires_condition` varchar(50) DEFAULT 'N/A' COMMENT 'حالة الإطارات',
  `actual_owner_name` varchar(200) DEFAULT NULL COMMENT 'اسم المالك الفعلي',
  `owner_type` varchar(50) DEFAULT NULL COMMENT 'نوع المالك',
  `owner_phone` varchar(50) DEFAULT NULL COMMENT 'رقم هاتف المالك',
  `owner_supplier_relation` varchar(100) DEFAULT NULL COMMENT 'علاقة المالك بالمورد',
  `license_number` varchar(100) DEFAULT NULL COMMENT 'رقم الترخيص/التسجيل',
  `license_authority` varchar(100) DEFAULT NULL COMMENT 'جهة الترخيص',
  `document_type` varchar(100) DEFAULT NULL COMMENT 'نوع الوثيقة',
  `license_expiry_date` date DEFAULT NULL COMMENT 'تاريخ انتهاء الترخيص',
  `inspection_certificate_number` varchar(100) DEFAULT NULL COMMENT 'رقم شهادة الفحص',
  `last_inspection_date` date DEFAULT NULL COMMENT 'تاريخ آخر فحص',
  `current_location` varchar(255) DEFAULT NULL COMMENT 'الموقع الحالي',
  `site_supervisor_name` varchar(200) DEFAULT NULL COMMENT 'اسم المهندس أو المشرف في الموقع',
  `site_supervisor_contact` varchar(200) DEFAULT NULL COMMENT 'بيانات الاتصال بالمشرف في الموقع',
  `availability_state` varchar(20) NOT NULL DEFAULT 'متوفرة' COMMENT 'التوفر: متوفرة أو غير متوفرة',
  `availability_status` varchar(50) DEFAULT 'متاحة للعمل' COMMENT 'حالة التوفر',
  `estimated_value` decimal(15,2) DEFAULT NULL COMMENT 'القيمة المقدرة للمعدة',
  `daily_rental_price` decimal(10,2) DEFAULT NULL COMMENT 'سعر التأجير اليومي',
  `monthly_rental_price` decimal(10,2) DEFAULT NULL COMMENT 'سعر التأجير الشهري',
  `insurance_status` varchar(50) DEFAULT NULL COMMENT 'التأمين/الضمان',
  `general_notes` mediumtext DEFAULT NULL COMMENT 'ملاحظات عامة',
  `last_maintenance_date` date DEFAULT NULL COMMENT 'تاريخ آخر صيانة',
  `status` tinyint(1) DEFAULT 1,
  `operating_category` varchar(50) DEFAULT NULL,
  `origin_country` varchar(100) DEFAULT NULL,
  `engine_no` varchar(100) DEFAULT NULL,
  `plate_no` varchar(50) DEFAULT NULL,
  `capacity` decimal(12,2) DEFAULT NULL,
  `capacity_uom` varchar(20) DEFAULT NULL,
  `dimensions` varchar(200) DEFAULT NULL,
  `source_type` varchar(30) DEFAULT NULL,
  `entry_date` date DEFAULT NULL,
  `acquisition_cost` decimal(15,2) DEFAULT NULL,
  `acquisition_currency` varchar(10) DEFAULT NULL,
  `opening_meter` decimal(12,2) DEFAULT NULL,
  `meter_uom` varchar(20) DEFAULT 'ساعات',
  `meter_source` varchar(30) DEFAULT NULL,
  `card_state` varchar(20) NOT NULL DEFAULT 'active',
  `card_approved_by` int(11) DEFAULT NULL,
  `card_approved_at` datetime DEFAULT NULL
) ENGINE=InnoDB DEFAULT CHARSET=utf8mb4 COLLATE=utf8mb4_unicode_ci;

--
-- Dumping data for table `equipments`
--

INSERT INTO `equipments` (`id`, `company_id`, `created_by`, `created_at`, `suppliers`, `code`, `type`, `name`, `serial_number`, `chassis_number`, `machine_number`, `manufacturer`, `model`, `model_id`, `manufacturing_year`, `import_year`, `equipment_condition`, `operating_hours`, `engine_condition`, `tires_condition`, `actual_owner_name`, `owner_type`, `owner_phone`, `owner_supplier_relation`, `license_number`, `license_authority`, `document_type`, `license_expiry_date`, `inspection_certificate_number`, `last_inspection_date`, `current_location`, `site_supervisor_name`, `site_supervisor_contact`, `availability_state`, `availability_status`, `estimated_value`, `daily_rental_price`, `monthly_rental_price`, `insurance_status`, `general_notes`, `last_maintenance_date`, `status`, `operating_category`, `origin_country`, `engine_no`, `plate_no`, `capacity`, `capacity_uom`, `dimensions`, `source_type`, `entry_date`, `acquisition_cost`, `acquisition_currency`, `opening_meter`, `meter_uom`, `meter_source`, `card_state`, `card_approved_by`, `card_approved_at`) VALUES
(1, 4, NULL, '2026-04-01 00:00:00', '1', 'EQTQ1', '1', 'Plato Roberson', '883', '751', NULL, 'Aut officia aut exce', 'Alias ducimus eius', NULL, 2001, 2008, 'في حالة ضعيفة', 40, 'جيدة', 'متوسطة', 'Keegan Blanchard', 'مؤسسة', '+1 (835) 262-4394', 'تابع للمورد (مملوكة للمورد نفسه)', '435', 'Eum alias nisi et si', NULL, '1980-03-25', '72', '2001-10-21', 'Non natus in qui exp', NULL, NULL, 'متوفرة', 'قيد الاستخدام', 81.00, 457.00, 596.00, 'مؤمن بالكامل', 'Eum nihil eveniet c', '1975-01-22', 1, NULL, NULL, NULL, NULL, NULL, NULL, NULL, NULL, NULL, NULL, NULL, NULL, 'ساعات', NULL, 'active', NULL, NULL),
(2, 4, NULL, '2025-07-01 00:00:00', '1', 'EQTQ2', '1', 'Orson Holcomb', '195', '78', '', 'Nobis ipsum eum dolo', 'Eaque ut veniam et', NULL, 1978, 2004, 'في حالة جيدة', 98, 'محتاجة صيانة', 'محتاجة تبديل', 'Rama Delaney', 'شركة متخصصة', '+1 (338) 629-2108', 'غير محدد', '93', 'Consequatur non recu', '', '1989-06-19', '36', '1985-06-18', 'Et culpa corporis au', '', '', 'متوفرة', 'قيد الاستخدام', 93.00, 259.00, 576.00, 'مؤمن بالكامل', 'Et sunt laboris volu', '1992-04-28', 0, NULL, NULL, NULL, NULL, NULL, NULL, NULL, NULL, NULL, NULL, NULL, NULL, 'ساعات', NULL, 'active', NULL, NULL),
(3, 4, NULL, '2026-04-01 00:00:00', '3', 'EX29', '1', 'HMK220LC-2', '76197', '1250048', NULL, 'HIDROMEK', 'HMK220LC-2', NULL, 2021, 2021, 'في حالة جيدة', 9050, 'جيدة', 'N/A', 'EQUIPATION', 'أخرى', '249912345678', 'مالك مباشر (يتعاقد معنا مباشرة)', '4094', 'الإدارة العامة للمرور', NULL, '2025-09-11', '0000', '2025-09-11', 'الشركة الروسية', NULL, NULL, 'متوفرة', 'قيد الاستخدام', 100000.00, 800.00, 24000.00, 'مؤمن بالكامل', 'Consequatur id prov', '2026-04-12', 0, NULL, NULL, NULL, NULL, NULL, NULL, NULL, NULL, NULL, NULL, NULL, NULL, 'ساعات', NULL, 'active', NULL, NULL),
(4, 4, NULL, '2025-07-01 00:00:00', '3', 'EX28', '1', 'HX 340 SL', '82230204', 'HHKHE944LM0000028', NULL, 'HYUNDAI', 'HX340SL', NULL, 2021, 2021, 'معطلة مؤقتاً', 11500, 'محتاجة صيانة', 'N/A', 'EQUIPATION', 'أخرى', '249912345678', 'مالك مباشر (يتعاقد معنا مباشرة)', '2224', 'الإدارة العامة للمرور', NULL, '2022-06-13', '21260051', '2021-06-13', 'الشركة الروسية', NULL, NULL, 'غير متوفرة', 'تحت الصيانة', 70000.00, 800.00, 24000.00, 'غير مؤمن', 'Corporis in doloribu', '2026-02-10', 1, NULL, NULL, NULL, NULL, NULL, NULL, NULL, NULL, NULL, NULL, NULL, NULL, 'ساعات', NULL, 'active', NULL, NULL),
(5, 4, NULL, '2026-04-01 00:00:00', '8', 'EX26', '1', 'HMK220LC-2', '6D16-A73071', 'HMKH2520V0J125053', '', 'HIDROMEK', 'HMK220LC-2', NULL, 2019, 2019, 'في حالة جيدة', 12000, 'جيدة', 'N/A', 'EQUIPATION', '', '249912345678', '', 'PZUS02019024755', 'الجمارك', '', '2019-11-23', '1319126', '2021-10-15', 'الشركة الروسية', '', '', 'متوفرة', 'قيد الاستخدام', 95000.01, 800.00, 24000.00, '', '', '2026-04-10', 0, NULL, NULL, NULL, NULL, NULL, NULL, NULL, NULL, NULL, NULL, NULL, NULL, 'ساعات', NULL, 'active', NULL, NULL),
(6, 4, NULL, '2026-04-01 00:00:00', '3', 'EX24', '1', 'HMK220LC-2', '6D16-A76592', 'HMKH2520KM125006', NULL, 'HIDROMEK', 'HMK220LC-2', NULL, 2021, 2021, 'في حالة جيدة', 10450, 'جيدة', 'N/A', 'EQUIPATION', '', '249912345678', '', '7/2374ن', 'الإدارة العامة للمرور', NULL, '2022-10-14', '21449471', '2021-10-14', 'الشركة الروسية', NULL, NULL, 'غير متوفرة', 'تحت الصيانة', 150000.00, 800.00, 24000.00, '', '', '2026-04-10', 0, NULL, NULL, NULL, NULL, NULL, NULL, NULL, NULL, NULL, NULL, NULL, NULL, 'ساعات', NULL, 'active', NULL, NULL),
(7, 4, NULL, '2026-04-01 00:00:00', '3', 'EX23', '1', 'HX 340 SL', '82447788', 'HHKHE944CN0000477', NULL, 'HYUNDAI', 'HX340SL', NULL, 2022, 2022, 'في حالة جيدة', 9800, 'جيدة', 'N/A', 'EQUIPATION', '', '249912345678', '', 'PZUN02022001191', 'الجمارك', NULL, '0001-01-01', '', NULL, 'نورايا', NULL, NULL, 'متوفرة', 'متاحة للعمل', 185000.00, 800.00, 24000.00, '', '', '2026-06-21', 0, NULL, NULL, NULL, NULL, NULL, NULL, NULL, NULL, NULL, NULL, NULL, NULL, 'ساعات', NULL, 'active', NULL, NULL),
(8, 4, NULL, '2025-07-01 00:00:00', '5', 'EX22', '1', 'HX 340 SL', '82463818', 'HHKHE944CN0000360', '', 'HYUNDAI', 'HX340SL', NULL, 2022, 2022, 'في حالة جيدة', 10000, 'جيدة', 'N/A', 'EQUIPATION', 'أخرى', '249912345678', '', 'PZUN02021014933', 'الجمارك', '', '0001-01-01', '', NULL, 'نورايا', '', '', 'غير متوفرة', 'تحت الصيانة', 180000.00, 800.00, 24000.00, 'مؤمن بالكامل', '', '2026-05-04', 0, NULL, NULL, NULL, NULL, NULL, NULL, NULL, NULL, NULL, NULL, NULL, NULL, 'ساعات', NULL, 'active', NULL, NULL),
(9, 4, NULL, '2026-04-01 00:00:00', '3', 'EX21', '1', 'HX 340 SL', '8221373793', 'HHKH944HM0000144', '', 'HYUNDAI', 'HX340SL', NULL, 2021, 2021, 'في حالة جيدة', 9947, 'جيدة', 'N/A', 'EQUIPATION', 'أخرى', '249912345678', 'غير محدد', 'PZUN02021011333', 'الجمارك', '', '0001-01-01', '2020286', '2026-04-22', 'الشركة الروسية', '', '', 'متوفرة', 'متاحة للعمل', 180000.00, 800.00, 24000.00, 'مؤمن بالكامل', 'معدة موثوقة تحتاج فقط للصيانة الدورية', '2026-06-21', 1, NULL, NULL, NULL, NULL, NULL, NULL, NULL, NULL, NULL, NULL, NULL, NULL, 'ساعات', NULL, 'active', NULL, NULL),
(10, 4, NULL, '2025-12-01 00:00:00', '5', 'EQ1001', '1', 'HX 340 SL', '82463818', 'HHKHE944CN0000418', '64533131', 'HYUNDAI', 'HX340SL', NULL, 2020, 2020, 'في حالة جيدة', 5000, 'جيدة', 'N/A', 'شركة صابركو', 'شركة متخصصة', '249912345678', 'مالك مباشر (يتعاقد معنا مباشرة)', 'PZUN02021011445', 'الجمارك', 'شهادة وارد', NULL, '', NULL, 'الشركة الروسية', '', '', 'متوفرة', 'قيد الاستخدام', 180000.00, 400.00, 12000.00, 'مؤمن بالكامل', '', '2025-11-29', 0, NULL, NULL, NULL, NULL, NULL, NULL, NULL, NULL, NULL, NULL, NULL, NULL, 'ساعات', NULL, 'active', NULL, NULL),
(11, 4, NULL, '2025-12-01 00:00:00', '6', 'TQ1006', '2', 'DAWEOO', '82463818', '5464654113', '64533131', 'DAWEOO', 'K6', NULL, 2021, 2022, 'متوسطة', 100000, 'ضعيفة', 'جديدة', 'عمر هشام فضل المولى', 'مالك فردي', '89651', 'مالك مباشر (يتعاقد معنا مباشرة)', '7/1540ن', 'الإدارة العامة للمرور', 'ترخيص ( شهادة بحث)', '2026-05-01', '', NULL, 'الشركة الروسية', '', '', 'متوفرة', 'قيد الاستخدام', 70000.00, 80.00, 4800.00, 'مؤمن جزئياً', '', '2025-11-29', 0, NULL, NULL, NULL, NULL, NULL, NULL, NULL, NULL, NULL, NULL, NULL, NULL, 'ساعات', NULL, 'active', NULL, NULL),
(12, 4, NULL, NULL, '7', 'DM01', '3', 'Drill Machine', '20251101', '20251101', 'DTH Drilling RIG ADET D3', 'ADET', 'DTH Drilling RIG ADET D3', NULL, 2025, 2024, 'جديدة (لم تستخدم)', NULL, 'ممتازة', 'N/A', 'شركة إكوبيشن للإستثمار المحدودة', 'شركة متخصصة', '249912345678', 'مالك مباشر (يتعاقد معنا مباشرة)', 'PZUN02021016811', 'الجمارك', 'شهادة وارد', '2026-05-07', '', '2026-05-07', 'الشركة الروسية', '', '', 'متوفرة', 'قيد الاستخدام', 100000.00, NULL, NULL, '', '', NULL, 0, NULL, NULL, NULL, NULL, NULL, NULL, NULL, NULL, NULL, NULL, NULL, NULL, 'ساعات', NULL, 'active', NULL, NULL),
(13, 4, NULL, '2026-05-11 00:00:00', '8', 'H1', '3', 'h1', '', '', '', '', '', NULL, NULL, NULL, 'جيدة', NULL, 'ممتازة', 'N/A', '', '', '', '', '', '', '', NULL, '', NULL, '', '', '', 'متوفرة', 'متاحة للعمل', NULL, NULL, NULL, '', '', '2026-06-23', 0, NULL, NULL, NULL, NULL, NULL, NULL, NULL, NULL, NULL, NULL, NULL, NULL, 'ساعات', NULL, 'active', NULL, NULL),
(14, 4, NULL, NULL, '7', 'tq10', '2', 'tq10', '', '', '', '', '', NULL, NULL, NULL, 'في حالة جيدة', NULL, 'جيدة', 'N/A', '', '', '', '', '', '', '', NULL, '', NULL, '', '', '', 'متوفرة', 'قيد الاستخدام', NULL, NULL, NULL, '', '', NULL, 0, NULL, NULL, NULL, NULL, NULL, NULL, NULL, NULL, NULL, NULL, NULL, NULL, 'ساعات', NULL, 'active', NULL, NULL),
(15, 4, NULL, '2026-05-31 00:00:00', '7', 'itx', '1', 'itx', '1212389', '', '', '', '', NULL, NULL, NULL, 'في حالة جيدة', NULL, 'جيدة', 'N/A', '', '', '', '', '', '', '', NULL, '', NULL, '', '', '', 'متوفرة', 'قيد الاستخدام', NULL, NULL, NULL, '', '', NULL, 0, NULL, NULL, NULL, NULL, NULL, NULL, NULL, NULL, NULL, NULL, NULL, NULL, 'ساعات', NULL, 'active', NULL, NULL),
(16, 4, NULL, '2026-06-08 00:00:00', '7', 'EQP-02001', '1', 'EXC', 'EXC-2024-001', 'CAT320-ABC123456', '', 'كاتربيلر', '320D', NULL, 2018, 2020, 'في حالة جيدة', 5400, 'جيدة', 'N/A', 'محمد علي أحمد', 'مالك فردي', '249912345678', 'تابع للمورد (مملوكة للمورد نفسه)', 'VEH-2024-12345', 'المرور', '', '2025-12-31', 'INS-2024-001', '2024-06-15', 'منجم الذهب الشرقي', '', '', 'متوفرة', 'قيد الاستخدام', 150000.00, 500.00, 10000.00, 'مؤمن بالكامل', 'معدة موثوقة، تحتاج صيانة دورية', '2024-05-10', 0, NULL, NULL, NULL, NULL, NULL, NULL, NULL, NULL, NULL, NULL, NULL, NULL, 'ساعات', NULL, 'active', NULL, NULL),
(17, 4, NULL, '2026-06-02 00:00:00', '7', 'EQP-00201-2', '1', 'EXC', 'EXC-2024-001', 'CAT320-ABC123456', '', 'كاتربيلر', '320D', NULL, 2018, 2020, 'في حالة جيدة', 5400, 'جيدة', 'N/A', 'محمد علي أحمد', 'مالك فردي', '249912345678', 'تابع للمورد (مملوكة للمورد نفسه)', 'VEH-2024-12345', 'المرور', '', '2025-12-31', 'INS-2024-001', '2024-06-15', 'منجم الذهب الشرقي', '', '', 'متوفرة', 'قيد الاستخدام', 150000.00, 500.00, 10000.00, 'مؤمن بالكامل', 'معدة موثوقة، تحتاج صيانة دورية', '2024-05-10', 0, NULL, NULL, NULL, NULL, NULL, NULL, NULL, NULL, NULL, NULL, NULL, NULL, 'ساعات', NULL, 'active', NULL, NULL),
(18, 4, NULL, '2026-06-07 00:00:00', '7', 'EQP-02001-3', '1', 'EXC', 'EXC-2024-001', 'CAT320-ABC123456', '', 'كاتربيلر', '320D', NULL, 2018, 2020, 'في حالة جيدة', 5400, 'جيدة', 'N/A', 'محمد علي أحمد', 'مالك فردي', '249912345678', 'تابع للمورد (مملوكة للمورد نفسه)', 'VEH-2024-12345', 'المرور', '', '2025-12-31', 'INS-2024-001', '2024-06-15', 'منجم الذهب الشرقي', '', '', 'متوفرة', 'قيد الاستخدام', 150000.00, 500.00, 10000.00, 'مؤمن بالكامل', 'معدة موثوقة، تحتاج صيانة دورية', '2024-05-10', 0, NULL, NULL, NULL, NULL, NULL, NULL, NULL, NULL, NULL, NULL, NULL, NULL, 'ساعات', NULL, 'active', NULL, NULL),
(19, 4, NULL, NULL, '5', 'mcc120', '1', 'm', '', '', '', '', '', NULL, NULL, NULL, 'في حالة جيدة', NULL, 'جيدة', 'N/A', '', '', '', '', '', '', '', NULL, '', NULL, '', '', '', 'متوفرة', 'قيد الاستخدام', NULL, NULL, NULL, '', '', NULL, 0, NULL, NULL, NULL, NULL, NULL, NULL, NULL, NULL, NULL, NULL, NULL, NULL, 'ساعات', NULL, 'active', NULL, NULL),
(20, 4, NULL, '2026-06-08 00:00:00', '8', 'tx10', '1', 'tx10', '', '', '', '', 'samba', 1, 2028, NULL, 'في حالة جيدة', NULL, 'جيدة', 'N/A', '', '', '', '', '', '', '', NULL, '', NULL, '', '', '', 'متوفرة', 'قيد الاستخدام', NULL, NULL, NULL, '', '', NULL, 0, NULL, 'الصين', NULL, '6768978', NULL, NULL, NULL, NULL, NULL, NULL, NULL, NULL, 'ساعات', NULL, 'active', NULL, NULL),
(21, 4, 6, '2026-06-23 20:16:52', '7', 'EQ100', '1', 'TQ100', '82463818', '876786', '78879', '', '', NULL, NULL, NULL, 'في حالة جيدة', NULL, 'جيدة', 'N/A', '', '', '', '', '', '', '', NULL, '', NULL, '', '', '', 'متوفرة', 'متاحة للعمل', NULL, NULL, NULL, '', '', '2026-06-23', 0, NULL, NULL, NULL, NULL, NULL, NULL, NULL, NULL, NULL, NULL, NULL, NULL, 'ساعات', NULL, 'draft', NULL, NULL);

-- --------------------------------------------------------

--
-- Table structure for table `equipments_types`
--

CREATE TABLE `equipments_types` (
  `id` int(11) NOT NULL,
  `form` varchar(20) NOT NULL,
  `type` varchar(100) NOT NULL,
  `status` enum('active','inactive','','') NOT NULL DEFAULT 'active',
  `created_at` timestamp NOT NULL DEFAULT current_timestamp() ON UPDATE current_timestamp(),
  `updated_at` timestamp NOT NULL DEFAULT current_timestamp()
) ENGINE=InnoDB DEFAULT CHARSET=utf8mb4 COLLATE=utf8mb4_unicode_ci;

--
-- Dumping data for table `equipments_types`
--

INSERT INTO `equipments_types` (`id`, `form`, `type`, `status`, `created_at`, `updated_at`) VALUES
(1, '1', 'حفار', 'active', '2026-04-07 09:49:34', '2026-04-07 09:49:34'),
(2, '2', 'قلاب', 'active', '2026-04-07 09:49:43', '2026-04-07 09:49:43'),
(3, '3', 'خرامة', 'active', '2026-05-01 04:56:22', '2026-05-01 04:56:22');

-- --------------------------------------------------------

--
-- Table structure for table `equipment_drivers`
--

CREATE TABLE `equipment_drivers` (
  `id` int(11) NOT NULL,
  `company_id` int(11) DEFAULT NULL,
  `equipment_id` int(11) NOT NULL,
  `employee_id` int(11) NOT NULL,
  `start_date` varchar(50) NOT NULL,
  `end_date` varchar(50) DEFAULT NULL,
  `shift_type` enum('D','N','B') NOT NULL DEFAULT 'B',
  `status` tinyint(1) DEFAULT 1
) ENGINE=InnoDB DEFAULT CHARSET=utf8mb4 COLLATE=utf8mb4_unicode_ci;

--
-- Dumping data for table `equipment_drivers`
--

INSERT INTO `equipment_drivers` (`id`, `company_id`, `equipment_id`, `employee_id`, `start_date`, `end_date`, `shift_type`, `status`) VALUES
(1, 4, 1, 1, '2026-04-01', '2026-04-30', 'B', 1),
(2, 4, 3, 2, '2026-04-01', '2026-04-30', 'B', 0),
(3, 4, 5, 2, '2026-04-01', '2026-04-30', 'B', 1),
(4, 4, 6, 16, '2026-04-01', '2026-04-30', 'B', 1),
(5, 4, 7, 8, '2026-04-01', '2026-04-30', 'B', 1),
(6, 4, 8, 3, '2026-04-01', '2026-05-16', 'B', 0),
(7, 4, 8, 4, '2026-06-23', '2026-06-23', 'D', 0),
(8, 4, 8, 5, '2026-04-01', '2026-04-18', 'B', 0),
(9, 4, 7, 5, '2026-04-18', '2099-12-31', 'B', 1),
(10, 4, 7, 15, '2026-04-18', '2099-12-31', 'B', 1),
(11, 4, 4, 17, '2026-04-25', '2099-12-31', 'B', 1),
(12, 4, 9, 6, '2025-07-01', '2026-07-01', 'B', 1),
(13, 4, 9, 7, '2025-07-01', '2026-07-01', 'B', 1),
(14, 4, 10, 23, '2026-06-08', '2026-06-08', 'B', 0),
(15, 4, 11, 25, '2025-12-01', '2026-04-30', 'B', 1),
(16, 4, 11, 24, '2025-12-01', '2026-04-30', 'B', 1),
(17, 4, 13, 21, '2026-05-11', '2099-12-31', 'D', 1),
(18, 4, 5, 6, '2026-05-18', '2099-12-31', 'D', 1),
(19, 4, 13, 10, '2026-05-18', '2099-12-31', 'N', 0),
(20, 4, 10, 9, '2026-05-19', '2099-12-31', 'B', 1),
(21, 4, 10, 19, '2026-05-19', '2099-12-31', 'B', 0),
(22, 4, 13, 10, '2026-05-01', '2099-12-31', 'B', 1),
(23, 4, 8, 22, '2026-05-31', '2026-05-30', 'D', 0),
(24, 4, 15, 19, '2026-05-31', '', 'B', 1),
(25, 4, 8, 18, '2026-06-08', '2026-06-08', 'N', 0),
(27, 4, 10, 27, '2026-06-06', '2099-12-31', 'N', 1),
(28, 4, 15, 22, '2026-06-25', '2026-06-25', 'D', 0),
(29, 4, 18, 12, '2026-06-07', '2099-12-31', 'B', 1),
(30, 4, 15, 23, '2026-06-08', '', 'N', 1),
(31, 4, 18, 11, '2026-06-08', '', 'B', 1),
(37, 4, 17, 20, '2026-06-08', '2099-12-31', 'N', 1),
(38, 4, 16, 14, '2026-06-08', '2099-12-31', 'B', 1),
(39, 4, 20, 13, '2026-06-08', '2099-12-31', 'B', 1),
(40, 4, 16, 28, '2026-06-09', '', 'B', 1),
(41, 4, 17, 18, '2026-06-10', '2099-12-31', 'D', 1),
(42, 4, 21, 3, '2026-06-01', '2026-06-30', 'B', 1),
(43, 4, 21, 22, '2026-06-25', '', 'D', 1),
(44, 4, 10, 4, '2026-06-25', '', 'B', 1);

-- --------------------------------------------------------

--
-- Table structure for table `failure_codes`
--

CREATE TABLE `failure_codes` (
  `id` int(11) NOT NULL,
  `equipment_type` tinyint(1) NOT NULL COMMENT '1=حفار, 2=قلاب, 3=خرامة',
  `event_type_code` varchar(10) NOT NULL COMMENT 'كود نوع الحدث: EQF,MNT,DEP,CST,MST,HRF,MKF',
  `event_type_name` varchar(100) NOT NULL COMMENT 'اسم نوع الحدث بالعربي',
  `main_category_code` varchar(10) NOT NULL COMMENT 'كود الفئة الرئيسية: MEC,HYD,ELE,COL...',
  `main_category_name` varchar(100) NOT NULL COMMENT 'اسم الفئة الرئيسية',
  `sub_category` varchar(100) NOT NULL COMMENT 'الفئة الفرعية (الجزء المعطل)',
  `failure_detail` varchar(200) NOT NULL COMMENT 'تفصيل العطل',
  `full_code` varchar(30) NOT NULL COMMENT 'الكود الكامل مثل EX-EQF-MEC-01-01',
  `status` tinyint(1) NOT NULL DEFAULT 1
) ENGINE=InnoDB DEFAULT CHARSET=utf8mb4 COLLATE=utf8mb4_unicode_ci COMMENT='تصنيفات أعطال المعدات - مرجع موحد';

--
-- Dumping data for table `failure_codes`
--

INSERT INTO `failure_codes` (`id`, `equipment_type`, `event_type_code`, `event_type_name`, `main_category_code`, `main_category_name`, `sub_category`, `failure_detail`, `full_code`, `status`) VALUES
(1, 1, 'OPR', 'تشغيل فعلي', 'OPP', 'إنتاج فعلي', 'ساعات إنتاج', 'إنتاج عادي', 'EX-OPR-OPP-01-01', 1),
(2, 1, 'OPR', 'تشغيل فعلي', 'OPP', 'إنتاج فعلي', 'ساعات إنتاج', 'إنتاج مكثف', 'EX-OPR-OPP-01-02', 1),
(3, 1, 'OPR', 'تشغيل فعلي', 'OPP', 'إنتاج فعلي', 'ساعات إنتاج', 'إنتاج خاص', 'EX-OPR-OPP-01-03', 1),
(4, 1, 'EQF', 'عطل معدة', 'MEC', 'أعطال الميكانيكا', 'المحرك', 'منظومة الهواء', 'EX-EQF-MEC-01-01', 1),
(5, 1, 'EQF', 'عطل معدة', 'MEC', 'أعطال الميكانيكا', 'المحرك', 'منظومة الوقود', 'EX-EQF-MEC-01-02', 1),
(6, 1, 'EQF', 'عطل معدة', 'MEC', 'أعطال الميكانيكا', 'المحرك', 'منظومة التزييت', 'EX-EQF-MEC-01-03', 1),
(7, 1, 'EQF', 'عطل معدة', 'MEC', 'أعطال الميكانيكا', 'المحرك', 'منظومة التبريد', 'EX-EQF-MEC-01-04', 1),
(8, 1, 'EQF', 'عطل معدة', 'MEC', 'أعطال الميكانيكا', 'المحرك', 'رأس المحرك', 'EX-EQF-MEC-01-05', 1),
(9, 1, 'EQF', 'عطل معدة', 'MEC', 'أعطال الميكانيكا', 'المحرك', 'السلندرات', 'EX-EQF-MEC-01-06', 1),
(10, 1, 'EQF', 'عطل معدة', 'MEC', 'أعطال الميكانيكا', 'المحرك', 'الصدرية', 'EX-EQF-MEC-01-07', 1),
(11, 1, 'EQF', 'عطل معدة', 'MEC', 'أعطال الميكانيكا', 'المحرك', 'الشيالات', 'EX-EQF-MEC-01-08', 1),
(12, 1, 'EQF', 'عطل معدة', 'MEC', 'أعطال الميكانيكا', 'المحرك', 'سير المكنة', 'EX-EQF-MEC-01-09', 1),
(13, 1, 'EQF', 'عطل معدة', 'MEC', 'أعطال الميكانيكا', 'المحرك', 'ارتفاع حرارة المحرك', 'EX-EQF-MEC-01-10', 1),
(14, 1, 'EQF', 'عطل معدة', 'MEC', 'أعطال الميكانيكا', 'المحرك', 'إصلاح عام', 'EX-EQF-MEC-01-11', 1),
(15, 1, 'EQF', 'عطل معدة', 'MEC', 'أعطال الميكانيكا', 'المحرك', 'أخرى', 'EX-EQF-MEC-01-12', 1),
(16, 1, 'EQF', 'عطل معدة', 'MEC', 'أعطال الميكانيكا', 'نقل القدرة', 'عمود الطوالي (المحور)', 'EX-EQF-MEC-02-01', 1),
(17, 1, 'EQF', 'عطل معدة', 'MEC', 'أعطال الميكانيكا', 'نقل القدرة', 'الكرونات', 'EX-EQF-MEC-02-02', 1),
(18, 1, 'EQF', 'عطل معدة', 'MEC', 'أعطال الميكانيكا', 'نقل القدرة', 'الهوبات', 'EX-EQF-MEC-02-03', 1),
(19, 1, 'EQF', 'عطل معدة', 'MEC', 'أعطال الميكانيكا', 'نقل القدرة', 'شيالات الجيربوكس', 'EX-EQF-MEC-02-04', 1),
(20, 1, 'EQF', 'عطل معدة', 'MEC', 'أعطال الميكانيكا', 'نقل القدرة', 'الصلايب', 'EX-EQF-MEC-02-05', 1),
(21, 1, 'EQF', 'عطل معدة', 'MEC', 'أعطال الميكانيكا', 'نقل القدرة', 'أنظمة التحريك', 'EX-EQF-MEC-02-06', 1),
(22, 1, 'EQF', 'عطل معدة', 'MEC', 'أعطال الميكانيكا', 'نقل القدرة', 'تهريب الزيوت', 'EX-EQF-MEC-02-07', 1),
(23, 1, 'EQF', 'عطل معدة', 'MEC', 'أعطال الميكانيكا', 'النظام الهيدروليكي', 'الطرمبات الهيدروليكية', 'EX-EQF-MEC-03-01', 1),
(24, 1, 'EQF', 'عطل معدة', 'MEC', 'أعطال الميكانيكا', 'النظام الهيدروليكي', 'الخراطيم', 'EX-EQF-MEC-03-03', 1),
(25, 1, 'EQF', 'عطل معدة', 'MEC', 'أعطال الميكانيكا', 'النظام الهيدروليكي', 'الفالفات (الصمامات)', 'EX-EQF-MEC-03-04', 1),
(26, 1, 'EQF', 'عطل معدة', 'MEC', 'أعطال الميكانيكا', 'النظام الهيدروليكي', 'الهيدروليك تانك', 'EX-EQF-MEC-03-05', 1),
(27, 1, 'EQF', 'عطل معدة', 'MEC', 'أعطال الميكانيكا', 'النظام الهيدروليكي', 'تهريب الزيت', 'EX-EQF-MEC-03-06', 1),
(28, 1, 'EQF', 'عطل معدة', 'MEC', 'أعطال الميكانيكا', 'نظام السوينغ', 'موتور السوينغ', 'EX-EQF-MEC-04-01', 1),
(29, 1, 'EQF', 'عطل معدة', 'MEC', 'أعطال الميكانيكا', 'نظام السوينغ', 'جير السوينغ', 'EX-EQF-MEC-04-02', 1),
(30, 1, 'EQF', 'عطل معدة', 'MEC', 'أعطال الميكانيكا', 'نظام السوينغ', 'رولمان الدوران', 'EX-EQF-MEC-04-03', 1),
(31, 1, 'EQF', 'عطل معدة', 'MEC', 'أعطال الميكانيكا', 'نظام السوينغ', 'زيت السوينغ', 'EX-EQF-MEC-04-04', 1),
(32, 1, 'EQF', 'عطل معدة', 'MEC', 'أعطال الميكانيكا', 'الجنزير والحركة', 'الجنزير', 'EX-EQF-MEC-05-01', 1),
(33, 1, 'EQF', 'عطل معدة', 'MEC', 'أعطال الميكانيكا', 'الجنزير والحركة', 'انقطاع الجنزير', 'EX-EQF-MEC-05-02', 1),
(34, 1, 'EQF', 'عطل معدة', 'MEC', 'أعطال الميكانيكا', 'الجنزير والحركة', 'الرولرات', 'EX-EQF-MEC-05-03', 1),
(35, 1, 'EQF', 'عطل معدة', 'MEC', 'أعطال الميكانيكا', 'الجنزير والحركة', 'الآيدلر', 'EX-EQF-MEC-05-04', 1),
(36, 1, 'EQF', 'عطل معدة', 'MEC', 'أعطال الميكانيكا', 'الجنزير والحركة', 'السبركات', 'EX-EQF-MEC-05-05', 1),
(37, 1, 'EQF', 'عطل معدة', 'MEC', 'أعطال الميكانيكا', 'الجنزير والحركة', 'شداد الجنزير', 'EX-EQF-MEC-05-06', 1),
(38, 1, 'EQF', 'عطل معدة', 'HYD', 'أعطال الهيدروليك', 'نظام الزيت والفلاتر', 'زيت هيدروليك', 'EX-EQF-HYD-01-01', 1),
(39, 1, 'EQF', 'عطل معدة', 'HYD', 'أعطال الهيدروليك', 'نظام الزيت والفلاتر', 'فلتر زيت', 'EX-EQF-HYD-01-02', 1),
(40, 1, 'EQF', 'عطل معدة', 'HYD', 'أعطال الهيدروليك', 'نظام الزيت والفلاتر', 'تسريب زيت', 'EX-EQF-HYD-01-03', 1),
(41, 1, 'EQF', 'عطل معدة', 'HYD', 'أعطال الهيدروليك', 'الطرمبة', 'طرمبة رئيسية', 'EX-EQF-HYD-02-01', 1),
(42, 1, 'EQF', 'عطل معدة', 'HYD', 'أعطال الهيدروليك', 'الطرمبة', 'طرمبة مساعدة', 'EX-EQF-HYD-02-02', 1),
(43, 1, 'EQF', 'عطل معدة', 'HYD', 'أعطال الهيدروليك', 'الطرمبة', 'تالفة', 'EX-EQF-HYD-02-03', 1),
(44, 1, 'EQF', 'عطل معدة', 'HYD', 'أعطال الهيدروليك', 'الكنترول', 'لوحة كنترول', 'EX-EQF-HYD-03-01', 1),
(45, 1, 'EQF', 'عطل معدة', 'HYD', 'أعطال الهيدروليك', 'الكنترول', 'صمامات تحكم', 'EX-EQF-HYD-03-02', 1),
(46, 1, 'EQF', 'عطل معدة', 'HYD', 'أعطال الهيدروليك', 'الوصلات والخراطيم', 'تسريب', 'EX-EQF-HYD-04-01', 1),
(47, 1, 'EQF', 'عطل معدة', 'HYD', 'أعطال الهيدروليك', 'الوصلات والخراطيم', 'تلف خرطوم', 'EX-EQF-HYD-04-02', 1),
(48, 1, 'EQF', 'عطل معدة', 'HYD', 'أعطال الهيدروليك', 'الوصلات والخراطيم', 'وصلة مكسورة', 'EX-EQF-HYD-04-03', 1),
(49, 1, 'EQF', 'عطل معدة', 'HYD', 'أعطال الهيدروليك', 'البساتم (السلندرات)', 'تسريب بستم', 'EX-EQF-HYD-05-01', 1),
(50, 1, 'EQF', 'عطل معدة', 'HYD', 'أعطال الهيدروليك', 'البساتم (السلندرات)', 'تالف', 'EX-EQF-HYD-05-02', 1),
(51, 1, 'EQF', 'عطل معدة', 'HYD', 'أعطال الهيدروليك', 'الصمامات', 'صمام لا يعمل', 'EX-EQF-HYD-06-01', 1),
(52, 1, 'EQF', 'عطل معدة', 'HYD', 'أعطال الهيدروليك', 'الصمامات', 'صمام مسدود', 'EX-EQF-HYD-06-02', 1),
(53, 1, 'EQF', 'عطل معدة', 'HYD', 'أعطال الهيدروليك', 'الموتورات والجيربوكسات', 'موتور هيدروليك', 'EX-EQF-HYD-07-01', 1),
(54, 1, 'EQF', 'عطل معدة', 'HYD', 'أعطال الهيدروليك', 'الموتورات والجيربوكسات', 'جيربوكس', 'EX-EQF-HYD-07-02', 1),
(55, 1, 'EQF', 'عطل معدة', 'HYD', 'أعطال الهيدروليك', 'خزان الزيت', 'تلوث الزيت', 'EX-EQF-HYD-08-02', 1),
(56, 1, 'EQF', 'عطل معدة', 'ELE', 'أعطال الكهرباء', 'البطارية', 'بطارية ضعيفة', 'EX-EQF-ELE-01-01', 1),
(57, 1, 'EQF', 'عطل معدة', 'ELE', 'أعطال الكهرباء', 'البطارية', 'بطارية تالفة', 'EX-EQF-ELE-01-02', 1),
(58, 1, 'EQF', 'عطل معدة', 'ELE', 'أعطال الكهرباء', 'البطارية', 'أطراف البطارية', 'EX-EQF-ELE-01-03', 1),
(59, 1, 'EQF', 'عطل معدة', 'ELE', 'أعطال الكهرباء', 'الضفيرة', 'قطع في الضفيرة', 'EX-EQF-ELE-02-01', 1),
(60, 1, 'EQF', 'عطل معدة', 'ELE', 'أعطال الكهرباء', 'الضفيرة', 'تماس كهربائي', 'EX-EQF-ELE-02-02', 1),
(61, 1, 'EQF', 'عطل معدة', 'ELE', 'أعطال الكهرباء', 'الضفيرة', 'تآكل', 'EX-EQF-ELE-02-03', 1),
(62, 1, 'EQF', 'عطل معدة', 'ELE', 'أعطال الكهرباء', 'الفيوزات', 'فيوز محروق', 'EX-EQF-ELE-03-01', 1),
(63, 1, 'EQF', 'عطل معدة', 'ELE', 'أعطال الكهرباء', 'الفيوزات', 'علبة الفيوزات', 'EX-EQF-ELE-03-02', 1),
(64, 1, 'EQF', 'عطل معدة', 'ELE', 'أعطال الكهرباء', 'الاستارتر', 'موتور الاستارتر', 'EX-EQF-ELE-04-01', 1),
(65, 1, 'EQF', 'عطل معدة', 'ELE', 'أعطال الكهرباء', 'الاستارتر', 'السلف', 'EX-EQF-ELE-04-02', 1),
(66, 1, 'EQF', 'عطل معدة', 'ELE', 'أعطال الكهرباء', 'الاستارتر', 'ريليه الاستارتر', 'EX-EQF-ELE-04-03', 1),
(67, 1, 'EQF', 'عطل معدة', 'ELE', 'أعطال الكهرباء', 'المقنيتة (الدينمو)', 'الدينمو لا يشحن', 'EX-EQF-ELE-05-01', 1),
(68, 1, 'EQF', 'عطل معدة', 'ELE', 'أعطال الكهرباء', 'المقنيتة (الدينمو)', 'حزام الدينمو', 'EX-EQF-ELE-05-02', 1),
(69, 1, 'EQF', 'عطل معدة', 'ELE', 'أعطال الكهرباء', 'الإضاءة', 'إضاءة أمامية', 'EX-EQF-ELE-06-01', 1),
(70, 1, 'EQF', 'عطل معدة', 'ELE', 'أعطال الكهرباء', 'الإضاءة', 'إضاءة خلفية', 'EX-EQF-ELE-06-02', 1),
(71, 1, 'EQF', 'عطل معدة', 'ELE', 'أعطال الكهرباء', 'الإضاءة', 'إشارات', 'EX-EQF-ELE-06-03', 1),
(72, 1, 'EQF', 'عطل معدة', 'ELE', 'أعطال الكهرباء', 'الإضاءة', 'إضاءة داخلية', 'EX-EQF-ELE-06-04', 1),
(73, 1, 'EQF', 'عطل معدة', 'ELE', 'أعطال الكهرباء', 'الإضاءة', 'تعطل الكشاف الدوار', 'EX-EQF-ELE-06-05', 1),
(74, 1, 'EQF', 'عطل معدة', 'ELE', 'أعطال الكهرباء', 'الطبلون (لوحة العدادات)', 'عدادات لا تعمل', 'EX-EQF-ELE-07-01', 1),
(75, 1, 'EQF', 'عطل معدة', 'ELE', 'أعطال الكهرباء', 'الطبلون (لوحة العدادات)', 'إنذارات لا تعمل', 'EX-EQF-ELE-07-02', 1),
(76, 1, 'EQF', 'عطل معدة', 'ELE', 'أعطال الكهرباء', 'المفتاح الرئيسي', 'مفتاح تالف', 'EX-EQF-ELE-08-01', 1),
(77, 1, 'EQF', 'عطل معدة', 'ELE', 'أعطال الكهرباء', 'حساسات الكمبيوتر (ECU)', 'حساس تالف', 'EX-EQF-ELE-09-01', 1),
(78, 1, 'EQF', 'عطل معدة', 'ELE', 'أعطال الكهرباء', 'حساسات الكمبيوتر (ECU)', 'وحدة تحكم تالفة', 'EX-EQF-ELE-09-02', 1),
(79, 1, 'EQF', 'عطل معدة', 'COL', 'أعطال التبريد والتكيف', 'كنترول التكيف', 'لوحة تحكم', 'EX-EQF-COL-01-01', 1),
(80, 1, 'EQF', 'عطل معدة', 'COL', 'أعطال التبريد والتكيف', 'كنترول التكيف', 'حساسات', 'EX-EQF-COL-01-02', 1),
(81, 1, 'EQF', 'عطل معدة', 'COL', 'أعطال التبريد والتكيف', 'كنترول التكيف', 'ريموت', 'EX-EQF-COL-01-03', 1),
(82, 1, 'EQF', 'عطل معدة', 'COL', 'أعطال التبريد والتكيف', 'الكمبرسور', 'كهرباء الكمبرسور', 'EX-EQF-COL-02-01', 1),
(83, 1, 'EQF', 'عطل معدة', 'COL', 'أعطال التبريد والتكيف', 'الكمبرسور', 'ميكانيكا الكمبرسور', 'EX-EQF-COL-02-02', 1),
(84, 1, 'EQF', 'عطل معدة', 'COL', 'أعطال التبريد والتكيف', 'الكمبرسور', 'السير', 'EX-EQF-COL-02-03', 1),
(85, 1, 'EQF', 'عطل معدة', 'COL', 'أعطال التبريد والتكيف', 'المروحة والهوايات', 'موتور المروحة', 'EX-EQF-COL-03-01', 1),
(86, 1, 'EQF', 'عطل معدة', 'COL', 'أعطال التبريد والتكيف', 'المروحة والهوايات', 'ريش المروحة', 'EX-EQF-COL-03-02', 1),
(87, 1, 'EQF', 'عطل معدة', 'COL', 'أعطال التبريد والتكيف', 'المروحة والهوايات', 'الهوايات', 'EX-EQF-COL-03-03', 1),
(88, 1, 'EQF', 'عطل معدة', 'COL', 'أعطال التبريد والتكيف', 'الفلاتر', 'فلتر داخلي', 'EX-EQF-COL-04-01', 1),
(89, 1, 'EQF', 'عطل معدة', 'COL', 'أعطال التبريد والتكيف', 'الفلاتر', 'فلتر خارجي', 'EX-EQF-COL-04-02', 1),
(90, 1, 'EQF', 'عطل معدة', 'COL', 'أعطال التبريد والتكيف', 'الغاز', 'تعبئة غاز', 'EX-EQF-COL-05-01', 1),
(91, 1, 'EQF', 'عطل معدة', 'COL', 'أعطال التبريد والتكيف', 'الغاز', 'تسريب غاز', 'EX-EQF-COL-05-02', 1),
(92, 1, 'EQF', 'عطل معدة', 'COL', 'أعطال التبريد والتكيف', 'بلف التمدد', 'انسداد', 'EX-EQF-COL-06-01', 1),
(93, 1, 'EQF', 'عطل معدة', 'COL', 'أعطال التبريد والتكيف', 'بلف التمدد', 'تلف', 'EX-EQF-COL-06-02', 1),
(94, 1, 'EQF', 'عطل معدة', 'COL', 'أعطال التبريد والتكيف', 'الحساسات', 'حساس حرارة', 'EX-EQF-COL-08-01', 1),
(95, 1, 'EQF', 'عطل معدة', 'COL', 'أعطال التبريد والتكيف', 'الحساسات', 'حساس ضغط', 'EX-EQF-COL-08-02', 1),
(96, 1, 'EQF', 'عطل معدة', 'COL', 'أعطال التبريد والتكيف', 'الثلاجة', 'تبريد ضعيف', 'EX-EQF-COL-10-01', 1),
(97, 1, 'EQF', 'عطل معدة', 'COL', 'أعطال التبريد والتكيف', 'الثلاجة', 'عدم تبريد', 'EX-EQF-COL-10-02', 1),
(98, 1, 'EQF', 'عطل معدة', 'ACC', 'الملحقات', 'الجردل', 'البستم', 'EX-EQF-ACC-01-01', 1),
(99, 1, 'EQF', 'عطل معدة', 'ACC', 'الملحقات', 'الجردل', 'الجلب', 'EX-EQF-ACC-01-02', 1),
(100, 1, 'EQF', 'عطل معدة', 'ACC', 'الملحقات', 'الجردل', 'البنوزة', 'EX-EQF-ACC-01-03', 1),
(101, 1, 'EQF', 'عطل معدة', 'ACC', 'الملحقات', 'الجردل', 'أعمال الحدادة', 'EX-EQF-ACC-01-04', 1),
(102, 1, 'EQF', 'عطل معدة', 'ACC', 'الملحقات', 'أسنان الجردل', 'تكسر أسنان الجردل', 'EX-EQF-ACC-02-01', 1),
(103, 1, 'EQF', 'عطل معدة', 'ACC', 'الملحقات', 'أسنان الجردل', 'تآكل الأسنان', 'EX-EQF-ACC-02-02', 1),
(104, 1, 'EQF', 'عطل معدة', 'ACC', 'الملحقات', 'أسنان الجردل', 'المسامير', 'EX-EQF-ACC-02-04', 1),
(105, 1, 'EQF', 'عطل معدة', 'ACC', 'الملحقات', 'الجاكهمر', 'موتور الجاكهمر', 'EX-EQF-ACC-03-01', 1),
(106, 1, 'EQF', 'عطل معدة', 'ACC', 'الملحقات', 'الجاكهمر', 'وصلات الجاكهمر', 'EX-EQF-ACC-03-02', 1),
(107, 1, 'EQF', 'عطل معدة', 'ACC', 'الملحقات', 'الجاكهمر', 'زيت الجاكهمر', 'EX-EQF-ACC-03-03', 1),
(108, 1, 'EQF', 'عطل معدة', 'ACC', 'الملحقات', 'الذراع (الإستيك)', 'تشققات', 'EX-EQF-ACC-04-01', 1),
(109, 1, 'EQF', 'عطل معدة', 'ACC', 'الملحقات', 'الذراع (الإستيك)', 'أعمال حدادة', 'EX-EQF-ACC-04-02', 1),
(110, 1, 'EQF', 'عطل معدة', 'BDY', 'الهيكل والقبين', 'أعمال الحدادة والسمكرة', 'إصلاح هيكل', 'EX-EQF-BDY-01-01', 1),
(111, 1, 'EQF', 'عطل معدة', 'BDY', 'الهيكل والقبين', 'أعمال الحدادة والسمكرة', 'تعديل', 'EX-EQF-BDY-01-02', 1),
(112, 1, 'EQF', 'عطل معدة', 'BDY', 'الهيكل والقبين', 'أعمال الحدادة والسمكرة', 'صبغ', 'EX-EQF-BDY-01-03', 1),
(113, 1, 'EQF', 'عطل معدة', 'BDY', 'الهيكل والقبين', 'أعمال الزجاج', 'كسر الزجاج الأمامي', 'EX-EQF-BDY-02-01', 1),
(114, 1, 'EQF', 'عطل معدة', 'BDY', 'الهيكل والقبين', 'أعمال الزجاج', 'كسر زجاج جانبي', 'EX-EQF-BDY-02-02', 1),
(115, 1, 'EQF', 'عطل معدة', 'BDY', 'الهيكل والقبين', 'أعمال الزجاج', 'كسر زجاج خلفي', 'EX-EQF-BDY-02-03', 1),
(116, 1, 'EQF', 'عطل معدة', 'BDY', 'الهيكل والقبين', 'القبين', 'مقعد السائق', 'EX-EQF-BDY-03-01', 1),
(117, 1, 'EQF', 'عطل معدة', 'BDY', 'الهيكل والقبين', 'القبين', 'أبواب القبين', 'EX-EQF-BDY-03-02', 1),
(118, 1, 'EQF', 'عطل معدة', 'BDY', 'الهيكل والقبين', 'القبين', 'تكييف القبين', 'EX-EQF-BDY-03-03', 1),
(119, 1, 'EQF', 'عطل معدة', 'BDY', 'الهيكل والقبين', 'الديكورات الداخلية', 'تلف ديكور', 'EX-EQF-BDY-04-01', 1),
(120, 1, 'EQF', 'عطل معدة', 'BDY', 'الهيكل والقبين', 'المرايا', 'تعطل المرايا', 'EX-EQF-BDY-06-01', 1),
(121, 1, 'EQF', 'عطل معدة', 'BDY', 'الهيكل والقبين', 'المرايا', 'كسر', 'EX-EQF-BDY-06-02', 1),
(122, 1, 'EQF', 'عطل معدة', 'BDY', 'الهيكل والقبين', 'حزام الأمان', 'تعطل حزام الأمان', 'EX-EQF-BDY-07-01', 1),
(123, 1, 'EQF', 'عطل معدة', 'TRK', 'الإطارات والجنزير', 'الفك والتركيب للساتك', 'فك ساتك', 'EX-EQF-TRK-01-01', 1),
(124, 1, 'EQF', 'عطل معدة', 'TRK', 'الإطارات والجنزير', 'الفك والتركيب للساتك', 'تركيب ساتك', 'EX-EQF-TRK-01-02', 1),
(125, 1, 'EQF', 'عطل معدة', 'TRK', 'الإطارات والجنزير', 'مراجعة اللساتك', 'فحص الضغط', 'EX-EQF-TRK-02-01', 1),
(126, 1, 'EQF', 'عطل معدة', 'TRK', 'الإطارات والجنزير', 'مراجعة اللساتك', 'فحص التآكل', 'EX-EQF-TRK-02-02', 1),
(127, 1, 'EQF', 'عطل معدة', 'TRK', 'الإطارات والجنزير', 'إصلاح الثقوب', 'ترقيع', 'EX-EQF-TRK-03-01', 1),
(128, 1, 'EQF', 'عطل معدة', 'TRK', 'الإطارات والجنزير', 'إصلاح الثقوب', 'استبدال', 'EX-EQF-TRK-03-02', 1),
(129, 1, 'MNT', 'توقف صيانة', 'PMP', 'صيانة وقائية مخططة', 'صيانة وقائية', 'غيار زيت الماكينة', 'EX-MNT-PMP-00-01', 1),
(130, 1, 'MNT', 'توقف صيانة', 'PMP', 'صيانة وقائية مخططة', 'صيانة وقائية', 'غيار زيت الهيدروليك', 'EX-MNT-PMP-00-02', 1),
(131, 1, 'MNT', 'توقف صيانة', 'PMP', 'صيانة وقائية مخططة', 'صيانة وقائية', 'غيار فلاتر الهواء', 'EX-MNT-PMP-00-03', 1),
(132, 1, 'MNT', 'توقف صيانة', 'PMP', 'صيانة وقائية مخططة', 'صيانة وقائية', 'غيار فلاتر الهيدروليك', 'EX-MNT-PMP-00-04', 1),
(133, 1, 'MNT', 'توقف صيانة', 'PMP', 'صيانة وقائية مخططة', 'صيانة وقائية', 'غيار فلاتر الزيت', 'EX-MNT-PMP-00-05', 1),
(134, 1, 'MNT', 'توقف صيانة', 'PMP', 'صيانة وقائية مخططة', 'صيانة وقائية', 'غيار فلاتر الوقود', 'EX-MNT-PMP-00-06', 1),
(135, 1, 'MNT', 'توقف صيانة', 'PMP', 'صيانة وقائية مخططة', 'صيانة وقائية', 'التشحيم اليومي', 'EX-MNT-PMP-00-07', 1),
(136, 1, 'MNT', 'توقف صيانة', 'PMP', 'صيانة وقائية مخططة', 'صيانة وقائية', 'الفحص الصباحي', 'EX-MNT-PMP-00-08', 1),
(137, 1, 'MNT', 'توقف صيانة', 'PMP', 'صيانة وقائية مخططة', 'صيانة وقائية', 'غسيل المعدة', 'EX-MNT-PMP-00-09', 1),
(138, 1, 'MNT', 'توقف صيانة', 'PMP', 'صيانة وقائية مخططة', 'صيانة وقائية', 'معايرة الحساسات', 'EX-MNT-PMP-00-10', 1),
(139, 1, 'MNT', 'توقف صيانة', 'PMC', 'صيانة تصحيحية', 'صيانة تصحيحية', 'إصلاح عطل ميكانيكي', 'EX-MNT-PMC-00-01', 1),
(140, 1, 'MNT', 'توقف صيانة', 'PMC', 'صيانة تصحيحية', 'صيانة تصحيحية', 'إصلاح عطل هيدروليكي', 'EX-MNT-PMC-00-02', 1),
(141, 1, 'MNT', 'توقف صيانة', 'PMC', 'صيانة تصحيحية', 'صيانة تصحيحية', 'إصلاح عطل كهربائي', 'EX-MNT-PMC-00-03', 1),
(142, 1, 'MNT', 'توقف صيانة', 'PMC', 'صيانة تصحيحية', 'صيانة تصحيحية', 'إصلاح إطارات', 'EX-MNT-PMC-00-04', 1),
(143, 1, 'MNT', 'توقف صيانة', 'PMC', 'صيانة تصحيحية', 'صيانة تصحيحية', 'إصلاح تبريد وتكيف', 'EX-MNT-PMC-00-05', 1),
(144, 1, 'MNT', 'توقف صيانة', 'PMC', 'صيانة تصحيحية', 'صيانة تصحيحية', 'إصلاح ملحقات', 'EX-MNT-PMC-00-06', 1),
(145, 1, 'MNT', 'توقف صيانة', 'PMC', 'صيانة تصحيحية', 'صيانة تصحيحية', 'إصلاح هيكل وقبين', 'EX-MNT-PMC-00-07', 1),
(146, 1, 'MNT', 'توقف صيانة', 'PME', 'صيانة طارئة', 'صيانة طارئة', 'حادث تصادم', 'EX-MNT-PME-00-01', 1),
(147, 1, 'MNT', 'توقف صيانة', 'PME', 'صيانة طارئة', 'صيانة طارئة', 'انقلاب', 'EX-MNT-PME-00-02', 1),
(148, 1, 'MNT', 'توقف صيانة', 'PME', 'صيانة طارئة', 'صيانة طارئة', 'كسر هيكلي', 'EX-MNT-PME-00-03', 1),
(149, 1, 'MNT', 'توقف صيانة', 'PME', 'صيانة طارئة', 'صيانة طارئة', 'أعطال بسبب التشغيل الخاطئ', 'EX-MNT-PME-00-04', 1),
(150, 1, 'DEP', 'توقف اعتماد', 'DPF', 'اعتماد كامل', 'اعتماد كامل', 'توقف المعدة الأم — عطل ميكانيكي', 'EX-DEP-DPF-00-01', 1),
(151, 1, 'DEP', 'توقف اعتماد', 'DPF', 'اعتماد كامل', 'اعتماد كامل', 'توقف المعدة الأم — عطل هيدروليكي', 'EX-DEP-DPF-00-02', 1),
(152, 1, 'DEP', 'توقف اعتماد', 'DPF', 'اعتماد كامل', 'اعتماد كامل', 'توقف المعدة الأم — عطل كهربائي', 'EX-DEP-DPF-00-03', 1),
(153, 1, 'DEP', 'توقف اعتماد', 'DPF', 'اعتماد كامل', 'اعتماد كامل', 'توقف المعدة الأم — عطل آخر', 'EX-DEP-DPF-00-04', 1),
(154, 1, 'DEP', 'توقف اعتماد', 'DPP', 'اعتماد جزئي', 'اعتماد جزئي', 'تشغيل بطاقة منخفضة', 'EX-DEP-DPP-00-01', 1),
(155, 1, 'DEP', 'توقف اعتماد', 'DPP', 'اعتماد جزئي', 'اعتماد جزئي', 'توقف جزئي عن الإنتاج', 'EX-DEP-DPP-00-02', 1),
(156, 1, 'DEP', 'توقف اعتماد', 'DPM', 'اعتماد متبادل', 'اعتماد متبادل', 'توقف معدة شريكة', 'EX-DEP-DPM-00-01', 1),
(157, 1, 'DEP', 'توقف اعتماد', 'DPM', 'اعتماد متبادل', 'اعتماد متبادل', 'توقف منظومة مرتبطة', 'EX-DEP-DPM-00-02', 1),
(158, 1, 'CST', 'استعداد عميل', 'CSS', 'عدم جهوزية الموقع', 'عدم جهوزية الموقع', 'عدم جهوزية جبهة العمل', 'EX-CST-CSS-00-01', 1),
(159, 1, 'CST', 'استعداد عميل', 'CSS', 'عدم جهوزية الموقع', 'عدم جهوزية الموقع', 'ممتلئة منطقة التفريغ', 'EX-CST-CSS-00-02', 1),
(160, 1, 'CST', 'استعداد عميل', 'CSS', 'عدم جهوزية الموقع', 'عدم جهوزية الموقع', 'إغلاق مؤقت للموقع', 'EX-CST-CSS-00-03', 1),
(161, 1, 'CST', 'استعداد عميل', 'CSP', 'عدم جهوزية الإنتاج', 'عدم جهوزية الإنتاج', 'انتظار التفجير', 'EX-CST-CSP-00-01', 1),
(162, 1, 'CST', 'استعداد عميل', 'CSP', 'عدم جهوزية الإنتاج', 'عدم جهوزية الإنتاج', 'انتظار المسّاح', 'EX-CST-CSP-00-02', 1),
(163, 1, 'CST', 'استعداد عميل', 'CSP', 'عدم جهوزية الإنتاج', 'عدم جهوزية الإنتاج', 'عدم توفر معدة التحميل المساندة', 'EX-CST-CSP-00-03', 1),
(164, 1, 'CST', 'استعداد عميل', 'CSP', 'عدم جهوزية الإنتاج', 'عدم جهوزية الإنتاج', 'عدم توفر معدات الترحيل', 'EX-CST-CSP-00-04', 1),
(165, 1, 'CST', 'استعداد عميل', 'CSL', 'عدم توفر مستلزمات التشغيل', 'عدم توفر مستلزمات', 'عدم وصول الوقود من جهة العميل', 'EX-CST-CSL-00-01', 1),
(166, 1, 'CST', 'استعداد عميل', 'CSL', 'عدم توفر مستلزمات التشغيل', 'عدم توفر مستلزمات', 'عدم توفر مياه الرش', 'EX-CST-CSL-00-02', 1),
(167, 1, 'CST', 'استعداد عميل', 'CSM', 'عدم جهوزية الإدارة من جانب العميل', 'إدارة العميل', 'عدم حضور مشرف العميل', 'EX-CST-CSM-00-01', 1),
(168, 1, 'CST', 'استعداد عميل', 'CSM', 'عدم جهوزية الإدارة من جانب العميل', 'إدارة العميل', 'عدم صدور تصريح التشغيل اليومي', 'EX-CST-CSM-00-02', 1),
(169, 1, 'CST', 'استعداد عميل', 'CSM', 'عدم جهوزية الإدارة من جانب العميل', 'إدارة العميل', 'التفتيش الأمني عند البوابة', 'EX-CST-CSM-00-03', 1),
(170, 1, 'MST', 'استعداد تسويق', 'MSC', 'ظروف مناخية', 'ظروف مناخية', 'موسم الأمطار', 'EX-MST-MSC-00-01', 1),
(171, 1, 'MST', 'استعداد تسويق', 'MSC', 'ظروف مناخية', 'ظروف مناخية', 'العواصف الرملية', 'EX-MST-MSC-00-02', 1),
(172, 1, 'MST', 'استعداد تسويق', 'MSC', 'ظروف مناخية', 'ظروف مناخية', 'السيول وانقطاع الطرق', 'EX-MST-MSC-00-03', 1),
(173, 1, 'MST', 'استعداد تسويق', 'MSC', 'ظروف مناخية', 'ظروف مناخية', 'الحرارة الشديدة', 'EX-MST-MSC-00-04', 1),
(174, 1, 'MST', 'استعداد تسويق', 'MSS', 'ظروف أمنية', 'ظروف أمنية', 'الوضع الأمني في المنطقة', 'EX-MST-MSS-00-01', 1),
(175, 1, 'MST', 'استعداد تسويق', 'MSS', 'ظروف أمنية', 'ظروف أمنية', 'إغلاق الطرق', 'EX-MST-MSS-00-02', 1),
(176, 1, 'MST', 'استعداد تسويق', 'MSS', 'ظروف أمنية', 'ظروف أمنية', 'التوترات مع المجتمعات المحلية', 'EX-MST-MSS-00-03', 1),
(177, 1, 'MST', 'استعداد تسويق', 'MSZ', 'ظروف زمنية', 'ظروف زمنية', 'الإجازات الرسمية غير المتفق عليها', 'EX-MST-MSZ-00-01', 1),
(178, 1, 'MST', 'استعداد تسويق', 'MSZ', 'ظروف زمنية', 'ظروف زمنية', 'تخفيض ساعات رمضان', 'EX-MST-MSZ-00-02', 1),
(179, 1, 'HRF', 'عطل HR', 'HRA', 'عدم توفر المشغل', 'عدم توفر المشغل', 'عدم توفر مشغل في الموقع', 'EX-HRF-HRA-00-01', 1),
(180, 1, 'HRF', 'عطل HR', 'HRA', 'عدم توفر المشغل', 'عدم توفر المشغل', 'تأخر مشغل الوردية البديلة', 'EX-HRF-HRA-00-02', 1),
(181, 1, 'HRF', 'عطل HR', 'HRB', 'غياب المشغل', 'غياب المشغل', 'مرض المشغل دون بديل', 'EX-HRF-HRB-00-01', 1),
(182, 1, 'HRF', 'عطل HR', 'HRB', 'غياب المشغل', 'غياب المشغل', 'إجازة مشغل دون بديل', 'EX-HRF-HRB-00-02', 1),
(183, 1, 'HRF', 'عطل HR', 'HRB', 'غياب المشغل', 'غياب المشغل', 'غياب المشغل دون عذر', 'EX-HRF-HRB-00-03', 1),
(184, 1, 'HRF', 'عطل HR', 'HRC', 'عدم كفاءة المشغل', 'عدم كفاءة المشغل', 'نقص خبرة المشغل في نوع المعدة', 'EX-HRF-HRC-00-01', 1),
(185, 1, 'HRF', 'عطل HR', 'HRC', 'عدم كفاءة المشغل', 'عدم كفاءة المشغل', 'انتهاء رخصة التشغيل', 'EX-HRF-HRC-00-02', 1),
(186, 1, 'HRF', 'عطل HR', 'HRG', 'أحداث جماعية', 'أحداث جماعية', 'إضراب المشغلين', 'EX-HRF-HRG-00-01', 1),
(187, 1, 'HRF', 'عطل HR', 'HRT', 'تطوير وتدريب', 'تطوير وتدريب', 'ساعات التدريب', 'EX-HRF-HRT-00-01', 1),
(188, 1, 'MKF', 'عطل تسويق', 'MFC', 'نقص الطاقة التعاقدية', 'نقص الطاقة التعاقدية', 'عقد بساعات أقل من الطاقة الإنتاجية للمعدة', 'EX-MKF-MFC-00-01', 1),
(189, 1, 'MKF', 'عطل تسويق', 'MFN', 'غياب العقد', 'غياب العقد', 'معدة بدون عقد', 'EX-MKF-MFN-00-01', 1),
(190, 1, 'MKF', 'عطل تسويق', 'MFN', 'غياب العقد', 'غياب العقد', 'فترة تجديد العقد', 'EX-MKF-MFN-00-02', 1),
(191, 1, 'MKF', 'عطل تسويق', 'MFI', 'إشكاليات تعاقدية', 'إشكاليات تعاقدية', 'توقف العقد لخلاف تعاقدي', 'EX-MKF-MFI-00-01', 1),
(192, 1, 'MKF', 'عطل تسويق', 'MFI', 'إشكاليات تعاقدية', 'إشكاليات تعاقدية', 'خسارة العقد بسبب التسعير', 'EX-MKF-MFI-00-02', 1),
(193, 1, 'MKF', 'عطل تسويق', 'MFI', 'إشكاليات تعاقدية', 'إشكاليات تعاقدية', 'توقف بسبب تأخر مدفوعات العميل', 'EX-MKF-MFI-00-03', 1),
(194, 2, 'OPR', 'تشغيل فعلي', 'OPP', 'إنتاج فعلي', 'ساعات إنتاج', 'إنتاج عادي', 'DT-OPR-OPP-01-01', 1),
(195, 2, 'OPR', 'تشغيل فعلي', 'OPP', 'إنتاج فعلي', 'ساعات إنتاج', 'إنتاج مكثف', 'DT-OPR-OPP-01-02', 1),
(196, 2, 'OPR', 'تشغيل فعلي', 'OPP', 'إنتاج فعلي', 'ساعات إنتاج', 'إنتاج خاص', 'DT-OPR-OPP-01-03', 1),
(197, 2, 'EQF', 'عطل معدة', 'MEC', 'أعطال الميكانيكا', 'المحرك', 'منظومة الهواء', 'DT-EQF-MEC-01-01', 1),
(198, 2, 'EQF', 'عطل معدة', 'MEC', 'أعطال الميكانيكا', 'المحرك', 'منظومة الوقود', 'DT-EQF-MEC-01-02', 1),
(199, 2, 'EQF', 'عطل معدة', 'MEC', 'أعطال الميكانيكا', 'المحرك', 'منظومة التزييت', 'DT-EQF-MEC-01-03', 1),
(200, 2, 'EQF', 'عطل معدة', 'MEC', 'أعطال الميكانيكا', 'المحرك', 'منظومة التبريد', 'DT-EQF-MEC-01-04', 1),
(201, 2, 'EQF', 'عطل معدة', 'MEC', 'أعطال الميكانيكا', 'المحرك', 'رأس المحرك', 'DT-EQF-MEC-01-05', 1),
(202, 2, 'EQF', 'عطل معدة', 'MEC', 'أعطال الميكانيكا', 'المحرك', 'السلندرات', 'DT-EQF-MEC-01-06', 1),
(203, 2, 'EQF', 'عطل معدة', 'MEC', 'أعطال الميكانيكا', 'المحرك', 'الصدرية', 'DT-EQF-MEC-01-07', 1),
(204, 2, 'EQF', 'عطل معدة', 'MEC', 'أعطال الميكانيكا', 'المحرك', 'الشيالات', 'DT-EQF-MEC-01-08', 1),
(205, 2, 'EQF', 'عطل معدة', 'MEC', 'أعطال الميكانيكا', 'المحرك', 'سير المكنة', 'DT-EQF-MEC-01-09', 1),
(206, 2, 'EQF', 'عطل معدة', 'MEC', 'أعطال الميكانيكا', 'المحرك', 'ارتفاع حرارة المحرك', 'DT-EQF-MEC-01-10', 1),
(207, 2, 'EQF', 'عطل معدة', 'MEC', 'أعطال الميكانيكا', 'المحرك', 'إصلاح عام', 'DT-EQF-MEC-01-11', 1),
(208, 2, 'EQF', 'عطل معدة', 'MEC', 'أعطال الميكانيكا', 'المحرك', 'أخرى', 'DT-EQF-MEC-01-12', 1),
(209, 2, 'EQF', 'عطل معدة', 'MEC', 'أعطال الميكانيكا', 'الكلتش', 'الكلتش', 'DT-EQF-MEC-02-01', 1),
(210, 2, 'EQF', 'عطل معدة', 'MEC', 'أعطال الميكانيكا', 'الجيربوكس', 'الجيربوكس', 'DT-EQF-MEC-02-02', 1),
(211, 2, 'EQF', 'عطل معدة', 'MEC', 'أعطال الميكانيكا', 'عمود الكردان', 'عمود الكردان (الطوالي)', 'DT-EQF-MEC-02-03', 1),
(212, 2, 'EQF', 'عطل معدة', 'MEC', 'أعطال الميكانيكا', 'الكرونات', 'الكرونات (الدفرنس)', 'DT-EQF-MEC-02-05', 1),
(213, 2, 'EQF', 'عطل معدة', 'MEC', 'أعطال الميكانيكا', 'نظام التعليق', 'المساعدات', 'DT-EQF-MEC-03-01', 1),
(214, 2, 'EQF', 'عطل معدة', 'MEC', 'أعطال الميكانيكا', 'نظام التعليق', 'الريش', 'DT-EQF-MEC-03-02', 1),
(215, 2, 'EQF', 'عطل معدة', 'MEC', 'أعطال الميكانيكا', 'نظام التعليق', 'القواعد', 'DT-EQF-MEC-03-03', 1),
(216, 2, 'EQF', 'عطل معدة', 'MEC', 'أعطال الميكانيكا', 'نظام التعليق', 'الشدادات', 'DT-EQF-MEC-03-04', 1),
(217, 2, 'EQF', 'عطل معدة', 'MEC', 'أعطال الميكانيكا', 'نظام التعليق', 'الأكسات (المحاور)', 'DT-EQF-MEC-03-05', 1),
(218, 2, 'EQF', 'عطل معدة', 'MEC', 'أعطال الميكانيكا', 'نظام التوجيه', 'طرمبة الباور', 'DT-EQF-MEC-04-01', 1),
(219, 2, 'EQF', 'عطل معدة', 'MEC', 'أعطال الميكانيكا', 'نظام التوجيه', 'علبة الدركسون', 'DT-EQF-MEC-04-02', 1),
(220, 2, 'EQF', 'عطل معدة', 'MEC', 'أعطال الميكانيكا', 'نظام التوجيه', 'الطارة', 'DT-EQF-MEC-04-03', 1),
(221, 2, 'EQF', 'عطل معدة', 'MEC', 'أعطال الميكانيكا', 'نظام التوجيه', 'الأذرعة والوصلات', 'DT-EQF-MEC-04-04', 1),
(222, 2, 'EQF', 'عطل معدة', 'MEC', 'أعطال الميكانيكا', 'نظام التوجيه', 'زيت الباور', 'DT-EQF-MEC-04-05', 1),
(223, 2, 'EQF', 'عطل معدة', 'MEC', 'أعطال الميكانيكا', 'الفرامل', 'القماشات', 'DT-EQF-MEC-05-01', 1),
(224, 2, 'EQF', 'عطل معدة', 'MEC', 'أعطال الميكانيكا', 'الفرامل', 'اللقم', 'DT-EQF-MEC-05-02', 1),
(225, 2, 'EQF', 'عطل معدة', 'MEC', 'أعطال الميكانيكا', 'الفرامل', 'درامات / ديسكات', 'DT-EQF-MEC-05-03', 1),
(226, 2, 'EQF', 'عطل معدة', 'MEC', 'أعطال الميكانيكا', 'الفرامل', 'نظام الهواء', 'DT-EQF-MEC-05-04', 1),
(227, 2, 'EQF', 'عطل معدة', 'MEC', 'أعطال الميكانيكا', 'الفرامل', 'كمبروسر الهواء', 'DT-EQF-MEC-05-05', 1),
(228, 2, 'EQF', 'عطل معدة', 'MEC', 'أعطال الميكانيكا', 'الفرامل', 'الخراطيم والوصلات', 'DT-EQF-MEC-05-06', 1),
(229, 2, 'EQF', 'عطل معدة', 'MEC', 'أعطال الميكانيكا', 'الإطارات', 'انفجار الإطار في الموقع', 'DT-EQF-MEC-06-01', 1),
(230, 2, 'EQF', 'عطل معدة', 'MEC', 'أعطال الميكانيكا', 'الإطارات', 'تآكل الإطارات', 'DT-EQF-MEC-06-02', 1),
(231, 2, 'EQF', 'عطل معدة', 'MEC', 'أعطال الميكانيكا', 'الإطارات', 'البنشر', 'DT-EQF-MEC-06-03', 1),
(232, 2, 'EQF', 'عطل معدة', 'TIP', 'نظام القلاب', 'نظام القلاب الهيدروليكي', 'طرمبة الهيدروليك', 'DT-EQF-TIP-01-01', 1),
(233, 2, 'EQF', 'عطل معدة', 'TIP', 'نظام القلاب', 'نظام القلاب الهيدروليكي', 'سلندر الرفع', 'DT-EQF-TIP-01-02', 1),
(234, 2, 'EQF', 'عطل معدة', 'TIP', 'نظام القلاب', 'نظام القلاب الهيدروليكي', 'الفالفات', 'DT-EQF-TIP-01-04', 1),
(235, 2, 'EQF', 'عطل معدة', 'TIP', 'نظام القلاب', 'نظام القلاب الهيدروليكي', 'عدم رفع القلاب', 'DT-EQF-TIP-01-07', 1),
(236, 2, 'EQF', 'عطل معدة', 'TIP', 'نظام القلاب', 'صندوق القلاب', 'تشققات في الصندوق', 'DT-EQF-TIP-02-01', 1),
(237, 2, 'EQF', 'عطل معدة', 'TIP', 'نظام القلاب', 'صندوق القلاب', 'بطانة الصندوق', 'DT-EQF-TIP-02-03', 1),
(238, 2, 'EQF', 'عطل معدة', 'HYD', 'أعطال الهيدروليك', 'نظام الزيت والفلاتر', 'زيت هيدروليك', 'DT-EQF-HYD-01-01', 1),
(239, 2, 'EQF', 'عطل معدة', 'HYD', 'أعطال الهيدروليك', 'نظام الزيت والفلاتر', 'فلتر زيت', 'DT-EQF-HYD-01-02', 1),
(240, 2, 'EQF', 'عطل معدة', 'HYD', 'أعطال الهيدروليك', 'نظام الزيت والفلاتر', 'تسريب زيت', 'DT-EQF-HYD-01-03', 1),
(241, 2, 'EQF', 'عطل معدة', 'HYD', 'أعطال الهيدروليك', 'الطرمبة', 'طرمبة رئيسية', 'DT-EQF-HYD-02-01', 1),
(242, 2, 'EQF', 'عطل معدة', 'HYD', 'أعطال الهيدروليك', 'الطرمبة', 'طرمبة مساعدة', 'DT-EQF-HYD-02-02', 1),
(243, 2, 'EQF', 'عطل معدة', 'HYD', 'أعطال الهيدروليك', 'الطرمبة', 'تالفة', 'DT-EQF-HYD-02-03', 1),
(244, 2, 'EQF', 'عطل معدة', 'HYD', 'أعطال الهيدروليك', 'الكنترول', 'لوحة كنترول', 'DT-EQF-HYD-03-01', 1),
(245, 2, 'EQF', 'عطل معدة', 'HYD', 'أعطال الهيدروليك', 'الكنترول', 'صمامات تحكم', 'DT-EQF-HYD-03-02', 1),
(246, 2, 'EQF', 'عطل معدة', 'HYD', 'أعطال الهيدروليك', 'الوصلات والخراطيم', 'تسريب', 'DT-EQF-HYD-04-01', 1),
(247, 2, 'EQF', 'عطل معدة', 'HYD', 'أعطال الهيدروليك', 'الوصلات والخراطيم', 'تلف خرطوم', 'DT-EQF-HYD-04-02', 1),
(248, 2, 'EQF', 'عطل معدة', 'HYD', 'أعطال الهيدروليك', 'الوصلات والخراطيم', 'وصلة مكسورة', 'DT-EQF-HYD-04-03', 1),
(249, 2, 'EQF', 'عطل معدة', 'HYD', 'أعطال الهيدروليك', 'البساتم (السلندرات)', 'تسريب بستم', 'DT-EQF-HYD-05-01', 1),
(250, 2, 'EQF', 'عطل معدة', 'HYD', 'أعطال الهيدروليك', 'البساتم (السلندرات)', 'تالف', 'DT-EQF-HYD-05-02', 1),
(251, 2, 'EQF', 'عطل معدة', 'HYD', 'أعطال الهيدروليك', 'الصمامات', 'صمام لا يعمل', 'DT-EQF-HYD-06-01', 1),
(252, 2, 'EQF', 'عطل معدة', 'HYD', 'أعطال الهيدروليك', 'الصمامات', 'صمام مسدود', 'DT-EQF-HYD-06-02', 1),
(253, 2, 'EQF', 'عطل معدة', 'HYD', 'أعطال الهيدروليك', 'الموتورات والجيربوكسات', 'موتور هيدروليك', 'DT-EQF-HYD-07-01', 1),
(254, 2, 'EQF', 'عطل معدة', 'HYD', 'أعطال الهيدروليك', 'الموتورات والجيربوكسات', 'جيربوكس', 'DT-EQF-HYD-07-02', 1),
(255, 2, 'EQF', 'عطل معدة', 'ELE', 'أعطال الكهرباء', 'البطارية', 'بطارية ضعيفة', 'DT-EQF-ELE-01-01', 1),
(256, 2, 'EQF', 'عطل معدة', 'ELE', 'أعطال الكهرباء', 'البطارية', 'بطارية تالفة', 'DT-EQF-ELE-01-02', 1),
(257, 2, 'EQF', 'عطل معدة', 'ELE', 'أعطال الكهرباء', 'البطارية', 'أطراف البطارية', 'DT-EQF-ELE-01-03', 1),
(258, 2, 'EQF', 'عطل معدة', 'ELE', 'أعطال الكهرباء', 'الضفيرة', 'قطع في الضفيرة', 'DT-EQF-ELE-02-01', 1),
(259, 2, 'EQF', 'عطل معدة', 'ELE', 'أعطال الكهرباء', 'الضفيرة', 'تماس كهربائي', 'DT-EQF-ELE-02-02', 1),
(260, 2, 'EQF', 'عطل معدة', 'ELE', 'أعطال الكهرباء', 'الضفيرة', 'تآكل', 'DT-EQF-ELE-02-03', 1),
(261, 2, 'EQF', 'عطل معدة', 'ELE', 'أعطال الكهرباء', 'الفيوزات', 'فيوز محروق', 'DT-EQF-ELE-03-01', 1),
(262, 2, 'EQF', 'عطل معدة', 'ELE', 'أعطال الكهرباء', 'الاستارتر', 'موتور الاستارتر', 'DT-EQF-ELE-04-01', 1),
(263, 2, 'EQF', 'عطل معدة', 'ELE', 'أعطال الكهرباء', 'الاستارتر', 'السلف', 'DT-EQF-ELE-04-02', 1),
(264, 2, 'EQF', 'عطل معدة', 'ELE', 'أعطال الكهرباء', 'المقنيتة (الدينمو)', 'الدينمو لا يشحن', 'DT-EQF-ELE-05-01', 1),
(265, 2, 'EQF', 'عطل معدة', 'ELE', 'أعطال الكهرباء', 'المقنيتة (الدينمو)', 'حزام الدينمو', 'DT-EQF-ELE-05-02', 1),
(266, 2, 'EQF', 'عطل معدة', 'ELE', 'أعطال الكهرباء', 'الإضاءة', 'إضاءة أمامية', 'DT-EQF-ELE-06-01', 1),
(267, 2, 'EQF', 'عطل معدة', 'ELE', 'أعطال الكهرباء', 'الإضاءة', 'إضاءة خلفية', 'DT-EQF-ELE-06-02', 1),
(268, 2, 'EQF', 'عطل معدة', 'ELE', 'أعطال الكهرباء', 'الإضاءة', 'إشارات', 'DT-EQF-ELE-06-03', 1),
(269, 2, 'EQF', 'عطل معدة', 'ELE', 'أعطال الكهرباء', 'الطبلون (لوحة العدادات)', 'عدادات لا تعمل', 'DT-EQF-ELE-07-01', 1),
(270, 2, 'EQF', 'عطل معدة', 'ELE', 'أعطال الكهرباء', 'حساسات الكمبيوتر (ECU)', 'حساس تالف', 'DT-EQF-ELE-09-01', 1),
(271, 2, 'EQF', 'عطل معدة', 'ELE', 'أعطال الكهرباء', 'حساسات الكمبيوتر (ECU)', 'وحدة تحكم تالفة', 'DT-EQF-ELE-09-02', 1),
(272, 2, 'EQF', 'عطل معدة', 'COL', 'أعطال التبريد والتكيف', 'كنترول التكيف', 'لوحة تحكم', 'DT-EQF-COL-01-01', 1),
(273, 2, 'EQF', 'عطل معدة', 'COL', 'أعطال التبريد والتكيف', 'الكمبرسور', 'كهرباء الكمبرسور', 'DT-EQF-COL-02-01', 1),
(274, 2, 'EQF', 'عطل معدة', 'COL', 'أعطال التبريد والتكيف', 'المروحة والهوايات', 'موتور المروحة', 'DT-EQF-COL-03-01', 1),
(275, 2, 'EQF', 'عطل معدة', 'COL', 'أعطال التبريد والتكيف', 'الغاز', 'تعبئة غاز', 'DT-EQF-COL-05-01', 1),
(276, 2, 'EQF', 'عطل معدة', 'COL', 'أعطال التبريد والتكيف', 'الغاز', 'تسريب غاز', 'DT-EQF-COL-05-02', 1),
(277, 2, 'EQF', 'عطل معدة', 'COL', 'أعطال التبريد والتكيف', 'الثلاجة', 'تبريد ضعيف', 'DT-EQF-COL-10-01', 1),
(278, 2, 'EQF', 'عطل معدة', 'BDY', 'الهيكل والقبين', 'أعمال الحدادة والسمكرة', 'إصلاح هيكل', 'DT-EQF-BDY-01-01', 1),
(279, 2, 'EQF', 'عطل معدة', 'BDY', 'الهيكل والقبين', 'أعمال الزجاج', 'كسر الزجاج الأمامي', 'DT-EQF-BDY-02-01', 1),
(280, 2, 'EQF', 'عطل معدة', 'BDY', 'الهيكل والقبين', 'القبين', 'مقعد السائق', 'DT-EQF-BDY-03-01', 1),
(281, 2, 'EQF', 'عطل معدة', 'BDY', 'الهيكل والقبين', 'المرايا', 'تعطل المرايا', 'DT-EQF-BDY-06-01', 1),
(282, 2, 'EQF', 'عطل معدة', 'TIR', 'الإطارات', 'الإطارات', 'انفجار الإطار', 'DT-EQF-TIR-01-01', 1),
(283, 2, 'EQF', 'عطل معدة', 'TIR', 'الإطارات', 'الإطارات', 'البنشر', 'DT-EQF-TIR-01-02', 1),
(284, 2, 'EQF', 'عطل معدة', 'TIR', 'الإطارات', 'الإطارات', 'تآكل الإطار', 'DT-EQF-TIR-01-03', 1),
(285, 2, 'MNT', 'توقف صيانة', 'PMP', 'صيانة وقائية مخططة', 'صيانة وقائية', 'غيار زيت الماكينة', 'DT-MNT-PMP-00-01', 1),
(286, 2, 'MNT', 'توقف صيانة', 'PMP', 'صيانة وقائية مخططة', 'صيانة وقائية', 'غيار زيت الهيدروليك', 'DT-MNT-PMP-00-02', 1),
(287, 2, 'MNT', 'توقف صيانة', 'PMP', 'صيانة وقائية مخططة', 'صيانة وقائية', 'غيار فلاتر الهواء', 'DT-MNT-PMP-00-03', 1),
(288, 2, 'MNT', 'توقف صيانة', 'PMP', 'صيانة وقائية مخططة', 'صيانة وقائية', 'التشحيم اليومي', 'DT-MNT-PMP-00-07', 1),
(289, 2, 'MNT', 'توقف صيانة', 'PMP', 'صيانة وقائية مخططة', 'صيانة وقائية', 'الفحص الصباحي', 'DT-MNT-PMP-00-08', 1),
(290, 2, 'MNT', 'توقف صيانة', 'PMC', 'صيانة تصحيحية', 'صيانة تصحيحية', 'إصلاح عطل ميكانيكي', 'DT-MNT-PMC-00-01', 1),
(291, 2, 'MNT', 'توقف صيانة', 'PMC', 'صيانة تصحيحية', 'صيانة تصحيحية', 'إصلاح عطل كهربائي', 'DT-MNT-PMC-00-03', 1),
(292, 2, 'MNT', 'توقف صيانة', 'PMC', 'صيانة تصحيحية', 'صيانة تصحيحية', 'إصلاح إطارات', 'DT-MNT-PMC-00-04', 1),
(293, 2, 'MNT', 'توقف صيانة', 'PME', 'صيانة طارئة', 'صيانة طارئة', 'حادث تصادم', 'DT-MNT-PME-00-01', 1),
(294, 2, 'MNT', 'توقف صيانة', 'PME', 'صيانة طارئة', 'صيانة طارئة', 'انقلاب', 'DT-MNT-PME-00-02', 1),
(295, 2, 'DEP', 'توقف اعتماد', 'DPF', 'اعتماد كامل', 'اعتماد كامل', 'توقف المعدة الأم — عطل ميكانيكي', 'DT-DEP-DPF-00-01', 1),
(296, 2, 'DEP', 'توقف اعتماد', 'DPF', 'اعتماد كامل', 'اعتماد كامل', 'توقف المعدة الأم — عطل هيدروليكي', 'DT-DEP-DPF-00-02', 1),
(297, 2, 'DEP', 'توقف اعتماد', 'DPP', 'اعتماد جزئي', 'اعتماد جزئي', 'تشغيل بطاقة منخفضة', 'DT-DEP-DPP-00-01', 1),
(298, 2, 'DEP', 'توقف اعتماد', 'DPM', 'اعتماد متبادل', 'اعتماد متبادل', 'توقف معدة شريكة', 'DT-DEP-DPM-00-01', 1),
(299, 2, 'CST', 'استعداد عميل', 'CSS', 'عدم جهوزية الموقع', 'عدم جهوزية الموقع', 'عدم جهوزية جبهة العمل', 'DT-CST-CSS-00-01', 1),
(300, 2, 'CST', 'استعداد عميل', 'CSS', 'عدم جهوزية الموقع', 'عدم جهوزية الموقع', 'ممتلئة منطقة التفريغ', 'DT-CST-CSS-00-02', 1),
(301, 2, 'CST', 'استعداد عميل', 'CSP', 'عدم جهوزية الإنتاج', 'عدم جهوزية الإنتاج', 'انتظار التفجير', 'DT-CST-CSP-00-01', 1),
(302, 2, 'CST', 'استعداد عميل', 'CSP', 'عدم جهوزية الإنتاج', 'عدم جهوزية الإنتاج', 'عدم توفر معدة التحميل المساندة', 'DT-CST-CSP-00-03', 1),
(303, 2, 'CST', 'استعداد عميل', 'CSL', 'عدم توفر مستلزمات', 'عدم توفر مستلزمات', 'عدم وصول الوقود من جهة العميل', 'DT-CST-CSL-00-01', 1),
(304, 2, 'CST', 'استعداد عميل', 'CSM', 'إدارة العميل', 'إدارة العميل', 'عدم حضور مشرف العميل', 'DT-CST-CSM-00-01', 1),
(305, 2, 'CST', 'استعداد عميل', 'CSM', 'إدارة العميل', 'إدارة العميل', 'عدم صدور تصريح التشغيل اليومي', 'DT-CST-CSM-00-02', 1),
(306, 2, 'MST', 'استعداد تسويق', 'MSC', 'ظروف مناخية', 'ظروف مناخية', 'موسم الأمطار', 'DT-MST-MSC-00-01', 1),
(307, 2, 'MST', 'استعداد تسويق', 'MSC', 'ظروف مناخية', 'ظروف مناخية', 'العواصف الرملية', 'DT-MST-MSC-00-02', 1),
(308, 2, 'MST', 'استعداد تسويق', 'MSS', 'ظروف أمنية', 'ظروف أمنية', 'الوضع الأمني في المنطقة', 'DT-MST-MSS-00-01', 1),
(309, 2, 'MST', 'استعداد تسويق', 'MSZ', 'ظروف زمنية', 'ظروف زمنية', 'الإجازات الرسمية غير المتفق عليها', 'DT-MST-MSZ-00-01', 1),
(310, 2, 'HRF', 'عطل HR', 'HRA', 'عدم توفر المشغل', 'عدم توفر المشغل', 'عدم توفر مشغل في الموقع', 'DT-HRF-HRA-00-01', 1),
(311, 2, 'HRF', 'عطل HR', 'HRA', 'عدم توفر المشغل', 'عدم توفر المشغل', 'تأخر مشغل الوردية البديلة', 'DT-HRF-HRA-00-02', 1),
(312, 2, 'HRF', 'عطل HR', 'HRB', 'غياب المشغل', 'غياب المشغل', 'مرض المشغل دون بديل', 'DT-HRF-HRB-00-01', 1),
(313, 2, 'HRF', 'عطل HR', 'HRB', 'غياب المشغل', 'غياب المشغل', 'إجازة مشغل دون بديل', 'DT-HRF-HRB-00-02', 1),
(314, 2, 'HRF', 'عطل HR', 'HRB', 'غياب المشغل', 'غياب المشغل', 'غياب المشغل دون عذر', 'DT-HRF-HRB-00-03', 1),
(315, 2, 'HRF', 'عطل HR', 'HRC', 'عدم كفاءة المشغل', 'عدم كفاءة المشغل', 'نقص خبرة المشغل في نوع المعدة', 'DT-HRF-HRC-00-01', 1),
(316, 2, 'HRF', 'عطل HR', 'HRT', 'تطوير وتدريب', 'تطوير وتدريب', 'ساعات التدريب', 'DT-HRF-HRT-00-01', 1),
(317, 2, 'MKF', 'عطل تسويق', 'MFN', 'غياب العقد', 'غياب العقد', 'معدة بدون عقد', 'DT-MKF-MFN-00-01', 1),
(318, 2, 'MKF', 'عطل تسويق', 'MFN', 'غياب العقد', 'غياب العقد', 'فترة تجديد العقد', 'DT-MKF-MFN-00-02', 1),
(319, 2, 'MKF', 'عطل تسويق', 'MFI', 'إشكاليات تعاقدية', 'إشكاليات تعاقدية', 'توقف العقد لخلاف تعاقدي', 'DT-MKF-MFI-00-01', 1),
(320, 2, 'MKF', 'عطل تسويق', 'MFI', 'إشكاليات تعاقدية', 'إشكاليات تعاقدية', 'توقف بسبب تأخر مدفوعات العميل', 'DT-MKF-MFI-00-03', 1),
(321, 3, 'OPR', 'تشغيل فعلي', 'OPP', 'إنتاج فعلي', 'ساعات إنتاج', 'إنتاج عادي', 'DR-OPR-OPP-01-01', 1),
(322, 3, 'OPR', 'تشغيل فعلي', 'OPP', 'إنتاج فعلي', 'ساعات إنتاج', 'إنتاج مكثف', 'DR-OPR-OPP-01-02', 1),
(323, 3, 'OPR', 'تشغيل فعلي', 'OPP', 'إنتاج فعلي', 'ساعات إنتاج', 'إنتاج خاص', 'DR-OPR-OPP-01-03', 1),
(324, 3, 'EQF', 'عطل معدة', 'MEC', 'أعطال الميكانيكا', 'المحرك', 'منظومة الهواء', 'DR-EQF-MEC-01-01', 1),
(325, 3, 'EQF', 'عطل معدة', 'MEC', 'أعطال الميكانيكا', 'المحرك', 'منظومة الوقود', 'DR-EQF-MEC-01-02', 1),
(326, 3, 'EQF', 'عطل معدة', 'MEC', 'أعطال الميكانيكا', 'المحرك', 'منظومة التزييت', 'DR-EQF-MEC-01-03', 1),
(327, 3, 'EQF', 'عطل معدة', 'MEC', 'أعطال الميكانيكا', 'المحرك', 'منظومة التبريد', 'DR-EQF-MEC-01-04', 1),
(328, 3, 'EQF', 'عطل معدة', 'MEC', 'أعطال الميكانيكا', 'المحرك', 'رأس المحرك', 'DR-EQF-MEC-01-05', 1),
(329, 3, 'EQF', 'عطل معدة', 'MEC', 'أعطال الميكانيكا', 'المحرك', 'السلندرات', 'DR-EQF-MEC-01-06', 1),
(330, 3, 'EQF', 'عطل معدة', 'MEC', 'أعطال الميكانيكا', 'المحرك', 'الصدرية', 'DR-EQF-MEC-01-07', 1),
(331, 3, 'EQF', 'عطل معدة', 'MEC', 'أعطال الميكانيكا', 'المحرك', 'ارتفاع حرارة المحرك', 'DR-EQF-MEC-01-10', 1),
(332, 3, 'EQF', 'عطل معدة', 'MEC', 'أعطال الميكانيكا', 'المحرك', 'إصلاح عام', 'DR-EQF-MEC-01-11', 1),
(333, 3, 'EQF', 'عطل معدة', 'MEC', 'أعطال الميكانيكا', 'نقل القدرة', 'عمود الطوالي (المحور)', 'DR-EQF-MEC-02-01', 1),
(334, 3, 'EQF', 'عطل معدة', 'MEC', 'أعطال الميكانيكا', 'نقل القدرة', 'الكرونات', 'DR-EQF-MEC-02-02', 1),
(335, 3, 'EQF', 'عطل معدة', 'MEC', 'أعطال الميكانيكا', 'الطرمبات', 'الطرمبات', 'DR-EQF-MEC-03-01', 1),
(336, 3, 'EQF', 'عطل معدة', 'MEC', 'أعطال الميكانيكا', 'الطرمبات', 'تانك الهيدروليك', 'DR-EQF-MEC-03-05', 1),
(337, 3, 'EQF', 'عطل معدة', 'MEC', 'أعطال الميكانيكا', 'موتور الحركة', 'موتور الحركة', 'DR-EQF-MEC-04-06', 1),
(338, 3, 'EQF', 'عطل معدة', 'DRL', 'نظام الحفر', 'الكمبروسر', 'الكمبروسر', 'DR-EQF-DRL-01-01', 1),
(339, 3, 'EQF', 'عطل معدة', 'DRL', 'نظام الحفر', 'الكمبروسر', 'خزان الهواء', 'DR-EQF-DRL-01-02', 1),
(340, 3, 'EQF', 'عطل معدة', 'DRL', 'نظام الحفر', 'الكمبروسر', 'فلاتر الهواء', 'DR-EQF-DRL-01-03', 1),
(341, 3, 'EQF', 'عطل معدة', 'DRL', 'نظام الحفر', 'الكمبروسر', 'منظمات الضغط', 'DR-EQF-DRL-01-04', 1),
(342, 3, 'EQF', 'عطل معدة', 'DRL', 'نظام الحفر', 'الكمبروسر', 'تسريب الهواء', 'DR-EQF-DRL-01-06', 1),
(343, 3, 'EQF', 'عطل معدة', 'DRL', 'نظام الحفر', 'المطرقة وأدوات الحفر', 'المطرقة', 'DR-EQF-DRL-02-01', 1),
(344, 3, 'EQF', 'عطل معدة', 'DRL', 'نظام الحفر', 'المطرقة وأدوات الحفر', 'رأس الحفر', 'DR-EQF-DRL-02-02', 1),
(345, 3, 'EQF', 'عطل معدة', 'DRL', 'نظام الحفر', 'المطرقة وأدوات الحفر', 'القضبان', 'DR-EQF-DRL-02-03', 1),
(346, 3, 'EQF', 'عطل معدة', 'DRL', 'نظام الحفر', 'المطرقة وأدوات الحفر', 'نظام الدوران', 'DR-EQF-DRL-02-04', 1),
(347, 3, 'EQF', 'عطل معدة', 'DRL', 'نظام الحفر', 'المطرقة وأدوات الحفر', 'تآكل أدوات الحفر', 'DR-EQF-DRL-02-05', 1),
(348, 3, 'EQF', 'عطل معدة', 'DRL', 'نظام الحفر', 'المطرقة وأدوات الحفر', 'كسر القضبان', 'DR-EQF-DRL-02-06', 1),
(349, 3, 'EQF', 'عطل معدة', 'DRL', 'نظام الحفر', 'نظام الدفع', 'مسار الحفر', 'DR-EQF-DRL-03-01', 1),
(350, 3, 'EQF', 'عطل معدة', 'DRL', 'نظام الحفر', 'نظام الدفع', 'سلسلة الدفع', 'DR-EQF-DRL-03-02', 1),
(351, 3, 'EQF', 'عطل معدة', 'DRL', 'نظام الحفر', 'نظام الدفع', 'موتور الدفع', 'DR-EQF-DRL-03-03', 1),
(352, 3, 'EQF', 'عطل معدة', 'DRL', 'نظام الحفر', 'نظام الدفع', 'شداد السلسلة', 'DR-EQF-DRL-03-04', 1),
(353, 3, 'EQF', 'عطل معدة', 'DRL', 'نظام الحفر', 'نظام الدفع', 'انحراف المسار', 'DR-EQF-DRL-03-05', 1),
(354, 3, 'EQF', 'عطل معدة', 'HYD', 'أعطال الهيدروليك', 'نظام الزيت والفلاتر', 'زيت هيدروليك', 'DR-EQF-HYD-01-01', 1),
(355, 3, 'EQF', 'عطل معدة', 'HYD', 'أعطال الهيدروليك', 'نظام الزيت والفلاتر', 'تسريب زيت', 'DR-EQF-HYD-01-03', 1),
(356, 3, 'EQF', 'عطل معدة', 'HYD', 'أعطال الهيدروليك', 'الطرمبة', 'طرمبة رئيسية', 'DR-EQF-HYD-02-01', 1),
(357, 3, 'EQF', 'عطل معدة', 'HYD', 'أعطال الهيدروليك', 'الوصلات والخراطيم', 'تلف خرطوم', 'DR-EQF-HYD-04-02', 1),
(358, 3, 'EQF', 'عطل معدة', 'ELE', 'أعطال الكهرباء', 'البطارية', 'بطارية ضعيفة', 'DR-EQF-ELE-01-01', 1),
(359, 3, 'EQF', 'عطل معدة', 'ELE', 'أعطال الكهرباء', 'البطارية', 'بطارية تالفة', 'DR-EQF-ELE-01-02', 1),
(360, 3, 'EQF', 'عطل معدة', 'ELE', 'أعطال الكهرباء', 'الضفيرة', 'قطع في الضفيرة', 'DR-EQF-ELE-02-01', 1),
(361, 3, 'EQF', 'عطل معدة', 'ELE', 'أعطال الكهرباء', 'الاستارتر', 'موتور الاستارتر', 'DR-EQF-ELE-04-01', 1),
(362, 3, 'EQF', 'عطل معدة', 'ELE', 'أعطال الكهرباء', 'حساسات الكمبيوتر (ECU)', 'حساس تالف', 'DR-EQF-ELE-09-01', 1),
(363, 3, 'EQF', 'عطل معدة', 'COL', 'أعطال التبريد والتكيف', 'كنترول التكيف', 'لوحة تحكم', 'DR-EQF-COL-01-01', 1),
(364, 3, 'EQF', 'عطل معدة', 'COL', 'أعطال التبريد والتكيف', 'الغاز', 'تعبئة غاز', 'DR-EQF-COL-05-01', 1),
(365, 3, 'EQF', 'عطل معدة', 'COL', 'أعطال التبريد والتكيف', 'الثلاجة', 'تبريد ضعيف', 'DR-EQF-COL-10-01', 1),
(366, 3, 'EQF', 'عطل معدة', 'BDY', 'الهيكل والقبين', 'أعمال الحدادة والسمكرة', 'إصلاح هيكل', 'DR-EQF-BDY-01-01', 1),
(367, 3, 'EQF', 'عطل معدة', 'BDY', 'الهيكل والقبين', 'أعمال الزجاج', 'كسر الزجاج الأمامي', 'DR-EQF-BDY-02-01', 1),
(368, 3, 'EQF', 'عطل معدة', 'BDY', 'الهيكل والقبين', 'القبين', 'مقعد السائق', 'DR-EQF-BDY-03-01', 1),
(369, 3, 'EQF', 'عطل معدة', 'TRK', 'الإطارات والجنزير', 'الفك والتركيب للساتك', 'فك ساتك', 'DR-EQF-TRK-01-01', 1),
(370, 3, 'EQF', 'عطل معدة', 'TRK', 'الإطارات والجنزير', 'إصلاح الثقوب', 'ترقيع', 'DR-EQF-TRK-03-01', 1),
(371, 3, 'MNT', 'توقف صيانة', 'PMP', 'صيانة وقائية مخططة', 'صيانة وقائية', 'غيار زيت الماكينة', 'DR-MNT-PMP-00-01', 1),
(372, 3, 'MNT', 'توقف صيانة', 'PMP', 'صيانة وقائية مخططة', 'صيانة وقائية', 'غيار فلاتر الهواء', 'DR-MNT-PMP-00-03', 1),
(373, 3, 'MNT', 'توقف صيانة', 'PMP', 'صيانة وقائية مخططة', 'صيانة وقائية', 'التشحيم اليومي', 'DR-MNT-PMP-00-07', 1),
(374, 3, 'MNT', 'توقف صيانة', 'PMP', 'صيانة وقائية مخططة', 'صيانة وقائية', 'الفحص الصباحي', 'DR-MNT-PMP-00-08', 1),
(375, 3, 'MNT', 'توقف صيانة', 'PMC', 'صيانة تصحيحية', 'صيانة تصحيحية', 'إصلاح عطل ميكانيكي', 'DR-MNT-PMC-00-01', 1),
(376, 3, 'MNT', 'توقف صيانة', 'PMC', 'صيانة تصحيحية', 'صيانة تصحيحية', 'إصلاح نظام الحفر', 'DR-MNT-PMC-00-06', 1),
(377, 3, 'MNT', 'توقف صيانة', 'PME', 'صيانة طارئة', 'صيانة طارئة', 'حادث تصادم', 'DR-MNT-PME-00-01', 1),
(378, 3, 'MNT', 'توقف صيانة', 'PME', 'صيانة طارئة', 'صيانة طارئة', 'كسر هيكلي', 'DR-MNT-PME-00-03', 1),
(379, 3, 'DEP', 'توقف اعتماد', 'DPF', 'اعتماد كامل', 'اعتماد كامل', 'توقف المعدة الأم — عطل ميكانيكي', 'DR-DEP-DPF-00-01', 1),
(380, 3, 'DEP', 'توقف اعتماد', 'DPP', 'اعتماد جزئي', 'اعتماد جزئي', 'تشغيل بطاقة منخفضة', 'DR-DEP-DPP-00-01', 1),
(381, 3, 'DEP', 'توقف اعتماد', 'DPM', 'اعتماد متبادل', 'اعتماد متبادل', 'توقف معدة شريكة', 'DR-DEP-DPM-00-01', 1),
(382, 3, 'CST', 'استعداد عميل', 'CSS', 'عدم جهوزية الموقع', 'عدم جهوزية الموقع', 'عدم جهوزية جبهة العمل', 'DR-CST-CSS-00-01', 1),
(383, 3, 'CST', 'استعداد عميل', 'CSP', 'عدم جهوزية الإنتاج', 'عدم جهوزية الإنتاج', 'انتظار التفجير', 'DR-CST-CSP-00-01', 1),
(384, 3, 'CST', 'استعداد عميل', 'CSP', 'عدم جهوزية الإنتاج', 'عدم جهوزية الإنتاج', 'انتظار المسّاح', 'DR-CST-CSP-00-02', 1),
(385, 3, 'CST', 'استعداد عميل', 'CSL', 'عدم توفر مستلزمات', 'عدم توفر مستلزمات', 'عدم وصول الوقود من جهة العميل', 'DR-CST-CSL-00-01', 1),
(386, 3, 'CST', 'استعداد عميل', 'CSM', 'إدارة العميل', 'إدارة العميل', 'عدم حضور مشرف العميل', 'DR-CST-CSM-00-01', 1),
(387, 3, 'CST', 'استعداد عميل', 'CSM', 'إدارة العميل', 'إدارة العميل', 'عدم صدور تصريح التشغيل اليومي', 'DR-CST-CSM-00-02', 1),
(388, 3, 'MST', 'استعداد تسويق', 'MSC', 'ظروف مناخية', 'ظروف مناخية', 'موسم الأمطار', 'DR-MST-MSC-00-01', 1),
(389, 3, 'MST', 'استعداد تسويق', 'MSC', 'ظروف مناخية', 'ظروف مناخية', 'العواصف الرملية', 'DR-MST-MSC-00-02', 1),
(390, 3, 'MST', 'استعداد تسويق', 'MSS', 'ظروف أمنية', 'ظروف أمنية', 'الوضع الأمني في المنطقة', 'DR-MST-MSS-00-01', 1),
(391, 3, 'MST', 'استعداد تسويق', 'MSZ', 'ظروف زمنية', 'ظروف زمنية', 'تخفيض ساعات رمضان', 'DR-MST-MSZ-00-02', 1),
(392, 3, 'HRF', 'عطل HR', 'HRA', 'عدم توفر المشغل', 'عدم توفر المشغل', 'عدم توفر مشغل في الموقع', 'DR-HRF-HRA-00-01', 1),
(393, 3, 'HRF', 'عطل HR', 'HRA', 'عدم توفر المشغل', 'عدم توفر المشغل', 'تأخر مشغل الوردية البديلة', 'DR-HRF-HRA-00-02', 1),
(394, 3, 'HRF', 'عطل HR', 'HRB', 'غياب المشغل', 'غياب المشغل', 'مرض المشغل دون بديل', 'DR-HRF-HRB-00-01', 1),
(395, 3, 'HRF', 'عطل HR', 'HRB', 'غياب المشغل', 'غياب المشغل', 'إجازة مشغل دون بديل', 'DR-HRF-HRB-00-02', 1),
(396, 3, 'HRF', 'عطل HR', 'HRB', 'غياب المشغل', 'غياب المشغل', 'غياب المشغل دون عذر', 'DR-HRF-HRB-00-03', 1),
(397, 3, 'HRF', 'عطل HR', 'HRC', 'عدم كفاءة المشغل', 'عدم كفاءة المشغل', 'نقص خبرة المشغل في نوع المعدة', 'DR-HRF-HRC-00-01', 1),
(398, 3, 'HRF', 'عطل HR', 'HRT', 'تطوير وتدريب', 'تطوير وتدريب', 'ساعات التدريب', 'DR-HRF-HRT-00-01', 1),
(399, 3, 'MKF', 'عطل تسويق', 'MFN', 'غياب العقد', 'غياب العقد', 'معدة بدون عقد', 'DR-MKF-MFN-00-01', 1),
(400, 3, 'MKF', 'عطل تسويق', 'MFN', 'غياب العقد', 'غياب العقد', 'فترة تجديد العقد', 'DR-MKF-MFN-00-02', 1),
(401, 3, 'MKF', 'عطل تسويق', 'MFI', 'إشكاليات تعاقدية', 'إشكاليات تعاقدية', 'توقف العقد لخلاف تعاقدي', 'DR-MKF-MFI-00-01', 1),
(402, 3, 'MKF', 'عطل تسويق', 'MFI', 'إشكاليات تعاقدية', 'إشكاليات تعاقدية', 'توقف بسبب تأخر مدفوعات العميل', 'DR-MKF-MFI-00-03', 1);

-- --------------------------------------------------------

--
-- Table structure for table `fleet_depreciation_profile`
--

CREATE TABLE `fleet_depreciation_profile` (
  `id` int(11) NOT NULL,
  `company_id` int(11) DEFAULT NULL,
  `code` varchar(50) NOT NULL,
  `asset_category` varchar(120) NOT NULL,
  `brand` varchar(120) DEFAULT NULL,
  `model_id` int(11) DEFAULT NULL,
  `method` enum('uop','sl') NOT NULL DEFAULT 'uop',
  `useful_life` decimal(12,2) NOT NULL,
  `salvage_pct` decimal(5,4) NOT NULL,
  `notes` text DEFAULT NULL,
  `state` enum('draft','approved') NOT NULL DEFAULT 'draft',
  `approved_by` int(11) DEFAULT NULL,
  `approved_at` datetime DEFAULT NULL,
  `is_deleted` tinyint(1) NOT NULL DEFAULT 0,
  `created_by` int(11) DEFAULT NULL,
  `created_at` timestamp NOT NULL DEFAULT current_timestamp(),
  `updated_at` timestamp NOT NULL DEFAULT current_timestamp() ON UPDATE current_timestamp()
) ENGINE=InnoDB DEFAULT CHARSET=utf8mb4 COLLATE=utf8mb4_general_ci;

--
-- Dumping data for table `fleet_depreciation_profile`
--

INSERT INTO `fleet_depreciation_profile` (`id`, `company_id`, `code`, `asset_category`, `brand`, `model_id`, `method`, `useful_life`, `salvage_pct`, `notes`, `state`, `approved_by`, `approved_at`, `is_deleted`, `created_by`, `created_at`, `updated_at`) VALUES
(1, 1, 'DEP-001', 'حفّار 22ط جديد', NULL, NULL, 'uop', 15000.00, 0.0800, NULL, 'approved', NULL, '2026-06-16 19:53:23', 0, NULL, '2026-06-16 16:53:23', '2026-06-16 16:53:23'),
(2, 4, 'DEP-001', 'حفّار 22ط جديد', NULL, NULL, 'uop', 15000.00, 0.0800, NULL, 'approved', NULL, '2026-06-16 19:53:23', 0, NULL, '2026-06-16 16:53:23', '2026-06-16 16:53:23'),
(3, 1, 'DEP-002', 'حفّار 22ط مستعمل', NULL, NULL, 'uop', 8000.00, 0.0800, NULL, 'approved', NULL, '2026-06-16 19:53:23', 0, NULL, '2026-06-16 16:53:23', '2026-06-16 16:53:23'),
(4, 4, 'DEP-002', 'حفّار 22ط مستعمل', NULL, NULL, 'uop', 8000.00, 0.0800, NULL, 'approved', NULL, '2026-06-16 19:53:23', 0, NULL, '2026-06-16 16:53:23', '2026-06-16 16:53:23'),
(5, 1, 'DEP-003', 'حفّار 30ط مستعمل', NULL, NULL, 'uop', 10000.00, 0.0800, NULL, 'approved', NULL, '2026-06-16 19:53:23', 0, NULL, '2026-06-16 16:53:23', '2026-06-16 16:53:23'),
(6, 4, 'DEP-003', 'حفّار 30ط مستعمل', NULL, NULL, 'uop', 10000.00, 0.0800, NULL, 'approved', NULL, '2026-06-16 19:53:23', 0, NULL, '2026-06-16 16:53:23', '2026-06-16 16:53:23'),
(7, 1, 'DEP-004', 'حفّار 34ط جديد', NULL, NULL, 'uop', 18000.00, 0.0800, NULL, 'approved', NULL, '2026-06-16 19:53:23', 0, NULL, '2026-06-16 16:53:23', '2026-06-16 16:53:23'),
(8, 4, 'DEP-004', 'حفّار 34ط جديد', NULL, NULL, 'uop', 18000.00, 0.0800, NULL, 'approved', NULL, '2026-06-16 19:53:23', 0, NULL, '2026-06-16 16:53:23', '2026-06-16 16:53:23'),
(9, 1, 'DEP-005', 'حفّار 34ط مستعمل', NULL, NULL, 'uop', 10000.00, 0.0800, NULL, 'approved', NULL, '2026-06-16 19:53:23', 0, NULL, '2026-06-16 16:53:23', '2026-06-16 16:53:23'),
(10, 4, 'DEP-005', 'حفّار 34ط مستعمل', NULL, NULL, 'uop', 10000.00, 0.0800, NULL, 'approved', NULL, '2026-06-16 19:53:23', 0, NULL, '2026-06-16 16:53:23', '2026-06-16 16:53:23'),
(11, 1, 'DEP-006', 'قلّاب جديد', NULL, NULL, 'uop', 20000.00, 0.1000, NULL, 'approved', NULL, '2026-06-16 19:53:23', 0, NULL, '2026-06-16 16:53:23', '2026-06-16 16:53:23'),
(12, 4, 'DEP-006', 'قلّاب جديد', NULL, NULL, 'uop', 20000.00, 0.1000, NULL, 'approved', NULL, '2026-06-16 19:53:23', 0, NULL, '2026-06-16 16:53:23', '2026-06-16 16:53:23'),
(13, 1, 'DEP-007', 'قلّاب مستعمل', NULL, NULL, 'uop', 12000.00, 0.1000, NULL, 'approved', NULL, '2026-06-16 19:53:23', 0, NULL, '2026-06-16 16:53:23', '2026-06-16 16:53:23'),
(14, 4, 'DEP-007', 'قلّاب مستعمل', NULL, NULL, 'uop', 12000.00, 0.1000, NULL, 'approved', NULL, '2026-06-16 19:53:23', 0, NULL, '2026-06-16 16:53:23', '2026-06-16 16:53:23'),
(15, 1, 'DEP-008', 'خرّامة DTH جديدة', NULL, NULL, 'uop', 12000.00, 0.0500, NULL, 'approved', NULL, '2026-06-16 19:53:23', 0, NULL, '2026-06-16 16:53:23', '2026-06-16 16:53:23'),
(16, 4, 'DEP-008', 'خرّامة DTH جديدة', NULL, NULL, 'uop', 12000.00, 0.0500, NULL, 'approved', NULL, '2026-06-16 19:53:23', 0, NULL, '2026-06-16 16:53:23', '2026-06-16 16:53:23'),
(17, 1, 'DEP-009', 'لودر مستعمل', NULL, NULL, 'uop', 6000.00, 0.0800, NULL, 'approved', NULL, '2026-06-16 19:53:23', 0, NULL, '2026-06-16 16:53:23', '2026-06-16 16:53:23'),
(18, 4, 'DEP-009', 'لودر مستعمل', NULL, NULL, 'uop', 6000.00, 0.0800, NULL, 'approved', NULL, '2026-06-16 19:53:23', 0, NULL, '2026-06-16 16:53:23', '2026-06-16 16:53:23'),
(19, 1, 'DEP-010', 'هامر هيدروليكي', NULL, NULL, 'uop', 6000.00, 0.0500, NULL, 'approved', NULL, '2026-06-16 19:53:23', 0, NULL, '2026-06-16 16:53:23', '2026-06-16 16:53:23'),
(20, 4, 'DEP-010', 'هامر هيدروليكي', NULL, NULL, 'uop', 6000.00, 0.0500, NULL, 'approved', NULL, '2026-06-16 19:53:23', 0, NULL, '2026-06-16 16:53:23', '2026-06-16 16:53:23'),
(21, 1, 'DEP-011', 'جهاز مسح RTK', NULL, NULL, 'sl', 7.00, 0.0500, NULL, 'approved', NULL, '2026-06-16 19:53:23', 0, NULL, '2026-06-16 16:53:23', '2026-06-16 16:53:23'),
(22, 4, 'DEP-011', 'جهاز مسح RTK', '', 1, 'sl', 7.00, 0.0500, '', 'approved', NULL, '2026-06-16 19:53:23', 0, NULL, '2026-06-16 16:53:23', '2026-06-16 17:00:11');

-- --------------------------------------------------------

--
-- Table structure for table `fleet_depreciation_profile_audit`
--

CREATE TABLE `fleet_depreciation_profile_audit` (
  `id` int(11) NOT NULL,
  `profile_id` int(11) NOT NULL,
  `company_id` int(11) DEFAULT NULL,
  `action` varchar(20) NOT NULL,
  `changed_by` int(11) DEFAULT NULL,
  `changed_at` timestamp NOT NULL DEFAULT current_timestamp(),
  `old_data` text DEFAULT NULL,
  `new_data` text DEFAULT NULL,
  `note` varchar(255) DEFAULT NULL
) ENGINE=InnoDB DEFAULT CHARSET=utf8mb4 COLLATE=utf8mb4_general_ci;

--
-- Dumping data for table `fleet_depreciation_profile_audit`
--

INSERT INTO `fleet_depreciation_profile_audit` (`id`, `profile_id`, `company_id`, `action`, `changed_by`, `changed_at`, `old_data`, `new_data`, `note`) VALUES
(1, 22, 4, 'updated', 6, '2026-06-16 17:00:11', '{\"id\":22,\"company_id\":4,\"code\":\"DEP-011\",\"asset_category\":\"جهاز مسح RTK\",\"brand\":null,\"model_id\":null,\"method\":\"sl\",\"useful_life\":\"7.00\",\"salvage_pct\":\"0.0500\",\"notes\":null,\"state\":\"approved\",\"approved_by\":null,\"approved_at\":\"2026-06-16 19:53:23\",\"is_deleted\":0,\"created_by\":null,\"created_at\":\"2026-06-16 19:53:23\",\"updated_at\":\"2026-06-16 19:53:23\"}', '{\"id\":22,\"company_id\":4,\"code\":\"DEP-011\",\"asset_category\":\"جهاز مسح RTK\",\"brand\":\"\",\"model_id\":1,\"method\":\"sl\",\"useful_life\":\"7.00\",\"salvage_pct\":\"0.0500\",\"notes\":\"\",\"state\":\"approved\",\"approved_by\":null,\"approved_at\":\"2026-06-16 19:53:23\",\"is_deleted\":0,\"created_by\":null,\"created_at\":\"2026-06-16 19:53:23\",\"updated_at\":\"2026-06-16 20:00:11\"}', 'تعديل يسري مستقبلاً فقط');

-- --------------------------------------------------------

--
-- Table structure for table `fleet_equipment_compliance`
--

CREATE TABLE `fleet_equipment_compliance` (
  `id` int(11) NOT NULL,
  `company_id` int(11) DEFAULT NULL,
  `equipment_id` int(11) NOT NULL,
  `doc_type` varchar(40) NOT NULL,
  `reference` varchar(120) DEFAULT NULL,
  `issue_date` date DEFAULT NULL,
  `expiry_date` date DEFAULT NULL,
  `is_critical` tinyint(1) NOT NULL DEFAULT 0,
  `attachment_path` varchar(255) DEFAULT NULL,
  `is_deleted` tinyint(1) NOT NULL DEFAULT 0,
  `created_by` int(11) DEFAULT NULL,
  `created_at` timestamp NOT NULL DEFAULT current_timestamp(),
  `updated_at` timestamp NOT NULL DEFAULT current_timestamp() ON UPDATE current_timestamp()
) ENGINE=InnoDB DEFAULT CHARSET=utf8mb4 COLLATE=utf8mb4_general_ci;

--
-- Dumping data for table `fleet_equipment_compliance`
--

INSERT INTO `fleet_equipment_compliance` (`id`, `company_id`, `equipment_id`, `doc_type`, `reference`, `issue_date`, `expiry_date`, `is_critical`, `attachment_path`, `is_deleted`, `created_by`, `created_at`, `updated_at`) VALUES
(2, 4, 20, 'تأمين', NULL, '2026-06-17', '2026-06-19', 0, NULL, 0, 6, '2026-06-17 11:43:51', '2026-06-17 11:43:51');

-- --------------------------------------------------------

--
-- Table structure for table `fleet_equipment_component`
--

CREATE TABLE `fleet_equipment_component` (
  `id` int(11) NOT NULL,
  `company_id` int(11) DEFAULT NULL,
  `equipment_id` int(11) NOT NULL,
  `component_type` varchar(40) NOT NULL,
  `serial_no` varchar(120) DEFAULT NULL,
  `install_date` date DEFAULT NULL,
  `is_current` tinyint(1) NOT NULL DEFAULT 1,
  `replace_date` date DEFAULT NULL,
  `component_hours` decimal(12,2) DEFAULT NULL,
  `replace_count` int(11) DEFAULT NULL,
  `is_deleted` tinyint(1) NOT NULL DEFAULT 0,
  `created_by` int(11) DEFAULT NULL,
  `created_at` timestamp NOT NULL DEFAULT current_timestamp(),
  `updated_at` timestamp NOT NULL DEFAULT current_timestamp() ON UPDATE current_timestamp()
) ENGINE=InnoDB DEFAULT CHARSET=utf8mb4 COLLATE=utf8mb4_general_ci;

-- --------------------------------------------------------

--
-- Table structure for table `fleet_equipment_history`
--

CREATE TABLE `fleet_equipment_history` (
  `id` int(11) NOT NULL,
  `company_id` int(11) DEFAULT NULL,
  `equipment_id` int(11) NOT NULL,
  `event_date` datetime NOT NULL,
  `event_type` varchar(40) NOT NULL,
  `reference_type` varchar(40) DEFAULT NULL,
  `reference_id` int(11) DEFAULT NULL,
  `project_id` int(11) DEFAULT NULL,
  `site_id` varchar(120) DEFAULT NULL,
  `in_out_date` date DEFAULT NULL,
  `work_hours` decimal(12,2) DEFAULT NULL,
  `down_hours` decimal(12,2) DEFAULT NULL,
  `maintenance_cost` decimal(12,2) DEFAULT NULL,
  `transfer_cost` decimal(12,2) DEFAULT NULL,
  `note` varchar(255) DEFAULT NULL,
  `from_value` varchar(150) DEFAULT NULL,
  `to_value` varchar(150) DEFAULT NULL,
  `operation_id` int(11) DEFAULT NULL,
  `created_by` int(11) DEFAULT NULL,
  `created_at` timestamp NOT NULL DEFAULT current_timestamp()
) ENGINE=InnoDB DEFAULT CHARSET=utf8mb4 COLLATE=utf8mb4_general_ci;

--
-- Dumping data for table `fleet_equipment_history`
--

INSERT INTO `fleet_equipment_history` (`id`, `company_id`, `equipment_id`, `event_date`, `event_type`, `reference_type`, `reference_id`, `project_id`, `site_id`, `in_out_date`, `work_hours`, `down_hours`, `maintenance_cost`, `transfer_cost`, `note`, `from_value`, `to_value`, `operation_id`, `created_by`, `created_at`) VALUES
(2, 4, 1, '2026-04-01 00:00:00', 'إضافة للنظام', NULL, NULL, NULL, NULL, NULL, NULL, NULL, NULL, NULL, 'تعبئة رجعية تقديرية', NULL, NULL, NULL, NULL, '2026-06-23 16:53:36'),
(3, 4, 2, '2025-07-01 00:00:00', 'إضافة للنظام', NULL, NULL, NULL, NULL, NULL, NULL, NULL, NULL, NULL, 'تعبئة رجعية تقديرية', NULL, NULL, NULL, NULL, '2026-06-23 16:53:36'),
(4, 4, 3, '2026-04-01 00:00:00', 'إضافة للنظام', NULL, NULL, NULL, NULL, NULL, NULL, NULL, NULL, NULL, 'تعبئة رجعية تقديرية', NULL, NULL, NULL, NULL, '2026-06-23 16:53:36'),
(5, 4, 4, '2025-07-01 00:00:00', 'إضافة للنظام', NULL, NULL, NULL, NULL, NULL, NULL, NULL, NULL, NULL, 'تعبئة رجعية تقديرية', NULL, NULL, NULL, NULL, '2026-06-23 16:53:36'),
(6, 4, 5, '2026-04-01 00:00:00', 'إضافة للنظام', NULL, NULL, NULL, NULL, NULL, NULL, NULL, NULL, NULL, 'تعبئة رجعية تقديرية', NULL, NULL, NULL, NULL, '2026-06-23 16:53:36'),
(7, 4, 6, '2026-04-01 00:00:00', 'إضافة للنظام', NULL, NULL, NULL, NULL, NULL, NULL, NULL, NULL, NULL, 'تعبئة رجعية تقديرية', NULL, NULL, NULL, NULL, '2026-06-23 16:53:36'),
(8, 4, 7, '2026-04-01 00:00:00', 'إضافة للنظام', NULL, NULL, NULL, NULL, NULL, NULL, NULL, NULL, NULL, 'تعبئة رجعية تقديرية', NULL, NULL, NULL, NULL, '2026-06-23 16:53:36'),
(9, 4, 8, '2025-07-01 00:00:00', 'إضافة للنظام', NULL, NULL, NULL, NULL, NULL, NULL, NULL, NULL, NULL, 'تعبئة رجعية تقديرية', NULL, NULL, NULL, NULL, '2026-06-23 16:53:36'),
(10, 4, 9, '2026-04-01 00:00:00', 'إضافة للنظام', NULL, NULL, NULL, NULL, NULL, NULL, NULL, NULL, NULL, 'تعبئة رجعية تقديرية', NULL, NULL, NULL, NULL, '2026-06-23 16:53:36'),
(11, 4, 10, '2025-12-01 00:00:00', 'إضافة للنظام', NULL, NULL, NULL, NULL, NULL, NULL, NULL, NULL, NULL, 'تعبئة رجعية تقديرية', NULL, NULL, NULL, NULL, '2026-06-23 16:53:36'),
(12, 4, 11, '2025-12-01 00:00:00', 'إضافة للنظام', NULL, NULL, NULL, NULL, NULL, NULL, NULL, NULL, NULL, 'تعبئة رجعية تقديرية', NULL, NULL, NULL, NULL, '2026-06-23 16:53:36'),
(13, 4, 12, '2026-06-23 19:53:36', 'إضافة للنظام', NULL, NULL, NULL, NULL, NULL, NULL, NULL, NULL, NULL, 'تعبئة رجعية تقديرية', NULL, NULL, NULL, NULL, '2026-06-23 16:53:36'),
(14, 4, 13, '2026-05-11 00:00:00', 'إضافة للنظام', NULL, NULL, NULL, NULL, NULL, NULL, NULL, NULL, NULL, 'تعبئة رجعية تقديرية', NULL, NULL, NULL, NULL, '2026-06-23 16:53:36'),
(15, 4, 14, '2026-06-23 19:53:36', 'إضافة للنظام', NULL, NULL, NULL, NULL, NULL, NULL, NULL, NULL, NULL, 'تعبئة رجعية تقديرية', NULL, NULL, NULL, NULL, '2026-06-23 16:53:36'),
(16, 4, 15, '2026-05-31 00:00:00', 'إضافة للنظام', NULL, NULL, NULL, NULL, NULL, NULL, NULL, NULL, NULL, 'تعبئة رجعية تقديرية', NULL, NULL, NULL, NULL, '2026-06-23 16:53:36'),
(17, 4, 16, '2026-06-08 00:00:00', 'إضافة للنظام', NULL, NULL, NULL, NULL, NULL, NULL, NULL, NULL, NULL, 'تعبئة رجعية تقديرية', NULL, NULL, NULL, NULL, '2026-06-23 16:53:36'),
(18, 4, 17, '2026-06-02 00:00:00', 'إضافة للنظام', NULL, NULL, NULL, NULL, NULL, NULL, NULL, NULL, NULL, 'تعبئة رجعية تقديرية', NULL, NULL, NULL, NULL, '2026-06-23 16:53:36'),
(19, 4, 18, '2026-06-07 00:00:00', 'إضافة للنظام', NULL, NULL, NULL, NULL, NULL, NULL, NULL, NULL, NULL, 'تعبئة رجعية تقديرية', NULL, NULL, NULL, NULL, '2026-06-23 16:53:36'),
(20, 4, 19, '2026-06-23 19:53:36', 'إضافة للنظام', NULL, NULL, NULL, NULL, NULL, NULL, NULL, NULL, NULL, 'تعبئة رجعية تقديرية', NULL, NULL, NULL, NULL, '2026-06-23 16:53:36'),
(21, 4, 20, '2026-06-08 00:00:00', 'إضافة للنظام', NULL, NULL, NULL, NULL, NULL, NULL, NULL, NULL, NULL, 'تعبئة رجعية تقديرية', NULL, NULL, NULL, NULL, '2026-06-23 16:53:36'),
(38, 4, 21, '2026-06-23 20:16:52', 'إضافة للنظام', NULL, NULL, NULL, NULL, NULL, NULL, NULL, NULL, NULL, NULL, NULL, NULL, NULL, 6, '2026-06-23 17:16:52'),
(39, 4, 21, '2026-06-23 20:19:55', 'إضافة لمشروع', NULL, NULL, 4, NULL, NULL, NULL, NULL, NULL, NULL, NULL, NULL, NULL, 34, 6, '2026-06-23 17:19:55'),
(40, 4, 21, '2026-06-23 20:20:37', 'تغيير حالة', NULL, NULL, NULL, NULL, NULL, NULL, NULL, NULL, NULL, NULL, 'جاهزة', 'تعمل', 34, 11, '2026-06-23 17:20:37'),
(41, 4, 21, '2026-06-23 20:21:47', 'إسناد للصيانة', NULL, NULL, 4, NULL, NULL, NULL, NULL, NULL, NULL, NULL, NULL, 'معطلة', NULL, 11, '2026-06-23 17:21:47'),
(42, 4, 21, '2026-06-23 20:24:38', 'عودة من الصيانة', NULL, NULL, NULL, NULL, NULL, NULL, NULL, NULL, NULL, NULL, NULL, 'جاهزة', NULL, 19, '2026-06-23 17:24:38'),
(43, 4, 21, '2026-06-23 20:25:22', 'تغيير حالة', NULL, NULL, NULL, NULL, NULL, NULL, NULL, NULL, NULL, NULL, 'جاهزة', 'تعمل', 34, 11, '2026-06-23 17:25:22');

-- --------------------------------------------------------

--
-- Table structure for table `fleet_equipment_protection`
--

CREATE TABLE `fleet_equipment_protection` (
  `id` int(11) NOT NULL,
  `company_id` int(11) DEFAULT NULL,
  `equipment_id` int(11) NOT NULL,
  `protection_type` varchar(40) NOT NULL,
  `description` varchar(200) DEFAULT NULL,
  `start_date` date DEFAULT NULL,
  `cost` decimal(12,2) DEFAULT NULL,
  `state` varchar(20) DEFAULT NULL,
  `renewal_date` date DEFAULT NULL,
  `partner_id` int(11) DEFAULT NULL,
  `partner_name` varchar(150) DEFAULT NULL,
  `compliance_id` int(11) DEFAULT NULL,
  `attachment_path` varchar(255) DEFAULT NULL,
  `is_deleted` tinyint(1) NOT NULL DEFAULT 0,
  `created_by` int(11) DEFAULT NULL,
  `created_at` timestamp NOT NULL DEFAULT current_timestamp(),
  `updated_at` timestamp NOT NULL DEFAULT current_timestamp() ON UPDATE current_timestamp()
) ENGINE=InnoDB DEFAULT CHARSET=utf8mb4 COLLATE=utf8mb4_general_ci;

--
-- Dumping data for table `fleet_equipment_protection`
--

INSERT INTO `fleet_equipment_protection` (`id`, `company_id`, `equipment_id`, `protection_type`, `description`, `start_date`, `cost`, `state`, `renewal_date`, `partner_id`, `partner_name`, `compliance_id`, `attachment_path`, `is_deleted`, `created_by`, `created_at`, `updated_at`) VALUES
(4, 4, 20, 'نظام تتبّع', 'نظام جديد', '2026-06-18', 1200.00, 'يحتاج تجديداً', '2026-06-24', NULL, 'احمد', 2, NULL, 0, 6, '2026-06-17 13:02:38', '2026-06-17 13:02:38');

-- --------------------------------------------------------

--
-- Table structure for table `fleet_model`
--

CREATE TABLE `fleet_model` (
  `id` int(11) NOT NULL,
  `company_id` int(11) DEFAULT NULL,
  `code` varchar(60) NOT NULL,
  `manufacturer` varchar(120) DEFAULT NULL,
  `model_name` varchar(150) NOT NULL,
  `equipment_type_id` int(11) DEFAULT NULL,
  `operating_category` varchar(60) DEFAULT NULL,
  `fuel_type` varchar(40) DEFAULT NULL,
  `std_capacity` decimal(14,2) DEFAULT NULL,
  `std_capacity_uom` varchar(40) DEFAULT NULL,
  `tech_reference` varchar(255) DEFAULT NULL,
  `default_supplier_id` int(11) DEFAULT NULL,
  `default_supplier_name` varchar(150) DEFAULT NULL,
  `depreciation_profile_id` int(11) DEFAULT NULL,
  `status` enum('active','inactive') NOT NULL DEFAULT 'active',
  `is_deleted` tinyint(1) NOT NULL DEFAULT 0,
  `created_by` int(11) DEFAULT NULL,
  `created_at` timestamp NOT NULL DEFAULT current_timestamp(),
  `updated_at` timestamp NOT NULL DEFAULT current_timestamp() ON UPDATE current_timestamp()
) ENGINE=InnoDB DEFAULT CHARSET=utf8mb4 COLLATE=utf8mb4_general_ci;

--
-- Dumping data for table `fleet_model`
--

INSERT INTO `fleet_model` (`id`, `company_id`, `code`, `manufacturer`, `model_name`, `equipment_type_id`, `operating_category`, `fuel_type`, `std_capacity`, `std_capacity_uom`, `tech_reference`, `default_supplier_id`, `default_supplier_name`, `depreciation_profile_id`, `status`, `is_deleted`, `created_by`, `created_at`, `updated_at`) VALUES
(1, 4, '666', 'تايوتا', 'samba', 1, 'تحميل', 'بنزين', 700.00, 'لتر', 'احمد', 3, 'إيكوبيشن', NULL, 'active', 0, 6, '2026-06-16 16:00:19', '2026-06-17 08:49:47');

-- --------------------------------------------------------

--
-- Table structure for table `fleet_model_service_spec`
--

CREATE TABLE `fleet_model_service_spec` (
  `id` int(11) NOT NULL,
  `model_id` int(11) NOT NULL,
  `company_id` int(11) DEFAULT NULL,
  `item_type` varchar(80) DEFAULT NULL,
  `recommended_ref` varchar(150) DEFAULT NULL,
  `qty` decimal(12,2) DEFAULT NULL,
  `uom` varchar(40) DEFAULT NULL,
  `alt_ref` varchar(150) DEFAULT NULL,
  `photo_path` varchar(255) DEFAULT NULL,
  `note` text DEFAULT NULL,
  `created_at` timestamp NOT NULL DEFAULT current_timestamp()
) ENGINE=InnoDB DEFAULT CHARSET=utf8mb4 COLLATE=utf8mb4_general_ci;

--
-- Dumping data for table `fleet_model_service_spec`
--

INSERT INTO `fleet_model_service_spec` (`id`, `model_id`, `company_id`, `item_type`, `recommended_ref`, `qty`, `uom`, `alt_ref`, `photo_path`, `note`, `created_at`) VALUES
(7, 1, 4, 'فلتر هيدروليك', 'احمد', 8.00, 'لا', 'لا', NULL, 'لا توجد', '2026-06-20 08:04:08'),
(8, 1, 4, 'زيت مكنة', 'احمد', 4.00, 'لتر', 'تابكو', NULL, 'افضل', '2026-06-20 08:04:08');

-- --------------------------------------------------------

--
-- Table structure for table `messages`
--

CREATE TABLE `messages` (
  `id` int(11) NOT NULL COMMENT 'المعرف الفريد',
  `company_id` int(11) NOT NULL COMMENT 'رقم الشركة - لعزل الرسائل بين الشركات',
  `sender_id` int(11) NOT NULL COMMENT 'رقم المرسل (users.id)',
  `receiver_id` int(11) NOT NULL COMMENT 'رقم المستلم (users.id)',
  `message` text NOT NULL COMMENT 'نص الرسالة',
  `is_read` tinyint(1) NOT NULL DEFAULT 0 COMMENT '0=غير مقروءة، 1=مقروءة',
  `read_at` datetime DEFAULT NULL COMMENT 'وقت القراءة',
  `created_at` datetime NOT NULL DEFAULT current_timestamp() COMMENT 'وقت الإرسال',
  `is_deleted_sender` tinyint(1) NOT NULL DEFAULT 0 COMMENT 'حُذفت من قِبل المرسل',
  `is_deleted_receiver` tinyint(1) NOT NULL DEFAULT 0 COMMENT 'حُذفت من قِبل المستلم'
) ENGINE=InnoDB DEFAULT CHARSET=utf8mb4 COLLATE=utf8mb4_unicode_ci COMMENT='الرسائل الداخلية بين مستخدمي الشركة';

--
-- Dumping data for table `messages`
--

INSERT INTO `messages` (`id`, `company_id`, `sender_id`, `receiver_id`, `message`, `is_read`, `read_at`, `created_at`, `is_deleted_sender`, `is_deleted_receiver`) VALUES
(1, 4, 13, 4, 'مرحبا', 1, '2026-04-29 11:30:03', '2026-04-29 06:37:16', 0, 0),
(2, 4, 12, 14, 'hi', 1, '2026-05-12 14:50:32', '2026-04-30 08:28:56', 0, 0),
(3, 4, 4, 6, 'مرحبا', 1, '2026-05-10 18:37:23', '2026-05-10 18:24:57', 0, 0),
(4, 4, 4, 6, 'ةسينم', 1, '2026-05-10 18:37:23', '2026-05-10 18:36:49', 0, 0),
(5, 4, 6, 4, 'مرحبا', 1, '2026-05-10 18:38:09', '2026-05-10 18:37:27', 0, 0),
(6, 4, 6, 11, 'مرحبا', 1, '2026-05-10 18:37:57', '2026-05-10 18:37:39', 0, 0),
(7, 4, 4, 5, 'ممم', 1, '2026-05-10 18:41:14', '2026-05-10 18:40:56', 0, 0),
(8, 4, 5, 4, 'ىننن', 1, '2026-05-11 02:54:47', '2026-05-10 18:41:38', 0, 0),
(9, 4, 5, 6, 'ىننن', 1, '2026-05-11 02:36:50', '2026-05-10 18:41:38', 0, 0),
(10, 4, 5, 7, 'ىننن', 1, '2026-05-12 22:40:27', '2026-05-10 18:41:38', 0, 0),
(11, 4, 5, 8, 'ىننن', 0, NULL, '2026-05-10 18:41:38', 0, 0),
(12, 4, 5, 9, 'ىننن', 0, NULL, '2026-05-10 18:41:38', 0, 0),
(13, 4, 5, 10, 'ىننن', 0, NULL, '2026-05-10 18:41:38', 0, 0),
(14, 4, 5, 11, 'ىننن', 1, '2026-05-11 02:52:43', '2026-05-10 18:41:38', 0, 0),
(15, 4, 5, 12, 'ىننن', 1, '2026-05-12 14:33:58', '2026-05-10 18:41:38', 0, 0),
(16, 4, 5, 13, 'ىننن', 1, '2026-05-10 18:41:55', '2026-05-10 18:41:38', 0, 0),
(17, 4, 5, 14, 'ىننن', 1, '2026-05-12 14:50:33', '2026-05-10 18:41:38', 0, 0),
(18, 4, 5, 15, 'ىننن', 0, NULL, '2026-05-10 18:41:38', 0, 0),
(19, 4, 5, 16, 'ىننن', 0, NULL, '2026-05-10 18:41:38', 0, 0),
(20, 4, 5, 17, 'ىننن', 0, NULL, '2026-05-10 18:41:38', 0, 0),
(21, 4, 5, 8, 'تمىم', 0, NULL, '2026-05-11 01:45:13', 0, 0),
(22, 4, 6, 5, 'و', 0, NULL, '2026-05-11 02:36:55', 0, 0),
(23, 4, 4, 5, 'mrk', 0, NULL, '2026-05-11 02:54:51', 0, 0),
(24, 4, 12, 5, 'و', 0, NULL, '2026-05-20 23:54:51', 0, 0),
(25, 4, 13, 4, 'tgl gt', 1, '2026-05-31 12:40:03', '2026-05-23 18:57:51', 0, 0),
(26, 4, 13, 14, 'tm gl', 0, NULL, '2026-05-23 18:57:55', 0, 0),
(27, 4, 13, 10, 'tgm', 0, NULL, '2026-05-23 18:58:02', 0, 0),
(28, 4, 13, 6, 'tmglt', 1, '2026-05-23 18:58:18', '2026-05-23 18:58:07', 0, 0),
(29, 4, 7, 4, 'vfmlk', 1, '2026-06-02 19:38:58', '2026-06-02 12:01:55', 0, 0),
(30, 4, 7, 5, 'vfmlk', 0, NULL, '2026-06-02 12:01:55', 0, 0),
(31, 4, 7, 6, 'vfmlk', 0, NULL, '2026-06-02 12:01:55', 0, 0),
(32, 4, 7, 8, 'vfmlk', 0, NULL, '2026-06-02 12:01:55', 0, 0),
(33, 4, 7, 9, 'vfmlk', 0, NULL, '2026-06-02 12:01:55', 0, 0),
(34, 4, 7, 10, 'vfmlk', 0, NULL, '2026-06-02 12:01:55', 0, 0),
(35, 4, 7, 11, 'vfmlk', 1, '2026-06-07 17:49:09', '2026-06-02 12:01:55', 0, 0),
(36, 4, 7, 12, 'vfmlk', 1, '2026-06-08 10:07:26', '2026-06-02 12:01:55', 0, 0),
(37, 4, 7, 13, 'vfmlk', 1, '2026-06-09 22:23:42', '2026-06-02 12:01:55', 0, 0),
(38, 4, 7, 14, 'vfmlk', 0, NULL, '2026-06-02 12:01:55', 0, 0),
(39, 4, 7, 17, 'vfmlk', 0, NULL, '2026-06-02 12:01:55', 0, 0),
(40, 4, 7, 18, 'vfmlk', 0, NULL, '2026-06-02 12:01:55', 0, 0),
(41, 4, 4, 7, 'نة', 0, NULL, '2026-06-02 19:39:00', 0, 0),
(42, 4, 4, 5, 'lflmvc', 0, NULL, '2026-06-07 17:44:26', 0, 0),
(43, 4, 12, 5, 'ةن', 0, NULL, '2026-06-08 10:07:31', 0, 0),
(44, 4, 12, 5, 're', 0, NULL, '2026-06-13 21:27:40', 0, 0);

-- --------------------------------------------------------

--
-- Table structure for table `mnt_breakdown`
--

CREATE TABLE `mnt_breakdown` (
  `id` int(11) NOT NULL,
  `company_id` int(11) NOT NULL COMMENT 'عزل الشركة (إجباري)',
  `code` varchar(50) DEFAULT NULL COMMENT 'مرجع البلاغ، مثل BR-2026-0001',
  `equipment_id` int(11) DEFAULT NULL COMMENT 'FK→equipments.id (ربط رقمي)',
  `project_id` int(11) DEFAULT NULL COMMENT 'FK→project.id',
  `reported_by` int(11) DEFAULT NULL COMMENT 'FK→users.id (المُبلِّغ)',
  `reporter_dept` varchar(100) DEFAULT NULL COMMENT 'القسم المُبلِّغ',
  `target_role` int(11) DEFAULT NULL,
  `report_datetime` datetime DEFAULT NULL,
  `failure_code_id` int(11) DEFAULT NULL COMMENT 'FK→failure_codes.id (إعادة استخدام دون تعديل)',
  `severity` varchar(30) DEFAULT NULL COMMENT 'منخفضة/متوسطة/عالية/حرجة',
  `is_stopped` tinyint(1) NOT NULL DEFAULT 0 COMMENT 'هل المعدة متوقفة',
  `description` text DEFAULT NULL,
  `attachment` varchar(255) DEFAULT NULL,
  `order_id` int(11) DEFAULT NULL COMMENT 'FK→mnt_order.id بعد التحويل لأمر',
  `state` varchar(30) NOT NULL DEFAULT 'جديد' COMMENT 'جديد/قيد التقييم/محوّل/مغلق',
  `is_deleted` tinyint(1) NOT NULL DEFAULT 0,
  `deleted_at` datetime DEFAULT NULL,
  `deleted_by` int(11) DEFAULT NULL,
  `created_by` int(11) DEFAULT NULL,
  `created_at` timestamp NOT NULL DEFAULT current_timestamp(),
  `updated_at` timestamp NOT NULL DEFAULT current_timestamp() ON UPDATE current_timestamp()
) ENGINE=InnoDB DEFAULT CHARSET=utf8mb4 COLLATE=utf8mb4_unicode_ci;

--
-- Dumping data for table `mnt_breakdown`
--

INSERT INTO `mnt_breakdown` (`id`, `company_id`, `code`, `equipment_id`, `project_id`, `reported_by`, `reporter_dept`, `target_role`, `report_datetime`, `failure_code_id`, `severity`, `is_stopped`, `description`, `attachment`, `order_id`, `state`, `is_deleted`, `deleted_at`, `deleted_by`, `created_by`, `created_at`, `updated_at`) VALUES
(7, 4, 'BR-2026-0001', 11, 1, 19, 'التشغيل', NULL, '2026-06-20 23:48:00', 385, 'حرجة', 1, 'بلاع', NULL, NULL, 'جديد', 0, NULL, NULL, 19, '2026-06-20 20:48:27', '2026-06-20 20:48:27'),
(8, 4, 'BR-2026-0002', 11, 1, 10, 'التشغيل', 3, '2026-06-21 15:28:02', NULL, 'متوسطة', 0, 'الا', NULL, NULL, 'جديد', 0, NULL, NULL, 10, '2026-06-21 15:28:02', '2026-06-21 15:28:02'),
(9, 4, 'BR-2026-0003', 16, 2, 6, 'التشغيل', 13, '2026-06-21 15:28:39', NULL, 'متوسطة', 0, 'تاتتان', NULL, NULL, 'جديد', 0, NULL, NULL, 6, '2026-06-21 15:28:39', '2026-06-21 15:28:39'),
(10, 4, 'BR-2026-0004', 17, 5, 19, 'التشغيل', 3, '2026-06-21 15:29:53', NULL, 'متوسطة', 0, 'ممممم', NULL, NULL, 'جديد', 0, NULL, NULL, 19, '2026-06-21 15:29:53', '2026-06-21 15:29:53');

-- --------------------------------------------------------

--
-- Table structure for table `mnt_inspection`
--

CREATE TABLE `mnt_inspection` (
  `id` int(11) NOT NULL,
  `company_id` int(11) NOT NULL COMMENT 'عزل الشركة (إجباري)',
  `code` varchar(50) DEFAULT NULL COMMENT 'مرجع التفتيش، مثل INS-2026-0001',
  `inspection_type` varchar(50) NOT NULL DEFAULT 'دوري' COMMENT 'دوري/زيارة ميدانية/استلام/بعد حادث',
  `template_id` int(11) DEFAULT NULL COMMENT 'FK→mnt_inspection_template.id',
  `equipment_id` int(11) DEFAULT NULL COMMENT 'FK→equipments.id',
  `supplier_id` int(11) DEFAULT NULL COMMENT 'FK→suppliers.id',
  `external_equipment` varchar(255) DEFAULT NULL COMMENT 'وصف معدة خارجية',
  `project_id` int(11) DEFAULT NULL COMMENT 'FK→project.id',
  `inspector_id` int(11) DEFAULT NULL COMMENT 'FK→users.id (الفاحص)',
  `scheduled_date` date DEFAULT NULL,
  `completed_at` datetime DEFAULT NULL,
  `score` int(11) DEFAULT NULL,
  `overall_result` varchar(50) DEFAULT NULL,
  `tech_readiness_state` varchar(50) DEFAULT NULL COMMENT 'الجاهزية الفنية',
  `equipment_condition` varchar(50) DEFAULT NULL COMMENT 'تُكتب لكرت المعدة عند الإكمال + تُخزّن',
  `engine_condition` varchar(50) DEFAULT NULL COMMENT 'تُكتب لكرت المعدة عند الإكمال + تُخزّن',
  `notes` text DEFAULT NULL,
  `state` varchar(30) NOT NULL DEFAULT 'جديد' COMMENT 'جديد/مجدول/قيد التنفيذ/مكتمل/مغلق',
  `is_deleted` tinyint(1) NOT NULL DEFAULT 0,
  `deleted_at` datetime DEFAULT NULL,
  `deleted_by` int(11) DEFAULT NULL,
  `created_by` int(11) DEFAULT NULL,
  `created_at` timestamp NOT NULL DEFAULT current_timestamp(),
  `updated_at` timestamp NOT NULL DEFAULT current_timestamp() ON UPDATE current_timestamp()
) ENGINE=InnoDB DEFAULT CHARSET=utf8mb4 COLLATE=utf8mb4_unicode_ci;

--
-- Dumping data for table `mnt_inspection`
--

INSERT INTO `mnt_inspection` (`id`, `company_id`, `code`, `inspection_type`, `template_id`, `equipment_id`, `supplier_id`, `external_equipment`, `project_id`, `inspector_id`, `scheduled_date`, `completed_at`, `score`, `overall_result`, `tech_readiness_state`, `equipment_condition`, `engine_condition`, `notes`, `state`, `is_deleted`, `deleted_at`, `deleted_by`, `created_by`, `created_at`, `updated_at`) VALUES
(1, 4, 'INS-2026-0001', 'دوري', NULL, 13, NULL, NULL, NULL, NULL, NULL, '2026-06-20 22:36:58', NULL, '', 'جاهزة', 'جيدة', 'ممتازة', '', 'مكتمل', 0, NULL, NULL, 19, '2026-06-20 19:36:58', '2026-06-20 19:36:58'),
(2, 4, 'INS-2026-0002', 'دوري', NULL, NULL, NULL, NULL, NULL, NULL, NULL, NULL, NULL, NULL, NULL, NULL, NULL, NULL, 'جديد', 1, '2026-06-21 00:21:10', NULL, 19, '2026-06-20 19:57:34', '2026-06-20 21:21:10'),
(3, 4, 'INS-2026-0003', 'دوري', NULL, NULL, NULL, NULL, NULL, NULL, NULL, NULL, NULL, NULL, NULL, NULL, NULL, NULL, 'جديد', 1, '2026-06-21 00:21:10', NULL, 19, '2026-06-20 20:00:47', '2026-06-20 21:21:10'),
(4, 4, 'INS-2026-0004', 'دوري', NULL, NULL, NULL, NULL, NULL, NULL, NULL, NULL, NULL, NULL, NULL, NULL, NULL, NULL, 'جديد', 1, '2026-06-21 00:21:10', NULL, 19, '2026-06-20 20:21:09', '2026-06-20 21:21:10'),
(5, 4, 'INS-2026-0005', 'دوري', NULL, NULL, NULL, NULL, NULL, NULL, NULL, NULL, NULL, NULL, NULL, NULL, NULL, NULL, 'جديد', 1, '2026-06-21 00:21:10', NULL, 19, '2026-06-20 20:22:52', '2026-06-20 21:21:10'),
(6, 4, 'INS-2026-0006', 'دوري', NULL, NULL, NULL, NULL, NULL, NULL, NULL, NULL, NULL, NULL, NULL, NULL, NULL, NULL, 'جديد', 1, '2026-06-21 00:21:10', NULL, 19, '2026-06-20 20:36:59', '2026-06-20 21:21:10'),
(7, 4, 'INS-2026-0007', 'دوري', NULL, NULL, NULL, NULL, NULL, NULL, NULL, NULL, NULL, NULL, NULL, NULL, NULL, NULL, 'جديد', 1, '2026-06-21 00:21:10', NULL, 19, '2026-06-20 21:05:58', '2026-06-20 21:21:10'),
(8, 4, 'INS-2026-0008', 'دوري', NULL, NULL, NULL, NULL, NULL, NULL, NULL, NULL, NULL, NULL, NULL, NULL, NULL, NULL, 'جديد', 1, '2026-06-21 00:21:10', NULL, 19, '2026-06-20 21:06:11', '2026-06-20 21:21:10'),
(9, 4, 'INS-2026-0009', 'دوري', NULL, NULL, NULL, NULL, NULL, NULL, NULL, NULL, NULL, NULL, NULL, NULL, NULL, NULL, 'جديد', 1, '2026-06-21 00:21:10', NULL, 19, '2026-06-20 21:06:16', '2026-06-20 21:21:10'),
(10, 4, 'INS-2026-0010', 'دوري', NULL, NULL, NULL, NULL, NULL, NULL, NULL, NULL, NULL, NULL, NULL, NULL, NULL, NULL, 'جديد', 1, '2026-06-21 00:21:10', NULL, 19, '2026-06-20 21:06:22', '2026-06-20 21:21:10'),
(11, 4, 'INS-2026-0011', 'دوري', NULL, NULL, NULL, NULL, NULL, NULL, NULL, NULL, NULL, NULL, NULL, NULL, NULL, NULL, 'جديد', 1, '2026-06-21 00:21:10', NULL, 19, '2026-06-20 21:07:15', '2026-06-20 21:21:10'),
(13, 4, 'INS-2026-0012', 'دوري', NULL, NULL, NULL, NULL, NULL, NULL, NULL, NULL, NULL, NULL, NULL, NULL, NULL, NULL, 'جديد', 1, '2026-06-21 00:21:10', NULL, 19, '2026-06-20 21:14:12', '2026-06-20 21:21:10'),
(14, 4, 'INS-2026-0013', 'دوري', NULL, NULL, NULL, NULL, NULL, NULL, NULL, NULL, NULL, NULL, NULL, NULL, NULL, NULL, 'جديد', 1, '2026-06-21 00:21:10', NULL, 19, '2026-06-20 21:14:25', '2026-06-20 21:21:10'),
(15, 4, 'INS-2026-0014', 'زيارة ميدانية', NULL, 13, NULL, NULL, NULL, NULL, '2026-06-25', NULL, NULL, NULL, NULL, NULL, NULL, NULL, 'جديد', 1, '2026-06-21 00:21:39', NULL, 38, '2026-06-20 21:21:11', '2026-06-20 21:21:39'),
(16, 4, 'INS-2026-0015', 'زيارة ميدانية', NULL, 11, NULL, NULL, 1, 9, '2026-06-21', '2026-06-21 00:25:24', 5, 'نتيجة', 'جاهزة', 'متوسطة', 'ضعيفة', 'ملاحظة', 'مكتمل', 0, NULL, NULL, 19, '2026-06-20 21:23:14', '2026-06-20 21:25:24'),
(17, 4, 'INS-2026-0016', 'دوري', NULL, NULL, NULL, NULL, NULL, NULL, NULL, NULL, NULL, NULL, NULL, NULL, NULL, NULL, 'جديد', 0, NULL, NULL, 19, '2026-06-21 10:30:54', '2026-06-21 10:30:54'),
(18, 4, 'INS-2026-0017', 'الفحص اليومي قبل التشغيل', 1, NULL, NULL, '', NULL, NULL, NULL, NULL, NULL, NULL, NULL, NULL, NULL, NULL, 'جديد', 0, NULL, NULL, 19, '2026-06-24 11:56:29', '2026-06-24 11:56:29'),
(19, 4, 'INS-2026-0018', 'التفتيش الدوري الشهري', 2, NULL, NULL, '', NULL, NULL, NULL, NULL, 100, '', '', '', '', '', 'جديد', 0, NULL, NULL, 19, '2026-06-24 11:58:03', '2026-06-24 12:20:18'),
(20, 4, 'INS-2026-0019', 'فحص الاستلام الفني', 3, 13, NULL, '', 4, NULL, NULL, NULL, NULL, NULL, NULL, NULL, NULL, NULL, 'جديد', 0, NULL, NULL, 19, '2026-06-24 12:12:10', '2026-06-24 12:12:10'),
(21, 4, 'INS-2026-0020', 'فحص ما قبل الاستبدال/التخلص', 10, 3, NULL, '', 1, NULL, NULL, NULL, 100, '', '', '', '', '', 'جديد', 0, NULL, NULL, 19, '2026-06-24 12:20:37', '2026-06-24 12:21:40'),
(22, 4, 'INS-2026-0021', 'فحص ما قبل الاستبدال/التخلص', 10, NULL, NULL, '', NULL, NULL, NULL, NULL, NULL, NULL, NULL, NULL, NULL, NULL, 'جديد', 0, NULL, NULL, 19, '2026-06-24 12:22:29', '2026-06-24 12:22:29'),
(23, 4, 'INS-2026-0022', 'فحص ما قبل الشراء', 4, NULL, 3, '', NULL, 9, '2026-06-24', NULL, 77, '', 'جاهزة', 'جيدة', 'جيدة', '', 'مغلق', 0, NULL, NULL, 19, '2026-06-24 12:47:23', '2026-06-24 12:58:11'),
(24, 4, 'INS-2026-0023', 'الفحص اليومي قبل التشغيل', 1, 13, NULL, '', 4, 9, '2026-06-24', NULL, 77, '', '', '', '', '', 'جديد', 0, NULL, NULL, 19, '2026-06-24 13:01:16', '2026-06-24 13:02:32');

-- --------------------------------------------------------

--
-- Table structure for table `mnt_inspection_line`
--

CREATE TABLE `mnt_inspection_line` (
  `id` int(11) NOT NULL,
  `company_id` int(11) NOT NULL,
  `inspection_id` int(11) NOT NULL COMMENT 'FK→mnt_inspection.id',
  `template_line_id` int(11) DEFAULT NULL COMMENT 'مصدر البند من القالب',
  `component` varchar(150) NOT NULL,
  `section` varchar(150) DEFAULT NULL COMMENT 'المنظومة',
  `applies_to` varchar(80) DEFAULT NULL COMMENT 'ينطبق على',
  `check_method` varchar(120) DEFAULT NULL COMMENT 'طريقة الفحص',
  `measured_value` varchar(255) DEFAULT NULL COMMENT 'القيمة المقاسة/الحد',
  `note` text DEFAULT NULL COMMENT 'الملاحظة',
  `seq` int(11) NOT NULL DEFAULT 0,
  `is_template` tinyint(1) NOT NULL DEFAULT 0 COMMENT '1=بند قالب (لا يُحذف)',
  `condition_state` varchar(30) DEFAULT NULL COMMENT 'سليم/ملاحظة/حرج',
  `recommendation` text DEFAULT NULL,
  `created_at` timestamp NOT NULL DEFAULT current_timestamp()
) ENGINE=InnoDB DEFAULT CHARSET=utf8mb4 COLLATE=utf8mb4_unicode_ci;

--
-- Dumping data for table `mnt_inspection_line`
--

INSERT INTO `mnt_inspection_line` (`id`, `company_id`, `inspection_id`, `template_line_id`, `component`, `section`, `applies_to`, `check_method`, `measured_value`, `note`, `seq`, `is_template`, `condition_state`, `recommendation`, `created_at`) VALUES
(1, 4, 1, NULL, 'الفرامل', NULL, NULL, NULL, NULL, NULL, 0, 0, 'ملاحظة', 'استبدال', '2026-06-20 19:36:58'),
(2, 4, 11, NULL, 'نهتنتن', NULL, NULL, NULL, NULL, NULL, 0, 0, 'سليم', 'تمنتم', '2026-06-20 21:08:12'),
(5, 4, 16, NULL, 'نهتنتن', NULL, NULL, NULL, NULL, NULL, 0, 0, 'سليم', 'تمنتم', '2026-06-20 21:24:01'),
(6, 4, 16, NULL, 'نهتنتن', NULL, NULL, NULL, NULL, NULL, 0, 0, 'ملاحظة', 'تمنتم', '2026-06-20 21:24:09'),
(7, 4, 16, NULL, 'نهتنتن', NULL, NULL, NULL, NULL, NULL, 0, 0, 'حرج', 'تمنتم', '2026-06-20 21:24:20'),
(8, 4, 18, 1, 'مستوى زيت المحرّك', 'الزيوت والسوائل', 'عام', '', '', '', 1, 1, '', '', '2026-06-24 11:56:29'),
(9, 4, 18, 2, 'مستوى الزيت الهيدروليكي', 'الزيوت والسوائل', 'عام', '', '', '', 2, 1, '', '', '2026-06-24 11:56:29'),
(10, 4, 18, 3, 'مستوى زيت الجيربوكس', 'الزيوت والسوائل', 'عام', '', '', '', 3, 1, '', '', '2026-06-24 11:56:29'),
(11, 4, 18, 4, 'مستوى زيوت الدفرنس', 'الزيوت والسوائل', 'عام', '', '', '', 4, 1, '', '', '2026-06-24 11:56:29'),
(12, 4, 18, 5, 'مستوى سائل التبريد', 'الزيوت والسوائل', 'عام', '', '', '', 5, 1, '', '', '2026-06-24 11:56:29'),
(13, 4, 18, 6, 'مستوى الوقود', 'الزيوت والسوائل', 'عام', '', '', '', 6, 1, '', '', '2026-06-24 11:56:29'),
(14, 4, 18, 7, 'تسريب زيت/وقود/تبريد/هيدروليك', 'التسريبات الظاهرة', 'عام', '', '', '', 7, 1, '', '', '2026-06-24 11:56:29'),
(15, 4, 18, 8, 'حالة الإطارات أو الجنزير', 'الحركة', 'عام', '', '', '', 8, 1, '', '', '2026-06-24 11:56:29'),
(16, 4, 18, 9, 'سلامة البطاريات', 'الكهرباء', 'عام', '', '', '', 9, 1, '', '', '2026-06-24 11:56:29'),
(17, 4, 18, 10, 'الأنوار وأجهزة التنبيه', 'الكهرباء', 'عام', '', '', '', 10, 1, '', '', '2026-06-24 11:56:29'),
(18, 4, 18, 11, 'سلامة الخراطيم والوصلات', 'الخراطيم والوصلات', 'عام', '', '', '', 11, 1, '', '', '2026-06-24 11:56:29'),
(19, 4, 18, 12, 'سلامة معدات الإطفاء', 'السلامة والنظافة', 'عام', '', '', '', 12, 1, '', '', '2026-06-24 11:56:29'),
(20, 4, 18, 13, 'النظافة العامة للمعدة', 'السلامة والنظافة', 'عام', '', '', '', 13, 1, '', '', '2026-06-24 11:56:29'),
(21, 4, 19, 14, 'مستوى زيت المحرّك ونظافته', 'المحرّك ومنظومة التبريد', 'عام', '', '', '', 1, 1, 'سليم', '', '2026-06-24 11:58:03'),
(22, 4, 19, 15, 'تسريبات زيت من المحرّك', 'المحرّك ومنظومة التبريد', 'عام', '', '', '', 2, 1, 'سليم', '', '2026-06-24 11:58:03'),
(23, 4, 19, 16, 'مستوى سائل التبريد', 'المحرّك ومنظومة التبريد', 'عام', '', '', '', 3, 1, 'سليم', '', '2026-06-24 11:58:03'),
(24, 4, 19, 17, 'الردياتير: النظافة وعدم الانسداد', 'المحرّك ومنظومة التبريد', 'عام', '', '', '', 4, 1, 'سليم', '', '2026-06-24 11:58:03'),
(25, 4, 19, 18, 'سيور المروحة/الدينمو وشدّها', 'المحرّك ومنظومة التبريد', 'عام', '', '', '', 5, 1, 'سليم', '', '2026-06-24 11:58:03'),
(26, 4, 19, 19, 'فلتر الهواء ونظافته', 'المحرّك ومنظومة التبريد', 'عام', '', '', '', 6, 1, 'سليم', '', '2026-06-24 11:58:03'),
(27, 4, 19, 20, 'فلاتر الزيت والوقود', 'المحرّك ومنظومة التبريد', 'عام', '', '', '', 7, 1, 'سليم', '', '2026-06-24 11:58:03'),
(28, 4, 19, 21, 'صوت المحرّك واهتزازه', 'المحرّك ومنظومة التبريد', 'عام', '', '', '', 8, 1, 'سليم', '', '2026-06-24 11:58:03'),
(29, 4, 19, 22, 'لون عادم المحرّك (الدخان)', 'المحرّك ومنظومة التبريد', 'عام', '', '', '', 9, 1, 'سليم', '', '2026-06-24 11:58:03'),
(30, 4, 19, 23, 'حرارة المحرّك أثناء التشغيل', 'المحرّك ومنظومة التبريد', 'عام', '', '', '', 10, 1, 'سليم', '', '2026-06-24 11:58:03'),
(31, 4, 19, 24, 'مستوى الوقود وجودته', 'منظومة الوقود', 'عام', '', '', '', 11, 1, 'سليم', '', '2026-06-24 11:58:03'),
(32, 4, 19, 25, 'تسريبات الوقود', 'منظومة الوقود', 'عام', '', '', '', 12, 1, '', '', '2026-06-24 11:58:03'),
(33, 4, 19, 26, 'مضخة الوقود والطلمبات', 'منظومة الوقود', 'عام', '', '', '', 13, 1, '', '', '2026-06-24 11:58:03'),
(34, 4, 19, 27, 'فاصل الماء/فلتر الوقود', 'منظومة الوقود', 'عام', '', '', '', 14, 1, '', '', '2026-06-24 11:58:03'),
(35, 4, 19, 28, 'مستوى الزيت الهيدروليكي', 'المنظومة الهيدروليكية', 'عام', '', '', '', 15, 1, '', '', '2026-06-24 11:58:03'),
(36, 4, 19, 29, 'تسريبات الزيت الهيدروليكي', 'المنظومة الهيدروليكية', 'عام', '', '', '', 16, 1, '', '', '2026-06-24 11:58:03'),
(37, 4, 19, 30, 'ضغط النظام الهيدروليكي', 'المنظومة الهيدروليكية', 'عام', '', '', '', 17, 1, '', '', '2026-06-24 11:58:03'),
(38, 4, 19, 31, 'الخراطيم والوصلات وعدم التآكل', 'المنظومة الهيدروليكية', 'عام', '', '', '', 18, 1, '', '', '2026-06-24 11:58:03'),
(39, 4, 19, 32, 'السلندرات (المكابس) وعدم التسريب', 'المنظومة الهيدروليكية', 'عام', '', '', '', 19, 1, '', '', '2026-06-24 11:58:03'),
(40, 4, 19, 33, 'المضخة الهيدروليكية وصوتها', 'المنظومة الهيدروليكية', 'عام', '', '', '', 20, 1, '', '', '2026-06-24 11:58:03'),
(41, 4, 19, 34, 'موزّع التحكّم والصمامات', 'المنظومة الهيدروليكية', 'عام', '', '', '', 21, 1, '', '', '2026-06-24 11:58:03'),
(42, 4, 19, 35, 'مستوى زيت الجيربوكس', 'ناقل الحركة (الجيربوكس) والمحاور', 'عام', '', '', '', 22, 1, '', '', '2026-06-24 11:58:03'),
(43, 4, 19, 36, 'تسريبات الجيربوكس', 'ناقل الحركة (الجيربوكس) والمحاور', 'عام', '', '', '', 23, 1, '', '', '2026-06-24 11:58:03'),
(44, 4, 19, 37, 'صوت ناقل الحركة والتعشيق', 'ناقل الحركة (الجيربوكس) والمحاور', 'عام', '', '', '', 24, 1, '', '', '2026-06-24 11:58:03'),
(45, 4, 19, 38, 'مستوى زيت الدفرنس/المحاور', 'ناقل الحركة (الجيربوكس) والمحاور', 'عام', '', '', '', 25, 1, '', '', '2026-06-24 11:58:03'),
(46, 4, 19, 39, 'تسريبات وصوت المحاور', 'ناقل الحركة (الجيربوكس) والمحاور', 'عام', '', '', '', 26, 1, '', '', '2026-06-24 11:58:03'),
(47, 4, 19, 40, 'الفرامل الرئيسية وكفاءتها', 'منظومة الفرامل', 'عام', '', '', '', 27, 1, '', '', '2026-06-24 11:58:03'),
(48, 4, 19, 41, 'فرامل الانتظار (اليد)', 'منظومة الفرامل', 'عام', '', '', '', 28, 1, '', '', '2026-06-24 11:58:03'),
(49, 4, 19, 42, 'مستوى زيت الفرامل', 'منظومة الفرامل', 'عام', '', '', '', 29, 1, '', '', '2026-06-24 11:58:03'),
(50, 4, 19, 43, 'تسريبات نظام الفرامل', 'منظومة الفرامل', 'عام', '', '', '', 30, 1, '', '', '2026-06-24 11:58:03'),
(51, 4, 19, 44, 'سماكة الأقمشة/التيل', 'منظومة الفرامل', 'عام', '', '', '', 31, 1, '', '', '2026-06-24 11:58:03'),
(52, 4, 19, 45, 'الجنزير/السرفات والبكر (للزاحفة)', 'منظومة الحركة السفلية والإطارات', 'حفّار · دريل', '', '', '', 32, 1, '', '', '2026-06-24 11:58:03'),
(53, 4, 19, 46, 'الإطارات: التآكل والتشقّق', 'منظومة الحركة السفلية والإطارات', 'قلّاب · لودر', '', '', '', 33, 1, '', '', '2026-06-24 11:58:03'),
(54, 4, 19, 47, 'ضغط الإطارات', 'منظومة الحركة السفلية والإطارات', 'قلّاب · لودر', '', '', '', 34, 1, '', '', '2026-06-24 11:58:03'),
(55, 4, 19, 48, 'الرنوف والصواميل وإحكامها', 'منظومة الحركة السفلية والإطارات', 'قلّاب · لودر', '', '', '', 35, 1, '', '', '2026-06-24 11:58:03'),
(56, 4, 19, 49, 'البكر الحاملة والمسنّنات', 'منظومة الحركة السفلية والإطارات', 'حفّار · دريل', '', '', '', 36, 1, '', '', '2026-06-24 11:58:03'),
(57, 4, 19, 50, 'البطاريات: الجهد والأقطاب', 'المنظومة الكهربائية', 'عام', '', '', '', 37, 1, '', '', '2026-06-24 11:58:03'),
(58, 4, 19, 51, 'الأنوار (أمامية/خلفية/جانبية)', 'المنظومة الكهربائية', 'عام', '', '', '', 38, 1, '', '', '2026-06-24 11:58:03'),
(59, 4, 19, 52, 'أجهزة التنبيه والتنبيه الخلفي', 'المنظومة الكهربائية', 'عام', '', '', '', 39, 1, '', '', '2026-06-24 11:58:03'),
(60, 4, 19, 53, 'لوحة العدّادات والتحذيرات', 'المنظومة الكهربائية', 'عام', '', '', '', 40, 1, '', '', '2026-06-24 11:58:03'),
(61, 4, 19, 54, 'الستارتر (المارش) والدينمو', 'المنظومة الكهربائية', 'عام', '', '', '', 41, 1, '', '', '2026-06-24 11:58:03'),
(62, 4, 19, 55, 'الكوابل والتوصيلات والحسّاسات', 'المنظومة الكهربائية', 'عام', '', '', '', 42, 1, '', '', '2026-06-24 11:58:03'),
(63, 4, 19, 56, 'الشاسيه (الهيكل) واللحامات والشروخ', 'الهيكل والكبينة والملحقات', 'عام', '', '', '', 43, 1, '', '', '2026-06-24 11:58:03'),
(64, 4, 19, 57, 'الصدأ والتآكل العام', 'الهيكل والكبينة والملحقات', 'عام', '', '', '', 44, 1, '', '', '2026-06-24 11:58:03'),
(65, 4, 19, 58, 'الذراع/البوم والدبر', 'الهيكل والكبينة والملحقات', 'حفّار', '', '', '', 45, 1, '', '', '2026-06-24 11:58:03'),
(66, 4, 19, 59, 'الباكت/البوكيت والأسنان', 'الهيكل والكبينة والملحقات', 'حفّار · لودر', '', '', '', 46, 1, '', '', '2026-06-24 11:58:03'),
(67, 4, 19, 60, 'القلّاب/الصندوق وأسطوانات الرفع', 'الهيكل والكبينة والملحقات', 'قلّاب', '', '', '', 47, 1, '', '', '2026-06-24 11:58:03'),
(68, 4, 19, 61, 'عمود/برج الحفر ومنظومة الدقّ', 'الهيكل والكبينة والملحقات', 'دريل', '', '', '', 48, 1, '', '', '2026-06-24 11:58:03'),
(69, 4, 19, 62, 'الكبينة وزجاجها وأبوابها', 'الهيكل والكبينة والملحقات', 'عام', '', '', '', 49, 1, '', '', '2026-06-24 11:58:03'),
(70, 4, 19, 63, 'المقعد وأحزمة الأمان', 'الهيكل والكبينة والملحقات', 'عام', '', '', '', 50, 1, '', '', '2026-06-24 11:58:03'),
(71, 4, 19, 64, 'طفّاية الحريق وصلاحيتها', 'منظومة السلامة', 'عام', '', '', '', 51, 1, '', '', '2026-06-24 11:58:03'),
(72, 4, 19, 65, 'حزام الأمان', 'منظومة السلامة', 'عام', '', '', '', 52, 1, '', '', '2026-06-24 11:58:03'),
(73, 4, 19, 66, 'المرايا والرؤية الخلفية', 'منظومة السلامة', 'عام', '', '', '', 53, 1, '', '', '2026-06-24 11:58:03'),
(74, 4, 19, 67, 'الأنوار التحذيرية الدوّارة', 'منظومة السلامة', 'عام', '', '', '', 54, 1, '', '', '2026-06-24 11:58:03'),
(75, 4, 19, 68, 'مطرقة الكسر ومخارج الطوارئ', 'منظومة السلامة', 'عام', '', '', '', 55, 1, '', '', '2026-06-24 11:58:03'),
(76, 4, 19, 69, 'لوحات التحذير والملصقات', 'منظومة السلامة', 'عام', '', '', '', 56, 1, '', '', '2026-06-24 11:58:03'),
(77, 4, 19, 70, 'تسريبات عامة أسفل المعدة', 'التسريبات والنظافة العامة', 'عام', '', '', '', 57, 1, '', '', '2026-06-24 11:58:03'),
(78, 4, 19, 71, 'النظافة العامة للمعدة', 'التسريبات والنظافة العامة', 'عام', '', '', '', 58, 1, '', '', '2026-06-24 11:58:03'),
(79, 4, 19, 72, 'اكتمال الأغطية والحمايات', 'التسريبات والنظافة العامة', 'عام', '', '', '', 59, 1, '', '', '2026-06-24 11:58:03'),
(80, 4, 20, 73, 'مستوى زيت المحرّك ونظافته', 'المحرّك ومنظومة التبريد', 'عام', '', '', '', 1, 1, 'سليم', '', '2026-06-24 12:12:10'),
(81, 4, 20, 74, 'تسريبات زيت من المحرّك', 'المحرّك ومنظومة التبريد', 'عام', '', '', '', 2, 1, 'سليم', '', '2026-06-24 12:12:10'),
(82, 4, 20, 75, 'مستوى سائل التبريد', 'المحرّك ومنظومة التبريد', 'عام', '', '', '', 3, 1, 'سليم', '', '2026-06-24 12:12:10'),
(83, 4, 20, 76, 'الردياتير: النظافة وعدم الانسداد', 'المحرّك ومنظومة التبريد', 'عام', '', '', '', 4, 1, 'سليم', '', '2026-06-24 12:12:10'),
(84, 4, 20, 77, 'سيور المروحة/الدينمو وشدّها', 'المحرّك ومنظومة التبريد', 'عام', '', '', '', 5, 1, 'سليم', '', '2026-06-24 12:12:10'),
(85, 4, 20, 78, 'فلتر الهواء ونظافته', 'المحرّك ومنظومة التبريد', 'عام', '', '', '', 6, 1, 'سليم', '', '2026-06-24 12:12:10'),
(86, 4, 20, 79, 'فلاتر الزيت والوقود', 'المحرّك ومنظومة التبريد', 'عام', '', '', '', 7, 1, 'سليم', '', '2026-06-24 12:12:10'),
(87, 4, 20, 80, 'صوت المحرّك واهتزازه', 'المحرّك ومنظومة التبريد', 'عام', '', '', '', 8, 1, 'سليم', '', '2026-06-24 12:12:10'),
(88, 4, 20, 81, 'لون عادم المحرّك (الدخان)', 'المحرّك ومنظومة التبريد', 'عام', '', '', '', 9, 1, 'سليم', '', '2026-06-24 12:12:10'),
(89, 4, 20, 82, 'حرارة المحرّك أثناء التشغيل', 'المحرّك ومنظومة التبريد', 'عام', '', '', '', 10, 1, 'سليم', '', '2026-06-24 12:12:10'),
(90, 4, 20, 83, 'مستوى الوقود وجودته', 'منظومة الوقود', 'عام', '', '', '', 11, 1, 'سليم', '', '2026-06-24 12:12:10'),
(91, 4, 20, 84, 'تسريبات الوقود', 'منظومة الوقود', 'عام', '', '', '', 12, 1, 'سليم', '', '2026-06-24 12:12:10'),
(92, 4, 20, 85, 'مضخة الوقود والطلمبات', 'منظومة الوقود', 'عام', '', '', '', 13, 1, 'سليم', '', '2026-06-24 12:12:10'),
(93, 4, 20, 86, 'فاصل الماء/فلتر الوقود', 'منظومة الوقود', 'عام', '', '', '', 14, 1, 'سليم', '', '2026-06-24 12:12:10'),
(94, 4, 20, 87, 'مستوى الزيت الهيدروليكي', 'المنظومة الهيدروليكية', 'عام', '', '', '', 15, 1, 'سليم', '', '2026-06-24 12:12:10'),
(95, 4, 20, 88, 'تسريبات الزيت الهيدروليكي', 'المنظومة الهيدروليكية', 'عام', '', '', '', 16, 1, 'سليم', '', '2026-06-24 12:12:10'),
(96, 4, 20, 89, 'ضغط النظام الهيدروليكي', 'المنظومة الهيدروليكية', 'عام', '', '', '', 17, 1, 'سليم', '', '2026-06-24 12:12:10'),
(97, 4, 20, 90, 'الخراطيم والوصلات وعدم التآكل', 'المنظومة الهيدروليكية', 'عام', '', '', '', 18, 1, 'سليم', '', '2026-06-24 12:12:10'),
(98, 4, 20, 91, 'السلندرات (المكابس) وعدم التسريب', 'المنظومة الهيدروليكية', 'عام', '', '', '', 19, 1, 'سليم', '', '2026-06-24 12:12:10'),
(99, 4, 20, 92, 'المضخة الهيدروليكية وصوتها', 'المنظومة الهيدروليكية', 'عام', '', '', '', 20, 1, 'سليم', '', '2026-06-24 12:12:10'),
(100, 4, 20, 93, 'موزّع التحكّم والصمامات', 'المنظومة الهيدروليكية', 'عام', '', '', '', 21, 1, 'سليم', '', '2026-06-24 12:12:10'),
(101, 4, 20, 94, 'مستوى زيت الجيربوكس', 'ناقل الحركة (الجيربوكس) والمحاور', 'عام', '', '', '', 22, 1, 'سليم', '', '2026-06-24 12:12:10'),
(102, 4, 20, 95, 'تسريبات الجيربوكس', 'ناقل الحركة (الجيربوكس) والمحاور', 'عام', '', '', '', 23, 1, 'سليم', '', '2026-06-24 12:12:10'),
(103, 4, 20, 96, 'صوت ناقل الحركة والتعشيق', 'ناقل الحركة (الجيربوكس) والمحاور', 'عام', '', '', '', 24, 1, 'سليم', '', '2026-06-24 12:12:10'),
(104, 4, 20, 97, 'مستوى زيت الدفرنس/المحاور', 'ناقل الحركة (الجيربوكس) والمحاور', 'عام', '', '', '', 25, 1, 'سليم', '', '2026-06-24 12:12:10'),
(105, 4, 20, 98, 'تسريبات وصوت المحاور', 'ناقل الحركة (الجيربوكس) والمحاور', 'عام', '', '', '', 26, 1, 'سليم', '', '2026-06-24 12:12:10'),
(106, 4, 20, 99, 'الفرامل الرئيسية وكفاءتها', 'منظومة الفرامل', 'عام', '', '', '', 27, 1, 'سليم', '', '2026-06-24 12:12:10'),
(107, 4, 20, 100, 'فرامل الانتظار (اليد)', 'منظومة الفرامل', 'عام', '', '', '', 28, 1, 'سليم', '', '2026-06-24 12:12:10'),
(108, 4, 20, 101, 'مستوى زيت الفرامل', 'منظومة الفرامل', 'عام', '', '', '', 29, 1, 'سليم', '', '2026-06-24 12:12:10'),
(109, 4, 20, 102, 'تسريبات نظام الفرامل', 'منظومة الفرامل', 'عام', '', '', '', 30, 1, 'سليم', '', '2026-06-24 12:12:10'),
(110, 4, 20, 103, 'سماكة الأقمشة/التيل', 'منظومة الفرامل', 'عام', '', '', '', 31, 1, 'سليم', '', '2026-06-24 12:12:10'),
(111, 4, 20, 104, 'الجنزير/السرفات والبكر (للزاحفة)', 'منظومة الحركة السفلية والإطارات', 'حفّار · دريل', '', '', '', 32, 1, 'سليم', '', '2026-06-24 12:12:10'),
(112, 4, 20, 108, 'البكر الحاملة والمسنّنات', 'منظومة الحركة السفلية والإطارات', 'حفّار · دريل', '', '', '', 36, 1, 'سليم', '', '2026-06-24 12:12:10'),
(113, 4, 20, 109, 'البطاريات: الجهد والأقطاب', 'المنظومة الكهربائية', 'عام', '', '', '', 37, 1, 'سليم', '', '2026-06-24 12:12:10'),
(114, 4, 20, 110, 'الأنوار (أمامية/خلفية/جانبية)', 'المنظومة الكهربائية', 'عام', '', '', '', 38, 1, 'سليم', '', '2026-06-24 12:12:10'),
(115, 4, 20, 111, 'أجهزة التنبيه والتنبيه الخلفي', 'المنظومة الكهربائية', 'عام', '', '', '', 39, 1, 'سليم', '', '2026-06-24 12:12:10'),
(116, 4, 20, 112, 'لوحة العدّادات والتحذيرات', 'المنظومة الكهربائية', 'عام', '', '', '', 40, 1, 'سليم', '', '2026-06-24 12:12:10'),
(117, 4, 20, 113, 'الستارتر (المارش) والدينمو', 'المنظومة الكهربائية', 'عام', '', '', '', 41, 1, 'سليم', '', '2026-06-24 12:12:10'),
(118, 4, 20, 114, 'الكوابل والتوصيلات والحسّاسات', 'المنظومة الكهربائية', 'عام', '', '', '', 42, 1, 'سليم', '', '2026-06-24 12:12:10'),
(119, 4, 20, 115, 'الشاسيه (الهيكل) واللحامات والشروخ', 'الهيكل والكبينة والملحقات', 'عام', '', '', '', 43, 1, 'سليم', '', '2026-06-24 12:12:10'),
(120, 4, 20, 116, 'الصدأ والتآكل العام', 'الهيكل والكبينة والملحقات', 'عام', '', '', '', 44, 1, 'سليم', '', '2026-06-24 12:12:10'),
(121, 4, 20, 120, 'عمود/برج الحفر ومنظومة الدقّ', 'الهيكل والكبينة والملحقات', 'دريل', '', '', '', 48, 1, 'سليم', '', '2026-06-24 12:12:10'),
(122, 4, 20, 121, 'الكبينة وزجاجها وأبوابها', 'الهيكل والكبينة والملحقات', 'عام', '', '', '', 49, 1, 'سليم', '', '2026-06-24 12:12:10'),
(123, 4, 20, 122, 'المقعد وأحزمة الأمان', 'الهيكل والكبينة والملحقات', 'عام', '', '', '', 50, 1, 'سليم', '', '2026-06-24 12:12:10'),
(124, 4, 20, 123, 'طفّاية الحريق وصلاحيتها', 'منظومة السلامة', 'عام', '', '', '', 51, 1, 'سليم', '', '2026-06-24 12:12:10'),
(125, 4, 20, 124, 'حزام الأمان', 'منظومة السلامة', 'عام', '', '', '', 52, 1, 'سليم', '', '2026-06-24 12:12:10'),
(126, 4, 20, 125, 'المرايا والرؤية الخلفية', 'منظومة السلامة', 'عام', '', '', '', 53, 1, 'سليم', '', '2026-06-24 12:12:10'),
(127, 4, 20, 126, 'الأنوار التحذيرية الدوّارة', 'منظومة السلامة', 'عام', '', '', '', 54, 1, 'سليم', '', '2026-06-24 12:12:10'),
(128, 4, 20, 127, 'مطرقة الكسر ومخارج الطوارئ', 'منظومة السلامة', 'عام', '', '', '', 55, 1, 'سليم', '', '2026-06-24 12:12:10'),
(129, 4, 20, 128, 'لوحات التحذير والملصقات', 'منظومة السلامة', 'عام', '', '', '', 56, 1, 'سليم', '', '2026-06-24 12:12:10'),
(130, 4, 20, 129, 'تسريبات عامة أسفل المعدة', 'التسريبات والنظافة العامة', 'عام', '', '', '', 57, 1, 'سليم', '', '2026-06-24 12:12:10'),
(131, 4, 20, 130, 'النظافة العامة للمعدة', 'التسريبات والنظافة العامة', 'عام', '', '', '', 58, 1, 'سليم', '', '2026-06-24 12:12:10'),
(132, 4, 20, 131, 'اكتمال الأغطية والحمايات', 'التسريبات والنظافة العامة', 'عام', '', '', '', 59, 1, 'سليم', '', '2026-06-24 12:12:10'),
(133, 4, 20, 132, 'مطابقة بيانات المعدة للمستندات', 'اكتمال المستندات والتجهيزات', 'عام', '', '', '', 60, 1, 'سليم', '', '2026-06-24 12:12:10'),
(134, 4, 20, 133, 'اكتمال تجهيزات الحماية والسلامة', 'اكتمال المستندات والتجهيزات', 'عام', '', '', '', 61, 1, 'سليم', '', '2026-06-24 12:12:10'),
(135, 4, 20, 134, 'العدّاد الافتتاحي مُثبَّت وموثّق', 'اكتمال المستندات والتجهيزات', 'عام', '', '', '', 62, 1, 'سليم', '', '2026-06-24 12:12:10'),
(136, 4, 20, 135, 'اكتمال العدّة والملحقات المستلمة', 'اكتمال المستندات والتجهيزات', 'عام', '', '', '', 63, 1, 'سليم', '', '2026-06-24 12:12:10'),
(137, 4, 21, 267, 'الحالة العامة للمحرّك والمنظومات الرئيسية', 'الحالة الفنية العامة', 'عام', '', '', '', 1, 1, 'سليم', '', '2026-06-24 12:20:37'),
(138, 4, 21, 268, 'الهيكل والشاسيه والتآكل العام', 'الحالة الفنية العامة', 'عام', '', '', '', 2, 1, 'سليم', '', '2026-06-24 12:20:37'),
(139, 4, 21, 269, 'قابلية الإصلاح من عدمها', 'الحالة الفنية العامة', 'عام', '', '', '', 3, 1, 'سليم', '', '2026-06-24 12:20:37'),
(140, 4, 21, 270, 'ساعات التشغيل التراكمية (engine_hours)', 'المؤشّرات التراكمية', 'عام', '', '', '', 4, 1, 'سليم', '', '2026-06-24 12:20:37'),
(141, 4, 21, 271, 'عدد الأعطال التراكمي', 'المؤشّرات التراكمية', 'عام', '', '', '', 5, 1, 'سليم', '', '2026-06-24 12:20:37'),
(142, 4, 21, 272, 'تكلفة الصيانة التراكمية', 'المؤشّرات التراكمية', 'عام', '', '', '', 6, 1, 'سليم', '', '2026-06-24 12:20:37'),
(143, 4, 21, 273, 'نسبة الجاهزية / اتجاه الأعطال', 'المؤشّرات التراكمية', 'عام', '', '', '', 7, 1, 'سليم', '', '2026-06-24 12:20:37'),
(144, 4, 21, 274, 'تكلفة الصيانة لكل ساعة تشغيل', 'المؤشّرات التراكمية', 'عام', '', '', '', 8, 1, 'سليم', '', '2026-06-24 12:20:37'),
(145, 4, 21, 275, 'المبرّر الاقتصادي (الكلفة مقابل القيمة)', 'المبرّر والتوصية', 'عام', '', '', '', 9, 1, 'سليم', '', '2026-06-24 12:20:37'),
(146, 4, 21, 276, 'القيمة التخريدية/البيعية التقديرية', 'المبرّر والتوصية', 'عام', '', '', '', 10, 1, 'سليم', '', '2026-06-24 12:20:37'),
(147, 4, 21, 277, 'التوصية النهائية: بيع / إرجاع / شطب', 'المبرّر والتوصية', 'عام', '', '', '', 11, 1, 'لا ينطبق', '', '2026-06-24 12:20:37'),
(148, 4, 22, 267, 'الحالة العامة للمحرّك والمنظومات الرئيسية', 'الحالة الفنية العامة', 'عام', '', '', '', 1, 1, '', '', '2026-06-24 12:22:29'),
(149, 4, 22, 268, 'الهيكل والشاسيه والتآكل العام', 'الحالة الفنية العامة', 'عام', '', '', '', 2, 1, '', '', '2026-06-24 12:22:29'),
(150, 4, 22, 269, 'قابلية الإصلاح من عدمها', 'الحالة الفنية العامة', 'عام', '', '', '', 3, 1, '', '', '2026-06-24 12:22:29'),
(151, 4, 22, 270, 'ساعات التشغيل التراكمية (engine_hours)', 'المؤشّرات التراكمية', 'عام', '', '', '', 4, 1, '', '', '2026-06-24 12:22:29'),
(152, 4, 22, 271, 'عدد الأعطال التراكمي', 'المؤشّرات التراكمية', 'عام', '', '', '', 5, 1, '', '', '2026-06-24 12:22:29'),
(153, 4, 22, 272, 'تكلفة الصيانة التراكمية', 'المؤشّرات التراكمية', 'عام', '', '', '', 6, 1, '', '', '2026-06-24 12:22:29'),
(154, 4, 22, 273, 'نسبة الجاهزية / اتجاه الأعطال', 'المؤشّرات التراكمية', 'عام', '', '', '', 7, 1, '', '', '2026-06-24 12:22:29'),
(155, 4, 22, 274, 'تكلفة الصيانة لكل ساعة تشغيل', 'المؤشّرات التراكمية', 'عام', '', '', '', 8, 1, '', '', '2026-06-24 12:22:29'),
(156, 4, 22, 275, 'المبرّر الاقتصادي (الكلفة مقابل القيمة)', 'المبرّر والتوصية', 'عام', '', '', '', 9, 1, '', '', '2026-06-24 12:22:29'),
(157, 4, 22, 276, 'القيمة التخريدية/البيعية التقديرية', 'المبرّر والتوصية', 'عام', '', '', '', 10, 1, '', '', '2026-06-24 12:22:29'),
(158, 4, 22, 277, 'التوصية النهائية: بيع / إرجاع / شطب', 'المبرّر والتوصية', 'عام', '', '', '', 11, 1, '', '', '2026-06-24 12:22:29'),
(159, 4, 23, 136, 'مستوى زيت المحرّك ونظافته', 'المحرّك ومنظومة التبريد', 'عام', '', '', '', 1, 1, 'سليم', '', '2026-06-24 12:47:23'),
(160, 4, 23, 137, 'تسريبات زيت من المحرّك', 'المحرّك ومنظومة التبريد', 'عام', '', '', '', 2, 1, 'سليم', '', '2026-06-24 12:47:23'),
(161, 4, 23, 138, 'مستوى سائل التبريد', 'المحرّك ومنظومة التبريد', 'عام', '', '', '', 3, 1, 'سليم', '', '2026-06-24 12:47:23'),
(162, 4, 23, 139, 'الردياتير: النظافة وعدم الانسداد', 'المحرّك ومنظومة التبريد', 'عام', '', '', '', 4, 1, 'سليم', '', '2026-06-24 12:47:23'),
(163, 4, 23, 140, 'سيور المروحة/الدينمو وشدّها', 'المحرّك ومنظومة التبريد', 'عام', '', '', '', 5, 1, 'سليم', '', '2026-06-24 12:47:23'),
(164, 4, 23, 141, 'فلتر الهواء ونظافته', 'المحرّك ومنظومة التبريد', 'عام', '', '', '', 6, 1, 'سليم', '', '2026-06-24 12:47:23'),
(165, 4, 23, 142, 'فلاتر الزيت والوقود', 'المحرّك ومنظومة التبريد', 'عام', '', '', '', 7, 1, 'سليم', '', '2026-06-24 12:47:23'),
(166, 4, 23, 143, 'صوت المحرّك واهتزازه', 'المحرّك ومنظومة التبريد', 'عام', '', '', 'يوجد صوت', 8, 1, 'ملاحظة', '', '2026-06-24 12:47:23'),
(167, 4, 23, 144, 'لون عادم المحرّك (الدخان)', 'المحرّك ومنظومة التبريد', 'عام', '', '', '', 9, 1, 'ملاحظة', '', '2026-06-24 12:47:23'),
(168, 4, 23, 145, 'حرارة المحرّك أثناء التشغيل', 'المحرّك ومنظومة التبريد', 'عام', '', '', '', 10, 1, 'لا ينطبق', '', '2026-06-24 12:47:23'),
(169, 4, 23, 146, 'مستوى الوقود وجودته', 'منظومة الوقود', 'عام', '', '', '', 11, 1, 'سليم', '', '2026-06-24 12:47:23'),
(170, 4, 23, 147, 'تسريبات الوقود', 'منظومة الوقود', 'عام', '', '', 'يوجد تسريب بسيط', 12, 1, 'ملاحظة', '', '2026-06-24 12:47:23'),
(171, 4, 23, 148, 'مضخة الوقود والطلمبات', 'منظومة الوقود', 'عام', '', '', '', 13, 1, 'لا ينطبق', '', '2026-06-24 12:47:23'),
(172, 4, 23, 149, 'فاصل الماء/فلتر الوقود', 'منظومة الوقود', 'عام', '', '', '', 14, 1, 'سليم', '', '2026-06-24 12:47:23'),
(173, 4, 23, 150, 'مستوى الزيت الهيدروليكي', 'المنظومة الهيدروليكية', 'عام', '', '', '', 15, 1, 'سليم', '', '2026-06-24 12:47:23'),
(174, 4, 23, 151, 'تسريبات الزيت الهيدروليكي', 'المنظومة الهيدروليكية', 'عام', '', '', '', 16, 1, 'سليم', '', '2026-06-24 12:47:23'),
(175, 4, 23, 152, 'ضغط النظام الهيدروليكي', 'المنظومة الهيدروليكية', 'عام', '', '', '', 17, 1, 'سليم', '', '2026-06-24 12:47:23'),
(176, 4, 23, 153, 'الخراطيم والوصلات وعدم التآكل', 'المنظومة الهيدروليكية', 'عام', '', '', '', 18, 1, 'سليم', '', '2026-06-24 12:47:23'),
(177, 4, 23, 154, 'السلندرات (المكابس) وعدم التسريب', 'المنظومة الهيدروليكية', 'عام', '', '', '', 19, 1, 'سليم', '', '2026-06-24 12:47:23'),
(178, 4, 23, 155, 'المضخة الهيدروليكية وصوتها', 'المنظومة الهيدروليكية', 'عام', '', '', '', 20, 1, 'سليم', '', '2026-06-24 12:47:23'),
(179, 4, 23, 156, 'موزّع التحكّم والصمامات', 'المنظومة الهيدروليكية', 'عام', '', '', '', 21, 1, 'سليم', '', '2026-06-24 12:47:23'),
(180, 4, 23, 157, 'مستوى زيت الجيربوكس', 'ناقل الحركة (الجيربوكس) والمحاور', 'عام', '', '', '', 22, 1, 'سليم', '', '2026-06-24 12:47:23'),
(181, 4, 23, 158, 'تسريبات الجيربوكس', 'ناقل الحركة (الجيربوكس) والمحاور', 'عام', '', '', '', 23, 1, 'حرج', '', '2026-06-24 12:47:23'),
(182, 4, 23, 159, 'صوت ناقل الحركة والتعشيق', 'ناقل الحركة (الجيربوكس) والمحاور', 'عام', '', '', '', 24, 1, 'حرج', '', '2026-06-24 12:47:23'),
(183, 4, 23, 160, 'مستوى زيت الدفرنس/المحاور', 'ناقل الحركة (الجيربوكس) والمحاور', 'عام', '', '', 'ناقص', 25, 1, 'ملاحظة', '', '2026-06-24 12:47:23'),
(184, 4, 23, 161, 'تسريبات وصوت المحاور', 'ناقل الحركة (الجيربوكس) والمحاور', 'عام', '', '', '', 26, 1, 'لا ينطبق', '', '2026-06-24 12:47:23'),
(185, 4, 23, 162, 'الفرامل الرئيسية وكفاءتها', 'منظومة الفرامل', 'عام', '', '', '', 27, 1, 'سليم', '', '2026-06-24 12:47:23'),
(186, 4, 23, 163, 'فرامل الانتظار (اليد)', 'منظومة الفرامل', 'عام', '', '', '', 28, 1, 'سليم', '', '2026-06-24 12:47:23'),
(187, 4, 23, 164, 'مستوى زيت الفرامل', 'منظومة الفرامل', 'عام', '', '', '', 29, 1, 'سليم', '', '2026-06-24 12:47:23'),
(188, 4, 23, 165, 'تسريبات نظام الفرامل', 'منظومة الفرامل', 'عام', '', '', '', 30, 1, 'سليم', '', '2026-06-24 12:47:23'),
(189, 4, 23, 166, 'سماكة الأقمشة/التيل', 'منظومة الفرامل', 'عام', '', '', '', 31, 1, 'سليم', '', '2026-06-24 12:47:23'),
(190, 4, 23, 167, 'الجنزير/السرفات والبكر (للزاحفة)', 'منظومة الحركة السفلية والإطارات', 'حفّار · دريل', '', '', '', 32, 1, 'سليم', '', '2026-06-24 12:47:23'),
(191, 4, 23, 168, 'الإطارات: التآكل والتشقّق', 'منظومة الحركة السفلية والإطارات', 'قلّاب · لودر', '', '', '', 33, 1, 'سليم', '', '2026-06-24 12:47:23'),
(192, 4, 23, 169, 'ضغط الإطارات', 'منظومة الحركة السفلية والإطارات', 'قلّاب · لودر', '', '', '', 34, 1, 'سليم', '', '2026-06-24 12:47:23'),
(193, 4, 23, 170, 'الرنوف والصواميل وإحكامها', 'منظومة الحركة السفلية والإطارات', 'قلّاب · لودر', '', '', '', 35, 1, 'سليم', '', '2026-06-24 12:47:23'),
(194, 4, 23, 171, 'البكر الحاملة والمسنّنات', 'منظومة الحركة السفلية والإطارات', 'حفّار · دريل', '', '', '', 36, 1, 'سليم', '', '2026-06-24 12:47:23'),
(195, 4, 23, 172, 'البطاريات: الجهد والأقطاب', 'المنظومة الكهربائية', 'عام', '', '', '', 37, 1, 'ملاحظة', '', '2026-06-24 12:47:23'),
(196, 4, 23, 173, 'الأنوار (أمامية/خلفية/جانبية)', 'المنظومة الكهربائية', 'عام', '', '', '', 38, 1, 'ملاحظة', '', '2026-06-24 12:47:23'),
(197, 4, 23, 174, 'أجهزة التنبيه والتنبيه الخلفي', 'المنظومة الكهربائية', 'عام', '', '', '', 39, 1, 'سليم', '', '2026-06-24 12:47:23'),
(198, 4, 23, 175, 'لوحة العدّادات والتحذيرات', 'المنظومة الكهربائية', 'عام', '', '', '', 40, 1, 'سليم', '', '2026-06-24 12:47:23'),
(199, 4, 23, 176, 'الستارتر (المارش) والدينمو', 'المنظومة الكهربائية', 'عام', '', '', '', 41, 1, 'سليم', '', '2026-06-24 12:47:23'),
(200, 4, 23, 177, 'الكوابل والتوصيلات والحسّاسات', 'المنظومة الكهربائية', 'عام', '', '', '', 42, 1, 'سليم', '', '2026-06-24 12:47:23'),
(201, 4, 23, 178, 'الشاسيه (الهيكل) واللحامات والشروخ', 'الهيكل والكبينة والملحقات', 'عام', '', '', '', 43, 1, 'سليم', '', '2026-06-24 12:47:23'),
(202, 4, 23, 179, 'الصدأ والتآكل العام', 'الهيكل والكبينة والملحقات', 'عام', '', '', '', 44, 1, 'سليم', '', '2026-06-24 12:47:23'),
(203, 4, 23, 180, 'الذراع/البوم والدبر', 'الهيكل والكبينة والملحقات', 'حفّار', '', '', '', 45, 1, 'سليم', '', '2026-06-24 12:47:23'),
(204, 4, 23, 181, 'الباكت/البوكيت والأسنان', 'الهيكل والكبينة والملحقات', 'حفّار · لودر', '', '', '', 46, 1, 'سليم', '', '2026-06-24 12:47:23'),
(205, 4, 23, 182, 'القلّاب/الصندوق وأسطوانات الرفع', 'الهيكل والكبينة والملحقات', 'قلّاب', '', '', '', 47, 1, 'سليم', '', '2026-06-24 12:47:23'),
(206, 4, 23, 183, 'عمود/برج الحفر ومنظومة الدقّ', 'الهيكل والكبينة والملحقات', 'دريل', '', '', '', 48, 1, 'لا ينطبق', '', '2026-06-24 12:47:23'),
(207, 4, 23, 184, 'الكبينة وزجاجها وأبوابها', 'الهيكل والكبينة والملحقات', 'عام', '', '', '', 49, 1, 'لا ينطبق', '', '2026-06-24 12:47:23'),
(208, 4, 23, 185, 'المقعد وأحزمة الأمان', 'الهيكل والكبينة والملحقات', 'عام', '', '', '', 50, 1, 'لا ينطبق', '', '2026-06-24 12:47:23'),
(209, 4, 23, 186, 'طفّاية الحريق وصلاحيتها', 'منظومة السلامة', 'عام', '', '', '', 51, 1, 'لا ينطبق', '', '2026-06-24 12:47:23'),
(210, 4, 23, 187, 'حزام الأمان', 'منظومة السلامة', 'عام', '', '', '', 52, 1, 'سليم', '', '2026-06-24 12:47:23'),
(211, 4, 23, 188, 'المرايا والرؤية الخلفية', 'منظومة السلامة', 'عام', '', '', '', 53, 1, 'سليم', '', '2026-06-24 12:47:23'),
(212, 4, 23, 189, 'الأنوار التحذيرية الدوّارة', 'منظومة السلامة', 'عام', '', '', '', 54, 1, 'ملاحظة', '', '2026-06-24 12:47:23'),
(213, 4, 23, 190, 'مطرقة الكسر ومخارج الطوارئ', 'منظومة السلامة', 'عام', '', '', '', 55, 1, 'حرج', '', '2026-06-24 12:47:23'),
(214, 4, 23, 191, 'لوحات التحذير والملصقات', 'منظومة السلامة', 'عام', '', '', '', 56, 1, 'حرج', '', '2026-06-24 12:47:23'),
(215, 4, 23, 192, 'تسريبات عامة أسفل المعدة', 'التسريبات والنظافة العامة', 'عام', '', '', '', 57, 1, 'سليم', '', '2026-06-24 12:47:23'),
(216, 4, 23, 193, 'النظافة العامة للمعدة', 'التسريبات والنظافة العامة', 'عام', '', '', '', 58, 1, 'سليم', '', '2026-06-24 12:47:23'),
(217, 4, 23, 194, 'اكتمال الأغطية والحمايات', 'التسريبات والنظافة العامة', 'عام', '', '', '', 59, 1, 'سليم', '', '2026-06-24 12:47:23'),
(218, 4, 23, 195, 'مطابقة المواصفات للموديل المرجعي', 'مطابقة المواصفات والجدوى', 'عام', '', '', '', 60, 1, 'سليم', '', '2026-06-24 12:47:23'),
(219, 4, 23, 196, 'ساعات التشغيل/العمر الفعلي', 'مطابقة المواصفات والجدوى', 'عام', '', '', '', 61, 1, 'سليم', '', '2026-06-24 12:47:23'),
(220, 4, 23, 197, 'سجل الصيانة والأعطال السابق (إن توفّر)', 'مطابقة المواصفات والجدوى', 'عام', '', '', '', 62, 1, 'ملاحظة', '', '2026-06-24 12:47:23'),
(221, 4, 23, 198, 'التقدير العام لحالة المعدة', 'مطابقة المواصفات والجدوى', 'عام', '', '', '', 63, 1, 'ملاحظة', '', '2026-06-24 12:47:23'),
(222, 4, 23, 199, 'توصية الشراء', 'مطابقة المواصفات والجدوى', 'عام', '', '', '', 64, 1, 'سليم', '', '2026-06-24 12:47:23'),
(223, 4, 24, 1, 'مستوى زيت المحرّك', 'الزيوت والسوائل', 'عام', '', '', 'ناقص', 1, 1, 'ملاحظة', '', '2026-06-24 13:01:16'),
(224, 4, 24, 2, 'مستوى الزيت الهيدروليكي', 'الزيوت والسوائل', 'عام', '', '', '', 2, 1, 'سليم', '', '2026-06-24 13:01:16'),
(225, 4, 24, 3, 'مستوى زيت الجيربوكس', 'الزيوت والسوائل', 'عام', '', '', '', 3, 1, 'سليم', '', '2026-06-24 13:01:16'),
(226, 4, 24, 4, 'مستوى زيوت الدفرنس', 'الزيوت والسوائل', 'عام', '', '', '', 4, 1, 'سليم', '', '2026-06-24 13:01:16'),
(227, 4, 24, 5, 'مستوى سائل التبريد', 'الزيوت والسوائل', 'عام', '', '', '', 5, 1, 'سليم', '', '2026-06-24 13:01:16'),
(228, 4, 24, 6, 'مستوى الوقود', 'الزيوت والسوائل', 'عام', '', '', '', 6, 1, 'سليم', '', '2026-06-24 13:01:16'),
(229, 4, 24, 7, 'تسريب زيت/وقود/تبريد/هيدروليك', 'التسريبات الظاهرة', 'عام', '', '', '', 7, 1, 'سليم', '', '2026-06-24 13:01:16'),
(230, 4, 24, 8, 'حالة الإطارات أو الجنزير', 'الحركة', 'عام', '', '', '', 8, 1, 'سليم', '', '2026-06-24 13:01:16'),
(231, 4, 24, 9, 'سلامة البطاريات', 'الكهرباء', 'عام', '', '', 'تحتاج تغيير', 9, 1, 'ملاحظة', 'تغيير البطارية', '2026-06-24 13:01:16'),
(232, 4, 24, 10, 'الأنوار وأجهزة التنبيه', 'الكهرباء', 'عام', '', '', '', 10, 1, 'سليم', '', '2026-06-24 13:01:16'),
(233, 4, 24, 11, 'سلامة الخراطيم والوصلات', 'الخراطيم والوصلات', 'عام', '', '', '', 11, 1, 'سليم', '', '2026-06-24 13:01:16'),
(234, 4, 24, 12, 'سلامة معدات الإطفاء', 'السلامة والنظافة', 'عام', '', '', '', 12, 1, 'سليم', '', '2026-06-24 13:01:16'),
(235, 4, 24, 13, 'النظافة العامة للمعدة', 'السلامة والنظافة', 'عام', '', '', 'وسخانة', 13, 1, 'ملاحظة', 'تحتاج نظافة', '2026-06-24 13:01:16');

-- --------------------------------------------------------

--
-- Table structure for table `mnt_inspection_template`
--

CREATE TABLE `mnt_inspection_template` (
  `id` int(11) NOT NULL,
  `company_id` int(11) DEFAULT NULL COMMENT 'NULL = قالب عام مشترك لكل الشركات',
  `type_code` varchar(30) NOT NULL COMMENT 'EQUIP-MNT-DLY ...',
  `name` varchar(150) NOT NULL COMMENT 'اسم الاستمارة',
  `inspection_type` varchar(80) NOT NULL COMMENT 'قيمة mnt_inspection.inspection_type',
  `header_type` varchar(20) NOT NULL DEFAULT 'equipment' COMMENT 'equipment/supplier/external',
  `condition_scale` varchar(20) NOT NULL DEFAULT 'default' COMMENT 'default/accident/overhaul',
  `sort_order` int(11) NOT NULL DEFAULT 0,
  `is_active` tinyint(1) NOT NULL DEFAULT 1,
  `created_at` timestamp NOT NULL DEFAULT current_timestamp()
) ENGINE=InnoDB DEFAULT CHARSET=utf8mb4 COLLATE=utf8mb4_unicode_ci;

--
-- Dumping data for table `mnt_inspection_template`
--

INSERT INTO `mnt_inspection_template` (`id`, `company_id`, `type_code`, `name`, `inspection_type`, `header_type`, `condition_scale`, `sort_order`, `is_active`, `created_at`) VALUES
(1, NULL, 'EQUIP-MNT-DLY', 'الفحص اليومي قبل التشغيل', 'الفحص اليومي قبل التشغيل', 'equipment', 'default', 1, 1, '2026-06-24 11:49:35'),
(2, NULL, 'EQUIP-MNT-PRD', 'التفتيش الدوري الشهري', 'التفتيش الدوري الشهري', 'equipment', 'default', 2, 1, '2026-06-24 11:49:35'),
(3, NULL, 'EQUIP-MNT-RCV', 'فحص الاستلام الفني', 'فحص الاستلام الفني', 'equipment', 'default', 3, 1, '2026-06-24 11:49:35'),
(4, NULL, 'EQUIP-MNT-PUR', 'فحص ما قبل الشراء', 'فحص ما قبل الشراء', 'external', 'default', 4, 1, '2026-06-24 11:49:35'),
(5, NULL, 'EQUIP-MNT-SUP', 'فحص ما قبل التعاقد مع مورّد', 'فحص ما قبل التعاقد مع مورّد', 'supplier', 'default', 5, 1, '2026-06-24 11:49:35'),
(6, NULL, 'EQUIP-MNT-PERF', 'الفحص التشخيصي للأداء', 'الفحص التشخيصي للأداء', 'equipment', 'default', 6, 1, '2026-06-24 11:49:35'),
(7, NULL, 'EQUIP-MNT-SPC', 'تفتيش خاص / زيارة موقع', 'تفتيش خاص / زيارة موقع', 'equipment', 'default', 7, 1, '2026-06-24 11:49:35'),
(8, NULL, 'EQUIP-MNT-ACC', 'فحص ما بعد الحادث', 'فحص ما بعد الحادث', 'equipment', 'accident', 8, 1, '2026-06-24 11:49:35'),
(9, NULL, 'EQUIP-MNT-OVH', 'فحص ما قبل العمرة', 'فحص ما قبل العمرة', 'equipment', 'overhaul', 9, 1, '2026-06-24 11:49:35'),
(10, NULL, 'EQUIP-MNT-DSP', 'فحص ما قبل الاستبدال/التخلص', 'فحص ما قبل الاستبدال/التخلص', 'equipment', 'default', 10, 1, '2026-06-24 11:49:35');

-- --------------------------------------------------------

--
-- Table structure for table `mnt_inspection_template_line`
--

CREATE TABLE `mnt_inspection_template_line` (
  `id` int(11) NOT NULL,
  `template_id` int(11) NOT NULL,
  `section` varchar(150) DEFAULT NULL COMMENT 'المنظومة/المجموعة',
  `seq` int(11) NOT NULL DEFAULT 0,
  `item` varchar(255) NOT NULL COMMENT 'البند',
  `applies_to` varchar(80) DEFAULT NULL COMMENT 'ينطبق على: عام/حفّار/قلّاب/دريل/لودر',
  `check_method` varchar(120) DEFAULT NULL COMMENT 'طريقة الفحص',
  `reference_limit` varchar(255) DEFAULT NULL COMMENT 'القيمة المقاسة / الحد المرجعي'
) ENGINE=InnoDB DEFAULT CHARSET=utf8mb4 COLLATE=utf8mb4_unicode_ci;

--
-- Dumping data for table `mnt_inspection_template_line`
--

INSERT INTO `mnt_inspection_template_line` (`id`, `template_id`, `section`, `seq`, `item`, `applies_to`, `check_method`, `reference_limit`) VALUES
(1, 1, 'الزيوت والسوائل', 1, 'مستوى زيت المحرّك', 'عام', '', 'فحص نظري · ضمن العلامتين'),
(2, 1, 'الزيوت والسوائل', 2, 'مستوى الزيت الهيدروليكي', 'عام', '', 'ضمن الحد'),
(3, 1, 'الزيوت والسوائل', 3, 'مستوى زيت الجيربوكس', 'عام', '', 'ضمن الحد'),
(4, 1, 'الزيوت والسوائل', 4, 'مستوى زيوت الدفرنس', 'عام', '', 'ضمن الحد'),
(5, 1, 'الزيوت والسوائل', 5, 'مستوى سائل التبريد', 'عام', '', 'ضمن الحد'),
(6, 1, 'الزيوت والسوائل', 6, 'مستوى الوقود', 'عام', '', 'كافٍ للوردية'),
(7, 1, 'التسريبات الظاهرة', 7, 'تسريب زيت/وقود/تبريد/هيدروليك', 'عام', '', 'لا تسريب'),
(8, 1, 'الحركة', 8, 'حالة الإطارات أو الجنزير', 'عام', '', 'سليمة'),
(9, 1, 'الكهرباء', 9, 'سلامة البطاريات', 'عام', '', 'مثبّتة وأقطاب نظيفة'),
(10, 1, 'الكهرباء', 10, 'الأنوار وأجهزة التنبيه', 'عام', '', 'تعمل'),
(11, 1, 'الخراطيم والوصلات', 11, 'سلامة الخراطيم والوصلات', 'عام', '', 'لا احتكاك/تسريب'),
(12, 1, 'السلامة والنظافة', 12, 'سلامة معدات الإطفاء', 'عام', '', 'موجودة وصالحة'),
(13, 1, 'السلامة والنظافة', 13, 'النظافة العامة للمعدة', 'عام', '', 'نظيفة'),
(14, 2, 'المحرّك ومنظومة التبريد', 1, 'مستوى زيت المحرّك ونظافته', 'عام', '', 'قياس بالعصا · ضمن العلامتين'),
(15, 2, 'المحرّك ومنظومة التبريد', 2, 'تسريبات زيت من المحرّك', 'عام', '', 'لا تسريب'),
(16, 2, 'المحرّك ومنظومة التبريد', 3, 'مستوى سائل التبريد', 'عام', '', 'ضمن الحد'),
(17, 2, 'المحرّك ومنظومة التبريد', 4, 'الردياتير: النظافة وعدم الانسداد', 'عام', '', 'تنظيف دون هواء مضغوط مباشر'),
(18, 2, 'المحرّك ومنظومة التبريد', 5, 'سيور المروحة/الدينمو وشدّها', 'عام', '', 'شدّ سليم · لا تشقّق'),
(19, 2, 'المحرّك ومنظومة التبريد', 6, 'فلتر الهواء ونظافته', 'عام', '', 'لا يُنفخ بالهواء المضغوط'),
(20, 2, 'المحرّك ومنظومة التبريد', 7, 'فلاتر الزيت والوقود', 'عام', '', 'ضمن فترة الاستبدال'),
(21, 2, 'المحرّك ومنظومة التبريد', 8, 'صوت المحرّك واهتزازه', 'عام', '', 'تشغيل واختبار'),
(22, 2, 'المحرّك ومنظومة التبريد', 9, 'لون عادم المحرّك (الدخان)', 'عام', '', 'عديم/طبيعي'),
(23, 2, 'المحرّك ومنظومة التبريد', 10, 'حرارة المحرّك أثناء التشغيل', 'عام', '', 'ضمن النطاق °C'),
(24, 2, 'منظومة الوقود', 11, 'مستوى الوقود وجودته', 'عام', '', '—'),
(25, 2, 'منظومة الوقود', 12, 'تسريبات الوقود', 'عام', '', 'لا تسريب'),
(26, 2, 'منظومة الوقود', 13, 'مضخة الوقود والطلمبات', 'عام', '', 'تشغيل واختبار'),
(27, 2, 'منظومة الوقود', 14, 'فاصل الماء/فلتر الوقود', 'عام', '', 'تصريف الماء'),
(28, 2, 'المنظومة الهيدروليكية', 15, 'مستوى الزيت الهيدروليكي', 'عام', '', 'ضمن الحد'),
(29, 2, 'المنظومة الهيدروليكية', 16, 'تسريبات الزيت الهيدروليكي', 'عام', '', 'لا تسريب'),
(30, 2, 'المنظومة الهيدروليكية', 17, 'ضغط النظام الهيدروليكي', 'عام', '', 'قياس بالأجهزة · bar'),
(31, 2, 'المنظومة الهيدروليكية', 18, 'الخراطيم والوصلات وعدم التآكل', 'عام', '', 'لا احتكاك/تشقّق'),
(32, 2, 'المنظومة الهيدروليكية', 19, 'السلندرات (المكابس) وعدم التسريب', 'عام', '', 'لا نزّ زيت'),
(33, 2, 'المنظومة الهيدروليكية', 20, 'المضخة الهيدروليكية وصوتها', 'عام', '', 'تشغيل واختبار'),
(34, 2, 'المنظومة الهيدروليكية', 21, 'موزّع التحكّم والصمامات', 'عام', '', 'استجابة سليمة'),
(35, 2, 'ناقل الحركة (الجيربوكس) والمحاور', 22, 'مستوى زيت الجيربوكس', 'عام', '', 'ضمن الحد'),
(36, 2, 'ناقل الحركة (الجيربوكس) والمحاور', 23, 'تسريبات الجيربوكس', 'عام', '', 'لا تسريب'),
(37, 2, 'ناقل الحركة (الجيربوكس) والمحاور', 24, 'صوت ناقل الحركة والتعشيق', 'عام', '', 'تشغيل واختبار'),
(38, 2, 'ناقل الحركة (الجيربوكس) والمحاور', 25, 'مستوى زيت الدفرنس/المحاور', 'عام', '', 'ضمن الحد'),
(39, 2, 'ناقل الحركة (الجيربوكس) والمحاور', 26, 'تسريبات وصوت المحاور', 'عام', '', 'لا تسريب · لا صوت غير طبيعي'),
(40, 2, 'منظومة الفرامل', 27, 'الفرامل الرئيسية وكفاءتها', 'عام', '', 'تشغيل واختبار'),
(41, 2, 'منظومة الفرامل', 28, 'فرامل الانتظار (اليد)', 'عام', '', 'تثبيت كامل'),
(42, 2, 'منظومة الفرامل', 29, 'مستوى زيت الفرامل', 'عام', '', 'ضمن الحد'),
(43, 2, 'منظومة الفرامل', 30, 'تسريبات نظام الفرامل', 'عام', '', 'لا تسريب'),
(44, 2, 'منظومة الفرامل', 31, 'سماكة الأقمشة/التيل', 'عام', '', 'قياس · ضمن الحد mm'),
(45, 2, 'منظومة الحركة السفلية والإطارات', 32, 'الجنزير/السرفات والبكر (للزاحفة)', 'حفّار · دريل', '', 'قياس التآكل · شدّ الجنزير'),
(46, 2, 'منظومة الحركة السفلية والإطارات', 33, 'الإطارات: التآكل والتشقّق', 'قلّاب · لودر', '', 'قياس عمق المداس mm'),
(47, 2, 'منظومة الحركة السفلية والإطارات', 34, 'ضغط الإطارات', 'قلّاب · لودر', '', 'قياس · psi'),
(48, 2, 'منظومة الحركة السفلية والإطارات', 35, 'الرنوف والصواميل وإحكامها', 'قلّاب · لودر', '', 'ربط سليم'),
(49, 2, 'منظومة الحركة السفلية والإطارات', 36, 'البكر الحاملة والمسنّنات', 'حفّار · دريل', '', 'لا تآكل مفرط'),
(50, 2, 'المنظومة الكهربائية', 37, 'البطاريات: الجهد والأقطاب', 'عام', '', 'قياس · V'),
(51, 2, 'المنظومة الكهربائية', 38, 'الأنوار (أمامية/خلفية/جانبية)', 'عام', '', 'تعمل كاملةً'),
(52, 2, 'المنظومة الكهربائية', 39, 'أجهزة التنبيه والتنبيه الخلفي', 'عام', '', 'تعمل'),
(53, 2, 'المنظومة الكهربائية', 40, 'لوحة العدّادات والتحذيرات', 'عام', '', 'قراءات سليمة'),
(54, 2, 'المنظومة الكهربائية', 41, 'الستارتر (المارش) والدينمو', 'عام', '', 'تشغيل واختبار'),
(55, 2, 'المنظومة الكهربائية', 42, 'الكوابل والتوصيلات والحسّاسات', 'عام', '', 'لا تآكل/قطع'),
(56, 2, 'الهيكل والكبينة والملحقات', 43, 'الشاسيه (الهيكل) واللحامات والشروخ', 'عام', '', 'فحص نظري · لا شروخ'),
(57, 2, 'الهيكل والكبينة والملحقات', 44, 'الصدأ والتآكل العام', 'عام', '', 'ضمن المقبول'),
(58, 2, 'الهيكل والكبينة والملحقات', 45, 'الذراع/البوم والدبر', 'حفّار', '', 'لا شروخ/التواء'),
(59, 2, 'الهيكل والكبينة والملحقات', 46, 'الباكت/البوكيت والأسنان', 'حفّار · لودر', '', 'تآكل ضمن الحد'),
(60, 2, 'الهيكل والكبينة والملحقات', 47, 'القلّاب/الصندوق وأسطوانات الرفع', 'قلّاب', '', 'لا شروخ · رفع سليم'),
(61, 2, 'الهيكل والكبينة والملحقات', 48, 'عمود/برج الحفر ومنظومة الدقّ', 'دريل', '', 'لا اهتزاز غير طبيعي'),
(62, 2, 'الهيكل والكبينة والملحقات', 49, 'الكبينة وزجاجها وأبوابها', 'عام', '', 'سليمة'),
(63, 2, 'الهيكل والكبينة والملحقات', 50, 'المقعد وأحزمة الأمان', 'عام', '', 'سليمة وآمنة'),
(64, 2, 'منظومة السلامة', 51, 'طفّاية الحريق وصلاحيتها', 'عام', '', 'سارية الصلاحية'),
(65, 2, 'منظومة السلامة', 52, 'حزام الأمان', 'عام', '', 'سليم'),
(66, 2, 'منظومة السلامة', 53, 'المرايا والرؤية الخلفية', 'عام', '', 'مكتملة'),
(67, 2, 'منظومة السلامة', 54, 'الأنوار التحذيرية الدوّارة', 'عام', '', 'تعمل'),
(68, 2, 'منظومة السلامة', 55, 'مطرقة الكسر ومخارج الطوارئ', 'عام', '', 'موجودة'),
(69, 2, 'منظومة السلامة', 56, 'لوحات التحذير والملصقات', 'عام', '', 'واضحة'),
(70, 2, 'التسريبات والنظافة العامة', 57, 'تسريبات عامة أسفل المعدة', 'عام', '', 'فحص نظري · لا برك زيت'),
(71, 2, 'التسريبات والنظافة العامة', 58, 'النظافة العامة للمعدة', 'عام', '', 'نظيفة'),
(72, 2, 'التسريبات والنظافة العامة', 59, 'اكتمال الأغطية والحمايات', 'عام', '', 'مكتملة'),
(73, 3, 'المحرّك ومنظومة التبريد', 1, 'مستوى زيت المحرّك ونظافته', 'عام', '', 'قياس بالعصا · ضمن العلامتين'),
(74, 3, 'المحرّك ومنظومة التبريد', 2, 'تسريبات زيت من المحرّك', 'عام', '', 'لا تسريب'),
(75, 3, 'المحرّك ومنظومة التبريد', 3, 'مستوى سائل التبريد', 'عام', '', 'ضمن الحد'),
(76, 3, 'المحرّك ومنظومة التبريد', 4, 'الردياتير: النظافة وعدم الانسداد', 'عام', '', 'تنظيف دون هواء مضغوط مباشر'),
(77, 3, 'المحرّك ومنظومة التبريد', 5, 'سيور المروحة/الدينمو وشدّها', 'عام', '', 'شدّ سليم · لا تشقّق'),
(78, 3, 'المحرّك ومنظومة التبريد', 6, 'فلتر الهواء ونظافته', 'عام', '', 'لا يُنفخ بالهواء المضغوط'),
(79, 3, 'المحرّك ومنظومة التبريد', 7, 'فلاتر الزيت والوقود', 'عام', '', 'ضمن فترة الاستبدال'),
(80, 3, 'المحرّك ومنظومة التبريد', 8, 'صوت المحرّك واهتزازه', 'عام', '', 'تشغيل واختبار'),
(81, 3, 'المحرّك ومنظومة التبريد', 9, 'لون عادم المحرّك (الدخان)', 'عام', '', 'عديم/طبيعي'),
(82, 3, 'المحرّك ومنظومة التبريد', 10, 'حرارة المحرّك أثناء التشغيل', 'عام', '', 'ضمن النطاق °C'),
(83, 3, 'منظومة الوقود', 11, 'مستوى الوقود وجودته', 'عام', '', '—'),
(84, 3, 'منظومة الوقود', 12, 'تسريبات الوقود', 'عام', '', 'لا تسريب'),
(85, 3, 'منظومة الوقود', 13, 'مضخة الوقود والطلمبات', 'عام', '', 'تشغيل واختبار'),
(86, 3, 'منظومة الوقود', 14, 'فاصل الماء/فلتر الوقود', 'عام', '', 'تصريف الماء'),
(87, 3, 'المنظومة الهيدروليكية', 15, 'مستوى الزيت الهيدروليكي', 'عام', '', 'ضمن الحد'),
(88, 3, 'المنظومة الهيدروليكية', 16, 'تسريبات الزيت الهيدروليكي', 'عام', '', 'لا تسريب'),
(89, 3, 'المنظومة الهيدروليكية', 17, 'ضغط النظام الهيدروليكي', 'عام', '', 'قياس بالأجهزة · bar'),
(90, 3, 'المنظومة الهيدروليكية', 18, 'الخراطيم والوصلات وعدم التآكل', 'عام', '', 'لا احتكاك/تشقّق'),
(91, 3, 'المنظومة الهيدروليكية', 19, 'السلندرات (المكابس) وعدم التسريب', 'عام', '', 'لا نزّ زيت'),
(92, 3, 'المنظومة الهيدروليكية', 20, 'المضخة الهيدروليكية وصوتها', 'عام', '', 'تشغيل واختبار'),
(93, 3, 'المنظومة الهيدروليكية', 21, 'موزّع التحكّم والصمامات', 'عام', '', 'استجابة سليمة'),
(94, 3, 'ناقل الحركة (الجيربوكس) والمحاور', 22, 'مستوى زيت الجيربوكس', 'عام', '', 'ضمن الحد'),
(95, 3, 'ناقل الحركة (الجيربوكس) والمحاور', 23, 'تسريبات الجيربوكس', 'عام', '', 'لا تسريب'),
(96, 3, 'ناقل الحركة (الجيربوكس) والمحاور', 24, 'صوت ناقل الحركة والتعشيق', 'عام', '', 'تشغيل واختبار'),
(97, 3, 'ناقل الحركة (الجيربوكس) والمحاور', 25, 'مستوى زيت الدفرنس/المحاور', 'عام', '', 'ضمن الحد'),
(98, 3, 'ناقل الحركة (الجيربوكس) والمحاور', 26, 'تسريبات وصوت المحاور', 'عام', '', 'لا تسريب · لا صوت غير طبيعي'),
(99, 3, 'منظومة الفرامل', 27, 'الفرامل الرئيسية وكفاءتها', 'عام', '', 'تشغيل واختبار'),
(100, 3, 'منظومة الفرامل', 28, 'فرامل الانتظار (اليد)', 'عام', '', 'تثبيت كامل'),
(101, 3, 'منظومة الفرامل', 29, 'مستوى زيت الفرامل', 'عام', '', 'ضمن الحد'),
(102, 3, 'منظومة الفرامل', 30, 'تسريبات نظام الفرامل', 'عام', '', 'لا تسريب'),
(103, 3, 'منظومة الفرامل', 31, 'سماكة الأقمشة/التيل', 'عام', '', 'قياس · ضمن الحد mm'),
(104, 3, 'منظومة الحركة السفلية والإطارات', 32, 'الجنزير/السرفات والبكر (للزاحفة)', 'حفّار · دريل', '', 'قياس التآكل · شدّ الجنزير'),
(105, 3, 'منظومة الحركة السفلية والإطارات', 33, 'الإطارات: التآكل والتشقّق', 'قلّاب · لودر', '', 'قياس عمق المداس mm'),
(106, 3, 'منظومة الحركة السفلية والإطارات', 34, 'ضغط الإطارات', 'قلّاب · لودر', '', 'قياس · psi'),
(107, 3, 'منظومة الحركة السفلية والإطارات', 35, 'الرنوف والصواميل وإحكامها', 'قلّاب · لودر', '', 'ربط سليم'),
(108, 3, 'منظومة الحركة السفلية والإطارات', 36, 'البكر الحاملة والمسنّنات', 'حفّار · دريل', '', 'لا تآكل مفرط'),
(109, 3, 'المنظومة الكهربائية', 37, 'البطاريات: الجهد والأقطاب', 'عام', '', 'قياس · V'),
(110, 3, 'المنظومة الكهربائية', 38, 'الأنوار (أمامية/خلفية/جانبية)', 'عام', '', 'تعمل كاملةً'),
(111, 3, 'المنظومة الكهربائية', 39, 'أجهزة التنبيه والتنبيه الخلفي', 'عام', '', 'تعمل'),
(112, 3, 'المنظومة الكهربائية', 40, 'لوحة العدّادات والتحذيرات', 'عام', '', 'قراءات سليمة'),
(113, 3, 'المنظومة الكهربائية', 41, 'الستارتر (المارش) والدينمو', 'عام', '', 'تشغيل واختبار'),
(114, 3, 'المنظومة الكهربائية', 42, 'الكوابل والتوصيلات والحسّاسات', 'عام', '', 'لا تآكل/قطع'),
(115, 3, 'الهيكل والكبينة والملحقات', 43, 'الشاسيه (الهيكل) واللحامات والشروخ', 'عام', '', 'فحص نظري · لا شروخ'),
(116, 3, 'الهيكل والكبينة والملحقات', 44, 'الصدأ والتآكل العام', 'عام', '', 'ضمن المقبول'),
(117, 3, 'الهيكل والكبينة والملحقات', 45, 'الذراع/البوم والدبر', 'حفّار', '', 'لا شروخ/التواء'),
(118, 3, 'الهيكل والكبينة والملحقات', 46, 'الباكت/البوكيت والأسنان', 'حفّار · لودر', '', 'تآكل ضمن الحد'),
(119, 3, 'الهيكل والكبينة والملحقات', 47, 'القلّاب/الصندوق وأسطوانات الرفع', 'قلّاب', '', 'لا شروخ · رفع سليم'),
(120, 3, 'الهيكل والكبينة والملحقات', 48, 'عمود/برج الحفر ومنظومة الدقّ', 'دريل', '', 'لا اهتزاز غير طبيعي'),
(121, 3, 'الهيكل والكبينة والملحقات', 49, 'الكبينة وزجاجها وأبوابها', 'عام', '', 'سليمة'),
(122, 3, 'الهيكل والكبينة والملحقات', 50, 'المقعد وأحزمة الأمان', 'عام', '', 'سليمة وآمنة'),
(123, 3, 'منظومة السلامة', 51, 'طفّاية الحريق وصلاحيتها', 'عام', '', 'سارية الصلاحية'),
(124, 3, 'منظومة السلامة', 52, 'حزام الأمان', 'عام', '', 'سليم'),
(125, 3, 'منظومة السلامة', 53, 'المرايا والرؤية الخلفية', 'عام', '', 'مكتملة'),
(126, 3, 'منظومة السلامة', 54, 'الأنوار التحذيرية الدوّارة', 'عام', '', 'تعمل'),
(127, 3, 'منظومة السلامة', 55, 'مطرقة الكسر ومخارج الطوارئ', 'عام', '', 'موجودة'),
(128, 3, 'منظومة السلامة', 56, 'لوحات التحذير والملصقات', 'عام', '', 'واضحة'),
(129, 3, 'التسريبات والنظافة العامة', 57, 'تسريبات عامة أسفل المعدة', 'عام', '', 'فحص نظري · لا برك زيت'),
(130, 3, 'التسريبات والنظافة العامة', 58, 'النظافة العامة للمعدة', 'عام', '', 'نظيفة'),
(131, 3, 'التسريبات والنظافة العامة', 59, 'اكتمال الأغطية والحمايات', 'عام', '', 'مكتملة'),
(132, 3, 'اكتمال المستندات والتجهيزات', 60, 'مطابقة بيانات المعدة للمستندات', 'عام', '', 'مطابق'),
(133, 3, 'اكتمال المستندات والتجهيزات', 61, 'اكتمال تجهيزات الحماية والسلامة', 'عام', '', 'مركّبة'),
(134, 3, 'اكتمال المستندات والتجهيزات', 62, 'العدّاد الافتتاحي مُثبَّت وموثّق', 'عام', '', 'قراءة افتتاحية'),
(135, 3, 'اكتمال المستندات والتجهيزات', 63, 'اكتمال العدّة والملحقات المستلمة', 'عام', '', 'حسب المحضر'),
(136, 4, 'المحرّك ومنظومة التبريد', 1, 'مستوى زيت المحرّك ونظافته', 'عام', '', 'قياس بالعصا · ضمن العلامتين'),
(137, 4, 'المحرّك ومنظومة التبريد', 2, 'تسريبات زيت من المحرّك', 'عام', '', 'لا تسريب'),
(138, 4, 'المحرّك ومنظومة التبريد', 3, 'مستوى سائل التبريد', 'عام', '', 'ضمن الحد'),
(139, 4, 'المحرّك ومنظومة التبريد', 4, 'الردياتير: النظافة وعدم الانسداد', 'عام', '', 'تنظيف دون هواء مضغوط مباشر'),
(140, 4, 'المحرّك ومنظومة التبريد', 5, 'سيور المروحة/الدينمو وشدّها', 'عام', '', 'شدّ سليم · لا تشقّق'),
(141, 4, 'المحرّك ومنظومة التبريد', 6, 'فلتر الهواء ونظافته', 'عام', '', 'لا يُنفخ بالهواء المضغوط'),
(142, 4, 'المحرّك ومنظومة التبريد', 7, 'فلاتر الزيت والوقود', 'عام', '', 'ضمن فترة الاستبدال'),
(143, 4, 'المحرّك ومنظومة التبريد', 8, 'صوت المحرّك واهتزازه', 'عام', '', 'تشغيل واختبار'),
(144, 4, 'المحرّك ومنظومة التبريد', 9, 'لون عادم المحرّك (الدخان)', 'عام', '', 'عديم/طبيعي'),
(145, 4, 'المحرّك ومنظومة التبريد', 10, 'حرارة المحرّك أثناء التشغيل', 'عام', '', 'ضمن النطاق °C'),
(146, 4, 'منظومة الوقود', 11, 'مستوى الوقود وجودته', 'عام', '', '—'),
(147, 4, 'منظومة الوقود', 12, 'تسريبات الوقود', 'عام', '', 'لا تسريب'),
(148, 4, 'منظومة الوقود', 13, 'مضخة الوقود والطلمبات', 'عام', '', 'تشغيل واختبار'),
(149, 4, 'منظومة الوقود', 14, 'فاصل الماء/فلتر الوقود', 'عام', '', 'تصريف الماء'),
(150, 4, 'المنظومة الهيدروليكية', 15, 'مستوى الزيت الهيدروليكي', 'عام', '', 'ضمن الحد'),
(151, 4, 'المنظومة الهيدروليكية', 16, 'تسريبات الزيت الهيدروليكي', 'عام', '', 'لا تسريب'),
(152, 4, 'المنظومة الهيدروليكية', 17, 'ضغط النظام الهيدروليكي', 'عام', '', 'قياس بالأجهزة · bar'),
(153, 4, 'المنظومة الهيدروليكية', 18, 'الخراطيم والوصلات وعدم التآكل', 'عام', '', 'لا احتكاك/تشقّق'),
(154, 4, 'المنظومة الهيدروليكية', 19, 'السلندرات (المكابس) وعدم التسريب', 'عام', '', 'لا نزّ زيت'),
(155, 4, 'المنظومة الهيدروليكية', 20, 'المضخة الهيدروليكية وصوتها', 'عام', '', 'تشغيل واختبار'),
(156, 4, 'المنظومة الهيدروليكية', 21, 'موزّع التحكّم والصمامات', 'عام', '', 'استجابة سليمة'),
(157, 4, 'ناقل الحركة (الجيربوكس) والمحاور', 22, 'مستوى زيت الجيربوكس', 'عام', '', 'ضمن الحد'),
(158, 4, 'ناقل الحركة (الجيربوكس) والمحاور', 23, 'تسريبات الجيربوكس', 'عام', '', 'لا تسريب'),
(159, 4, 'ناقل الحركة (الجيربوكس) والمحاور', 24, 'صوت ناقل الحركة والتعشيق', 'عام', '', 'تشغيل واختبار'),
(160, 4, 'ناقل الحركة (الجيربوكس) والمحاور', 25, 'مستوى زيت الدفرنس/المحاور', 'عام', '', 'ضمن الحد'),
(161, 4, 'ناقل الحركة (الجيربوكس) والمحاور', 26, 'تسريبات وصوت المحاور', 'عام', '', 'لا تسريب · لا صوت غير طبيعي'),
(162, 4, 'منظومة الفرامل', 27, 'الفرامل الرئيسية وكفاءتها', 'عام', '', 'تشغيل واختبار'),
(163, 4, 'منظومة الفرامل', 28, 'فرامل الانتظار (اليد)', 'عام', '', 'تثبيت كامل'),
(164, 4, 'منظومة الفرامل', 29, 'مستوى زيت الفرامل', 'عام', '', 'ضمن الحد'),
(165, 4, 'منظومة الفرامل', 30, 'تسريبات نظام الفرامل', 'عام', '', 'لا تسريب'),
(166, 4, 'منظومة الفرامل', 31, 'سماكة الأقمشة/التيل', 'عام', '', 'قياس · ضمن الحد mm'),
(167, 4, 'منظومة الحركة السفلية والإطارات', 32, 'الجنزير/السرفات والبكر (للزاحفة)', 'حفّار · دريل', '', 'قياس التآكل · شدّ الجنزير'),
(168, 4, 'منظومة الحركة السفلية والإطارات', 33, 'الإطارات: التآكل والتشقّق', 'قلّاب · لودر', '', 'قياس عمق المداس mm'),
(169, 4, 'منظومة الحركة السفلية والإطارات', 34, 'ضغط الإطارات', 'قلّاب · لودر', '', 'قياس · psi'),
(170, 4, 'منظومة الحركة السفلية والإطارات', 35, 'الرنوف والصواميل وإحكامها', 'قلّاب · لودر', '', 'ربط سليم'),
(171, 4, 'منظومة الحركة السفلية والإطارات', 36, 'البكر الحاملة والمسنّنات', 'حفّار · دريل', '', 'لا تآكل مفرط'),
(172, 4, 'المنظومة الكهربائية', 37, 'البطاريات: الجهد والأقطاب', 'عام', '', 'قياس · V'),
(173, 4, 'المنظومة الكهربائية', 38, 'الأنوار (أمامية/خلفية/جانبية)', 'عام', '', 'تعمل كاملةً'),
(174, 4, 'المنظومة الكهربائية', 39, 'أجهزة التنبيه والتنبيه الخلفي', 'عام', '', 'تعمل'),
(175, 4, 'المنظومة الكهربائية', 40, 'لوحة العدّادات والتحذيرات', 'عام', '', 'قراءات سليمة'),
(176, 4, 'المنظومة الكهربائية', 41, 'الستارتر (المارش) والدينمو', 'عام', '', 'تشغيل واختبار'),
(177, 4, 'المنظومة الكهربائية', 42, 'الكوابل والتوصيلات والحسّاسات', 'عام', '', 'لا تآكل/قطع'),
(178, 4, 'الهيكل والكبينة والملحقات', 43, 'الشاسيه (الهيكل) واللحامات والشروخ', 'عام', '', 'فحص نظري · لا شروخ'),
(179, 4, 'الهيكل والكبينة والملحقات', 44, 'الصدأ والتآكل العام', 'عام', '', 'ضمن المقبول'),
(180, 4, 'الهيكل والكبينة والملحقات', 45, 'الذراع/البوم والدبر', 'حفّار', '', 'لا شروخ/التواء'),
(181, 4, 'الهيكل والكبينة والملحقات', 46, 'الباكت/البوكيت والأسنان', 'حفّار · لودر', '', 'تآكل ضمن الحد'),
(182, 4, 'الهيكل والكبينة والملحقات', 47, 'القلّاب/الصندوق وأسطوانات الرفع', 'قلّاب', '', 'لا شروخ · رفع سليم'),
(183, 4, 'الهيكل والكبينة والملحقات', 48, 'عمود/برج الحفر ومنظومة الدقّ', 'دريل', '', 'لا اهتزاز غير طبيعي'),
(184, 4, 'الهيكل والكبينة والملحقات', 49, 'الكبينة وزجاجها وأبوابها', 'عام', '', 'سليمة'),
(185, 4, 'الهيكل والكبينة والملحقات', 50, 'المقعد وأحزمة الأمان', 'عام', '', 'سليمة وآمنة'),
(186, 4, 'منظومة السلامة', 51, 'طفّاية الحريق وصلاحيتها', 'عام', '', 'سارية الصلاحية'),
(187, 4, 'منظومة السلامة', 52, 'حزام الأمان', 'عام', '', 'سليم'),
(188, 4, 'منظومة السلامة', 53, 'المرايا والرؤية الخلفية', 'عام', '', 'مكتملة'),
(189, 4, 'منظومة السلامة', 54, 'الأنوار التحذيرية الدوّارة', 'عام', '', 'تعمل'),
(190, 4, 'منظومة السلامة', 55, 'مطرقة الكسر ومخارج الطوارئ', 'عام', '', 'موجودة'),
(191, 4, 'منظومة السلامة', 56, 'لوحات التحذير والملصقات', 'عام', '', 'واضحة'),
(192, 4, 'التسريبات والنظافة العامة', 57, 'تسريبات عامة أسفل المعدة', 'عام', '', 'فحص نظري · لا برك زيت'),
(193, 4, 'التسريبات والنظافة العامة', 58, 'النظافة العامة للمعدة', 'عام', '', 'نظيفة'),
(194, 4, 'التسريبات والنظافة العامة', 59, 'اكتمال الأغطية والحمايات', 'عام', '', 'مكتملة'),
(195, 4, 'مطابقة المواصفات والجدوى', 60, 'مطابقة المواصفات للموديل المرجعي', 'عام', '', 'model_id — مطابق'),
(196, 4, 'مطابقة المواصفات والجدوى', 61, 'ساعات التشغيل/العمر الفعلي', 'عام', '', 'قراءة العدّاد'),
(197, 4, 'مطابقة المواصفات والجدوى', 62, 'سجل الصيانة والأعطال السابق (إن توفّر)', 'عام', '', 'مراجعة'),
(198, 4, 'مطابقة المواصفات والجدوى', 63, 'التقدير العام لحالة المعدة', 'عام', '', 'ممتاز/جيد/متوسط/ضعيف'),
(199, 4, 'مطابقة المواصفات والجدوى', 64, 'توصية الشراء', 'عام', '', 'قبول/قبول بتحفّظ/رفض'),
(200, 5, 'بيانات المورّد والتعاقد', 1, 'اسم المورّد وسجلّه', 'عام', '', 'partner_id — السجل والسمعة'),
(201, 5, 'بيانات المورّد والتعاقد', 2, 'نوع التعاقد (إيجار/توريد/تشغيل)', 'عام', '', 'نوع العلاقة'),
(202, 5, 'بيانات المورّد والتعاقد', 3, 'أنواع الآليات المعروضة وأعدادها', 'عام', '', 'قائمة الأنواع'),
(203, 5, 'بيانات المورّد والتعاقد', 4, 'مدّة التعاقد ونطاق الخدمة', 'عام', '', 'المدّة والنطاق'),
(204, 5, 'تقييم عيّنة من أسطول المورّد', 5, 'الحالة العامة لعيّنة المعدات', 'عام', '', 'معاينة عيّنة ميدانية'),
(205, 5, 'تقييم عيّنة من أسطول المورّد', 6, 'أعمار المعدات وساعات تشغيلها', 'عام', '', 'متوسط العمر/الساعات'),
(206, 5, 'تقييم عيّنة من أسطول المورّد', 7, 'مستوى الصيانة والنظافة للأسطول', 'عام', '', 'انطباع فني'),
(207, 5, 'تقييم عيّنة من أسطول المورّد', 8, 'توافق المواصفات مع متطلّبات المشروع', 'عام', '', 'مطابق/غير مطابق'),
(208, 5, 'تقييم عيّنة من أسطول المورّد', 9, 'جاهزية المعدات للتشغيل الفوري', 'عام', '', 'نسبة الجاهزية'),
(209, 5, 'القدرة الفنية والالتزام', 10, 'ورشة المورّد وقدرته على الصيانة', 'عام', '', 'موجودة/خارجية'),
(210, 5, 'القدرة الفنية والالتزام', 11, 'توفّر قطع الغيار والمستهلكات', 'عام', '', 'متوفّرة/محدودة'),
(211, 5, 'القدرة الفنية والالتزام', 12, 'زمن الاستجابة للأعطال والبدائل', 'عام', '', 'ساعات/أيام'),
(212, 5, 'القدرة الفنية والالتزام', 13, 'توفير مشغّلين مؤهّلين (إن لزم)', 'عام', '', 'نعم/لا — مؤهّلون'),
(213, 5, 'القدرة الفنية والالتزام', 14, 'الالتزام بالسلامة والمعايير الفنية', 'عام', '', 'ملتزم/غير ملتزم'),
(214, 5, 'الجدوى والتوصية', 15, 'تنافسية الأسعار مقابل السوق', 'عام', '', 'تنافسي/مرتفع'),
(215, 5, 'الجدوى والتوصية', 16, 'الملاءمة الفنية الإجمالية للمورّد', 'عام', '', 'عالية/متوسطة/منخفضة'),
(216, 5, 'الجدوى والتوصية', 17, 'التوصية: التعاقد / التعاقد بشروط / الرفض', 'عام', '', 'توصية'),
(217, 6, 'توصيف الشكوى', 1, 'وصف العطل/الشكوى المتكرّرة', 'عام', '', 'نص'),
(218, 6, 'توصيف الشكوى', 2, 'تكرار الحدوث وظروفه', 'عام', '', 'عدد المرات/الظرف'),
(219, 6, 'توصيف الشكوى', 3, 'المنظومة المشتبهة', 'عام', '', 'محرّك/هيدروليك/كهرباء/...'),
(220, 6, 'الفحص التشخيصي للمنظومة المشتبهة', 4, 'القراءات والقياسات بالأجهزة', 'عام', '', 'قياس بالأجهزة'),
(221, 6, 'الفحص التشخيصي للمنظومة المشتبهة', 5, 'اختبار التشغيل تحت الحمل', 'عام', '', 'تشغيل واختبار'),
(222, 6, 'الفحص التشخيصي للمنظومة المشتبهة', 6, 'فحص المكوّنات ذات الصلة', 'عام', '', 'فحص يدوي/نظري'),
(223, 6, 'الفحص التشخيصي للمنظومة المشتبهة', 7, 'مقارنة بالأداء المرجعي للموديل', 'عام', '', 'انحراف عن المرجعي'),
(224, 6, 'تحليل السبب الجذري', 8, 'السبب الجذري المرجّح', 'عام', '', 'تشغيل/صيانة/جودة قطع/مورد/عمر/سوء استخدام'),
(225, 6, 'تحليل السبب الجذري', 9, 'هل السبب متكرّر؟', 'عام', '', 'نعم/لا'),
(226, 6, 'تحليل السبب الجذري', 10, 'القرار: إصلاح/عمرة/استبدال/تدريب مشغّل', 'عام', '', 'توصية'),
(227, 7, 'سبب الزيارة والتفتيش', 1, 'سبب الزيارة', 'عام', '', 'زيارة مفاجئة / شكوى موقع / قرار إدارة / متابعة معدة حرجة'),
(228, 7, 'سبب الزيارة والتفتيش', 2, 'الجهة الطالبة وتفاصيل الطلب', 'عام', '', 'نص'),
(229, 7, 'سبب الزيارة والتفتيش', 3, 'وصف الشكوى/الملاحظة (إن وُجدت)', 'عام', '', 'نص'),
(230, 7, 'المعاينة الميدانية للمنظومات الرئيسية', 4, 'المحرّك ومنظومة التبريد', 'عام', '', 'فحص نظري/سماعي'),
(231, 7, 'المعاينة الميدانية للمنظومات الرئيسية', 5, 'المنظومة الهيدروليكية والتسريبات', 'عام', '', 'نظري'),
(232, 7, 'المعاينة الميدانية للمنظومات الرئيسية', 6, 'ناقل الحركة والمحاور', 'عام', '', 'نظري/سماعي'),
(233, 7, 'المعاينة الميدانية للمنظومات الرئيسية', 7, 'منظومة الفرامل', 'عام', '', 'تشغيل واختبار'),
(234, 7, 'المعاينة الميدانية للمنظومات الرئيسية', 8, 'الحركة السفلية/الإطارات', 'عام', '', 'نظري'),
(235, 7, 'المعاينة الميدانية للمنظومات الرئيسية', 9, 'المنظومة الكهربائية والإنارة', 'عام', '', 'تشغيل واختبار'),
(236, 7, 'المعاينة الميدانية للمنظومات الرئيسية', 10, 'الهيكل والكبينة والملحقات', 'عام', '', 'نظري'),
(237, 7, 'المعاينة الميدانية للمنظومات الرئيسية', 11, 'منظومة السلامة', 'عام', '', 'نظري'),
(238, 7, 'الملاحظات والمتابعة', 12, 'المؤشّرات المبكرة المكتشفة', 'عام', '', 'أصوات/اهتزاز/تسريب/حرارة'),
(239, 7, 'الملاحظات والمتابعة', 13, 'التزام المشغّل بالعناية اليومية', 'عام', '', 'ملتزم/غير ملتزم'),
(240, 7, 'الملاحظات والمتابعة', 14, 'معالجة الشكوى وتوصية المتابعة', 'عام', '', 'نص/توصية'),
(241, 8, 'تقييم الأضرار حسب المنظومة', 1, 'المحرّك ومنظومة التبريد', 'عام', '', 'نوع الضرر'),
(242, 8, 'تقييم الأضرار حسب المنظومة', 2, 'المنظومة الهيدروليكية', 'عام', '', 'نوع الضرر'),
(243, 8, 'تقييم الأضرار حسب المنظومة', 3, 'ناقل الحركة والمحاور', 'عام', '', 'نوع الضرر'),
(244, 8, 'تقييم الأضرار حسب المنظومة', 4, 'منظومة الفرامل', 'عام', '', 'نوع الضرر'),
(245, 8, 'تقييم الأضرار حسب المنظومة', 5, 'الحركة السفلية/الإطارات', 'عام', '', 'نوع الضرر'),
(246, 8, 'تقييم الأضرار حسب المنظومة', 6, 'المنظومة الكهربائية', 'عام', '', 'نوع الضرر'),
(247, 8, 'تقييم الأضرار حسب المنظومة', 7, 'الهيكل والشاسيه', 'عام', '', 'شروخ/التواء'),
(248, 8, 'تقييم الأضرار حسب المنظومة', 8, 'الكبينة والزجاج', 'عام', '', 'نوع الضرر'),
(249, 8, 'تقييم الأضرار حسب المنظومة', 9, 'الذراع/البوم/الباكت', 'حفّار · لودر', '', 'نوع الضرر'),
(250, 8, 'تقييم الأضرار حسب المنظومة', 10, 'القلّاب/الصندوق', 'قلّاب', '', 'نوع الضرر'),
(251, 8, 'تقييم الأضرار حسب المنظومة', 11, 'منظومة السلامة', 'عام', '', 'نوع الضرر'),
(252, 8, 'توثيق الواقعة', 12, 'تاريخ ومكان الحادث', 'عام', '', '—'),
(253, 8, 'توثيق الواقعة', 13, 'وصف الواقعة وملابساتها', 'عام', '', 'نص'),
(254, 8, 'توثيق الواقعة', 14, 'الصور والمرفقات (photo_ids)', 'عام', '', 'عدد الصور'),
(255, 8, 'توثيق الواقعة', 15, 'قابلية الإصلاح / التكلفة التقديرية', 'عام', '', 'تقدير'),
(256, 9, 'تقييم المكوّنات الكبرى للعمرة', 1, 'المحرّك: الضغط/الاستهلاك/التآكل', 'عام', '', 'قياس · قرار'),
(257, 9, 'تقييم المكوّنات الكبرى للعمرة', 2, 'المنظومة الهيدروليكية: الضغط والكفاءة', 'عام', '', 'قياس bar · قرار'),
(258, 9, 'تقييم المكوّنات الكبرى للعمرة', 3, 'ناقل الحركة (الجيربوكس)', 'عام', '', 'قياس/صوت · قرار'),
(259, 9, 'تقييم المكوّنات الكبرى للعمرة', 4, 'الدفرنس والمحاور', 'عام', '', 'قياس · قرار'),
(260, 9, 'تقييم المكوّنات الكبرى للعمرة', 5, 'الحركة السفلية (السرفات/البكر)', 'حفّار · دريل', '', 'قياس التآكل mm · قرار'),
(261, 9, 'تقييم المكوّنات الكبرى للعمرة', 6, 'المضخات والموزّعات الهيدروليكية', 'عام', '', 'كفاءة · قرار'),
(262, 9, 'تقييم المكوّنات الكبرى للعمرة', 7, 'الهيكل/الذراع/البوم (شروخ/التواء)', 'حفّار', '', 'فحص · قرار'),
(263, 9, 'نطاق العمرة المقترح', 8, 'المكوّنات المطلوب عمرتها/استبدالها', 'عام', '', 'قائمة'),
(264, 9, 'نطاق العمرة المقترح', 9, 'القطع والمواد الرئيسية المطلوبة', 'عام', '', 'قائمة'),
(265, 9, 'نطاق العمرة المقترح', 10, 'التكلفة التقديرية للعمرة', 'عام', '', 'تقدير'),
(266, 9, 'نطاق العمرة المقترح', 11, 'الجدوى: عمرة أم استبدال المعدة؟', 'عام', '', 'توصية'),
(267, 10, 'الحالة الفنية العامة', 1, 'الحالة العامة للمحرّك والمنظومات الرئيسية', 'عام', '', 'ملخّص'),
(268, 10, 'الحالة الفنية العامة', 2, 'الهيكل والشاسيه والتآكل العام', 'عام', '', 'ملخّص'),
(269, 10, 'الحالة الفنية العامة', 3, 'قابلية الإصلاح من عدمها', 'عام', '', 'نعم/لا'),
(270, 10, 'المؤشّرات التراكمية', 4, 'ساعات التشغيل التراكمية (engine_hours)', 'عام', '', 'قراءة'),
(271, 10, 'المؤشّرات التراكمية', 5, 'عدد الأعطال التراكمي', 'عام', '', 'عدد'),
(272, 10, 'المؤشّرات التراكمية', 6, 'تكلفة الصيانة التراكمية', 'عام', '', 'مبلغ'),
(273, 10, 'المؤشّرات التراكمية', 7, 'نسبة الجاهزية / اتجاه الأعطال', 'عام', '', '%/اتجاه'),
(274, 10, 'المؤشّرات التراكمية', 8, 'تكلفة الصيانة لكل ساعة تشغيل', 'عام', '', 'مبلغ/ساعة'),
(275, 10, 'المبرّر والتوصية', 9, 'المبرّر الاقتصادي (الكلفة مقابل القيمة)', 'عام', '', 'نص'),
(276, 10, 'المبرّر والتوصية', 10, 'القيمة التخريدية/البيعية التقديرية', 'عام', '', 'تقدير'),
(277, 10, 'المبرّر والتوصية', 11, 'التوصية النهائية: بيع / إرجاع / شطب', 'عام', '', 'توصية');

-- --------------------------------------------------------

--
-- Table structure for table `mnt_lookup`
--

CREATE TABLE `mnt_lookup` (
  `id` int(11) NOT NULL,
  `company_id` int(11) NOT NULL COMMENT 'عزل الشركة (إجباري)',
  `type` varchar(40) NOT NULL COMMENT 'سبب عطل/سبب توقّف/نوع مهمة/ورشة',
  `name` varchar(150) NOT NULL,
  `extra` varchar(255) DEFAULT NULL,
  `is_active` tinyint(1) NOT NULL DEFAULT 1,
  `is_deleted` tinyint(1) NOT NULL DEFAULT 0,
  `deleted_at` datetime DEFAULT NULL,
  `deleted_by` int(11) DEFAULT NULL,
  `created_by` int(11) DEFAULT NULL,
  `created_at` timestamp NOT NULL DEFAULT current_timestamp(),
  `updated_at` timestamp NOT NULL DEFAULT current_timestamp() ON UPDATE current_timestamp()
) ENGINE=InnoDB DEFAULT CHARSET=utf8mb4 COLLATE=utf8mb4_unicode_ci;

--
-- Dumping data for table `mnt_lookup`
--

INSERT INTO `mnt_lookup` (`id`, `company_id`, `type`, `name`, `extra`, `is_active`, `is_deleted`, `deleted_at`, `deleted_by`, `created_by`, `created_at`, `updated_at`) VALUES
(1, 4, 'سبب عطل', 'سبب اختبار', NULL, 1, 0, NULL, NULL, NULL, '2026-06-20 19:26:25', '2026-06-20 19:26:25'),
(2, 4, 'سبب عطل', 'سبب اختبار آلي', NULL, 1, 0, NULL, NULL, NULL, '2026-06-20 19:31:22', '2026-06-20 19:31:22'),
(3, 4, 'سبب عطل', 'سبب وقائي اختبار', NULL, 1, 0, NULL, NULL, NULL, '2026-06-20 19:36:58', '2026-06-20 19:36:58'),
(5, 4, 'سبب عطل', 'سبب اختبار ت', NULL, 1, 0, NULL, NULL, NULL, '2026-06-20 20:22:37', '2026-06-20 20:22:37');

-- --------------------------------------------------------

--
-- Table structure for table `mnt_order`
--

CREATE TABLE `mnt_order` (
  `id` int(11) NOT NULL,
  `company_id` int(11) NOT NULL COMMENT 'عزل الشركة (إجباري)',
  `code` varchar(50) DEFAULT NULL COMMENT 'مرجع الأمر، مثل MNT-2026-0001',
  `breakdown_id` int(11) DEFAULT NULL COMMENT 'FK→mnt_breakdown.id (مصدر بلاغ)',
  `plan_id` int(11) DEFAULT NULL COMMENT 'FK→mnt_plan.id (مصدر وقائي)',
  `inspection_id` int(11) DEFAULT NULL COMMENT 'FK→mnt_inspection.id (مصدر تفتيش)',
  `equipment_id` int(11) DEFAULT NULL COMMENT 'FK→equipments.id',
  `project_id` int(11) DEFAULT NULL COMMENT 'FK→project.id',
  `source` varchar(20) NOT NULL DEFAULT 'بلاغ' COMMENT 'بلاغ/وقائي/تفتيش',
  `is_auto` tinyint(1) NOT NULL DEFAULT 0 COMMENT 'Ïú┘àÏ▒ ÏÁ┘èÏº┘åÏ® Ïú┘Å┘åÏ┤Ïª Ï¬┘ä┘éÏºÏª┘è┘ïÏº ┘à┘å ÏÁ┘üÏ¡Ï® Ïº┘äÏ¡Ï▒┘âÏ®',
  `maint_type` varchar(50) DEFAULT NULL COMMENT 'نوع الصيانة',
  `priority` varchar(20) DEFAULT NULL,
  `cost_party` varchar(20) DEFAULT NULL COMMENT 'جهة التكلفة: داخلي/خارجي',
  `vendor_id` int(11) DEFAULT NULL COMMENT 'FK→suppliers.id (ورشة خارجية)',
  `workshop` varchar(150) DEFAULT NULL,
  `technician_id` int(11) DEFAULT NULL COMMENT 'FK→users.id (الفني)',
  `supervisor_id` int(11) DEFAULT NULL COMMENT 'FK→users.id (المشرف)',
  `failure_code_id` int(11) DEFAULT NULL COMMENT 'FK→failure_codes.id',
  `diagnosis` text DEFAULT NULL,
  `root_cause_id` int(11) DEFAULT NULL COMMENT 'FK→mnt_lookup.id (سبب جذري)',
  `actions_taken` text DEFAULT NULL,
  `work_start` datetime DEFAULT NULL,
  `work_end` datetime DEFAULT NULL,
  `downtime_hours` decimal(10,2) NOT NULL DEFAULT 0.00,
  `labor_cost` decimal(12,2) NOT NULL DEFAULT 0.00,
  `parts_cost` decimal(12,2) NOT NULL DEFAULT 0.00,
  `external_cost` decimal(12,2) NOT NULL DEFAULT 0.00,
  `total_cost` decimal(12,2) NOT NULL DEFAULT 0.00,
  `inspection_result` varchar(20) DEFAULT NULL COMMENT 'ناجح/راسب',
  `state` varchar(20) NOT NULL DEFAULT 'بلاغ' COMMENT 'بلاغ/تنفيذ/فحص/إغلاق/ملغى',
  `closed_at` datetime DEFAULT NULL,
  `closed_by` int(11) DEFAULT NULL,
  `is_deleted` tinyint(1) NOT NULL DEFAULT 0,
  `deleted_at` datetime DEFAULT NULL,
  `deleted_by` int(11) DEFAULT NULL,
  `created_by` int(11) DEFAULT NULL,
  `created_at` timestamp NOT NULL DEFAULT current_timestamp(),
  `updated_at` timestamp NOT NULL DEFAULT current_timestamp() ON UPDATE current_timestamp()
) ENGINE=InnoDB DEFAULT CHARSET=utf8mb4 COLLATE=utf8mb4_unicode_ci;

--
-- Dumping data for table `mnt_order`
--

INSERT INTO `mnt_order` (`id`, `company_id`, `code`, `breakdown_id`, `plan_id`, `inspection_id`, `equipment_id`, `project_id`, `source`, `is_auto`, `maint_type`, `priority`, `cost_party`, `vendor_id`, `workshop`, `technician_id`, `supervisor_id`, `failure_code_id`, `diagnosis`, `root_cause_id`, `actions_taken`, `work_start`, `work_end`, `downtime_hours`, `labor_cost`, `parts_cost`, `external_cost`, `total_cost`, `inspection_result`, `state`, `closed_at`, `closed_by`, `is_deleted`, `deleted_at`, `deleted_by`, `created_by`, `created_at`, `updated_at`) VALUES
(15, 4, 'MNT-2026-0001', NULL, NULL, NULL, NULL, NULL, 'بلاغ', 0, NULL, NULL, NULL, NULL, NULL, NULL, NULL, NULL, NULL, NULL, NULL, NULL, NULL, 0.00, 30.00, 0.00, 0.00, 30.00, NULL, 'بلاغ', NULL, NULL, 0, NULL, NULL, 19, '2026-06-20 21:05:12', '2026-06-20 21:05:43'),
(16, 4, 'MNT-2026-0002', NULL, NULL, NULL, NULL, NULL, 'بلاغ', 0, NULL, NULL, NULL, NULL, NULL, NULL, NULL, NULL, NULL, NULL, NULL, NULL, NULL, 0.00, 0.00, 0.00, 0.00, 0.00, NULL, 'بلاغ', NULL, NULL, 1, '2026-06-21 00:51:14', NULL, 19, '2026-06-20 21:22:40', '2026-06-20 21:51:14'),
(17, 4, 'MNT-2026-0003', NULL, NULL, NULL, NULL, NULL, 'بلاغ', 0, NULL, NULL, NULL, NULL, NULL, NULL, NULL, NULL, NULL, NULL, NULL, NULL, NULL, 0.00, 0.00, 0.00, 0.00, 0.00, NULL, 'بلاغ', NULL, NULL, 1, '2026-06-21 00:51:14', NULL, 19, '2026-06-20 21:46:28', '2026-06-20 21:51:14'),
(18, 4, 'MNT-2026-0004', NULL, NULL, NULL, NULL, NULL, 'بلاغ', 0, NULL, NULL, NULL, NULL, NULL, NULL, NULL, NULL, NULL, NULL, NULL, NULL, NULL, 0.00, 0.00, 0.00, 0.00, 0.00, NULL, 'بلاغ', NULL, NULL, 1, '2026-06-21 00:51:14', NULL, 19, '2026-06-20 21:46:46', '2026-06-20 21:51:14'),
(19, 4, 'MNT-2026-0005', NULL, NULL, NULL, 13, NULL, 'بلاغ', 0, 'إصلاح عطل', 'عالية', 'داخلي', NULL, NULL, NULL, NULL, NULL, NULL, NULL, NULL, NULL, NULL, 0.00, 0.00, 0.00, 0.00, 0.00, NULL, 'بلاغ', NULL, NULL, 1, NULL, NULL, 40, '2026-06-20 21:51:15', '2026-06-20 21:51:15'),
(20, 4, 'MNT-2026-0006', NULL, NULL, NULL, 11, 1, 'وقائي', 0, 'إصلاح عطل', 'عادية', 'داخلي', NULL, NULL, NULL, NULL, NULL, NULL, NULL, NULL, NULL, NULL, 0.00, 0.00, 0.00, 0.00, 0.00, NULL, 'بلاغ', NULL, NULL, 0, NULL, NULL, 19, '2026-06-20 21:52:25', '2026-06-20 21:52:25'),
(21, 4, 'MNT-2026-0007', NULL, NULL, NULL, 9, 2, 'بلاغ', 0, 'استبدال قطعة', 'متوسطة', 'داخلي', NULL, '', NULL, NULL, NULL, 'تم', 2, 'تم', '2026-06-21 12:19:00', '2026-06-22 12:19:00', 5.00, 0.00, 0.00, 0.00, 0.00, 'ناجح', 'إغلاق', '2026-06-21 12:19:58', 19, 0, NULL, NULL, 19, '2026-06-21 09:18:44', '2026-06-21 09:19:58'),
(22, 4, 'MNT-2026-0008', NULL, NULL, NULL, 7, 2, 'بلاغ', 0, 'استبدال قطعة', 'متوسطة', 'خارجي', 3, '', 9, 9, 386, 'تام', 5, 'تام', NULL, '2026-06-21 12:27:00', 6.00, 0.00, 0.00, 40.00, 40.00, 'ناجح', 'إغلاق', '2026-06-21 12:30:00', 19, 0, NULL, NULL, 19, '2026-06-21 09:27:50', '2026-06-21 09:30:00'),
(23, 4, 'MNT-2026-0009', NULL, NULL, NULL, 4, 2, 'بلاغ', 0, 'استبدال قطعة', 'عالية', 'داخلي', 3, 'ورشة', 9, 7, 386, 'تشخيص', 2, 'تغيير السلندر', '2026-06-21 16:23:00', '2026-06-22 17:23:00', 10.00, 200.00, 20.00, 100.00, 320.00, 'ناجح', 'تنفيذ', NULL, NULL, 0, NULL, NULL, 19, '2026-06-21 13:23:17', '2026-06-21 13:24:57'),
(26, 4, 'MNT-2026-0010', NULL, NULL, NULL, 8, 4, 'بلاغ', 1, NULL, NULL, NULL, NULL, NULL, NULL, NULL, NULL, NULL, NULL, NULL, NULL, NULL, 0.00, 0.00, 0.00, 0.00, 0.00, NULL, 'بلاغ', NULL, NULL, 0, NULL, NULL, 11, '2026-06-23 15:42:52', '2026-06-23 15:42:52'),
(28, 4, 'MNT-2026-0011', NULL, NULL, NULL, 21, 4, 'بلاغ', 1, 'إصلاح عطل', 'عادية', 'داخلي', 7, 'ورشة', 9, 9, 385, 'تم تغيير القطعة', 5, 'شراء قطعة جديدة', '2026-06-22 20:23:00', '2026-06-23 20:23:00', 24.00, 0.00, 10.00, 100.00, 110.00, 'ناجح', 'إغلاق', '2026-06-23 20:24:38', 19, 0, NULL, NULL, 11, '2026-06-23 17:21:47', '2026-06-23 17:24:38');

-- --------------------------------------------------------

--
-- Table structure for table `mnt_order_labor`
--

CREATE TABLE `mnt_order_labor` (
  `id` int(11) NOT NULL,
  `company_id` int(11) NOT NULL,
  `order_id` int(11) NOT NULL COMMENT 'FK→mnt_order.id',
  `employee_id` int(11) DEFAULT NULL COMMENT 'FK→users.id (اختياري)',
  `role` varchar(100) DEFAULT NULL,
  `hours` decimal(8,2) NOT NULL DEFAULT 0.00,
  `hourly_rate` decimal(10,2) NOT NULL DEFAULT 0.00,
  `cost` decimal(12,2) NOT NULL DEFAULT 0.00,
  `created_at` timestamp NOT NULL DEFAULT current_timestamp()
) ENGINE=InnoDB DEFAULT CHARSET=utf8mb4 COLLATE=utf8mb4_unicode_ci;

--
-- Dumping data for table `mnt_order_labor`
--

INSERT INTO `mnt_order_labor` (`id`, `company_id`, `order_id`, `employee_id`, `role`, `hours`, `hourly_rate`, `cost`, `created_at`) VALUES
(7, 4, 15, 18, 'تاتانت', 3.00, 10.00, 30.00, '2026-06-20 21:05:43'),
(8, 4, 23, 12, '5', 10.00, 20.00, 200.00, '2026-06-21 13:24:28');

-- --------------------------------------------------------

--
-- Table structure for table `mnt_order_part`
--

CREATE TABLE `mnt_order_part` (
  `id` int(11) NOT NULL,
  `company_id` int(11) NOT NULL,
  `order_id` int(11) NOT NULL COMMENT 'FK→mnt_order.id',
  `part_name` varchar(200) NOT NULL,
  `category` varchar(100) DEFAULT NULL,
  `quantity` decimal(10,2) NOT NULL DEFAULT 1.00,
  `unit_cost` decimal(12,2) NOT NULL DEFAULT 0.00,
  `subtotal` decimal(12,2) NOT NULL DEFAULT 0.00,
  `is_major_component` tinyint(1) NOT NULL DEFAULT 0,
  `created_at` timestamp NOT NULL DEFAULT current_timestamp()
) ENGINE=InnoDB DEFAULT CHARSET=utf8mb4 COLLATE=utf8mb4_unicode_ci;

--
-- Dumping data for table `mnt_order_part`
--

INSERT INTO `mnt_order_part` (`id`, `company_id`, `order_id`, `part_name`, `category`, `quantity`, `unit_cost`, `subtotal`, `is_major_component`, `created_at`) VALUES
(8, 4, 23, 'سلندر', 'كهرباء', 1.00, 20.00, 20.00, 0, '2026-06-21 13:24:49'),
(9, 4, 28, 'سلندر احمر', 'كهرباء', 1.00, 10.00, 10.00, 0, '2026-06-23 17:24:22');

-- --------------------------------------------------------

--
-- Table structure for table `mnt_plan`
--

CREATE TABLE `mnt_plan` (
  `id` int(11) NOT NULL,
  `company_id` int(11) NOT NULL COMMENT 'عزل الشركة (إجباري)',
  `code` varchar(50) DEFAULT NULL COMMENT 'مرجع الخطة، مثل PLN-2026-0001',
  `name` varchar(200) NOT NULL,
  `scope` varchar(50) DEFAULT NULL COMMENT 'معدة/فئة',
  `equipment_id` int(11) DEFAULT NULL COMMENT 'FK→equipments.id',
  `category_id` int(11) DEFAULT NULL COMMENT 'FK→equipments_types.id',
  `trigger_basis` varchar(20) NOT NULL DEFAULT 'ساعات' COMMENT 'ساعات/زمن',
  `interval_value` int(11) DEFAULT NULL COMMENT 'الفاصل (ساعات أو أيام)',
  `tolerance` int(11) DEFAULT NULL,
  `last_done_date` date DEFAULT NULL,
  `last_done_meter` decimal(12,2) DEFAULT NULL,
  `next_due_date` date DEFAULT NULL,
  `next_due_meter` decimal(12,2) DEFAULT NULL,
  `state` varchar(30) NOT NULL DEFAULT 'نشطة' COMMENT 'نشطة/متوقفة',
  `is_deleted` tinyint(1) NOT NULL DEFAULT 0,
  `deleted_at` datetime DEFAULT NULL,
  `deleted_by` int(11) DEFAULT NULL,
  `created_by` int(11) DEFAULT NULL,
  `created_at` timestamp NOT NULL DEFAULT current_timestamp(),
  `updated_at` timestamp NOT NULL DEFAULT current_timestamp() ON UPDATE current_timestamp()
) ENGINE=InnoDB DEFAULT CHARSET=utf8mb4 COLLATE=utf8mb4_unicode_ci;

--
-- Dumping data for table `mnt_plan`
--

INSERT INTO `mnt_plan` (`id`, `company_id`, `code`, `name`, `scope`, `equipment_id`, `category_id`, `trigger_basis`, `interval_value`, `tolerance`, `last_done_date`, `last_done_meter`, `next_due_date`, `next_due_meter`, `state`, `is_deleted`, `deleted_at`, `deleted_by`, `created_by`, `created_at`, `updated_at`) VALUES
(1, 4, 'PLN-2026-0001', 'خطة الزيت', '', 13, NULL, 'ساعات', 250, NULL, '2026-06-20', 0.00, NULL, 250.00, 'نشطة', 0, NULL, NULL, 19, '2026-06-20 19:36:58', '2026-06-20 19:36:58'),
(2, 4, 'PLN-2026-0002', 'خطة جديدة', NULL, NULL, NULL, 'ساعات', NULL, NULL, NULL, NULL, NULL, NULL, 'نشطة', 1, '2026-06-21 00:42:37', NULL, 19, '2026-06-20 19:58:01', '2026-06-20 21:42:37'),
(3, 4, 'PLN-2026-0003', 'خطة جديدة', NULL, NULL, NULL, 'ساعات', NULL, NULL, NULL, NULL, NULL, NULL, 'نشطة', 1, '2026-06-21 00:42:37', NULL, 19, '2026-06-20 20:00:54', '2026-06-20 21:42:37'),
(4, 4, 'PLN-2026-0004', 'خطة جديدة', NULL, NULL, NULL, 'ساعات', NULL, NULL, NULL, NULL, NULL, NULL, 'نشطة', 1, '2026-06-21 00:42:37', NULL, 19, '2026-06-20 21:25:38', '2026-06-20 21:42:37'),
(5, 4, 'PLN-2026-0005', 'خطة جديدة', NULL, NULL, NULL, 'ساعات', NULL, NULL, NULL, NULL, NULL, NULL, 'نشطة', 1, '2026-06-21 00:42:37', NULL, 19, '2026-06-20 21:36:30', '2026-06-20 21:42:37'),
(6, 4, 'PLN-2026-0006', 'خطة جديدة', NULL, NULL, NULL, 'ساعات', NULL, NULL, NULL, NULL, NULL, NULL, 'نشطة', 1, '2026-06-21 00:42:37', NULL, 19, '2026-06-20 21:36:43', '2026-06-20 21:42:37'),
(7, 4, 'PLN-2026-0007', 'خطة زيت 250', NULL, 13, NULL, 'ساعات', 250, NULL, NULL, NULL, NULL, NULL, 'نشطة', 1, NULL, NULL, 39, '2026-06-20 21:42:38', '2026-06-20 21:42:38');

-- --------------------------------------------------------

--
-- Table structure for table `mnt_plan_task`
--

CREATE TABLE `mnt_plan_task` (
  `id` int(11) NOT NULL,
  `company_id` int(11) NOT NULL,
  `plan_id` int(11) NOT NULL COMMENT 'FK→mnt_plan.id',
  `name` varchar(200) NOT NULL,
  `task_type` int(11) DEFAULT NULL COMMENT 'FK→mnt_lookup.id (نوع مهمة)',
  `component` varchar(150) DEFAULT NULL,
  `est_hours` decimal(8,2) NOT NULL DEFAULT 0.00,
  `created_at` timestamp NOT NULL DEFAULT current_timestamp()
) ENGINE=InnoDB DEFAULT CHARSET=utf8mb4 COLLATE=utf8mb4_unicode_ci;

--
-- Dumping data for table `mnt_plan_task`
--

INSERT INTO `mnt_plan_task` (`id`, `company_id`, `plan_id`, `name`, `task_type`, `component`, `est_hours`, `created_at`) VALUES
(2, 4, 1, 'تغيير زيت', NULL, 'محرك', 5.00, '2026-06-20 21:53:19');

-- --------------------------------------------------------

--
-- Table structure for table `modules`
--

CREATE TABLE `modules` (
  `id` int(11) NOT NULL,
  `name` varchar(100) NOT NULL,
  `code` varchar(50) DEFAULT NULL,
  `owner_role_id` int(11) DEFAULT NULL,
  `is_link` varchar(10) NOT NULL DEFAULT '0',
  `icon` varchar(50) NOT NULL,
  `display_order` int(11) DEFAULT 0 COMMENT 'ترتيب العرض في القوائم'
) ENGINE=InnoDB DEFAULT CHARSET=utf8mb4 COLLATE=utf8mb4_unicode_ci;

--
-- Dumping data for table `modules`
--

INSERT INTO `modules` (`id`, `name`, `code`, `owner_role_id`, `is_link`, `icon`, `display_order`) VALUES
(1, 'حالة العملاء', 'Clients/clients.php', 1, '1', 'fa fa-users', 10),
(2, 'حالة المشاريع', 'Projects/projects.php', 1, '1', 'fa fa-folder-open', 20),
(3, 'إدارة الصلاحيات', 'main/users.php', 1, '1', 'fa fa-users-cog', 30),
(4, 'شاشة التقارير', 'Reports/reports.php', 1, '1', 'fa fa-chart-pie', 90),
(5, 'شاشة انواع المعدات', 'Equipments/equipments_types.php', 1, '1', 'fa fa-tractor', 50),
(6, 'شاشة التقارير', 'Reports/reports.php', 2, '1', 'fa fa-chart-pie', 60),
(7, 'علاقات المشغلين', 'Employees/employees.php', 4, '1', 'fa fa-id-card', 10),
(8, 'إدارة المعدات', 'Equipments/equipments_fleet.php', 3, '1', 'fa fa-tractor', 10),
(9, 'شاشة التشغيل', 'Oprators/oprators.php', 6, '0', 'fa fa-truck-moving', 90),
(10, 'تسجيل الوحدات', 'Timesheet/timesheet_type.php', 5, '1', 'fa fa-business-time', 100),
(11, 'الإعدادات', 'Settings/settings.php', 1, '1', 'fa fa-gear', 110),
(12, 'سجل النشاطات', 'ActivityLogs/activity_logs.php', 1, '1', 'fa fa-chart-line', 60),
(14, 'إدارة مشرفي الموردين', 'main/project_users.php', 2, '1', 'fa fa-users-cog', 20),
(15, 'المشرفين', 'main/project_users.php', 3, '1', 'fa fa-users-cog', 30),
(16, 'المشرفين', 'main/project_users.php', 4, '1', 'fa fa-users-cog', 30),
(17, 'إدارة المعاونين', 'main/project_users.php', 5, '1', 'fa fa-users-cog', 170),
(18, 'المشرفين', 'main/project_users.php', 6, '1', 'fa fa-users-cog', 180),
(20, 'إدارة العقود', 'Contracts/contracts.php', 1, '1', 'fa-file-signature fa', 200),
(21, 'تفاصيل عقد المشاريع', 'Contracts/contracts_details.php', 1, '0', '', 210),
(22, 'علاقات الموردين', 'Suppliers/suppliers.php', 2, '1', 'fa fa-truck-loading', 10),
(23, 'التشغيل', 'Oprators/select_project.php', 3, '1', 'fa fa-cogs', 20),
(24, 'الاعدادات', 'Settings/settings.php', 2, '0', 'fa fa-gear', 240),
(25, 'عقود الموردين', 'Suppliers/supplierscontracts.php', 2, '1', 'fa-file-signature fa', 250),
(26, 'تفاصيل عقد المورد', 'Suppliers/supplierscontracts_details.php', 2, '0', 'fa fa-link', 260),
(27, 'المعدات', 'Equipments/equipments_drivers.php', 4, '0', 'fa fa-tractor', 20),
(28, 'التقارير', 'Reports/reports.php', 5, '1', 'fa fa-link', 280),
(29, 'توزيع المشغلين', 'movement/project_drivers.php', 6, '0', 'fa fa-id-card', 80),
(30, 'إدارة الورديات', 'movement/movement_operations.php', 6, '1', 'fa fa-tractor', 30),
(31, 'التقارير', 'Reports/reports.php', 4, '1', 'fa fa-chart-pie', 300),
(32, 'التقارير', 'Reports/reports.php', 3, '1', 'fa fa-chart-pie', 50),
(34, 'حالة المشروع', 'movement/map_page.php', 6, '1', 'fas fa-map-marked-alt', 20),
(35, 'إدارة العملاء', 'Clients/clients.php', 12, '1', 'fa fa-users', 1),
(36, 'إدارة المبيعات', 'Projects/projects.php', 12, '1', 'fa fa-folder-open', 2),
(37, 'إدارة العقود', 'Contracts/contracts.php', 12, '1', 'fa-file-signature fa', 3),
(38, 'تصنيف الاعطال', 'Equipments/manage_failure_codes.php', 13, '1', 'fa fa-screwdriver-wrench', 60),
(40, 'سجل النوع والموديل', 'Equipments/fleet_models.php', 3, '1', 'fa fa-clipboard-list', 12),
(41, 'ملف الإهلاك المالي', 'Equipments/fleet_depreciation_profiles.php', 3, '1', 'fa fa-coins', 13),
(42, 'البلاغات', 'Maintenance/breakdowns.php', 13, '1', 'fa fa-triangle-exclamation', 10),
(43, 'أوامر الصيانة', 'Maintenance/orders.php', 13, '1', 'fa fa-wrench', 20),
(44, 'التفتيش الفني', 'Maintenance/inspections.php', 13, '1', 'fa fa-clipboard-check', 30),
(45, 'الخطة الوقائية', 'Maintenance/preventive_plans.php', 13, '1', 'fa fa-calendar-check', 40),
(46, 'إعدادات الصيانة', 'Maintenance/master_data.php', 13, '1', 'fa fa-sliders', 50);

-- --------------------------------------------------------

--
-- Table structure for table `operations`
--

CREATE TABLE `operations` (
  `id` int(11) NOT NULL,
  `company_id` int(11) DEFAULT NULL,
  `equipment` varchar(100) NOT NULL,
  `equipment_type` varchar(100) NOT NULL DEFAULT '0',
  `equipment_category` varchar(20) NOT NULL,
  `prev_equipment_category` varchar(20) DEFAULT NULL,
  `project_id` varchar(20) NOT NULL,
  `contract_id` varchar(10) NOT NULL,
  `supplier_id` varchar(10) NOT NULL,
  `start` varchar(50) NOT NULL,
  `end` varchar(50) NOT NULL,
  `reason` mediumtext NOT NULL,
  `days` varchar(20) NOT NULL,
  `total_equipment_hours` decimal(10,2) DEFAULT 0.00 COMMENT 'إجمالي ساعات العمل الكلية للآلية',
  `shift_hours` decimal(10,2) DEFAULT 0.00 COMMENT 'عدد ساعات الوردية للمعدة',
  `shift_type` enum('D','N','B') NOT NULL DEFAULT 'B',
  `status` tinyint(1) DEFAULT 1,
  `op_state` enum('تعمل','جاهزة','معطلة') NOT NULL DEFAULT 'جاهزة' COMMENT 'حالة الآلية النشطة — تُدار من صفحة الحركة فقط',
  `equipment_health` enum('سليمة','معطلة') NOT NULL DEFAULT 'سليمة' COMMENT 'الصحة الفنية للمعدة (مستقلة عن status التشغيلي)',
  `health_reason` varchar(150) DEFAULT NULL COMMENT 'سبب العطل، مثل: صيانة',
  `health_updated_at` datetime DEFAULT NULL,
  `health_updated_by` int(11) DEFAULT NULL
) ENGINE=InnoDB DEFAULT CHARSET=utf8mb4 COLLATE=utf8mb4_unicode_ci;

--
-- Dumping data for table `operations`
--

INSERT INTO `operations` (`id`, `company_id`, `equipment`, `equipment_type`, `equipment_category`, `prev_equipment_category`, `project_id`, `contract_id`, `supplier_id`, `start`, `end`, `reason`, `days`, `total_equipment_hours`, `shift_hours`, `shift_type`, `status`, `op_state`, `equipment_health`, `health_reason`, `health_updated_at`, `health_updated_by`) VALUES
(1, 4, '1', '1', 'أساسي', NULL, '1', '1', '1', '2026-04-01', '2026-04-30', '', '0', 20.00, 10.00, 'B', 1, 'جاهزة', 'سليمة', NULL, NULL, NULL),
(2, 4, '3', '2', 'أساسي', NULL, '1', '1', '1', '2026-04-01', '2026-04-30', '', '0', 20.00, 10.00, 'B', 1, 'جاهزة', 'سليمة', NULL, NULL, NULL),
(3, 4, '5', '1', 'أساسي', NULL, '2', '2', '3', '2026-04-01', '2026-04-27', '', '26', 10.00, 10.00, 'B', 0, 'جاهزة', 'سليمة', NULL, NULL, NULL),
(4, 4, '6', '1', 'أساسي', 'أساسي', '2', '2', '3', '2026-04-01', '2006-04-30', '', '0', 10.00, 10.00, 'B', 1, 'جاهزة', 'سليمة', NULL, NULL, NULL),
(5, 4, '7', '1', 'احتياطي', NULL, '2', '2', '3', '2026-04-01', '2026-06-30', '', '0', 10.00, 10.00, 'B', 1, 'جاهزة', 'سليمة', NULL, '2026-06-21 12:30:00', 19),
(6, 4, '8', '1', 'أساسي', NULL, '2', '2', '3', '2026-04-01', '2026-04-28', '', '27', 10.00, 10.00, 'B', 0, 'جاهزة', 'سليمة', NULL, NULL, NULL),
(7, 4, '9', '1', 'أساسي', NULL, '2', '2', '3', '2026-04-01', '2006-04-30', '', '0', 10.00, 10.00, 'B', 0, 'جاهزة', 'سليمة', NULL, NULL, NULL),
(8, 4, '4', '1', 'أساسي', NULL, '2', '2', '3', '2026-04-25', '2026-10-01', '', '0', 600.00, 10.00, 'B', 1, 'جاهزة', 'معطلة', 'صيانة', '2026-06-21 16:24:57', 19),
(9, 4, '4', '1', 'أساسي', NULL, '4', '4', '3', '2025-07-01', '2026-04-27', 'اكملت عملها\r\n', '300', 20.00, 10.00, 'B', 0, 'جاهزة', 'سليمة', NULL, NULL, NULL),
(10, 4, '2', '1', 'أساسي', NULL, '4', '4', '1', '2025-07-01', '2026-07-01', '', '0', 0.00, 0.00, 'B', 0, 'جاهزة', 'سليمة', NULL, NULL, NULL),
(11, 4, '8', '1', 'أساسي', NULL, '4', '4', '3', '2025-07-01', '2026-04-27', '', '300', 20.00, 10.00, 'B', 0, 'جاهزة', 'سليمة', NULL, NULL, NULL),
(12, 4, '8', '1', 'أساسي', NULL, '4', '5', '5', '2026-04-01', '2026-07-01', '', '0', 20.00, 10.00, 'B', 1, 'معطلة', 'سليمة', NULL, NULL, NULL),
(13, 4, '10', '1', 'أساسي', NULL, '4', '5', '5', '2025-12-01', '2026-11-01', '', '0', 8787.00, 10.00, 'B', 1, 'تعمل', 'سليمة', NULL, NULL, NULL),
(14, 4, '11', '2', 'أساسي', NULL, '4', '5', '6', '2025-12-01', '2026-11-01', '', '0', 20.00, 10.00, 'B', 1, 'تعمل', 'معطلة', 'صيانة', '2026-06-20 23:07:56', 19),
(15, 4, '5', '1', 'أساسي', NULL, '4', '5', '8', '2026-05-11', '2026-06-08', '', '28', 666.00, 10.00, 'N', 0, 'جاهزة', 'سليمة', NULL, NULL, NULL),
(16, 4, '13', '3', 'أساسي', NULL, '4', '5', '8', '2026-05-11', '2026-06-10', '', '30', 555.00, 10.00, 'N', 0, 'جاهزة', 'سليمة', NULL, NULL, NULL),
(17, 4, '15', '1', 'أساسي', NULL, '4', '4', '7', '2026-05-31', '2027-02-19', '', '0', 200.00, 10.00, 'N', 1, 'جاهزة', 'سليمة', NULL, NULL, NULL),
(18, 4, '18', '1', 'أساسي', NULL, '4', '4', '7', '2026-06-07', '2027-02-19', '', '0', 500.00, 10.00, 'D', 1, 'جاهزة', 'سليمة', NULL, NULL, NULL),
(29, 4, '16', '1', 'أساسي', NULL, '4', '4', '7', '2026-06-08', '2027-02-19', '', '0', 200.00, 10.00, 'B', 1, 'جاهزة', 'سليمة', NULL, NULL, NULL),
(30, 4, '17', '1', 'احتياطي', NULL, '4', '4', '7', '2026-06-02', '2027-02-19', '', '0', 10.00, 20.00, 'B', 1, 'تعمل', 'سليمة', NULL, NULL, NULL),
(31, 4, '20', '3', 'أساسي', NULL, '4', '5', '8', '2026-06-08', '2026-11-01', '', '0', 121212.00, 10.00, 'B', 0, 'جاهزة', 'سليمة', NULL, NULL, NULL),
(32, 4, '5', '1', 'أساسي', NULL, '4', '5', '8', '2026-06-08', '2026-11-01', '', '0', 200.00, 10.00, 'N', 1, 'جاهزة', 'سليمة', NULL, NULL, NULL),
(33, 4, '13', '3', 'أساسي', NULL, '4', '5', '8', '2026-06-08', '2026-11-01', '', '0', 120.00, 10.00, 'N', 1, 'جاهزة', 'معطلة', 'صيانة', '2026-06-20 23:54:17', 19),
(34, 4, '21', '1', 'أساسي', NULL, '4', '4', '7', '2026-06-01', '2027-02-28', '', '0', 10.00, 10.00, 'D', 1, 'تعمل', 'سليمة', NULL, NULL, NULL);

-- --------------------------------------------------------

--
-- Table structure for table `project`
--

CREATE TABLE `project` (
  `id` int(11) NOT NULL,
  `company_id` int(11) DEFAULT NULL,
  `client_id` int(11) DEFAULT NULL COMMENT '┘àÏ╣Ï▒┘ü Ïº┘äÏ╣┘à┘è┘ä ┘à┘å Ï¼Ï»┘ê┘ä clients',
  `name` varchar(150) NOT NULL,
  `client` varchar(150) NOT NULL,
  `location` varchar(200) NOT NULL,
  `project_code` varchar(50) DEFAULT NULL COMMENT 'كود المشروع',
  `mine_code` varchar(100) DEFAULT NULL COMMENT 'كود المنجم',
  `category` varchar(100) DEFAULT NULL COMMENT 'الفئة',
  `sub_sector` varchar(100) DEFAULT NULL COMMENT 'القطاع الفرعي',
  `state` varchar(100) DEFAULT NULL COMMENT 'الولاية',
  `region` varchar(100) DEFAULT NULL COMMENT 'المنطقة',
  `nearest_market` varchar(100) DEFAULT NULL COMMENT 'أقرب سوق',
  `latitude` varchar(50) DEFAULT NULL COMMENT 'خط العرض',
  `longitude` varchar(50) DEFAULT NULL COMMENT 'خط الطول',
  `total` varchar(50) NOT NULL,
  `status` tinyint(1) DEFAULT 1,
  `created_by` int(11) DEFAULT NULL COMMENT 'معرف المستخدم المنشئ',
  `create_at` timestamp NOT NULL DEFAULT current_timestamp(),
  `updated_at` datetime DEFAULT NULL ON UPDATE current_timestamp() COMMENT 'تاريخ آخر تحديث',
  `is_deleted` tinyint(1) NOT NULL DEFAULT 0,
  `deleted_at` datetime DEFAULT NULL,
  `deleted_by` int(11) DEFAULT NULL
) ENGINE=InnoDB DEFAULT CHARSET=utf8mb4 COLLATE=utf8mb4_unicode_ci;

--
-- Dumping data for table `project`
--

INSERT INTO `project` (`id`, `company_id`, `client_id`, `name`, `client`, `location`, `project_code`, `mine_code`, `category`, `sub_sector`, `state`, `region`, `nearest_market`, `latitude`, `longitude`, `total`, `status`, `created_by`, `create_at`, `updated_at`, `is_deleted`, `deleted_at`, `deleted_by`) VALUES
(1, 4, 1, 'مشروع الروسية', 'شركة إليانس للتعدين المحدودة', 'شمال', 'PR1', NULL, 'فئة المشروع', 'فرعي', 'نهر النيل', 'حفر الباطن', 'سوق اللفة', '12', '31', '0', 1, 4, '2026-04-07 11:46:05', '2026-04-25 12:04:52', 0, NULL, NULL),
(2, 4, 1, 'مشروع اليانس', 'شركة بايناتس', 'موقع اليانس', 'PR2', NULL, 'تعدين', 'تعدين', 'نهر النيل', 'حفر الباطن', 'سوق اللفة', '12', '31', '0', 1, 4, '2026-04-13 11:22:49', NULL, 0, NULL, NULL),
(3, 4, 1, 'مشروع الروسية', 'شركة إليانس للتعدين المحدودة', 'وادي العشار', 'PR2', NULL, 'مناجم', 'المنجم الأول', 'البحر الأحمر', 'وادي العشار', 'سوق وادي العشار', '12', '31', '0', 1, 4, '2026-04-25 11:36:48', NULL, 0, NULL, NULL),
(4, 4, 2, 'مشروع شركة إليانس للتعدين المحدودة', 'شركة إليانس للتعدين المحدودة', 'وادي العشار', 'CTR-094', 'a23a22', 'ساعات', 'المنجم الأول', 'البحر الأحمر', 'وادي العشار', 'سوق وادي العشار', '12', '31', '0', 1, 4, '2026-04-26 08:32:14', '2026-05-16 13:25:03', 0, NULL, NULL),
(5, 4, 2, 'مشروع المستر', 'شركة إليانس للتعدين المحدودة', 'الخرطوم2', 'Eq1', NULL, '', '', '', '', '', '', '', '0', 1, 13, '2026-05-01 11:50:47', NULL, 0, NULL, NULL),
(6, 4, NULL, 'مشروع طريق الإنقاذ الغربي', 'jjj', 'ولاية الخرطوم', 'PRJ-0001', NULL, 'بنية تحتية', NULL, 'الخرطوم', 'أمدرمان', NULL, NULL, NULL, '1000000', 1, 13, '2026-06-04 17:05:17', NULL, 0, NULL, NULL),
(7, 4, NULL, 'مشروع طريق الإنقاذ الغربي', 'jjj', 'ولاية الخرطوم', 'PRJ-0001-2', NULL, 'بنية تحتية', NULL, 'الخرطوم', 'أمدرمان', NULL, NULL, NULL, '1000000', 1, 13, '2026-06-04 17:05:17', NULL, 0, NULL, NULL),
(8, 4, NULL, 'مشروع طريق الإنقاذ الغربي', 'kk', 'ولاية الخرطوم', 'PRJ-0001-3', NULL, 'بنية تحتية', NULL, 'الخرطوم', 'أمدرمان', NULL, NULL, NULL, '1000000', 1, 13, '2026-06-04 17:05:17', NULL, 0, NULL, NULL);

-- --------------------------------------------------------

--
-- Table structure for table `report_role_permissions`
--

CREATE TABLE `report_role_permissions` (
  `id` int(11) NOT NULL,
  `role_id` int(11) NOT NULL,
  `report_code` varchar(50) NOT NULL
) ENGINE=InnoDB DEFAULT CHARSET=utf8mb4 COLLATE=utf8mb4_unicode_ci;

--
-- Dumping data for table `report_role_permissions`
--

INSERT INTO `report_role_permissions` (`id`, `role_id`, `report_code`) VALUES
(9, 1, 'contracts_detailed'),
(8, 1, 'contracts_summary'),
(21, 1, 'drivers_contracts'),
(19, 1, 'drivers_detailed'),
(18, 1, 'drivers_summary'),
(20, 1, 'drivers_timesheet'),
(15, 1, 'fleet_equipment_detailed'),
(14, 1, 'fleet_equipment_summary'),
(16, 1, 'fleet_operations'),
(17, 1, 'fleet_timesheet'),
(23, 1, 'operations_detailed'),
(22, 1, 'operations_summary'),
(7, 1, 'project_detailed'),
(6, 1, 'project_summary'),
(11, 1, 'supplier_contracts_detailed'),
(10, 1, 'supplier_contracts_summary'),
(13, 1, 'supplier_equipment_performance'),
(12, 1, 'supplier_timesheet'),
(5, 1, 'timesheet_by_driver'),
(4, 1, 'timesheet_by_equipment'),
(3, 1, 'timesheet_by_project'),
(2, 1, 'timesheet_detailed'),
(1, 1, 'timesheet_summary'),
(24, 13, 'maintenance_summary'),
(25, 14, 'maintenance_summary');

-- --------------------------------------------------------

--
-- Table structure for table `roles`
--

CREATE TABLE `roles` (
  `id` int(11) NOT NULL,
  `name` varchar(100) NOT NULL,
  `parent_role_id` int(11) DEFAULT NULL,
  `level` int(11) DEFAULT 1,
  `role_scope` enum('gloable','mine') NOT NULL DEFAULT 'gloable',
  `status` varchar(10) NOT NULL DEFAULT '1',
  `created_at` timestamp NOT NULL DEFAULT current_timestamp()
) ENGINE=InnoDB DEFAULT CHARSET=utf8mb4 COLLATE=utf8mb4_unicode_ci;

--
-- Dumping data for table `roles`
--

INSERT INTO `roles` (`id`, `name`, `parent_role_id`, `level`, `role_scope`, `status`, `created_at`) VALUES
(1, 'ادارة التشغيل', NULL, 1, 'gloable', '1', '2026-03-04 10:46:56'),
(2, 'ادارة الموردين', NULL, 1, 'gloable', '1', '2026-03-04 10:47:22'),
(3, 'ادارة الاسطول', NULL, 1, 'gloable', '1', '2026-03-04 10:47:41'),
(4, 'ادارة الموارد البشرية', NULL, 1, 'gloable', '1', '2026-03-04 10:50:24'),
(5, 'مدير الموقع', NULL, 1, 'mine', '1', '2026-03-04 10:52:29'),
(6, 'مدير حركة وتشغيل', NULL, 1, 'mine', '1', '2026-03-04 10:52:47'),
(7, 'مشرف - مشاريع', 1, 2, 'gloable', '1', '2026-03-04 13:18:15'),
(8, 'مشرف موردين', 2, 2, 'gloable', '1', '2026-03-04 13:34:07'),
(10, 'مشرف اسطول', 3, 2, 'gloable', '1', '2026-03-07 08:37:24'),
(11, 'مشغل اسطول', 3, 2, 'gloable', '1', '2026-03-09 09:45:51'),
(12, 'ادارة المبيعات', NULL, 1, 'gloable', '1', '2026-04-28 09:16:39'),
(13, 'ادارة الصيانة', NULL, 1, 'gloable', '1', '2026-06-20 19:00:07'),
(14, 'مشرف صيانة', 13, 2, 'gloable', '1', '2026-06-20 19:00:07');

-- --------------------------------------------------------

--
-- Table structure for table `role_permissions`
--

CREATE TABLE `role_permissions` (
  `id` int(11) NOT NULL,
  `role_id` int(11) NOT NULL,
  `module_id` int(11) NOT NULL,
  `can_view` tinyint(1) DEFAULT 0,
  `can_add` tinyint(1) DEFAULT 0,
  `can_edit` tinyint(1) DEFAULT 0,
  `can_delete` tinyint(1) DEFAULT 0
) ENGINE=InnoDB DEFAULT CHARSET=utf8mb4 COLLATE=utf8mb4_unicode_ci;

--
-- Dumping data for table `role_permissions`
--

INSERT INTO `role_permissions` (`id`, `role_id`, `module_id`, `can_view`, `can_add`, `can_edit`, `can_delete`) VALUES
(3, 7, 2, 1, 0, 0, 0),
(6, 7, 1, 1, 0, 0, 0),
(7, 7, 3, 1, 0, 0, 0),
(8, 7, 12, 1, 0, 0, 0),
(9, 7, 4, 1, 0, 0, 0),
(11, 7, 5, 1, 0, 0, 0),
(16, 7, 11, 1, 0, 0, 0),
(20, 1, 1, 1, 0, 0, 0),
(21, 1, 2, 1, 0, 0, 0),
(22, 1, 3, 1, 1, 1, 1),
(23, 1, 4, 1, 1, 1, 1),
(24, 1, 5, 1, 1, 1, 1),
(25, 1, 11, 1, 1, 1, 1),
(26, 1, 12, 1, 1, 1, 1),
(28, 1, 20, 1, 0, 0, 0),
(29, 1, 21, 1, 0, 0, 0),
(30, 1, 6, 1, 1, 1, 1),
(31, 1, 14, 1, 1, 1, 1),
(32, 1, 8, 1, 1, 1, 1),
(33, 1, 15, 1, 1, 1, 1),
(34, 1, 7, 1, 1, 1, 1),
(35, 1, 16, 1, 1, 1, 1),
(36, 1, 10, 1, 1, 1, 1),
(37, 1, 17, 1, 1, 1, 1),
(38, 1, 9, 1, 1, 1, 1),
(39, 1, 18, 1, 1, 1, 1),
(40, 7, 21, 1, 0, 0, 0),
(42, 7, 20, 1, 0, 0, 0),
(49, 2, 1, 1, 1, 1, 1),
(50, 2, 2, 1, 1, 1, 1),
(51, 2, 3, 1, 1, 1, 1),
(52, 2, 4, 1, 1, 1, 1),
(53, 2, 5, 1, 1, 1, 1),
(54, 2, 11, 1, 1, 1, 1),
(55, 2, 12, 1, 1, 1, 1),
(57, 2, 20, 1, 1, 1, 1),
(58, 2, 21, 1, 1, 1, 1),
(59, 2, 6, 1, 1, 1, 1),
(60, 2, 14, 1, 1, 0, 1),
(61, 2, 22, 1, 1, 1, 1),
(62, 2, 8, 1, 1, 1, 1),
(63, 2, 15, 1, 1, 1, 1),
(64, 2, 7, 1, 1, 1, 1),
(65, 2, 16, 1, 1, 1, 1),
(66, 2, 10, 1, 1, 1, 1),
(67, 2, 17, 1, 1, 1, 1),
(68, 2, 9, 1, 1, 1, 1),
(69, 2, 18, 1, 1, 1, 1),
(70, 8, 1, 1, 1, 1, 1),
(71, 8, 2, 1, 1, 1, 1),
(72, 8, 3, 1, 1, 1, 1),
(73, 8, 4, 1, 1, 1, 1),
(74, 8, 5, 1, 1, 1, 1),
(75, 8, 11, 1, 1, 1, 1),
(76, 8, 12, 1, 1, 1, 1),
(78, 8, 20, 1, 1, 1, 1),
(79, 8, 21, 1, 1, 1, 1),
(80, 8, 6, 1, 0, 1, 1),
(81, 8, 14, 0, 0, 0, 0),
(82, 8, 22, 1, 0, 1, 0),
(83, 8, 8, 1, 1, 1, 1),
(84, 8, 15, 1, 1, 1, 1),
(85, 8, 7, 1, 1, 1, 1),
(86, 8, 16, 1, 1, 1, 1),
(87, 8, 10, 1, 1, 1, 1),
(88, 8, 17, 1, 1, 1, 1),
(89, 8, 9, 1, 1, 1, 1),
(90, 8, 18, 1, 1, 1, 1),
(114, 3, 1, 1, 1, 1, 1),
(115, 3, 2, 1, 1, 1, 1),
(116, 3, 3, 1, 1, 1, 1),
(117, 3, 4, 1, 1, 1, 1),
(118, 3, 5, 1, 1, 1, 1),
(119, 3, 11, 1, 1, 1, 1),
(120, 3, 12, 1, 1, 1, 1),
(122, 3, 20, 1, 1, 1, 1),
(123, 3, 21, 1, 1, 1, 1),
(124, 3, 6, 1, 1, 1, 1),
(125, 3, 14, 1, 1, 1, 1),
(126, 3, 22, 1, 1, 1, 1),
(127, 3, 8, 1, 1, 1, 1),
(128, 3, 15, 1, 1, 0, 1),
(129, 3, 7, 1, 1, 1, 1),
(130, 3, 16, 1, 1, 1, 1),
(131, 3, 10, 1, 1, 1, 1),
(132, 3, 17, 1, 1, 1, 1),
(133, 3, 9, 1, 1, 1, 1),
(134, 3, 18, 1, 1, 1, 1),
(135, 10, 15, 1, 0, 1, 1),
(136, 10, 8, 1, 0, 0, 0),
(137, 3, 23, 1, 1, 1, 0),
(141, 11, 1, 1, 1, 1, 1),
(142, 11, 2, 1, 1, 1, 1),
(143, 11, 3, 1, 1, 1, 1),
(144, 11, 4, 1, 1, 1, 1),
(145, 11, 5, 1, 1, 1, 1),
(146, 11, 11, 1, 1, 1, 1),
(147, 11, 12, 1, 1, 1, 1),
(149, 11, 20, 1, 1, 1, 1),
(150, 11, 21, 1, 1, 1, 1),
(151, 11, 6, 1, 1, 1, 1),
(152, 11, 14, 1, 1, 1, 1),
(153, 11, 22, 1, 1, 1, 1),
(154, 11, 8, 1, 1, 1, 0),
(155, 11, 15, 1, 1, 1, 1),
(156, 11, 23, 1, 1, 1, 1),
(157, 11, 7, 1, 1, 1, 1),
(158, 11, 16, 1, 1, 1, 1),
(159, 11, 10, 1, 1, 1, 1),
(160, 11, 17, 1, 1, 1, 1),
(161, 11, 9, 1, 1, 1, 1),
(162, 11, 18, 1, 1, 1, 1),
(163, 2, 24, 1, 1, 1, 0),
(164, 8, 24, 1, 0, 0, 0),
(165, 2, 25, 1, 1, 1, 1),
(166, 8, 25, 1, 1, 1, 0),
(167, 2, 26, 1, 1, 1, 1),
(168, 8, 26, 1, 0, 0, 0),
(169, 6, 1, 1, 1, 1, 1),
(170, 6, 2, 1, 1, 1, 1),
(171, 6, 3, 1, 1, 1, 1),
(172, 6, 4, 1, 1, 1, 1),
(173, 6, 5, 1, 1, 1, 1),
(174, 6, 11, 1, 1, 1, 1),
(175, 6, 12, 1, 1, 1, 1),
(177, 6, 20, 1, 1, 1, 1),
(178, 6, 21, 1, 1, 1, 1),
(179, 6, 6, 1, 1, 1, 1),
(180, 6, 14, 1, 1, 1, 1),
(181, 6, 22, 1, 1, 1, 1),
(182, 6, 24, 1, 1, 1, 1),
(183, 6, 25, 1, 1, 1, 1),
(184, 6, 26, 1, 1, 1, 1),
(185, 6, 8, 1, 1, 1, 1),
(186, 6, 15, 1, 1, 1, 1),
(187, 6, 23, 1, 1, 1, 1),
(188, 6, 7, 1, 1, 1, 1),
(189, 6, 16, 1, 1, 1, 1),
(190, 6, 10, 1, 1, 1, 1),
(191, 6, 17, 1, 1, 1, 1),
(192, 6, 9, 1, 1, 1, 1),
(193, 6, 18, 1, 1, 1, 1),
(194, 4, 1, 1, 1, 1, 1),
(195, 4, 2, 1, 1, 1, 1),
(196, 4, 3, 1, 1, 1, 1),
(197, 4, 4, 1, 1, 1, 1),
(198, 4, 5, 1, 1, 1, 1),
(199, 4, 11, 1, 1, 1, 1),
(200, 4, 12, 1, 1, 1, 1),
(202, 4, 20, 1, 1, 1, 1),
(203, 4, 21, 1, 1, 1, 1),
(204, 4, 6, 1, 1, 1, 1),
(205, 4, 14, 1, 1, 1, 1),
(206, 4, 22, 1, 1, 1, 1),
(207, 4, 24, 1, 1, 1, 1),
(208, 4, 25, 1, 1, 1, 1),
(209, 4, 26, 1, 1, 1, 1),
(210, 4, 8, 1, 1, 1, 1),
(211, 4, 15, 1, 1, 1, 1),
(212, 4, 23, 1, 1, 1, 1),
(213, 4, 7, 1, 1, 1, 1),
(214, 4, 16, 1, 1, 1, 1),
(215, 4, 10, 1, 1, 1, 1),
(216, 4, 17, 1, 1, 1, 1),
(217, 4, 9, 1, 1, 1, 1),
(218, 4, 18, 1, 1, 1, 1),
(219, 4, 27, 1, 1, 1, 1),
(221, 5, 1, 1, 1, 1, 1),
(222, 5, 2, 1, 1, 1, 1),
(223, 5, 3, 1, 1, 1, 1),
(224, 5, 4, 1, 1, 1, 1),
(225, 5, 5, 1, 1, 1, 1),
(226, 5, 11, 1, 1, 1, 1),
(227, 5, 12, 1, 1, 1, 1),
(229, 5, 20, 1, 1, 1, 1),
(230, 5, 21, 1, 1, 1, 1),
(231, 5, 6, 1, 1, 1, 1),
(232, 5, 14, 1, 1, 1, 1),
(233, 5, 22, 1, 1, 1, 1),
(234, 5, 24, 1, 1, 1, 1),
(235, 5, 25, 1, 1, 1, 1),
(236, 5, 26, 1, 1, 1, 1),
(237, 5, 8, 1, 1, 1, 1),
(238, 5, 15, 1, 1, 1, 1),
(239, 5, 23, 1, 1, 1, 1),
(240, 5, 7, 1, 1, 1, 1),
(241, 5, 16, 1, 1, 1, 1),
(242, 5, 27, 1, 1, 1, 1),
(243, 5, 10, 1, 1, 1, 1),
(244, 5, 17, 1, 1, 1, 1),
(245, 5, 28, 1, 1, 1, 1),
(246, 5, 9, 1, 1, 1, 1),
(247, 5, 18, 1, 1, 1, 1),
(248, 6, 30, 1, 0, 1, 1),
(249, 6, 29, 1, 1, 1, 1),
(250, 6, 34, 1, 1, 1, 1),
(251, 12, 1, 1, 1, 1, 1),
(252, 12, 2, 1, 1, 1, 1),
(253, 12, 3, 1, 1, 1, 1),
(254, 12, 4, 1, 1, 1, 1),
(255, 12, 5, 1, 1, 1, 1),
(256, 12, 11, 1, 1, 1, 1),
(257, 12, 12, 1, 1, 1, 1),
(259, 12, 20, 1, 1, 1, 1),
(260, 12, 21, 1, 1, 1, 1),
(261, 12, 6, 1, 1, 1, 1),
(262, 12, 14, 1, 1, 1, 1),
(263, 12, 22, 1, 1, 1, 1),
(264, 12, 24, 1, 1, 1, 1),
(265, 12, 25, 1, 1, 1, 1),
(266, 12, 26, 1, 1, 1, 1),
(267, 12, 8, 1, 1, 1, 1),
(268, 12, 15, 1, 1, 1, 1),
(269, 12, 23, 1, 1, 1, 1),
(270, 12, 32, 1, 1, 1, 1),
(271, 12, 7, 1, 1, 1, 1),
(272, 12, 16, 1, 1, 1, 1),
(273, 12, 27, 1, 1, 1, 1),
(274, 12, 31, 1, 1, 1, 1),
(275, 12, 10, 1, 1, 1, 1),
(276, 12, 17, 1, 1, 1, 1),
(277, 12, 28, 1, 1, 1, 1),
(278, 12, 9, 1, 1, 1, 1),
(279, 12, 18, 1, 1, 1, 1),
(280, 12, 29, 1, 1, 1, 1),
(281, 12, 30, 1, 1, 1, 1),
(282, 12, 34, 1, 1, 1, 1),
(283, 12, 35, 1, 1, 1, 1),
(284, 12, 36, 1, 1, 1, 1),
(285, 12, 37, 1, 1, 1, 1),
(286, 3, 38, 1, 1, 1, 1),
(287, 1, 40, 1, 1, 1, 1),
(288, 2, 40, 1, 1, 1, 1),
(289, 8, 40, 1, 1, 1, 1),
(290, 3, 40, 1, 1, 1, 1),
(291, 10, 40, 1, 0, 0, 0),
(292, 11, 40, 1, 1, 1, 0),
(293, 6, 40, 1, 1, 1, 1),
(294, 4, 40, 1, 1, 1, 1),
(295, 5, 40, 1, 1, 1, 1),
(296, 12, 40, 1, 1, 1, 1),
(302, 1, 41, 1, 1, 1, 1),
(303, 2, 41, 1, 1, 1, 1),
(304, 8, 41, 1, 1, 1, 1),
(305, 3, 41, 1, 1, 1, 1),
(306, 10, 41, 1, 0, 0, 0),
(307, 11, 41, 1, 1, 1, 0),
(308, 6, 41, 1, 1, 1, 1),
(309, 4, 41, 1, 1, 1, 1),
(310, 5, 41, 1, 1, 1, 1),
(311, 12, 41, 1, 1, 1, 1),
(317, 13, 38, 1, 1, 1, 1),
(318, 13, 42, 1, 1, 1, 1),
(319, 13, 43, 1, 1, 1, 1),
(320, 13, 44, 1, 1, 1, 1),
(321, 13, 45, 1, 1, 1, 1),
(322, 13, 46, 1, 1, 1, 1),
(324, 14, 38, 1, 0, 0, 0),
(325, 14, 42, 1, 0, 0, 0),
(326, 14, 43, 1, 0, 0, 0),
(327, 14, 44, 1, 0, 0, 0),
(328, 14, 45, 1, 0, 0, 0),
(329, 14, 46, 1, 0, 0, 0);

-- --------------------------------------------------------

--
-- Table structure for table `super_admins`
--

CREATE TABLE `super_admins` (
  `id` int(11) NOT NULL COMMENT 'معرف فريد',
  `name` varchar(100) NOT NULL COMMENT 'الإسم',
  `email` varchar(150) NOT NULL COMMENT 'البريد ',
  `password` varchar(255) NOT NULL COMMENT 'كلمة المرور',
  `is_active` tinyint(4) NOT NULL DEFAULT 1 COMMENT 'نشط',
  `last_login_at` timestamp NULL DEFAULT NULL COMMENT 'آخر دخول',
  `created_at` timestamp NOT NULL DEFAULT current_timestamp() COMMENT 'انشاء في',
  `updated_at` timestamp NOT NULL DEFAULT current_timestamp() ON UPDATE current_timestamp() COMMENT 'تعديل في'
) ENGINE=InnoDB DEFAULT CHARSET=utf8mb4 COLLATE=utf8mb4_unicode_ci;

--
-- Dumping data for table `super_admins`
--

INSERT INTO `super_admins` (`id`, `name`, `email`, `password`, `is_active`, `last_login_at`, `created_at`, `updated_at`) VALUES
(1, 'super', 'enjaz@gmail.com', '$2y$10$auVJYb4WXFejEfthvqjpSOtyZlfdzJxM18TH6NBhPvPMyNMPq0B8K', 1, '2026-06-20 19:52:53', '2026-03-18 11:49:17', '2026-06-20 19:52:53');

-- --------------------------------------------------------

--
-- Table structure for table `suppliercontractequipments`
--

CREATE TABLE `suppliercontractequipments` (
  `id` int(11) NOT NULL,
  `company_id` int(11) DEFAULT NULL,
  `contract_id` int(11) NOT NULL COMMENT 'معرف عقد المورد من جدول supplierscontracts',
  `equip_type` varchar(100) DEFAULT NULL COMMENT 'نوع المعدة (حفار، قلاب، خرامة)',
  `equip_size` int(11) DEFAULT NULL COMMENT 'حجم المعدة',
  `equip_count` int(11) DEFAULT NULL COMMENT 'عدد المعدات',
  `equip_count_basic` int(11) DEFAULT 0 COMMENT 'عدد المعدات الأساسية',
  `equip_count_backup` int(11) DEFAULT 0 COMMENT 'عدد المعدات الاحتياطية',
  `equip_shifts` int(11) DEFAULT NULL COMMENT 'عدد الورديات',
  `equip_unit` varchar(50) DEFAULT NULL COMMENT 'وحدة القياس (ساعة، طن، متر)',
  `shift1_start` time DEFAULT NULL COMMENT 'بداية الوردية الأولى',
  `shift1_end` time DEFAULT NULL COMMENT 'نهاية الوردية الأولى',
  `shift2_start` time DEFAULT NULL COMMENT 'بداية الوردية الثانية',
  `shift2_end` time DEFAULT NULL COMMENT 'نهاية الوردية الثانية',
  `shift_hours` decimal(10,2) DEFAULT NULL COMMENT 'ساعات الوردية',
  `equip_total_month` decimal(10,2) DEFAULT NULL COMMENT 'إجمالي الوحدات يومياً',
  `equip_monthly_target` decimal(10,2) DEFAULT NULL COMMENT 'وحدات العمل في الشهر',
  `equip_total_contract` decimal(10,2) DEFAULT NULL COMMENT 'إجمالي وحدات العقد',
  `equip_price` decimal(10,2) DEFAULT NULL COMMENT 'السعر للوحدة',
  `equip_price_currency` varchar(20) DEFAULT NULL COMMENT 'العملة (دولار، جنيه)',
  `equip_operators` int(11) DEFAULT NULL COMMENT 'عدد المشغلين',
  `equip_supervisors` int(11) DEFAULT NULL COMMENT 'عدد المشرفين',
  `equip_technicians` int(11) DEFAULT NULL COMMENT 'عدد الفنيين',
  `equip_assistants` int(11) DEFAULT NULL COMMENT 'عدد المساعدين',
  `created_at` timestamp NOT NULL DEFAULT current_timestamp()
) ENGINE=InnoDB DEFAULT CHARSET=utf8mb4 COLLATE=utf8mb4_unicode_ci COMMENT='معدات عقود الموردين';

--
-- Dumping data for table `suppliercontractequipments`
--

INSERT INTO `suppliercontractequipments` (`id`, `company_id`, `contract_id`, `equip_type`, `equip_size`, `equip_count`, `equip_count_basic`, `equip_count_backup`, `equip_shifts`, `equip_unit`, `shift1_start`, `shift1_end`, `shift2_start`, `shift2_end`, `shift_hours`, `equip_total_month`, `equip_monthly_target`, `equip_total_contract`, `equip_price`, `equip_price_currency`, `equip_operators`, `equip_supervisors`, `equip_technicians`, `equip_assistants`, `created_at`) VALUES
(1, NULL, 1, '1', 200, 5, 3, 2, 2, 'ساعة', '14:21:00', '14:21:00', '14:22:00', '14:22:00', 10.00, 50.00, 6000.00, 1000.00, 10.00, '', 3, 3, 3, 3, '2026-04-07 12:22:54'),
(2, NULL, 1, '2', 300, 5, 3, 2, 2, 'ساعة', '14:22:00', '14:23:00', '14:24:00', '14:25:00', 10.00, 50.00, 6000.00, 1000.00, 10.00, 'دولار', 0, 3, 3, 3, '2026-04-07 12:22:54'),
(3, NULL, 2, '1', 54, 5, 3, 2, 4, 'ساعة', '23:13:00', '21:36:00', '16:00:00', '17:47:00', 10.00, 50.00, 1.00, 2300.00, 858.00, 'دولار', 87, 37, 66, 59, '2026-04-13 13:19:02'),
(8, NULL, 4, '1', 340, 1, 1, 0, 2, 'ساعة', '05:00:00', '15:00:00', '17:00:00', '03:00:00', 10.00, 10.00, 600.00, 1510.00, 20.00, 'دولار', 2, 1, 1, 1, '2026-04-28 10:46:57'),
(9, NULL, 5, '2', 25, 1, 1, 1, 2, 'ساعة', '05:00:00', '15:00:00', '17:00:00', '03:00:00', 20.00, 20.00, 600.00, 3000.00, 8.00, '', 2, 1, 1, 1, '2026-04-28 10:52:36'),
(20, NULL, 6, '3', 340, 2, 1, 1, 2, 'متر طولي', '18:00:00', '04:00:00', '06:00:00', '16:00:00', 10.00, 10.00, 0.00, 890.00, 50.00, 'دولار', 0, 0, 0, 1, '2026-06-08 11:39:43'),
(27, NULL, 7, '1', 56, 6, 4, 2, 2, '', '00:00:00', '00:00:00', '00:00:00', '00:00:00', 20.00, 80.00, 0.00, 2880.00, 0.00, '', 2, 2, 0, 2, '2026-06-08 12:09:29');

-- --------------------------------------------------------

--
-- Table structure for table `suppliers`
--

CREATE TABLE `suppliers` (
  `id` int(11) NOT NULL,
  `company_id` int(11) DEFAULT NULL,
  `name` varchar(100) NOT NULL,
  `supplier_code` varchar(100) DEFAULT NULL COMMENT 'الرمز/الكود للمورد',
  `supplier_type` enum('فرد','شركة','وسيط','مالك','جهة حكومية') DEFAULT NULL COMMENT 'نوع المورد',
  `dealing_nature` varchar(255) DEFAULT NULL COMMENT 'طبيعة التعامل',
  `equipment_types` mediumtext DEFAULT NULL COMMENT 'أنواع المعدات (مفصولة بفواصل)',
  `commercial_registration` varchar(100) DEFAULT NULL COMMENT 'رقم التسجيل التجاري/الرخصة',
  `identity_type` varchar(100) DEFAULT NULL COMMENT 'نوع الهوية',
  `identity_number` varchar(100) DEFAULT NULL COMMENT 'رقم الهوية/التسجيل',
  `identity_expiry_date` date DEFAULT NULL COMMENT 'تاريخ انتهاء الهوية',
  `email` varchar(255) DEFAULT NULL COMMENT 'البريد الإلكتروني',
  `phone_alternative` varchar(50) DEFAULT NULL COMMENT 'رقم هاتف بديل',
  `full_address` mediumtext DEFAULT NULL COMMENT 'العنوان الكامل',
  `contact_person_name` varchar(255) DEFAULT NULL COMMENT 'اسم جهة الاتصال الأساسية',
  `contact_person_phone` varchar(50) DEFAULT NULL COMMENT 'هاتف جهة الاتصال',
  `financial_registration_status` enum('مسجل رسميا','غير مسجل','تحت التسجيل','معفى من التسجيل') DEFAULT NULL COMMENT 'حالة التسجيل المالي',
  `created_at` timestamp NOT NULL DEFAULT current_timestamp(),
  `updated_at` timestamp NOT NULL DEFAULT current_timestamp() ON UPDATE current_timestamp(),
  `phone` varchar(15) NOT NULL,
  `status` tinyint(1) DEFAULT 1,
  `is_deleted` tinyint(1) NOT NULL DEFAULT 0,
  `deleted_at` datetime DEFAULT NULL,
  `deleted_by` int(11) DEFAULT NULL
) ENGINE=InnoDB DEFAULT CHARSET=utf8mb4 COLLATE=utf8mb4_unicode_ci;

--
-- Dumping data for table `suppliers`
--

INSERT INTO `suppliers` (`id`, `company_id`, `name`, `supplier_code`, `supplier_type`, `dealing_nature`, `equipment_types`, `commercial_registration`, `identity_type`, `identity_number`, `identity_expiry_date`, `email`, `phone_alternative`, `full_address`, `contact_person_name`, `contact_person_phone`, `financial_registration_status`, `created_at`, `updated_at`, `phone`, `status`, `is_deleted`, `deleted_at`, `deleted_by`) VALUES
(1, 4, 'مورد 1', 'MOR1', 'فرد', 'متعاقد مباشر', 'حفارات, مكنات تخريم', '12345678', 'بطاقة هوية وطنية', '839', '2026-04-30', 'sudanit2015@gmail.com', '+1 (454) 678-6091', 'عنوان كامل', 'Naomi Wilcox', '+1 (628) 682-7512', '', '2026-04-07 11:53:32', '2026-04-07 12:18:47', '0115667710', 1, 0, NULL, NULL),
(2, 4, 'مورد 2', 'MOR2', 'شركة', 'وسيط', 'حفارات', '123', 'جواز سفر', 'P98909', '2026-04-30', 'equipation@gmail.com', '+1 (161) 121-1423', 'عنوان', 'Mary Washington', '+1 (584) 739-3927', '', '2026-04-07 11:54:24', '2026-05-12 12:04:31', '09144760109', 0, 1, '2026-05-12 15:04:31', 5),
(3, 4, 'إيكوبيشن', 'MOR3', 'فرد', 'متعاقد مباشر', 'حفارات', '', '', '', NULL, 'sudan@gmail.com', '', '', '', '', '', '2026-04-13 11:24:53', '2026-04-13 11:24:53', '0915657576', 1, 0, NULL, NULL),
(4, 4, 'HASAN KEHYRI', 'MOR001', 'شركة', 'متعاقد مباشر', 'حفارات, مكنات تخريم, دوازر, شاحنات قلابة, شاحنات تناكر, جرافات, معدات معالجة', '65562', 'رقم تسجيل تجاري', '24522', '2026-12-25', 'infotelecomwasla@gmail.com', '249912345678', '', 'خيري كمال خيري', '123456789', '', '2026-04-26 10:22:48', '2026-06-08 11:52:46', '249912345678', 0, 1, '2026-06-08 14:52:46', 5),
(5, 4, 'شركة صابركو للإنشاءات الهندسية والمقاولات المحدودة', 'MOR002', 'شركة', 'متعاقد مباشر', 'حفارات, شاحنات قلابة', '12345', 'رقم تسجيل تجاري', '12345', '2025-11-25', 'sudan@gmail.com', '564987123', '', 'محمد صابر طه محمد', '123654789', '', '2026-04-28 10:36:42', '2026-04-28 10:36:42', '987654321', 1, 0, NULL, NULL),
(6, 4, 'عمر هاشم فضل المولى احمد', 'MOR003', 'فرد', 'متعاقد مباشر', 'شاحنات قلابة', '44444', 'رخصة عمل', '564646', '2026-05-09', 'sudan@gmail.com', '8765312632', '', 'عمر هاشم فضل المولى احمد', '85623151313', '', '2026-04-28 10:49:08', '2026-04-28 10:49:08', '5453533513', 1, 0, NULL, NULL),
(7, 4, 'شوقي عبدالعظيم أحمد الخضر', 'MOR004', 'فرد', 'متعاقد مباشر', 'مكنات تخريم', '44444', 'بطاقة هوية وطنية', '564646', '2026-05-09', 'sudan@gmail.com', '546546513', '', 'شوقي عبدالعظيم أحمد الخضر', '85623151313', '', '2026-04-28 10:53:55', '2026-04-28 10:53:55', '31232133', 1, 0, NULL, NULL),
(8, 4, 'شركة إكوبيشن للإستثمار المحدودة', 'MOR006', 'شركة', 'متعاقد مباشر', 'حفارات, مكنات تخريم, دوازر, شاحنات قلابة, شاحنات تناكر, جرافات, معدات معالجة, السيارات والكرفانات', '65562', 'رقم تسجيل تجاري', '24522', '2026-05-21', 'sudan@gmail.com', '8765312632', '', 'خيري كمال خيري', '85623151313', '', '2026-05-07 06:18:16', '2026-05-11 12:40:45', '249912345678', 1, 0, NULL, NULL),
(9, 4, 'احمد', 'ro', 'فرد', 'متعاقد مباشر', 'حفارات', '', '', '', NULL, '', '', '', '', '', '', '2026-05-14 15:28:58', '2026-05-14 15:28:58', '898', 1, 0, NULL, NULL);

-- --------------------------------------------------------

--
-- Table structure for table `supplierscontracts`
--

CREATE TABLE `supplierscontracts` (
  `id` int(11) NOT NULL,
  `company_id` int(11) DEFAULT NULL,
  `supplier_id` int(11) NOT NULL,
  `contract_signing_date` date NOT NULL,
  `grace_period_days` int(11) DEFAULT 0,
  `contract_duration_months` int(11) DEFAULT 0,
  `contract_duration_days` int(11) DEFAULT 0,
  `equip_shifts_contract` int(11) DEFAULT 0 COMMENT 'عدد الورديات في العقد',
  `shift_contract` int(11) DEFAULT 0 COMMENT 'ساعات الوردية للعقد',
  `equip_total_contract_daily` int(11) DEFAULT 0 COMMENT 'إجمالي العقد اليومي',
  `total_contract_permonth` int(11) DEFAULT 0 COMMENT 'إجمالي العقد شهرياً',
  `total_contract_units` int(11) DEFAULT 0 COMMENT 'إجمالي وحدات العقد',
  `actual_start` date DEFAULT NULL,
  `actual_end` date DEFAULT NULL,
  `transportation` mediumtext DEFAULT NULL,
  `accommodation` mediumtext DEFAULT NULL,
  `place_for_living` mediumtext DEFAULT NULL,
  `workshop` mediumtext DEFAULT NULL,
  `equip_type` varchar(100) DEFAULT NULL,
  `equip_size` int(11) DEFAULT NULL,
  `equip_count` int(11) DEFAULT 0,
  `equip_target_per_month` int(11) DEFAULT 0,
  `equip_total_month` int(11) DEFAULT 0,
  `equip_total_contract` int(11) DEFAULT 0,
  `mach_type` varchar(100) DEFAULT NULL,
  `mach_size` int(11) DEFAULT NULL,
  `mach_count` int(11) DEFAULT 0,
  `mach_target_per_month` int(11) DEFAULT 0,
  `mach_total_month` int(11) DEFAULT 0,
  `mach_total_contract` int(11) DEFAULT 0,
  `hours_monthly_target` int(11) DEFAULT 0,
  `forecasted_contracted_hours` int(11) DEFAULT 0,
  `created_at` timestamp NOT NULL DEFAULT current_timestamp(),
  `updated_at` timestamp NULL DEFAULT NULL ON UPDATE current_timestamp(),
  `daily_work_hours` varchar(20) DEFAULT NULL,
  `daily_operators` varchar(20) DEFAULT NULL,
  `first_party` varchar(255) DEFAULT NULL,
  `second_party` varchar(255) DEFAULT NULL,
  `witness_one` varchar(255) DEFAULT NULL,
  `witness_two` varchar(255) DEFAULT NULL,
  `price_currency_contract` varchar(50) DEFAULT NULL COMMENT 'عملة العقد (دولار/جنيه)',
  `paid_contract` varchar(100) DEFAULT NULL COMMENT 'المبلغ المدفوع',
  `payment_time` varchar(50) DEFAULT NULL COMMENT 'وقت الدفع (مقدم/مؤخر)',
  `guarantees` mediumtext DEFAULT NULL COMMENT 'الضمانات',
  `payment_date` date DEFAULT NULL COMMENT 'تاريخ الدفع',
  `project_id` int(11) NOT NULL DEFAULT 0,
  `project_contract_id` int(11) DEFAULT NULL COMMENT 'معرف عقد المشروع المرتبط',
  `status` tinyint(1) DEFAULT 1 COMMENT '1=نشط, 0=موقوف',
  `pause_reason` mediumtext DEFAULT NULL,
  `pause_date` date DEFAULT NULL COMMENT 'تاريخ إيقاف العقد',
  `resume_date` date DEFAULT NULL COMMENT 'تاريخ استئناف العقد',
  `termination_type` varchar(50) DEFAULT NULL COMMENT 'amicable أو hardship',
  `termination_reason` mediumtext DEFAULT NULL,
  `merged_with` int(11) DEFAULT NULL COMMENT 'معرف العقد المدموج معه'
) ENGINE=InnoDB DEFAULT CHARSET=utf8mb4 COLLATE=utf8mb4_unicode_ci;

--
-- Dumping data for table `supplierscontracts`
--

INSERT INTO `supplierscontracts` (`id`, `company_id`, `supplier_id`, `contract_signing_date`, `grace_period_days`, `contract_duration_months`, `contract_duration_days`, `equip_shifts_contract`, `shift_contract`, `equip_total_contract_daily`, `total_contract_permonth`, `total_contract_units`, `actual_start`, `actual_end`, `transportation`, `accommodation`, `place_for_living`, `workshop`, `equip_type`, `equip_size`, `equip_count`, `equip_target_per_month`, `equip_total_month`, `equip_total_contract`, `mach_type`, `mach_size`, `mach_count`, `mach_target_per_month`, `mach_total_month`, `mach_total_contract`, `hours_monthly_target`, `forecasted_contracted_hours`, `created_at`, `updated_at`, `daily_work_hours`, `daily_operators`, `first_party`, `second_party`, `witness_one`, `witness_two`, `price_currency_contract`, `paid_contract`, `payment_time`, `guarantees`, `payment_date`, `project_id`, `project_contract_id`, `status`, `pause_reason`, `pause_date`, `resume_date`, `termination_type`, `termination_reason`, `merged_with`) VALUES
(1, 4, 1, '2026-04-01', 10, 0, 21, 2, 10, 100, 6000, 6000, '2026-04-10', '2026-05-01', 'مالك المعدة', 'مالك المعدة', 'مالك المعدة', 'مالك المعدة', NULL, NULL, 0, 0, 0, 0, NULL, NULL, 0, 0, 0, 0, 100, 2000, '2026-04-07 12:22:54', '2026-04-25 10:58:15', '20', '3', 'محمد سيد', 'سمير الو الليل', 'سمر الهاني', 'هاني المحامي', 'دولار', '1000', 'مقدم', 'رهن سيارة', '2026-04-20', 1, 1, 1, NULL, '2026-04-25', '2026-04-26', NULL, NULL, NULL),
(2, 4, 3, '2026-04-01', 10, 0, 21, 70, 88, 87, 6, 3, '2026-04-10', '2026-04-30', 'مالك المشروع', 'مالك المعدة', 'مالك المشروع', 'مالك المعدة', NULL, NULL, 0, 0, 0, 0, NULL, NULL, 0, 0, 0, 0, 50, 2300, '2026-04-13 13:19:02', NULL, '20', '36', 'Pariatur Debitis ex', 'Nemo debitis eveniet', 'Non maiores inventor', 'Culpa nemo nisi nih', 'دولار', 'Deleniti est qui nih', 'مقدم', 'Magna quam id delen', '1995-05-14', 2, 2, 1, NULL, NULL, NULL, NULL, NULL, NULL),
(4, 4, 5, '2025-11-25', 5, 0, 151, 2, 10, 20, 600, 3000, '2025-12-01', '2026-04-30', 'مالك المعدة', 'مالك المشروع', 'مالك المشروع', 'مالك المعدة', NULL, NULL, 0, 0, 0, 0, NULL, NULL, 0, 0, 0, 0, 10, 1510, '2026-04-28 10:45:08', '2026-04-28 10:46:57', '20', '1', 'شركة إكوبيشن للإستثمار المحدودة', 'شركة صابركو للإنشاءات الهندسية والمقاولات المحدودة ', 'محمد فيصل محمد صابر', 'يس سيدأحمد محمدالأمين الحسن', 'دولار', '', '', '', '0000-00-00', 4, 5, 1, NULL, NULL, NULL, NULL, NULL, NULL),
(5, 4, 6, '2025-11-26', 4, 0, 151, 2, 10, 20, 600, 3000, '2025-12-01', '2026-04-30', 'مالك المعدة', 'مالك المشروع', 'مالك المشروع', 'مالك المعدة', NULL, NULL, 0, 0, 0, 0, NULL, NULL, 0, 0, 0, 0, 20, 3000, '2026-04-28 10:52:36', NULL, '20', '1', 'شركة إكوبيشن للإستثمار المحدودة', 'عمر هشام فضل المولى أحمد', 'محمد فيصل محمد صابر', 'يس سيدأحمد محمدالأمين الحسن', 'دولار', '', '', '', '0000-00-00', 4, 5, 1, NULL, NULL, NULL, NULL, NULL, NULL),
(6, 4, 8, '2026-04-26', 5, 0, 89, 2, 10, 20, 600, 1800, '2026-05-04', '2026-08-01', 'مالك المعدة', 'مالك المشروع', 'مالك المشروع', 'مالك المعدة', NULL, NULL, 0, 0, 0, 0, NULL, NULL, 0, 0, 0, 0, 10, 890, '2026-05-07 06:22:38', '2026-06-08 11:39:43', '20', '1', '', '', '', '', 'دولار', '', ' مؤخر', '', '2026-08-08', 4, 5, 1, NULL, NULL, NULL, NULL, NULL, NULL),
(7, 4, 7, '2026-05-01', 2, 1, 36, 0, 0, 0, 0, 0, '2026-07-09', '2026-08-14', '', '', '', '', NULL, NULL, 0, 0, 0, 0, NULL, NULL, 0, 0, 0, 0, 80, 2880, '2026-05-12 12:08:27', '2026-06-08 12:09:29', '20', '0', '', '', '', '', 'دولار', '2000', 'مقدم', '', '0000-00-00', 4, 4, 1, NULL, NULL, NULL, NULL, NULL, NULL);

-- --------------------------------------------------------

--
-- Table structure for table `supplier_contract_notes`
--

CREATE TABLE `supplier_contract_notes` (
  `id` int(11) NOT NULL,
  `company_id` int(11) DEFAULT NULL,
  `contract_id` int(11) NOT NULL,
  `note` text NOT NULL,
  `created_at` datetime NOT NULL DEFAULT current_timestamp(),
  `created_by` int(11) DEFAULT NULL
) ENGINE=InnoDB DEFAULT CHARSET=utf8mb4 COLLATE=utf8mb4_unicode_ci;

--
-- Dumping data for table `supplier_contract_notes`
--

INSERT INTO `supplier_contract_notes` (`id`, `company_id`, `contract_id`, `note`, `created_at`, `created_by`) VALUES
(1, NULL, 1, 'تم إيقاف العقد بتاريخ 2026-04-25 - السبب: تعذر سداد', '2026-04-25 10:57:56', NULL),
(2, NULL, 1, 'تم استئناف العقد بتاريخ 2026-04-26 - مدة الإيقاف: 1 يوم (تم تمديد العقد بإضافة 1 يوم إلى تاريخ الانتهاء)', '2026-04-25 10:58:15', NULL),
(3, NULL, 7, 'تم تجديد العقد من 2026-07-09 إلى 2026-08-14 (مدة: 1 شهور / 36 يوم)', '2026-05-13 11:56:16', NULL);

-- --------------------------------------------------------

--
-- Table structure for table `timesheet`
--

CREATE TABLE `timesheet` (
  `id` int(11) NOT NULL,
  `company_id` int(11) DEFAULT NULL,
  `operator` varchar(20) NOT NULL,
  `employee_id` varchar(20) NOT NULL,
  `shift` varchar(100) NOT NULL,
  `date` date NOT NULL,
  `shift_hours` float DEFAULT 0,
  `executed_hours` float DEFAULT 0,
  `bucket_hours` float DEFAULT 0,
  `jackhammer_hours` float DEFAULT 0,
  `extra_hours` float DEFAULT 0,
  `extra_hours_total` float DEFAULT 0,
  `standby_hours` float DEFAULT 0,
  `dependence_hours` float DEFAULT 0,
  `total_work_hours` float DEFAULT 0,
  `work_notes` mediumtext DEFAULT NULL,
  `hr_fault` float DEFAULT 0,
  `maintenance_fault` float DEFAULT 0,
  `marketing_fault` float DEFAULT 0,
  `approval_fault` float DEFAULT 0,
  `other_fault_hours` float DEFAULT 0,
  `total_fault_hours` float DEFAULT 0,
  `fault_notes` mediumtext DEFAULT NULL,
  `start_seconds` int(11) DEFAULT 0,
  `start_minutes` int(11) DEFAULT 0,
  `start_hours` int(11) DEFAULT 0,
  `end_seconds` int(11) DEFAULT 0,
  `end_minutes` int(11) DEFAULT 0,
  `end_hours` int(11) DEFAULT 0,
  `counter_diff` varchar(255) DEFAULT '0',
  `fault_type` varchar(255) DEFAULT NULL,
  `fault_department` varchar(255) DEFAULT NULL,
  `fault_part` varchar(255) DEFAULT NULL,
  `fault_details` mediumtext DEFAULT NULL,
  `general_notes` mediumtext DEFAULT NULL,
  `operator_hours` float DEFAULT 0,
  `machine_standby_hours` float DEFAULT 0,
  `jackhammer_standby_hours` float DEFAULT 0,
  `bucket_standby_hours` float DEFAULT 0,
  `extra_operator_hours` float DEFAULT 0,
  `operator_standby_hours` float DEFAULT 0,
  `operator_notes` mediumtext DEFAULT NULL,
  `tons_count` decimal(10,2) DEFAULT 0.00 COMMENT 'عدد الأطنان - للنوع 2 (القلاب)',
  `trips_count` int(11) DEFAULT 0 COMMENT 'عدد النقلات - للنوع 2 (القلاب)',
  `transport_type` varchar(50) DEFAULT NULL,
  `meters_type` varchar(50) DEFAULT NULL COMMENT 'نوع الأمتار - للنوع 3 (الخرمات)',
  `meters_count` decimal(10,2) DEFAULT 0.00 COMMENT 'عدد الأمتار - للنوع 3 (الخرمات)',
  `drilling_holes_count` int(11) DEFAULT 0,
  `drilling_depth` decimal(10,2) DEFAULT 0.00,
  `type` varchar(20) NOT NULL,
  `user_id` int(11) NOT NULL DEFAULT 0,
  `time_notes` mediumtext NOT NULL,
  `status` tinyint(1) DEFAULT 1,
  `client_uuid` varchar(64) DEFAULT NULL,
  `updated_at` timestamp NOT NULL DEFAULT current_timestamp() ON UPDATE current_timestamp()
) ENGINE=InnoDB DEFAULT CHARSET=utf8mb4 COLLATE=utf8mb4_unicode_ci;

--
-- Dumping data for table `timesheet`
--

INSERT INTO `timesheet` (`id`, `company_id`, `operator`, `employee_id`, `shift`, `date`, `shift_hours`, `executed_hours`, `bucket_hours`, `jackhammer_hours`, `extra_hours`, `extra_hours_total`, `standby_hours`, `dependence_hours`, `total_work_hours`, `work_notes`, `hr_fault`, `maintenance_fault`, `marketing_fault`, `approval_fault`, `other_fault_hours`, `total_fault_hours`, `fault_notes`, `start_seconds`, `start_minutes`, `start_hours`, `end_seconds`, `end_minutes`, `end_hours`, `counter_diff`, `fault_type`, `fault_department`, `fault_part`, `fault_details`, `general_notes`, `operator_hours`, `machine_standby_hours`, `jackhammer_standby_hours`, `bucket_standby_hours`, `extra_operator_hours`, `operator_standby_hours`, `operator_notes`, `tons_count`, `trips_count`, `transport_type`, `meters_type`, `meters_count`, `drilling_holes_count`, `drilling_depth`, `type`, `user_id`, `time_notes`, `status`, `client_uuid`, `updated_at`) VALUES
(34, 4, '5', '8', 'D', '2026-10-01', 10, 8, 0, 0, 0, 0, 2, 0, 10, '', 0, 0, 0, 0, 0, 0, '', 0, 0, 0, 0, 0, 0, '8 ساعة 0 دقيقة 0 ثانية', '', '', '', '', '', 8, 2, 0, 0, 0, 0, '', 0.00, 0, NULL, NULL, 0.00, 0, 0.00, '1', 9, 'لاتوجد ملاحظات', 1, NULL, '2026-06-07 16:40:20'),
(35, 4, '5', '9', 'N', '2026-10-01', 10, 8, 0, 0, 0, 0, 2, 0, 10, '', 0, 0, 0, 0, 0, 0, '', 0, 0, 0, 0, 0, 0, '8 ساعة 0 دقيقة 0 ثانية', '', '', '', '', '', 8, 2, 0, 0, 0, 0, '', 0.00, 0, NULL, NULL, 0.00, 0, 0.00, '1', 9, 'لاتوجد ملاحظات', 1, NULL, '2026-06-07 16:40:20'),
(36, 4, '5', '8', 'D', '2026-10-02', 10, 7, 0, 0, 0, 0, 3, 0, 10, '', 0, 0, 0, 0, 0, 0, '', 0, 0, 0, 0, 0, 0, '7 ساعة 0 دقيقة 0 ثانية', '', '', '', '', '', 7, 3, 0, 0, 0, 0, '', 0.00, 0, NULL, NULL, 0.00, 0, 0.00, '1', 9, 'لاتوجد ملاحظات', 1, NULL, '2026-06-07 16:40:20'),
(37, 4, '5', '12', 'N', '2026-10-02', 10, 9, 0, 0, 0, 0, 1, 0, 10, '', 0, 0, 0, 0, 0, 0, '', 0, 0, 0, 0, 0, 0, '9 ساعة 0 دقيقة 0 ثانية', '', '', '', '', '', 9, 1, 0, 0, 0, 0, '', 0.00, 0, NULL, NULL, 0.00, 0, 0.00, '1', 9, 'لاتوجد ملاحظات', 1, NULL, '2026-06-07 16:40:20'),
(38, 4, '5', '8', 'D', '2026-10-03', 10, 7, 0, 0, 0, 0, 3, 0, 10, '', 0, 0, 0, 0, 0, 0, '', 0, 0, 0, 0, 0, 0, '7 ساعة 0 دقيقة 0 ثانية', '', '', '', '', '', 7, 3, 0, 0, 0, 0, '', 0.00, 0, NULL, NULL, 0.00, 0, 0.00, '1', 9, 'لاتوجد ملاحظات', 1, NULL, '2026-06-07 16:40:20'),
(39, 4, '5', '8', 'N', '2026-10-03', 10, 8, 0, 0, 0, 0, 1, 0, 9, '', 1, 0, 0, 0, 0, 1, '', 0, 0, 0, 0, 0, 0, '8 ساعة 0 دقيقة 0 ثانية', 'عطل', '', '', '', '', 8, 1, 0, 0, 0, 0, '', 0.00, 0, NULL, NULL, 0.00, 0, 0.00, '1', 9, 'لاتوجد ملاحظات', 1, NULL, '2026-06-07 16:40:20'),
(40, 4, '5', '8', 'D', '2026-10-04', 10, 6, 0, 0, 0, 0, 4, 0, 10, '', 0, 0, 0, 0, 0, 0, '', 0, 0, 0, 0, 0, 0, '6 ساعة 0 دقيقة 0 ثانية', '', '', '', '', '', 6, 4, 0, 0, 0, 0, '', 0.00, 0, NULL, NULL, 0.00, 0, 0.00, '1', 9, 'لاتوجد ملاحظات', 1, NULL, '2026-06-07 16:40:20'),
(41, 4, '5', '12', 'N', '2026-10-04', 10, 9, 0, 0, 0, 0, 1, 0, 10, '', 0, 0, 0, 0, 0, 0, '', 0, 0, 0, 0, 0, 0, '9 ساعة 0 دقيقة 0 ثانية', '', '', '', '', '', 9, 1, 0, 0, 0, 0, '', 0.00, 0, NULL, NULL, 0.00, 0, 0.00, '1', 9, 'لاتوجد ملاحظات', 1, NULL, '2026-06-07 16:40:20'),
(42, 4, '5', '8', 'D', '2026-10-05', 10, 7, 0, 0, 0, 0, 3, 0, 10, '', 0, 0, 0, 0, 0, 0, '', 0, 0, 0, 0, 0, 0, '7 ساعة 0 دقيقة 0 ثانية', '', '', '', '', '', 7, 3, 0, 0, 0, 0, '', 0.00, 0, NULL, NULL, 0.00, 0, 0.00, '1', 9, 'لاتوجد ملاحظات', 1, NULL, '2026-06-07 16:40:20'),
(43, 4, '5', '12', 'N', '2026-10-05', 10, 9, 0, 0, 0, 0, 1, 0, 10, '', 0, 0, 0, 0, 0, 0, '', 0, 0, 0, 0, 0, 0, '9 ساعة 0 دقيقة 0 ثانية', '', '', '', '', '', 9, 1, 0, 0, 0, 0, '', 0.00, 0, NULL, NULL, 0.00, 0, 0.00, '1', 9, 'لاتوجد ملاحظات', 1, NULL, '2026-06-07 16:40:20'),
(44, 4, '5', '11', 'D', '2026-10-06', 10, 7, 0, 0, 0, 0, 3, 0, 10, '', 0, 0, 0, 0, 0, 0, '', 0, 0, 0, 0, 0, 0, '7 ساعة 0 دقيقة 0 ثانية', '', '', '', '', '', 7, 3, 0, 0, 0, 0, '', 0.00, 0, NULL, NULL, 0.00, 0, 0.00, '1', 9, 'لاتوجد ملاحظات', 1, NULL, '2026-06-07 16:40:20'),
(45, 4, '5', '8', 'N', '2026-10-06', 10, 8, 0, 0, 0, 0, 2, 0, 10, '', 0, 0, 0, 0, 0, 0, '', 0, 0, 0, 0, 0, 0, '17 ساعة 0 دقيقة 0 ثانية', '', '', '', '', '', 8, 2, 0, 0, 0, 0, '', 0.00, 0, NULL, NULL, 0.00, 0, 0.00, '1', 9, 'لاتوجد ملاحظات', 1, NULL, '2026-06-07 16:40:20'),
(46, 4, '5', '9', 'D', '2026-10-07', 10, 7, 0, 0, 0, 0, 3, 0, 10, '', 0, 0, 0, 0, 0, 0, '', 0, 0, 0, 0, 0, 0, '7 ساعة 0 دقيقة 0 ثانية', '', '', '', '', '', 7, 3, 0, 0, 0, 0, '', 0.00, 0, NULL, NULL, 0.00, 0, 0.00, '1', 9, 'لاتوجد ملاحظات', 1, NULL, '2026-06-07 16:40:20'),
(47, 4, '5', '10', 'N', '2026-10-07', 10, 9, 0, 0, 0, 0, 1, 0, 10, '', 0, 0, 0, 0, 0, 0, '', 0, 0, 0, 0, 0, 0, '9 ساعة 0 دقيقة 0 ثانية', '', '', '', '', '', 9, 1, 0, 0, 0, 0, '', 0.00, 0, NULL, NULL, 0.00, 0, 0.00, '1', 9, 'لاتوجد ملاحظات', 1, NULL, '2026-06-07 16:40:20'),
(48, 4, '5', '9', 'D', '2026-10-08', 10, 6, 0, 0, 0, 0, 4, 0, 10, '', 0, 0, 0, 0, 0, 0, '', 0, 0, 0, 0, 0, 0, '6 ساعة 0 دقيقة 0 ثانية', '', '', '', '', '', 6, 4, 0, 0, 0, 0, '', 0.00, 0, NULL, NULL, 0.00, 0, 0.00, '1', 9, 'لاتوجد ملاحظات', 1, NULL, '2026-06-07 16:40:20'),
(49, 4, '5', '10', 'N', '2026-10-08', 10, 9, 0, 0, 0, 0, 1, 0, 10, '', 0, 0, 0, 0, 0, 0, '', 0, 0, 0, 0, 0, 0, '9 ساعة 0 دقيقة 0 ثانية', '', '', '', '', '', 9, 1, 0, 0, 0, 0, '', 0.00, 0, NULL, NULL, 0.00, 0, 0.00, '1', 9, 'لاتوجد ملاحظات', 1, NULL, '2026-06-07 16:40:20'),
(50, 4, '5', '11', 'D', '2026-10-09', 10, 8, 0, 0, 0, 0, 2, 0, 10, '', 0, 0, 0, 0, 0, 0, '', 0, 0, 0, 0, 0, 0, '8 ساعة 0 دقيقة 0 ثانية', '', '', '', '', '', 8, 2, 0, 0, 0, 0, '', 0.00, 0, NULL, NULL, 0.00, 0, 0.00, '1', 9, 'لاتوجد ملاحظات', 1, NULL, '2026-06-07 16:40:20'),
(51, 4, '5', '12', 'N', '2026-10-09', 10, 0, 0, 0, 0, 0, 0, 0, 0, '', 0, 10, 0, 0, 0, 10, '', 0, 0, 0, 0, 0, 0, '0 ساعة 0 دقيقة 0 ثانية', 'عطل', '', '', '', '', 0, 0, 0, 0, 0, 0, '', 0.00, 0, NULL, NULL, 0.00, 0, 0.00, '1', 9, 'لاتوجد ملاحظات', 1, NULL, '2026-06-07 16:40:20'),
(52, 4, '5', '12', 'D', '2026-10-10', 10, 0, 0, 0, 0, 0, 0, 0, 0, '', 0, 10, 0, 0, 0, 10, '', 0, 0, 0, 0, 0, 0, '0 ساعة 0 دقيقة 0 ثانية', 'عطل', '', '', '', '', 0, 0, 0, 0, 0, 0, '', 0.00, 0, NULL, NULL, 0.00, 0, 0.00, '1', 9, 'لاتوجد ملاحظات', 1, NULL, '2026-06-07 16:40:20'),
(53, 4, '5', '8', 'N', '2026-10-10', 10, 0, 0, 0, 0, 0, 0, 0, 0, '', 0, 10, 0, 0, 0, 10, '', 0, 0, 0, 0, 0, 0, '0 ساعة 0 دقيقة 0 ثانية', 'عطل', '', '', '', '', 0, 0, 0, 0, 0, 0, '', 0.00, 0, NULL, NULL, 0.00, 0, 0.00, '1', 9, 'لاتوجد ملاحظات', 1, NULL, '2026-06-07 16:40:20'),
(54, 4, '5', '12', 'D', '2026-10-11', 10, 0, 0, 0, 0, 0, 0, 0, 0, '', 0, 10, 0, 0, 0, 10, '', 0, 0, 0, 0, 0, 0, '0 ساعة 0 دقيقة 0 ثانية', 'عطل', '', '', '', '', 0, 0, 0, 0, 0, 0, '', 0.00, 0, NULL, NULL, 0.00, 0, 0.00, '1', 9, 'لاتوجد ملاحظات', 1, NULL, '2026-06-07 16:40:20'),
(55, 4, '5', '11', 'N', '2026-10-11', 10, 0, 0, 0, 0, 0, 0, 0, 0, '', 0, 10, 0, 0, 0, 10, '', 0, 0, 0, 0, 0, 0, '0 ساعة 0 دقيقة 0 ثانية', 'عطل', '', '', '', '', 0, 0, 0, 0, 0, 0, '', 0.00, 0, NULL, NULL, 0.00, 0, 0.00, '1', 9, 'لاتوجد ملاحظات', 1, NULL, '2026-06-07 16:40:20'),
(56, 4, '5', '', 'D', '2026-10-12', 10, 0, 0, 0, 0, 0, 0, 0, 0, '', 0, 10, 0, 0, 0, 10, '', 0, 0, 0, 0, 0, 0, '0 ساعة 0 دقيقة 0 ثانية', 'عطل', '', '', '', '', 0, 0, 0, 0, 0, 0, '', 0.00, 0, NULL, NULL, 0.00, 0, 0.00, '1', 9, 'لاتوجد ملاحظات', 1, NULL, '2026-06-07 16:40:20'),
(57, 4, '5', '12', 'N', '2026-10-12', 10, 0, 0, 0, 0, 0, 0, 0, 0, '', 0, 10, 0, 0, 0, 10, '', 0, 0, 0, 0, 0, 0, '0 ساعة 0 دقيقة 0 ثانية', 'عطل', '', '', '', '', 0, 0, 0, 0, 0, 0, '', 0.00, 0, NULL, NULL, 0.00, 0, 0.00, '1', 9, 'لاتوجد ملاحظات', 1, NULL, '2026-06-07 16:40:20'),
(58, 4, '5', '10', 'D', '2026-10-13', 10, 0, 0, 0, 0, 0, 0, 0, 0, '', 0, 10, 0, 0, 0, 10, '', 0, 0, 0, 0, 0, 0, '0 ساعة 0 دقيقة 0 ثانية', 'عطل', '', '', '', '', 0, 0, 0, 0, 0, 0, '', 0.00, 0, NULL, NULL, 0.00, 0, 0.00, '1', 9, 'لاتوجد ملاحظات', 1, NULL, '2026-06-07 16:40:20'),
(59, 4, '5', '8', 'N', '2026-10-13', 10, 0, 0, 0, 0, 0, 0, 0, 0, '', 0, 10, 0, 0, 0, 10, '', 0, 0, 0, 0, 0, 0, '0 ساعة 0 دقيقة 0 ثانية', 'عطل', '', '', '', '', 0, 0, 0, 0, 0, 0, '', 0.00, 0, NULL, NULL, 0.00, 0, 0.00, '1', 9, 'لاتوجد ملاحظات', 1, NULL, '2026-06-07 16:40:20'),
(60, 4, '5', '8', 'D', '2026-10-14', 10, 0, 0, 0, 0, 0, 0, 0, 0, '', 0, 10, 0, 0, 0, 10, '', 0, 0, 0, 0, 0, 0, '0 ساعة 0 دقيقة 0 ثانية', 'عطل', '', '', '', '', 0, 0, 0, 0, 0, 0, '', 0.00, 0, NULL, NULL, 0.00, 0, 0.00, '1', 9, 'لاتوجد ملاحظات', 1, NULL, '2026-06-07 16:40:20'),
(61, 4, '5', '10', 'N', '2026-10-14', 10, 0, 0, 0, 0, 0, 0, 0, 0, '', 0, 10, 0, 0, 0, 10, '', 0, 0, 0, 0, 0, 0, '0 ساعة 0 دقيقة 0 ثانية', 'عطل', '', '', '', '', 0, 0, 0, 0, 0, 0, '', 0.00, 0, NULL, NULL, 0.00, 0, 0.00, '1', 9, 'لاتوجد ملاحظات', 1, NULL, '2026-06-07 16:40:20'),
(62, 4, '5', '9', 'D', '2026-10-15', 10, 0, 0, 0, 0, 0, 0, 0, 0, '', 0, 10, 0, 0, 0, 10, '', 0, 0, 0, 0, 0, 0, '0 ساعة 0 دقيقة 0 ثانية', 'عطل', '', '', '', '', 0, 0, 0, 0, 0, 0, '', 0.00, 0, NULL, NULL, 0.00, 0, 0.00, '1', 9, 'لاتوجد ملاحظات', 1, NULL, '2026-06-07 16:40:20'),
(63, 4, '5', '11', 'N', '2026-10-15', 10, 0, 0, 0, 0, 0, 0, 0, 0, '', 0, 10, 0, 0, 0, 10, '', 0, 0, 0, 0, 0, 0, '0 ساعة 0 دقيقة 0 ثانية', 'عطل', '', '', '', '', 0, 0, 0, 0, 0, 0, '', 0.00, 0, NULL, NULL, 0.00, 0, 0.00, '1', 9, 'لاتوجد ملاحظات', 1, NULL, '2026-06-07 16:40:20'),
(64, 4, '5', '10', 'D', '2026-10-16', 10, 0, 0, 0, 0, 0, 0, 0, 0, '', 0, 10, 0, 0, 0, 10, '', 0, 0, 0, 0, 0, 0, '0 ساعة 0 دقيقة 0 ثانية', 'عطل', '', '', '', '', 0, 0, 0, 0, 0, 0, '', 0.00, 0, NULL, NULL, 0.00, 0, 0.00, '1', 9, 'لاتوجد ملاحظات', 1, NULL, '2026-06-07 16:40:20'),
(65, 4, '5', '10', 'N', '2026-10-16', 10, 2, 0, 0, 0, 0, 0.5, 0, 2.5, '', 0, 7.5, 0, 0, 0, 7.5, '', 0, 0, 0, 0, 0, 0, '0 ساعة 0 دقيقة 0 ثانية', 'عطل', '', '', '', '', 2, 0.5, 0, 0, 0, 0, '', 0.00, 0, NULL, NULL, 0.00, 0, 0.00, '1', 9, 'لاتوجد ملاحظات', 1, NULL, '2026-06-07 16:40:20'),
(66, 4, '5', '10', 'D', '2026-10-17', 10, 6, 0, 0, 0, 0, 3, 1, 9, '', 0, 0, 0, 0, 0, 1, 'لعدم توفر قلابات', 0, 0, 0, 0, 0, 0, '6 ساعة 0 دقيقة 0 ثانية', 'عطل', '', '', '', '', 6, 3, 0, 0, 0, 0, '', 0.00, 0, NULL, NULL, 0.00, 0, 0.00, '1', 9, 'لاتوجد ملاحظات', 1, NULL, '2026-06-07 16:40:20'),
(67, 4, '5', '8', 'N', '2026-10-17', 10, 5, 0, 0, 0, 0, 0, 0, 5, '', 5, 0, 0, 0, 0, 5, '', 0, 0, 0, 0, 0, 0, '5 ساعة 0 دقيقة 0 ثانية', 'عطل', '', '', '', '', 5, 0, 0, 0, 0, 0, '', 0.00, 0, NULL, NULL, 0.00, 0, 0.00, '1', 9, 'لاتوجد ملاحظات', 1, NULL, '2026-06-07 16:40:20'),
(68, 4, '5', '9', 'D', '2026-10-18', 10, 7, 0, 0, 0, 0, 3, 0, 10, '', 0, 0, 0, 0, 0, 0, '', 0, 0, 0, 0, 0, 0, '7 ساعة 0 دقيقة 0 ثانية', '', '', '', '', '', 7, 3, 0, 0, 0, 0, '', 0.00, 0, NULL, NULL, 0.00, 0, 0.00, '1', 9, 'لاتوجد ملاحظات', 1, NULL, '2026-06-07 16:40:20'),
(69, 4, '5', '9', 'N', '2026-10-18', 10, 9, 0, 0, 0, 0, 1, 0, 10, '', 0, 0, 0, 0, 0, 0, '', 0, 0, 0, 0, 0, 0, '9 ساعة 0 دقيقة 0 ثانية', '', '', '', '', '', 9, 1, 0, 0, 0, 0, '', 0.00, 0, NULL, NULL, 0.00, 0, 0.00, '1', 9, 'لاتوجد ملاحظات', 1, NULL, '2026-06-07 16:40:20'),
(70, 4, '5', '11', 'D', '2026-10-19', 10, 8, 0, 0, 0, 0, 2, 0, 10, '', 0, 0, 0, 0, 0, 0, '', 0, 0, 0, 0, 0, 0, '8 ساعة 0 دقيقة 0 ثانية', '', '', '', '', '', 8, 2, 0, 0, 0, 0, '', 0.00, 0, NULL, NULL, 0.00, 0, 0.00, '1', 9, 'لاتوجد ملاحظات', 1, NULL, '2026-06-07 16:40:20'),
(71, 4, '5', '12', 'N', '2026-10-19', 10, 8, 0, 0, 0, 0, 2, 0, 10, '', 0, 0, 0, 0, 0, 0, '', 0, 0, 0, 0, 0, 0, '8 ساعة 0 دقيقة 0 ثانية', '', '', '', '', '', 8, 2, 0, 0, 0, 0, '', 0.00, 0, NULL, NULL, 0.00, 0, 0.00, '1', 9, 'لاتوجد ملاحظات', 1, NULL, '2026-06-07 16:40:20'),
(72, 4, '5', '10', 'D', '2026-10-20', 10, 8, 0, 0, 0, 0, 1.5, 0, 9.5, '', 0.5, 0, 0, 0, 0, 0.5, '', 0, 0, 0, 0, 0, 0, '8 ساعة 0 دقيقة 0 ثانية', 'عطل', '', '', '', '', 8, 1.5, 0, 0, 0, 0, '', 0.00, 0, NULL, NULL, 0.00, 0, 0.00, '1', 9, 'لاتوجد ملاحظات', 1, NULL, '2026-06-07 16:40:20'),
(73, 4, '5', '8', 'N', '2026-10-20', 10, 9, 0, 0, 0, 0, 1, 0, 10, '', 0, 0, 0, 0, 0, 0, '', 0, 0, 0, 0, 0, 0, '9 ساعة 0 دقيقة 0 ثانية', '', '', '', '', '', 9, 1, 0, 0, 0, 0, '', 0.00, 0, NULL, NULL, 0.00, 0, 0.00, '1', 9, 'لاتوجد ملاحظات', 1, NULL, '2026-06-07 16:40:20'),
(74, 4, '5', '8', 'D', '2026-10-21', 10, 8, 0, 0, 0, 0, 2, 0, 10, '', 0, 0, 0, 0, 0, 0, '', 0, 0, 0, 0, 0, 0, '8 ساعة 0 دقيقة 0 ثانية', '', '', '', '', '', 8, 2, 0, 0, 0, 0, '', 0.00, 0, NULL, NULL, 0.00, 0, 0.00, '1', 9, 'لاتوجد ملاحظات', 1, NULL, '2026-06-07 16:40:20'),
(75, 4, '5', '11', 'N', '2026-10-21', 10, 8, 0, 0, 0, 0, 2, 0, 10, '', 0, 0, 0, 0, 0, 0, '', 0, 0, 0, 0, 0, 0, '8 ساعة 0 دقيقة 0 ثانية', '', '', '', '', '', 8, 2, 0, 0, 0, 0, '', 0.00, 0, NULL, NULL, 0.00, 0, 0.00, '1', 9, 'لاتوجد ملاحظات', 1, NULL, '2026-06-07 16:40:20'),
(76, 4, '5', '9', 'D', '2026-10-22', 10, 4, 0, 0, 0, 0, 1, 0, 5, '', 0, 5, 0, 0, 0, 5, '', 0, 0, 0, 0, 0, 0, '4 ساعة 0 دقيقة 0 ثانية', 'عطل', '', '', '', '', 4, 1, 0, 0, 0, 0, '', 0.00, 0, NULL, NULL, 0.00, 0, 0.00, '1', 9, 'لاتوجد ملاحظات', 1, NULL, '2026-06-07 16:40:20'),
(77, 4, '5', '12', 'N', '2026-10-22', 10, 0, 0, 0, 0, 0, 0, 0, 0, '', 0, 10, 0, 0, 0, 10, '', 0, 0, 0, 0, 0, 0, '0 ساعة 0 دقيقة 0 ثانية', 'عطل', '', '', '', '', 0, 0, 0, 0, 0, 0, '', 0.00, 0, NULL, NULL, 0.00, 0, 0.00, '1', 9, 'لاتوجد ملاحظات', 1, NULL, '2026-06-07 16:40:20'),
(78, 4, '5', '10', 'D', '2026-10-23', 10, 0, 0, 0, 0, 0, 0, 0, 0, '', 0, 10, 0, 0, 0, 10, '', 0, 0, 0, 0, 0, 0, '0 ساعة 0 دقيقة 0 ثانية', 'عطل', '', '', '', '', 0, 0, 0, 0, 0, 0, '', 0.00, 0, NULL, NULL, 0.00, 0, 0.00, '1', 9, 'لاتوجد ملاحظات', 1, NULL, '2026-06-07 16:40:20'),
(79, 4, '5', '11', 'N', '2026-10-23', 10, 0, 0, 0, 0, 0, 0, 0, 0, '', 0, 10, 0, 0, 0, 10, '', 0, 0, 0, 0, 0, 0, '0 ساعة 0 دقيقة 0 ثانية', 'عطل', '', '', '', '', 0, 0, 0, 0, 0, 0, '', 0.00, 0, NULL, NULL, 0.00, 0, 0.00, '1', 9, 'لاتوجد ملاحظات', 1, NULL, '2026-06-07 16:40:20'),
(80, 4, '5', '11', 'D', '2026-10-24', 10, 0, 0, 0, 0, 0, 0, 0, 0, '', 0, 10, 0, 0, 0, 10, '', 0, 0, 0, 0, 0, 0, '0 ساعة 0 دقيقة 0 ثانية', 'عطل', '', '', '', '', 0, 0, 0, 0, 0, 0, '', 0.00, 0, NULL, NULL, 0.00, 0, 0.00, '1', 9, 'لاتوجد ملاحظات', 1, NULL, '2026-06-07 16:40:20'),
(81, 4, '5', '9', 'N', '2026-10-24', 10, 0, 0, 0, 0, 0, 0, 0, 0, '', 0, 10, 0, 0, 0, 10, '', 0, 0, 0, 0, 0, 0, '0 ساعة 0 دقيقة 0 ثانية', 'عطل', '', '', '', '', 0, 0, 0, 0, 0, 0, '', 0.00, 0, NULL, NULL, 0.00, 0, 0.00, '1', 9, 'لاتوجد ملاحظات', 1, NULL, '2026-06-07 16:40:20'),
(82, 4, '5', '12', 'D', '2026-10-25', 10, 0, 0, 0, 0, 0, 0, 0, 0, '', 0, 10, 0, 0, 0, 10, '', 0, 0, 0, 0, 0, 0, '0 ساعة 0 دقيقة 0 ثانية', 'عطل', '', '', '', '', 0, 0, 0, 0, 0, 0, '', 0.00, 0, NULL, NULL, 0.00, 0, 0.00, '1', 9, 'لاتوجد ملاحظات', 1, NULL, '2026-06-07 16:40:20'),
(83, 4, '5', '12', 'N', '2026-10-25', 10, 0, 0, 0, 0, 0, 0, 0, 0, '', 0, 10, 0, 0, 0, 10, '', 0, 0, 0, 0, 0, 0, '0 ساعة 0 دقيقة 0 ثانية', 'عطل', '', '', '', '', 0, 0, 0, 0, 0, 0, '', 0.00, 0, NULL, NULL, 0.00, 0, 0.00, '1', 9, 'لاتوجد ملاحظات', 1, NULL, '2026-06-07 16:40:20'),
(84, 4, '5', '12', 'D', '2026-10-26', 10, 0, 0, 0, 0, 0, 0, 0, 0, '', 0, 10, 0, 0, 0, 10, '', 0, 0, 0, 0, 0, 0, '0 ساعة 0 دقيقة 0 ثانية', 'عطل', '', '', '', '', 0, 0, 0, 0, 0, 0, '', 0.00, 0, NULL, NULL, 0.00, 0, 0.00, '1', 9, 'لاتوجد ملاحظات', 1, NULL, '2026-06-07 16:40:20'),
(85, 4, '5', '9', 'N', '2026-10-26', 10, 0, 0, 0, 0, 0, 0, 0, 0, '', 0, 10, 0, 0, 0, 10, '', 0, 0, 0, 0, 0, 0, '0 ساعة 0 دقيقة 0 ثانية', 'عطل', '', '', '', '', 0, 0, 0, 0, 0, 0, '', 0.00, 0, NULL, NULL, 0.00, 0, 0.00, '1', 9, 'لاتوجد ملاحظات', 1, NULL, '2026-06-07 16:40:20'),
(86, 4, '5', '9', 'D', '2026-10-27', 10, 0, 0, 0, 0, 0, 0, 0, 0, '', 0, 10, 0, 0, 0, 10, '', 0, 0, 0, 0, 0, 0, '0 ساعة 0 دقيقة 0 ثانية', 'عطل', '', '', '', '', 0, 0, 0, 0, 0, 0, '', 0.00, 0, NULL, NULL, 0.00, 0, 0.00, '1', 9, 'لاتوجد ملاحظات', 1, NULL, '2026-06-07 16:40:20'),
(87, 4, '5', '8', 'N', '2026-10-27', 10, 0, 0, 0, 0, 0, 0, 0, 0, '', 0, 10, 0, 0, 0, 10, '', 0, 0, 0, 0, 0, 0, '0 ساعة 0 دقيقة 0 ثانية', 'عطل', '', '', '', '', 0, 0, 0, 0, 0, 0, '', 0.00, 0, NULL, NULL, 0.00, 0, 0.00, '1', 9, 'لاتوجد ملاحظات', 1, NULL, '2026-06-07 16:40:20'),
(88, 4, '5', '8', 'D', '2026-10-28', 10, 0, 0, 0, 0, 0, 0, 0, 0, '', 0, 10, 0, 0, 0, 10, '', 0, 0, 0, 0, 0, 0, '0 ساعة 0 دقيقة 0 ثانية', 'عطل', '', '', '', '', 0, 0, 0, 0, 0, 0, '', 0.00, 0, NULL, NULL, 0.00, 0, 0.00, '1', 9, 'لاتوجد ملاحظات', 1, NULL, '2026-06-07 16:40:20'),
(89, 4, '5', '9', 'N', '2026-10-28', 10, 5, 0, 0, 0, 0, 1.5, 0, 6.5, '', 0, 3.5, 0, 0, 0, 3.5, '', 0, 0, 0, 0, 0, 0, '9 ساعة 0 دقيقة 0 ثانية', 'عطل', '', '', '', '', 5, 1.5, 0, 0, 0, 0, '', 0.00, 0, NULL, NULL, 0.00, 0, 0.00, '1', 9, 'لاتوجد ملاحظات', 1, NULL, '2026-06-07 16:40:20'),
(90, 4, '5', '11', 'D', '2026-10-29', 10, 7, 0, 0, 0, 0, 3, 0, 10, '', 0, 0, 0, 0, 0, 0, '', 0, 0, 0, 0, 0, 0, '7 ساعة 0 دقيقة 0 ثانية', '', '', '', '', '', 7, 3, 0, 0, 0, 0, '', 0.00, 0, NULL, NULL, 0.00, 0, 0.00, '1', 9, 'لاتوجد ملاحظات', 1, NULL, '2026-06-07 16:40:20'),
(91, 4, '5', '11', 'N', '2026-10-29', 10, 8, 0, 0, 0, 0, 2, 0, 10, '', 0, 0, 0, 0, 0, 0, '', 0, 0, 0, 0, 0, 0, '8 ساعة 0 دقيقة 0 ثانية', '', '', '', '', '', 8, 2, 0, 0, 0, 0, '', 0.00, 0, NULL, NULL, 0.00, 0, 0.00, '1', 9, 'لاتوجد ملاحظات', 1, NULL, '2026-06-07 16:40:20'),
(92, 4, '5', '11', 'D', '2026-10-30', 10, 7, 0, 0, 0, 0, 2.5, 0, 9.5, '', 0.5, 0, 0, 0, 0, 0.5, '', 0, 0, 0, 0, 0, 0, '7 ساعة 0 دقيقة 0 ثانية', 'عطل', '', '', '', '', 7, 2.5, 0, 0, 0, 0, '', 0.00, 0, NULL, NULL, 0.00, 0, 0.00, '1', 9, 'لاتوجد ملاحظات', 1, NULL, '2026-06-07 16:40:20'),
(93, 4, '5', '12', 'N', '2026-10-30', 10, 8, 0, 0, 0, 0, 2, 0, 10, '', 0, 0, 0, 0, 0, 0, '', 0, 0, 0, 0, 0, 0, '8 ساعة 0 دقيقة 0 ثانية', '', '', '', '', '', 8, 2, 0, 0, 0, 0, '', 0.00, 0, NULL, NULL, 0.00, 0, 0.00, '1', 9, 'لاتوجد ملاحظات', 1, NULL, '2026-06-07 16:40:20'),
(94, 4, '5', '8', 'D', '2026-10-31', 10, 8, 0, 0, 0, 0, 2, 0, 10, '', 0, 0, 0, 0, 0, 0, '', 0, 0, 0, 0, 0, 0, '8 ساعة 0 دقيقة 0 ثانية', '', '', '', '', '', 8, 2, 0, 0, 0, 0, '', 0.00, 0, NULL, NULL, 0.00, 0, 0.00, '1', 9, 'لاتوجد ملاحظات', 1, NULL, '2026-06-07 16:40:20'),
(95, 4, '5', '8', 'N', '2026-10-31', 10, 8, 0, 0, 0, 0, 1, 0, 9, '', 1, 0, 0, 0, 0, 1, '', 0, 0, 0, 0, 0, 0, '8 ساعة 0 دقيقة 0 ثانية', 'عطل', '', '', '', '', 8, 1, 0, 0, 0, 0, '', 0.00, 0, NULL, NULL, 0.00, 0, 0.00, '1', 9, 'لاتوجد ملاحظات', 1, NULL, '2026-06-07 16:40:20'),
(96, 4, '5', '12', 'D', '2026-11-01', 10, 7, 0, 0, 0, 0, 3, 0, 10, '', 0, 0, 0, 0, 0, 0, '', 0, 0, 0, 0, 0, 0, '7 ساعة 0 دقيقة 0 ثانية', '', '', '', '', '', 7, 3, 0, 0, 0, 0, '', 0.00, 0, NULL, NULL, 0.00, 0, 0.00, '1', 9, 'لاتوجد ملاحظات', 1, NULL, '2026-06-07 16:40:20'),
(97, 4, '5', '10', 'N', '2026-11-01', 10, 8, 0, 0, 0, 0, 2, 0, 10, '', 0, 0, 0, 0, 0, 0, '', 0, 0, 0, 0, 0, 0, '8 ساعة 0 دقيقة 0 ثانية', '', '', '', '', '', 8, 2, 0, 0, 0, 0, '', 0.00, 0, NULL, NULL, 0.00, 0, 0.00, '1', 9, 'لاتوجد ملاحظات', 1, NULL, '2026-06-07 16:40:20'),
(98, 4, '5', '11', 'D', '2026-11-02', 10, 8, 0, 0, 0, 0, 2, 0, 10, '', 0, 0, 0, 0, 0, 0, '', 0, 0, 0, 0, 0, 0, '8 ساعة 0 دقيقة 0 ثانية', '', '', '', '', '', 8, 2, 0, 0, 0, 0, '', 0.00, 0, NULL, NULL, 0.00, 0, 0.00, '1', 9, 'لاتوجد ملاحظات', 1, NULL, '2026-06-07 16:40:20'),
(99, 4, '5', '8', 'N', '2026-11-02', 10, 8, 0, 0, 0, 0, 2, 0, 10, '', 0, 0, 0, 0, 0, 0, '', 0, 0, 0, 0, 0, 0, '8 ساعة 0 دقيقة 0 ثانية', '', '', '', '', '', 8, 2, 0, 0, 0, 0, '', 0.00, 0, NULL, NULL, 0.00, 0, 0.00, '1', 9, 'لاتوجد ملاحظات', 1, NULL, '2026-06-07 16:40:20'),
(100, 4, '5', '10', 'D', '2026-11-03', 10, 8, 0, 0, 0, 0, 2, 0, 10, '', 0, 0, 0, 0, 0, 0, '', 0, 0, 0, 0, 0, 0, '8 ساعة 0 دقيقة 0 ثانية', '', '', '', '', '', 8, 2, 0, 0, 0, 0, '', 0.00, 0, NULL, NULL, 0.00, 0, 0.00, '1', 9, 'لاتوجد ملاحظات', 1, NULL, '2026-06-07 16:40:20'),
(101, 4, '5', '9', 'N', '2026-11-03', 10, 8, 0, 0, 0, 0, 2, 0, 10, '', 0, 0, 0, 0, 0, 0, '', 0, 0, 0, 0, 0, 0, '8 ساعة 0 دقيقة 0 ثانية', '', '', '', '', '', 8, 2, 0, 0, 0, 0, '', 0.00, 0, NULL, NULL, 0.00, 0, 0.00, '1', 9, 'لاتوجد ملاحظات', 1, NULL, '2026-06-07 16:40:20'),
(102, 4, '5', '8', 'D', '2026-11-04', 10, 7, 0, 0, 0, 0, 3, 0, 10, '', 0, 0, 0, 0, 0, 0, '', 0, 0, 0, 0, 0, 0, '7 ساعة 0 دقيقة 0 ثانية', '', '', '', '', '', 7, 3, 0, 0, 0, 0, '', 0.00, 0, NULL, NULL, 0.00, 0, 0.00, '1', 9, 'لاتوجد ملاحظات', 1, NULL, '2026-06-07 16:40:20'),
(103, 4, '5', '10', 'N', '2026-11-04', 10, 9, 0, 0, 0, 0, 1, 0, 10, '', 0, 0, 0, 0, 0, 0, '', 0, 0, 0, 0, 0, 0, '9 ساعة 0 دقيقة 0 ثانية', '', '', '', '', '', 9, 1, 0, 0, 0, 0, '', 0.00, 0, NULL, NULL, 0.00, 0, 0.00, '1', 9, 'لاتوجد ملاحظات', 1, NULL, '2026-06-07 16:40:20'),
(104, 4, '5', '12', 'D', '2026-11-05', 10, 7, 0, 0, 0, 0, 3, 0, 10, '', 0, 0, 0, 0, 0, 0, '', 0, 0, 0, 0, 0, 0, '7 ساعة 0 دقيقة 0 ثانية', '', '', '', '', '', 7, 3, 0, 0, 0, 0, '', 0.00, 0, NULL, NULL, 0.00, 0, 0.00, '1', 9, 'لاتوجد ملاحظات', 1, NULL, '2026-06-07 16:40:20'),
(105, 4, '5', '9', 'N', '2026-11-05', 10, 0, 0, 0, 0, 0, 0, 0, 0, '', 0, 10, 0, 0, 0, 10, '', 0, 0, 0, 0, 0, 0, '0 ساعة 0 دقيقة 0 ثانية', 'عطل', '', '', '', '', 0, 0, 0, 0, 0, 0, '', 0.00, 0, NULL, NULL, 0.00, 0, 0.00, '1', 9, 'لاتوجد ملاحظات', 1, NULL, '2026-06-07 16:40:20'),
(106, 4, '5', '9', 'D', '2026-11-06', 10, 8, 0, 0, 0, 0, 2, 0, 10, '', 0, 0, 0, 0, 0, 0, '', 0, 0, 0, 0, 0, 0, '8 ساعة 0 دقيقة 0 ثانية', '', '', '', '', '', 8, 2, 0, 0, 0, 0, '', 0.00, 0, NULL, NULL, 0.00, 0, 0.00, '1', 9, 'لاتوجد ملاحظات', 1, NULL, '2026-06-07 16:40:20'),
(107, 4, '5', '12', 'N', '2026-11-06', 10, 8, 0, 0, 0, 0, 2, 0, 10, '', 0, 0, 0, 0, 0, 0, '', 0, 0, 0, 0, 0, 0, '8 ساعة 0 دقيقة 0 ثانية', '', '', '', '', '', 8, 2, 0, 0, 0, 0, '', 0.00, 0, NULL, NULL, 0.00, 0, 0.00, '1', 9, 'لاتوجد ملاحظات', 1, NULL, '2026-06-07 16:40:20'),
(108, 4, '5', '12', 'D', '2026-11-07', 10, 8, 0, 0, 0, 0, 1, 0, 9, '', 1, 0, 0, 0, 0, 1, '', 0, 0, 0, 0, 0, 0, '8 ساعة 0 دقيقة 0 ثانية', 'عطل', '', '', '', '', 8, 1, 0, 0, 0, 0, '', 0.00, 0, NULL, NULL, 0.00, 0, 0.00, '1', 9, 'لاتوجد ملاحظات', 1, NULL, '2026-06-07 16:40:20'),
(109, 4, '5', '8', 'N', '2026-11-07', 10, 8, 0, 0, 0, 0, 2, 0, 10, '', 0, 0, 0, 0, 0, 0, '', 0, 0, 0, 0, 0, 0, '8 ساعة 0 دقيقة 0 ثانية', '', '', '', '', '', 8, 2, 0, 0, 0, 0, '', 0.00, 0, NULL, NULL, 0.00, 0, 0.00, '1', 9, 'لاتوجد ملاحظات', 1, NULL, '2026-06-07 16:40:20'),
(110, 4, '5', '10', 'D', '2026-11-08', 10, 8, 0, 0, 0, 0, 2, 0, 10, '', 0, 0, 0, 0, 0, 0, '', 0, 0, 0, 0, 0, 0, '8 ساعة 0 دقيقة 0 ثانية', '', '', '', '', '', 8, 2, 0, 0, 0, 0, '', 0.00, 0, NULL, NULL, 0.00, 0, 0.00, '1', 9, 'لاتوجد ملاحظات', 1, NULL, '2026-06-07 16:40:20'),
(111, 4, '5', '10', 'N', '2026-11-08', 10, 9, 0, 0, 0, 0, 1, 0, 10, '', 0, 0, 0, 0, 0, 0, '', 0, 0, 0, 0, 0, 0, '9 ساعة 0 دقيقة 0 ثانية', '', '', '', '', '', 9, 1, 0, 0, 0, 0, '', 0.00, 0, NULL, NULL, 0.00, 0, 0.00, '1', 9, 'لاتوجد ملاحظات', 1, NULL, '2026-06-07 16:40:20'),
(112, 4, '5', '9', 'D', '2026-11-09', 10, 7, 0, 0, 0, 0, 3, 0, 10, '', 0, 0, 0, 0, 0, 0, '', 0, 0, 0, 0, 0, 0, '7 ساعة 0 دقيقة 0 ثانية', '', '', '', '', '', 7, 3, 0, 0, 0, 0, '', 0.00, 0, NULL, NULL, 0.00, 0, 0.00, '1', 9, 'لاتوجد ملاحظات', 1, NULL, '2026-06-07 16:40:20'),
(113, 4, '5', '8', 'N', '2026-11-09', 10, 9, 0, 0, 0, 0, 1, 0, 10, '', 0, 0, 0, 0, 0, 0, '', 0, 0, 0, 0, 0, 0, '9 ساعة 0 دقيقة 0 ثانية', '', '', '', '', '', 9, 1, 0, 0, 0, 0, '', 0.00, 0, NULL, NULL, 0.00, 0, 0.00, '1', 9, 'لاتوجد ملاحظات', 1, NULL, '2026-06-07 16:40:20'),
(114, 4, '5', '10', 'D', '2026-11-10', 10, 7, 0, 0, 0, 0, 3, 0, 10, '', 0, 0, 0, 0, 0, 0, '', 0, 0, 0, 0, 0, 0, '7 ساعة 0 دقيقة 0 ثانية', '', '', '', '', '', 7, 3, 0, 0, 0, 0, '', 0.00, 0, NULL, NULL, 0.00, 0, 0.00, '1', 9, 'لاتوجد ملاحظات', 1, NULL, '2026-06-07 16:40:20'),
(115, 4, '5', '8', 'N', '2026-11-10', 10, 9, 0, 0, 0, 0, 1, 0, 10, '', 0, 0, 0, 0, 0, 0, '', 0, 0, 0, 0, 0, 0, '9 ساعة 0 دقيقة 0 ثانية', '', '', '', '', '', 9, 1, 0, 0, 0, 0, '', 0.00, 0, NULL, NULL, 0.00, 0, 0.00, '1', 9, 'لاتوجد ملاحظات', 1, NULL, '2026-06-07 16:40:20'),
(116, 4, '5', '12', 'D', '2026-11-11', 10, 0, 0, 0, 0, 0, 0, 0, 0, '', 10, 0, 0, 0, 0, 10, '', 0, 0, 0, 0, 0, 0, '0 ساعة 0 دقيقة 0 ثانية', 'عطل', '', '', '', '', 0, 0, 0, 0, 0, 0, '', 0.00, 0, NULL, NULL, 0.00, 0, 0.00, '1', 9, 'لاتوجد ملاحظات', 1, NULL, '2026-06-07 16:40:20'),
(117, 4, '5', '9', 'N', '2026-11-11', 10, 7, 0, 0, 0, 0, 1.5, 0, 8.5, '', 0, 1.5, 0, 0, 0, 1.5, '', 0, 0, 0, 0, 0, 0, '7 ساعة 0 دقيقة 0 ثانية', 'عطل', '', '', '', '', 7, 1.5, 0, 0, 0, 0, '', 0.00, 0, NULL, NULL, 0.00, 0, 0.00, '1', 9, 'لاتوجد ملاحظات', 1, NULL, '2026-06-07 16:40:20'),
(118, 4, '5', '12', 'D', '2026-11-12', 10, 8, 0, 0, 0, 0, 2, 0, 10, '', 0, 0, 0, 0, 0, 0, '', 0, 0, 0, 0, 0, 0, '8 ساعة 0 دقيقة 0 ثانية', '', '', '', '', '', 8, 2, 0, 0, 0, 0, '', 0.00, 0, NULL, NULL, 0.00, 0, 0.00, '1', 9, 'لاتوجد ملاحظات', 1, NULL, '2026-06-07 16:40:20'),
(119, 4, '5', '12', 'N', '2026-11-12', 10, 8, 0, 0, 0, 0, 2, 0, 10, '', 0, 0, 0, 0, 0, 0, '', 0, 0, 0, 0, 0, 0, '8 ساعة 0 دقيقة 0 ثانية', '', '', '', '', '', 8, 2, 0, 0, 0, 0, '', 0.00, 0, NULL, NULL, 0.00, 0, 0.00, '1', 9, 'لاتوجد ملاحظات', 1, NULL, '2026-06-07 16:40:20'),
(120, 4, '5', '11', 'D', '2026-11-13', 10, 8, 0, 0, 0, 0, 2, 0, 10, '', 0, 0, 0, 0, 0, 0, '', 0, 0, 0, 0, 0, 0, '8 ساعة 0 دقيقة 0 ثانية', '', '', '', '', '', 8, 2, 0, 0, 0, 0, '', 0.00, 0, NULL, NULL, 0.00, 0, 0.00, '1', 9, 'لاتوجد ملاحظات', 1, NULL, '2026-06-07 16:40:20'),
(121, 4, '5', '12', 'N', '2026-11-13', 10, 8, 0, 0, 0, 0, 2, 0, 10, '', 0, 0, 0, 0, 0, 0, '', 0, 0, 0, 0, 0, 0, '8 ساعة 0 دقيقة 0 ثانية', '', '', '', '', '', 8, 2, 0, 0, 0, 0, '', 0.00, 0, NULL, NULL, 0.00, 0, 0.00, '1', 9, 'لاتوجد ملاحظات', 1, NULL, '2026-06-07 16:40:20'),
(122, 4, '5', '9', 'D', '2026-11-14', 10, 8, 0, 0, 0, 0, 2, 0, 10, '', 0, 0, 0, 0, 0, 0, '', 0, 0, 0, 0, 0, 0, '8 ساعة 0 دقيقة 0 ثانية', '', '', '', '', '', 8, 2, 0, 0, 0, 0, '', 0.00, 0, NULL, NULL, 0.00, 0, 0.00, '1', 9, 'لاتوجد ملاحظات', 1, NULL, '2026-06-07 16:40:20'),
(123, 4, '5', '11', 'N', '2026-11-14', 10, 7, 0, 0, 0, 0, 2, 0, 9, '', 1, 0, 0, 0, 0, 1, '', 0, 0, 0, 0, 0, 0, '7 ساعة 0 دقيقة 0 ثانية', 'عطل', '', '', '', '', 7, 2, 0, 0, 0, 0, '', 0.00, 0, NULL, NULL, 0.00, 0, 0.00, '1', 9, 'لاتوجد ملاحظات', 1, NULL, '2026-06-07 16:40:20'),
(124, 4, '5', '10', 'D', '2026-11-15', 10, 8, 0, 0, 0, 0, 2, 0, 10, '', 0, 0, 0, 0, 0, 0, '', 0, 0, 0, 0, 0, 0, '8 ساعة 0 دقيقة 0 ثانية', '', '', '', '', '', 8, 2, 0, 0, 0, 0, '', 0.00, 0, NULL, NULL, 0.00, 0, 0.00, '1', 9, 'لاتوجد ملاحظات', 1, NULL, '2026-06-07 16:40:20'),
(125, 4, '5', '12', 'N', '2026-11-15', 10, 8, 0, 0, 0, 0, 2, 0, 10, '', 0, 0, 0, 0, 0, 0, '', 0, 0, 0, 0, 0, 0, '8 ساعة 0 دقيقة 0 ثانية', '', '', '', '', '', 8, 2, 0, 0, 0, 0, '', 0.00, 0, NULL, NULL, 0.00, 0, 0.00, '1', 9, 'لاتوجد ملاحظات', 1, NULL, '2026-06-07 16:40:20'),
(126, 4, '5', '9', 'D', '2026-11-16', 10, 9, 0, 0, 0, 0, 1, 0, 10, '', 0, 0, 0, 0, 0, 0, '', 0, 0, 0, 0, 0, 0, '9 ساعة 0 دقيقة 0 ثانية', '', '', '', '', '', 9, 1, 0, 0, 0, 0, '', 0.00, 0, NULL, NULL, 0.00, 0, 0.00, '1', 9, 'لاتوجد ملاحظات', 1, NULL, '2026-06-07 16:40:20'),
(127, 4, '5', '10', 'N', '2026-11-16', 10, 8, 0, 0, 0, 0, 2, 0, 10, '', 0, 0, 0, 0, 0, 0, '', 0, 0, 0, 0, 0, 0, '8 ساعة 0 دقيقة 0 ثانية', '', '', '', '', '', 8, 2, 0, 0, 0, 0, '', 0.00, 0, NULL, NULL, 0.00, 0, 0.00, '1', 9, 'لاتوجد ملاحظات', 1, NULL, '2026-06-07 16:40:20'),
(128, 4, '5', '', 'D', '2026-11-17', 10, 8, 0, 0, 0, 0, 1.5, 0, 9.5, '', 0, 0.5, 0, 0, 0, 0.5, '', 0, 0, 0, 0, 0, 0, '8 ساعة 0 دقيقة 0 ثانية', 'عطل', '', '', '', '', 8, 1.5, 0, 0, 0, 0, '', 0.00, 0, NULL, NULL, 0.00, 0, 0.00, '1', 9, 'لاتوجد ملاحظات', 1, NULL, '2026-06-07 16:40:20'),
(129, 4, '5', '12', 'N', '2026-11-17', 10, 8, 0, 0, 0, 0, 2, 0, 10, '', 0, 0, 0, 0, 0, 0, '', 0, 0, 0, 0, 0, 0, '8 ساعة 0 دقيقة 0 ثانية', '', '', '', '', '', 8, 2, 0, 0, 0, 0, '', 0.00, 0, NULL, NULL, 0.00, 0, 0.00, '1', 9, 'لاتوجد ملاحظات', 1, NULL, '2026-06-07 16:40:20'),
(130, 4, '5', '8', 'D', '2026-11-18', 10, 8, 0, 0, 0, 0, 2, 0, 10, '', 0, 0, 0, 0, 0, 0, '', 0, 0, 0, 0, 0, 0, '9 ساعة 0 دقيقة 0 ثانية', '', '', '', '', '', 8, 2, 0, 0, 0, 0, '', 0.00, 0, NULL, NULL, 0.00, 0, 0.00, '1', 9, 'لاتوجد ملاحظات', 1, NULL, '2026-06-07 16:40:20'),
(131, 4, '5', '8', 'N', '2026-11-18', 10, 8, 0, 0, 0, 0, 2, 0, 10, '', 0, 0, 0, 0, 0, 0, '', 0, 0, 0, 0, 0, 0, '7 ساعة 0 دقيقة 0 ثانية', '', '', '', '', '', 8, 2, 0, 0, 0, 0, '', 0.00, 0, NULL, NULL, 0.00, 0, 0.00, '1', 9, 'لاتوجد ملاحظات', 1, NULL, '2026-06-07 16:40:20'),
(132, 4, '5', '8', 'D', '2026-11-19', 10, 9, 0, 0, 0, 0, 1, 0, 10, '', 0, 0, 0, 0, 0, 0, '', 0, 0, 0, 0, 0, 0, '9 ساعة 0 دقيقة 0 ثانية', '', '', '', '', '', 9, 1, 0, 0, 0, 0, '', 0.00, 0, NULL, NULL, 0.00, 0, 0.00, '1', 9, 'لاتوجد ملاحظات', 1, NULL, '2026-06-07 16:40:20'),
(133, 4, '5', '8', 'N', '2026-11-19', 10, 8, 0, 0, 0, 0, 2, 0, 10, '', 0, 0, 0, 0, 0, 0, '', 0, 0, 0, 0, 0, 0, '8 ساعة 0 دقيقة 0 ثانية', '', '', '', '', '', 8, 2, 0, 0, 0, 0, '', 0.00, 0, NULL, NULL, 0.00, 0, 0.00, '1', 9, 'لاتوجد ملاحظات', 1, NULL, '2026-06-07 16:40:20'),
(134, 4, '5', '10', 'D', '2026-11-20', 10, 8, 0, 0, 0, 0, 2, 0, 10, '', 0, 0, 0, 0, 0, 0, '', 0, 0, 0, 0, 0, 0, '8 ساعة 0 دقيقة 0 ثانية', '', '', '', '', '', 8, 2, 0, 0, 0, 0, '', 0.00, 0, NULL, NULL, 0.00, 0, 0.00, '1', 9, 'لاتوجد ملاحظات', 1, NULL, '2026-06-07 16:40:20'),
(135, 4, '5', '9', 'N', '2026-11-20', 10, 9, 0, 0, 0, 0, 1, 0, 10, '', 0, 0, 0, 0, 0, 0, '', 0, 0, 0, 0, 0, 0, '9 ساعة 0 دقيقة 0 ثانية', '', '', '', '', '', 9, 1, 0, 0, 0, 0, '', 0.00, 0, NULL, NULL, 0.00, 0, 0.00, '1', 9, 'لاتوجد ملاحظات', 1, NULL, '2026-06-07 16:40:20'),
(136, 4, '5', '12', 'D', '2026-11-21', 10, 8, 0, 0, 0, 0, 2, 0, 10, '', 0, 0, 0, 0, 0, 0, '', 0, 0, 0, 0, 0, 0, '8 ساعة 0 دقيقة 0 ثانية', '', '', '', '', '', 8, 2, 0, 0, 0, 0, '', 0.00, 0, NULL, NULL, 0.00, 0, 0.00, '1', 9, 'لاتوجد ملاحظات', 1, NULL, '2026-06-07 16:40:20'),
(137, 4, '5', '9', 'N', '2026-11-21', 10, 9, 0, 0, 0, 0, 0, 0, 9, '', 1, 0, 0, 0, 0, 1, '', 0, 0, 0, 0, 0, 0, '9 ساعة 0 دقيقة 0 ثانية', 'عطل', '', '', '', '', 9, 0, 0, 0, 0, 0, '', 0.00, 0, NULL, NULL, 0.00, 0, 0.00, '1', 9, 'لاتوجد ملاحظات', 1, NULL, '2026-06-07 16:40:20'),
(138, 4, '5', '11', 'D', '2026-11-22', 10, 7, 0, 0, 0, 0, 3, 0, 10, '', 0, 0, 0, 0, 0, 0, '', 0, 0, 0, 0, 0, 0, '7 ساعة 0 دقيقة 0 ثانية', '', '', '', '', '', 7, 3, 0, 0, 0, 0, '', 0.00, 0, NULL, NULL, 0.00, 0, 0.00, '1', 9, 'لاتوجد ملاحظات', 1, NULL, '2026-06-07 16:40:20'),
(139, 4, '5', '8', 'N', '2026-11-22', 10, 8, 0, 0, 0, 0, 2, 0, 10, '', 0, 0, 0, 0, 0, 0, '', 0, 0, 0, 0, 0, 0, '8 ساعة 0 دقيقة 0 ثانية', '', '', '', '', '', 8, 2, 0, 0, 0, 0, '', 0.00, 0, NULL, NULL, 0.00, 0, 0.00, '1', 9, 'لاتوجد ملاحظات', 1, NULL, '2026-06-07 16:40:20'),
(140, 4, '5', '10', 'D', '2026-11-23', 10, 8, 0, 0, 0, 0, 2, 0, 10, '', 0, 0, 0, 0, 0, 0, '', 0, 0, 0, 0, 0, 0, '8 ساعة 0 دقيقة 0 ثانية', '', '', '', '', '', 8, 2, 0, 0, 0, 0, '', 0.00, 0, NULL, NULL, 0.00, 0, 0.00, '1', 9, 'لاتوجد ملاحظات', 1, NULL, '2026-06-07 16:40:20'),
(141, 4, '5', '11', 'N', '2026-11-23', 10, 7, 0, 0, 0, 0, 3, 0, 10, '', 0, 0, 0, 0, 0, 0, '', 0, 0, 0, 0, 0, 0, '7 ساعة 0 دقيقة 0 ثانية', '', '', '', '', '', 7, 3, 0, 0, 0, 0, '', 0.00, 0, NULL, NULL, 0.00, 0, 0.00, '1', 9, 'لاتوجد ملاحظات', 1, NULL, '2026-06-07 16:40:20'),
(142, 4, '5', '8', 'D', '2026-11-24', 10, 4, 0, 0, 0, 0, 0, 0, 4, '', 0, 6, 0, 0, 0, 6, '', 0, 0, 0, 0, 0, 0, '6 ساعة 0 دقيقة 0 ثانية', 'عطل', '', '', '', '', 4, 0, 0, 0, 0, 0, '', 0.00, 0, NULL, NULL, 0.00, 0, 0.00, '1', 9, 'لاتوجد ملاحظات', 1, NULL, '2026-06-07 16:40:20'),
(143, 4, '5', '8', 'N', '2026-11-24', 10, 7, 0, 0, 0, 0, 1, 0, 8, '', 0, 2, 0, 0, 0, 2, '', 0, 0, 0, 0, 0, 0, '7 ساعة 0 دقيقة 0 ثانية', 'عطل', '', '', '', '', 7, 1, 0, 0, 0, 0, '', 0.00, 0, NULL, NULL, 0.00, 0, 0.00, '1', 9, 'لاتوجد ملاحظات', 1, NULL, '2026-06-07 16:40:20'),
(144, 4, '5', '', 'D', '2026-11-25', 10, 8, 0, 0, 0, 0, 2, 0, 10, '', 0, 0, 0, 0, 0, 0, '', 0, 0, 0, 0, 0, 0, '8 ساعة 0 دقيقة 0 ثانية', '', '', '', '', '', 8, 2, 0, 0, 0, 0, '', 0.00, 0, NULL, NULL, 0.00, 0, 0.00, '1', 9, 'لاتوجد ملاحظات', 1, NULL, '2026-06-07 16:40:20'),
(145, 4, '5', '8', 'N', '2026-11-25', 10, 7, 0, 0, 0, 0, 3, 0, 10, '', 0, 0, 0, 0, 0, 0, '', 0, 0, 0, 0, 0, 0, '7 ساعة 0 دقيقة 0 ثانية', '', '', '', '', '', 7, 3, 0, 0, 0, 0, '', 0.00, 0, NULL, NULL, 0.00, 0, 0.00, '1', 9, 'لاتوجد ملاحظات', 1, NULL, '2026-06-07 16:40:20'),
(146, 4, '5', '9', 'D', '2026-11-26', 10, 9, 0, 0, 0, 0, 1, 0, 10, '', 0, 0, 0, 0, 0, 0, '', 0, 0, 0, 0, 0, 0, '9 ساعة 0 دقيقة 0 ثانية', '', '', '', '', '', 9, 1, 0, 0, 0, 0, '', 0.00, 0, NULL, NULL, 0.00, 0, 0.00, '1', 9, 'لاتوجد ملاحظات', 1, NULL, '2026-06-07 16:40:20'),
(147, 4, '5', '9', 'N', '2026-11-26', 10, 8, 0, 0, 0, 0, 2, 0, 10, '', 0, 0, 0, 0, 0, 0, '', 0, 0, 0, 0, 0, 0, '8 ساعة 0 دقيقة 0 ثانية', '', '', '', '', '', 8, 2, 0, 0, 0, 0, '', 0.00, 0, NULL, NULL, 0.00, 0, 0.00, '1', 9, 'لاتوجد ملاحظات', 1, NULL, '2026-06-07 16:40:20'),
(148, 4, '5', '10', 'D', '2026-11-27', 10, 8, 0, 0, 0, 0, 2, 0, 10, '', 0, 0, 0, 0, 0, 0, '', 0, 0, 0, 0, 0, 0, '8 ساعة 0 دقيقة 0 ثانية', '', '', '', '', '', 8, 2, 0, 0, 0, 0, '', 0.00, 0, NULL, NULL, 0.00, 0, 0.00, '1', 9, 'لاتوجد ملاحظات', 1, NULL, '2026-06-07 16:40:20'),
(149, 4, '5', '8', 'N', '2026-11-27', 10, 8, 0, 0, 0, 0, 2, 0, 10, '', 0, 0, 0, 0, 0, 0, '', 0, 0, 0, 0, 0, 0, '8 ساعة 0 دقيقة 0 ثانية', '', '', '', '', '', 8, 2, 0, 0, 0, 0, '', 0.00, 0, NULL, NULL, 0.00, 0, 0.00, '1', 9, 'لاتوجد ملاحظات', 1, NULL, '2026-06-07 16:40:20'),
(150, 4, '5', '12', 'D', '2026-11-28', 10, 8, 0, 0, 0, 0, 2, 0, 10, '', 0, 0, 0, 0, 0, 0, '', 0, 0, 0, 0, 0, 0, '8 ساعة 0 دقيقة 0 ثانية', '', '', '', '', '', 8, 2, 0, 0, 0, 0, '', 0.00, 0, NULL, NULL, 0.00, 0, 0.00, '1', 9, 'لاتوجد ملاحظات', 1, NULL, '2026-06-07 16:40:20'),
(151, 4, '5', '', 'N', '2026-11-28', 10, 7, 0, 0, 0, 0, 2, 0, 9, '', 1, 0, 0, 0, 0, 1, '', 0, 0, 0, 0, 0, 0, '7 ساعة 0 دقيقة 0 ثانية', 'عطل', '', '', '', '', 7, 2, 0, 0, 0, 0, '', 0.00, 0, NULL, NULL, 0.00, 0, 0.00, '1', 9, 'لاتوجد ملاحظات', 1, NULL, '2026-06-07 16:40:20'),
(152, 4, '5', '12', 'D', '2026-11-29', 10, 9, 0, 0, 0, 0, 1, 0, 10, '', 0, 0, 0, 0, 0, 0, '', 0, 0, 0, 0, 0, 0, '9 ساعة 0 دقيقة 0 ثانية', '', '', '', '', '', 9, 1, 0, 0, 0, 0, '', 0.00, 0, NULL, NULL, 0.00, 0, 0.00, '1', 9, 'لاتوجد ملاحظات', 1, NULL, '2026-06-07 16:40:20'),
(153, 4, '5', '8', 'N', '2026-11-29', 10, 8, 0, 0, 0, 0, 2, 0, 10, '', 0, 0, 0, 0, 0, 0, '', 0, 0, 0, 0, 0, 0, '8 ساعة 0 دقيقة 0 ثانية', '', '', '', '', '', 8, 2, 0, 0, 0, 0, '', 0.00, 0, NULL, NULL, 0.00, 0, 0.00, '1', 9, 'لاتوجد ملاحظات', 1, NULL, '2026-06-07 16:40:20'),
(154, 4, '5', '9', 'D', '2026-11-30', 10, 8, 0, 0, 0, 0, 2, 0, 10, '', 0, 0, 0, 0, 0, 0, '', 0, 0, 0, 0, 0, 0, '8 ساعة 0 دقيقة 0 ثانية', '', '', '', '', '', 8, 2, 0, 0, 0, 0, '', 0.00, 0, NULL, NULL, 0.00, 0, 0.00, '1', 9, 'لاتوجد ملاحظات', 1, NULL, '2026-06-07 16:40:20'),
(155, 4, '5', '11', 'N', '2026-11-30', 10, 8, 0, 0, 0, 0, 2, 0, 10, '', 0, 0, 0, 0, 0, 0, '', 0, 0, 0, 0, 0, 0, '8 ساعة 0 دقيقة 0 ثانية', '', '', '', '', '', 8, 2, 0, 0, 0, 0, '', 0.00, 0, NULL, NULL, 0.00, 0, 0.00, '1', 9, 'لاتوجد ملاحظات', 1, NULL, '2026-06-07 16:40:20'),
(156, 4, '5', '11', 'D', '2026-12-01', 10, 8, 0, 0, 0, 0, 2, 0, 10, '', 0, 0, 0, 0, 0, 0, '', 0, 0, 0, 0, 0, 0, '8 ساعة 0 دقيقة 0 ثانية', '', '', '', '', '', 8, 2, 0, 0, 0, 0, '', 0.00, 0, NULL, NULL, 0.00, 0, 0.00, '1', 9, 'لاتوجد ملاحظات', 1, NULL, '2026-06-07 16:40:20'),
(157, 4, '5', '9', 'N', '2026-12-01', 10, 8, 0, 0, 0, 0, 2, 0, 10, '', 0, 0, 0, 0, 0, 0, '', 0, 0, 0, 0, 0, 0, '8 ساعة 0 دقيقة 0 ثانية', '', '', '', '', '', 8, 2, 0, 0, 0, 0, '', 0.00, 0, NULL, NULL, 0.00, 0, 0.00, '1', 9, 'لاتوجد ملاحظات', 1, NULL, '2026-06-07 16:40:20'),
(158, 4, '5', '11', 'D', '2026-12-02', 10, 8, 0, 0, 0, 0, 2, 0, 10, '', 0, 0, 0, 0, 0, 0, '', 0, 0, 0, 0, 0, 0, '8 ساعة 0 دقيقة 0 ثانية', '', '', '', '', '', 8, 2, 0, 0, 0, 0, '', 0.00, 0, NULL, NULL, 0.00, 0, 0.00, '1', 9, 'لاتوجد ملاحظات', 1, NULL, '2026-06-07 16:40:20'),
(159, 4, '5', '11', 'N', '2026-12-02', 10, 8, 0, 0, 0, 0, 1.5, 0, 9.5, '', 0.5, 0, 0, 0, 0, 0.5, '', 0, 0, 0, 0, 0, 0, '8 ساعة 0 دقيقة 0 ثانية', 'عطل', '', '', '', '', 8, 1.5, 0, 0, 0, 0, '', 0.00, 0, NULL, NULL, 0.00, 0, 0.00, '1', 9, 'لاتوجد ملاحظات', 1, NULL, '2026-06-07 16:40:20'),
(160, 4, '5', '12', 'D', '2026-12-03', 10, 8, 0, 0, 0, 0, 2, 0, 10, '', 0, 0, 0, 0, 0, 0, '', 0, 0, 0, 0, 0, 0, '8 ساعة 0 دقيقة 0 ثانية', '', '', '', '', '', 8, 2, 0, 0, 0, 0, '', 0.00, 0, NULL, NULL, 0.00, 0, 0.00, '1', 9, 'لاتوجد ملاحظات', 1, NULL, '2026-06-07 16:40:20'),
(161, 4, '5', '11', 'N', '2026-12-03', 10, 9, 0, 0, 0, 0, 1, 0, 10, '', 0, 0, 0, 0, 0, 0, '', 0, 0, 0, 0, 0, 0, '9 ساعة 0 دقيقة 0 ثانية', '', '', '', '', '', 9, 1, 0, 0, 0, 0, '', 0.00, 0, NULL, NULL, 0.00, 0, 0.00, '1', 9, 'لاتوجد ملاحظات', 1, NULL, '2026-06-07 16:40:20'),
(162, 4, '5', '10', 'D', '2026-12-04', 10, 7, 0, 0, 0, 0, 3, 0, 10, '', 0, 0, 0, 0, 0, 0, '', 0, 0, 0, 0, 0, 0, '7 ساعة 0 دقيقة 0 ثانية', '', '', '', '', '', 7, 3, 0, 0, 0, 0, '', 0.00, 0, NULL, NULL, 0.00, 0, 0.00, '1', 9, 'لاتوجد ملاحظات', 1, NULL, '2026-06-07 16:40:20'),
(163, 4, '5', '8', 'N', '2026-12-04', 10, 8, 0, 0, 0, 0, 2, 0, 10, '', 0, 0, 0, 0, 0, 0, '', 0, 0, 0, 0, 0, 0, '8 ساعة 0 دقيقة 0 ثانية', '', '', '', '', '', 8, 2, 0, 0, 0, 0, '', 0.00, 0, NULL, NULL, 0.00, 0, 0.00, '1', 9, 'لاتوجد ملاحظات', 1, NULL, '2026-06-07 16:40:20'),
(164, 4, '5', '12', 'D', '2026-12-05', 10, 8, 0, 0, 0, 0, 2, 0, 10, '', 0, 0, 0, 0, 0, 0, '', 0, 0, 0, 0, 0, 0, '8 ساعة 0 دقيقة 0 ثانية', '', '', '', '', '', 8, 2, 0, 0, 0, 0, '', 0.00, 0, NULL, NULL, 0.00, 0, 0.00, '1', 9, 'لاتوجد ملاحظات', 1, NULL, '2026-06-07 16:40:20'),
(165, 4, '5', '', 'N', '2026-12-05', 10, 8, 0, 0, 0, 0, 1, 0, 9, '', 1, 0, 0, 0, 0, 1, '', 0, 0, 0, 0, 0, 0, '8 ساعة 0 دقيقة 0 ثانية', 'عطل', '', '', '', '', 8, 1, 0, 0, 0, 0, '', 0.00, 0, NULL, NULL, 0.00, 0, 0.00, '1', 9, 'لاتوجد ملاحظات', 1, NULL, '2026-06-07 16:40:20'),
(166, 4, '5', '8', 'D', '2026-12-06', 10, 8, 0, 0, 0, 0, 2, 0, 10, '', 0, 0, 0, 0, 0, 0, '', 0, 0, 0, 0, 0, 0, '8 ساعة 0 دقيقة 0 ثانية', '', '', '', '', '', 8, 2, 0, 0, 0, 0, '', 0.00, 0, NULL, NULL, 0.00, 0, 0.00, '1', 9, 'لاتوجد ملاحظات', 1, NULL, '2026-06-07 16:40:20'),
(167, 4, '5', '12', 'N', '2026-12-06', 10, 8, 0, 0, 0, 0, 2, 0, 10, '', 0, 0, 0, 0, 0, 0, '', 0, 0, 0, 0, 0, 0, '8 ساعة 0 دقيقة 0 ثانية', '', '', '', '', '', 8, 2, 0, 0, 0, 0, '', 0.00, 0, NULL, NULL, 0.00, 0, 0.00, '1', 9, 'لاتوجد ملاحظات', 1, NULL, '2026-06-07 16:40:20'),
(168, 4, '5', '12', 'D', '2026-12-07', 10, 8, 0, 0, 0, 0, 2, 0, 10, '', 0, 0, 0, 0, 0, 0, '', 0, 0, 0, 0, 0, 0, '8 ساعة 0 دقيقة 0 ثانية', '', '', '', '', '', 8, 2, 0, 0, 0, 0, '', 0.00, 0, NULL, NULL, 0.00, 0, 0.00, '1', 9, 'لاتوجد ملاحظات', 1, NULL, '2026-06-07 16:40:20'),
(169, 4, '5', '12', 'N', '2026-12-07', 10, 8, 0, 0, 0, 0, 2, 0, 10, '', 0, 0, 0, 0, 0, 0, '', 0, 0, 0, 0, 0, 0, '8 ساعة 0 دقيقة 0 ثانية', '', '', '', '', '', 8, 2, 0, 0, 0, 0, '', 0.00, 0, NULL, NULL, 0.00, 0, 0.00, '1', 9, 'لاتوجد ملاحظات', 1, NULL, '2026-06-07 16:40:20'),
(170, 4, '5', '', 'D', '2026-12-08', 10, 8, 0, 0, 0, 0, 2, 0, 10, '', 0, 0, 0, 0, 0, 0, '', 0, 0, 0, 0, 0, 0, '8 ساعة 0 دقيقة 0 ثانية', '', '', '', '', '', 8, 2, 0, 0, 0, 0, '', 0.00, 0, NULL, NULL, 0.00, 0, 0.00, '1', 9, 'لاتوجد ملاحظات', 1, NULL, '2026-06-07 16:40:20'),
(171, 4, '5', '12', 'N', '2026-12-08', 10, 8, 0, 0, 0, 0, 2, 0, 10, '', 0, 0, 0, 0, 0, 0, '', 0, 0, 0, 0, 0, 0, '8 ساعة 0 دقيقة 0 ثانية', '', '', '', '', '', 8, 2, 0, 0, 0, 0, '', 0.00, 0, NULL, NULL, 0.00, 0, 0.00, '1', 9, 'لاتوجد ملاحظات', 1, NULL, '2026-06-07 16:40:20'),
(172, 4, '5', '', 'D', '2026-12-09', 10, 8, 0, 0, 0, 0, 2, 0, 10, '', 0, 0, 0, 0, 0, 0, '', 0, 0, 0, 0, 0, 0, '8 ساعة 0 دقيقة 0 ثانية', '', '', '', '', '', 8, 2, 0, 0, 0, 0, '', 0.00, 0, NULL, NULL, 0.00, 0, 0.00, '1', 9, 'لاتوجد ملاحظات', 1, NULL, '2026-06-07 16:40:20'),
(173, 4, '5', '11', 'N', '2026-12-09', 10, 8, 0, 0, 0, 0, 2, 0, 10, '', 0, 0, 0, 0, 0, 0, '', 0, 0, 0, 0, 0, 0, '8 ساعة 0 دقيقة 0 ثانية', '', '', '', '', '', 8, 2, 0, 0, 0, 0, '', 0.00, 0, NULL, NULL, 0.00, 0, 0.00, '1', 9, 'لاتوجد ملاحظات', 1, NULL, '2026-06-07 16:40:20'),
(174, 4, '5', '12', 'D', '2026-12-10', 10, 6, 0, 0, 0, 0, 4, 0, 10, '', 0, 0, 0, 0, 0, 0, '', 0, 0, 0, 0, 0, 0, '6 ساعة 0 دقيقة 0 ثانية', '', '', '', '', '', 6, 4, 0, 0, 0, 0, '', 0.00, 0, NULL, NULL, 0.00, 0, 0.00, '1', 9, 'لاتوجد ملاحظات', 1, NULL, '2026-06-07 16:40:20'),
(175, 4, '5', '12', 'N', '2026-12-10', 10, 8, 0, 0, 0, 0, 2, 0, 10, '', 0, 0, 0, 0, 0, 0, '', 0, 0, 0, 0, 0, 0, '8 ساعة 0 دقيقة 0 ثانية', '', '', '', '', '', 8, 2, 0, 0, 0, 0, '', 0.00, 0, NULL, NULL, 0.00, 0, 0.00, '1', 9, 'لاتوجد ملاحظات', 1, NULL, '2026-06-07 16:40:20'),
(176, 4, '5', '', 'D', '2026-12-11', 10, 8, 0, 0, 0, 0, 2, 0, 10, '', 0, 0, 0, 0, 0, 0, '', 0, 0, 0, 0, 0, 0, '8 ساعة 0 دقيقة 0 ثانية', '', '', '', '', '', 8, 2, 0, 0, 0, 0, '', 0.00, 0, NULL, NULL, 0.00, 0, 0.00, '1', 9, 'لاتوجد ملاحظات', 1, NULL, '2026-06-07 16:40:20'),
(177, 4, '5', '', 'N', '2026-12-11', 10, 8, 0, 0, 0, 0, 2, 0, 10, '', 0, 0, 0, 0, 0, 0, '', 0, 0, 0, 0, 0, 0, '8 ساعة 0 دقيقة 0 ثانية', '', '', '', '', '', 8, 2, 0, 0, 0, 0, '', 0.00, 0, NULL, NULL, 0.00, 0, 0.00, '1', 9, 'لاتوجد ملاحظات', 1, NULL, '2026-06-07 16:40:20'),
(178, 4, '5', '12', 'D', '2026-12-12', 10, 8, 0, 0, 0, 0, 2, 0, 10, '', 0, 0, 0, 0, 0, 0, '', 0, 0, 0, 0, 0, 0, '8 ساعة 0 دقيقة 0 ثانية', '', '', '', '', '', 8, 2, 0, 0, 0, 0, '', 0.00, 0, NULL, NULL, 0.00, 0, 0.00, '1', 9, 'لاتوجد ملاحظات', 1, NULL, '2026-06-07 16:40:20'),
(179, 4, '5', '10', 'N', '2026-12-12', 10, 7, 0, 0, 0, 0, 2, 0, 9, '', 1, 0, 0, 0, 0, 1, '', 0, 0, 0, 0, 0, 0, '7 ساعة 0 دقيقة 0 ثانية', 'عطل', '', '', '', '', 7, 2, 0, 0, 0, 0, '', 0.00, 0, NULL, NULL, 0.00, 0, 0.00, '1', 9, 'لاتوجد ملاحظات', 1, NULL, '2026-06-07 16:40:20'),
(180, 4, '5', '10', 'D', '2026-12-13', 10, 7, 0, 0, 0, 0, 3, 0, 10, '', 0, 0, 0, 0, 0, 0, '', 0, 0, 0, 0, 0, 0, '7 ساعة 0 دقيقة 0 ثانية', '', '', '', '', '', 7, 3, 0, 0, 0, 0, '', 0.00, 0, NULL, NULL, 0.00, 0, 0.00, '1', 9, 'لاتوجد ملاحظات', 1, NULL, '2026-06-07 16:40:20'),
(181, 4, '5', '11', 'N', '2026-12-13', 10, 9, 0, 0, 0, 0, 1, 0, 10, '', 0, 0, 0, 0, 0, 0, '', 0, 0, 0, 0, 0, 0, '9 ساعة 0 دقيقة 0 ثانية', '', '', '', '', '', 9, 1, 0, 0, 0, 0, '', 0.00, 0, NULL, NULL, 0.00, 0, 0.00, '1', 9, 'لاتوجد ملاحظات', 1, NULL, '2026-06-07 16:40:20'),
(182, 4, '5', '10', 'D', '2026-12-14', 10, 7, 0, 0, 0, 0, 3, 0, 10, '', 0, 0, 0, 0, 0, 0, '', 0, 0, 0, 0, 0, 0, '7 ساعة 0 دقيقة 0 ثانية', '', '', '', '', '', 7, 3, 0, 0, 0, 0, '', 0.00, 0, NULL, NULL, 0.00, 0, 0.00, '1', 9, 'لاتوجد ملاحظات', 1, NULL, '2026-06-07 16:40:20'),
(183, 4, '5', '8', 'N', '2026-12-14', 10, 7, 0, 0, 0, 0, 3, 0, 10, '', 0, 0, 0, 0, 0, 0, '', 0, 0, 0, 0, 0, 0, '7 ساعة 0 دقيقة 0 ثانية', '', '', '', '', '', 7, 3, 0, 0, 0, 0, '', 0.00, 0, NULL, NULL, 0.00, 0, 0.00, '1', 9, 'لاتوجد ملاحظات', 1, NULL, '2026-06-07 16:40:20'),
(184, 4, '5', '', 'D', '2026-12-15', 10, 7, 0, 0, 0, 0, 3, 0, 10, '', 0, 0, 0, 0, 0, 0, '', 0, 0, 0, 0, 0, 0, '7 ساعة 0 دقيقة 0 ثانية', '', '', '', '', '', 7, 3, 0, 0, 0, 0, '', 0.00, 0, NULL, NULL, 0.00, 0, 0.00, '1', 9, 'لاتوجد ملاحظات', 1, NULL, '2026-06-07 16:40:20'),
(185, 4, '5', '12', 'N', '2026-12-15', 10, 8, 0, 0, 0, 0, 2, 0, 10, '', 0, 0, 0, 0, 0, 0, '', 0, 0, 0, 0, 0, 0, '8 ساعة 0 دقيقة 0 ثانية', '', '', '', '', '', 8, 2, 0, 0, 0, 0, '', 0.00, 0, NULL, NULL, 0.00, 0, 0.00, '1', 9, 'لاتوجد ملاحظات', 1, NULL, '2026-06-07 16:40:20'),
(186, 4, '5', '8', 'D', '2026-12-16', 10, 8, 0, 0, 0, 0, 2, 0, 10, '', 0, 0, 0, 0, 0, 0, '', 0, 0, 0, 0, 0, 0, '8 ساعة 0 دقيقة 0 ثانية', '', '', '', '', '', 8, 2, 0, 0, 0, 0, '', 0.00, 0, NULL, NULL, 0.00, 0, 0.00, '1', 9, 'لاتوجد ملاحظات', 1, NULL, '2026-06-07 16:40:20'),
(187, 4, '5', '12', 'N', '2026-12-16', 10, 8, 0, 0, 0, 0, 2, 0, 10, '', 0, 0, 0, 0, 0, 0, '', 0, 0, 0, 0, 0, 0, '8 ساعة 0 دقيقة 0 ثانية', '', '', '', '', '', 8, 2, 0, 0, 0, 0, '', 0.00, 0, NULL, NULL, 0.00, 0, 0.00, '1', 9, 'لاتوجد ملاحظات', 1, NULL, '2026-06-07 16:40:20'),
(188, 4, '5', '10', 'D', '2026-12-17', 10, 8, 0, 0, 0, 0, 2, 0, 10, '', 0, 0, 0, 0, 0, 0, '', 0, 0, 0, 0, 0, 0, '8 ساعة 0 دقيقة 0 ثانية', '', '', '', '', '', 8, 2, 0, 0, 0, 0, '', 0.00, 0, NULL, NULL, 0.00, 0, 0.00, '1', 9, 'لاتوجد ملاحظات', 1, NULL, '2026-06-07 16:40:20'),
(189, 4, '5', '9', 'N', '2026-12-17', 10, 4, 0, 0, 0, 0, 1, 0, 5, '', 0, 5, 0, 0, 0, 5, '', 0, 0, 0, 0, 0, 0, '4 ساعة 0 دقيقة 0 ثانية', 'عطل', '', '', '', '', 4, 1, 0, 0, 0, 0, '', 0.00, 0, NULL, NULL, 0.00, 0, 0.00, '1', 9, 'لاتوجد ملاحظات', 1, NULL, '2026-06-07 16:40:20'),
(190, 4, '5', '9', 'D', '2026-12-18', 10, 9, 0, 0, 0, 0, 1, 0, 10, '', 0, 0, 0, 0, 0, 0, '', 0, 0, 0, 0, 0, 0, '9 ساعة 0 دقيقة 0 ثانية', '', '', '', '', '', 9, 1, 0, 0, 0, 0, '', 0.00, 0, NULL, NULL, 0.00, 0, 0.00, '1', 9, 'لاتوجد ملاحظات', 1, NULL, '2026-06-07 16:40:20'),
(191, 4, '5', '12', 'N', '2026-12-18', 10, 8, 0, 0, 0, 0, 2, 0, 10, '', 0, 0, 0, 0, 0, 0, '', 0, 0, 0, 0, 0, 0, '8 ساعة 0 دقيقة 0 ثانية', '', '', '', '', '', 8, 2, 0, 0, 0, 0, '', 0.00, 0, NULL, NULL, 0.00, 0, 0.00, '1', 9, 'لاتوجد ملاحظات', 1, NULL, '2026-06-07 16:40:20'),
(192, 4, '5', '12', 'D', '2026-12-19', 10, 5, 0, 0, 0, 0, 5, 0, 10, '', 0, 0, 0, 0, 0, 0, '', 0, 0, 0, 0, 0, 0, '5 ساعة 0 دقيقة 0 ثانية', '', '', '', '', '', 5, 5, 0, 0, 0, 0, '', 0.00, 0, NULL, NULL, 0.00, 0, 0.00, '1', 9, 'لاتوجد ملاحظات', 1, NULL, '2026-06-07 16:40:20'),
(193, 4, '5', '12', 'N', '2026-12-19', 10, 8, 0, 0, 0, 0, 1, 0, 9, '', 1, 0, 0, 0, 0, 1, '', 0, 0, 0, 0, 0, 0, '8 ساعة 0 دقيقة 0 ثانية', 'عطل', '', '', '', '', 8, 1, 0, 0, 0, 0, '', 0.00, 0, NULL, NULL, 0.00, 0, 0.00, '1', 9, 'لاتوجد ملاحظات', 1, NULL, '2026-06-07 16:40:20'),
(194, 4, '5', '', 'D', '2026-12-20', 10, 8, 0, 0, 0, 0, 2, 0, 10, '', 0, 0, 0, 0, 0, 0, '', 0, 0, 0, 0, 0, 0, '8 ساعة 0 دقيقة 0 ثانية', '', '', '', '', '', 8, 2, 0, 0, 0, 0, '', 0.00, 0, NULL, NULL, 0.00, 0, 0.00, '1', 9, 'لاتوجد ملاحظات', 1, NULL, '2026-06-07 16:40:20'),
(195, 4, '5', '10', 'N', '2026-12-20', 10, 8, 0, 0, 0, 0, 2, 0, 10, '', 0, 0, 0, 0, 0, 0, '', 0, 0, 0, 0, 0, 0, '8 ساعة 0 دقيقة 0 ثانية', '', '', '', '', '', 8, 2, 0, 0, 0, 0, '', 0.00, 0, NULL, NULL, 0.00, 0, 0.00, '1', 9, 'لاتوجد ملاحظات', 1, NULL, '2026-06-07 16:40:20'),
(196, 4, '5', '8', 'D', '2026-12-21', 10, 8, 0, 0, 0, 0, 2, 0, 10, '', 0, 0, 0, 0, 0, 0, '', 0, 0, 0, 0, 0, 0, '8 ساعة 0 دقيقة 0 ثانية', '', '', '', '', '', 8, 2, 0, 0, 0, 0, '', 0.00, 0, NULL, NULL, 0.00, 0, 0.00, '1', 9, 'لاتوجد ملاحظات', 1, NULL, '2026-06-07 16:40:20'),
(197, 4, '5', '9', 'N', '2026-12-21', 10, 8, 0, 0, 0, 0, 2, 0, 10, '', 0, 0, 0, 0, 0, 0, '', 0, 0, 0, 0, 0, 0, '8 ساعة 0 دقيقة 0 ثانية', '', '', '', '', '', 8, 2, 0, 0, 0, 0, '', 0.00, 0, NULL, NULL, 0.00, 0, 0.00, '1', 9, 'لاتوجد ملاحظات', 1, NULL, '2026-06-07 16:40:20'),
(198, 4, '5', '8', 'D', '2026-12-22', 10, 7, 0, 0, 0, 0, 3, 0, 10, '', 0, 0, 0, 0, 0, 0, '', 0, 0, 0, 0, 0, 0, '7 ساعة 0 دقيقة 0 ثانية', '', '', '', '', '', 7, 3, 0, 0, 0, 0, '', 0.00, 0, NULL, NULL, 0.00, 0, 0.00, '1', 9, 'لاتوجد ملاحظات', 1, NULL, '2026-06-07 16:40:20'),
(199, 4, '5', '9', 'N', '2026-12-22', 10, 8, 0, 0, 0, 0, 2, 0, 10, '', 0, 0, 0, 0, 0, 0, '', 0, 0, 0, 0, 0, 0, '8 ساعة 0 دقيقة 0 ثانية', '', '', '', '', '', 8, 2, 0, 0, 0, 0, '', 0.00, 0, NULL, NULL, 0.00, 0, 0.00, '1', 9, 'لاتوجد ملاحظات', 1, NULL, '2026-06-07 16:40:20'),
(200, 4, '5', '12', 'D', '2026-12-23', 10, 8, 0, 0, 0, 0, 2, 0, 10, '', 0, 0, 0, 0, 0, 0, '', 0, 0, 0, 0, 0, 0, '8 ساعة 0 دقيقة 0 ثانية', '', '', '', '', '', 8, 2, 0, 0, 0, 0, '', 0.00, 0, NULL, NULL, 0.00, 0, 0.00, '1', 9, 'لاتوجد ملاحظات', 1, NULL, '2026-06-07 16:40:20'),
(201, 4, '5', '10', 'N', '2026-12-23', 10, 8, 0, 0, 0, 0, 2, 0, 10, '', 0, 0, 0, 0, 0, 0, '', 0, 0, 0, 0, 0, 0, '8 ساعة 0 دقيقة 0 ثانية', '', '', '', '', '', 8, 2, 0, 0, 0, 0, '', 0.00, 0, NULL, NULL, 0.00, 0, 0.00, '1', 9, 'لاتوجد ملاحظات', 1, NULL, '2026-06-07 16:40:20'),
(202, 4, '5', '10', 'D', '2026-12-24', 10, 8, 0, 0, 0, 0, 2, 0, 10, '', 0, 0, 0, 0, 0, 0, '', 0, 0, 0, 0, 0, 0, '8 ساعة 0 دقيقة 0 ثانية', '', '', '', '', '', 8, 2, 0, 0, 0, 0, '', 0.00, 0, NULL, NULL, 0.00, 0, 0.00, '1', 9, 'لاتوجد ملاحظات', 1, NULL, '2026-06-07 16:40:20'),
(203, 4, '5', '10', 'N', '2026-12-24', 10, 8, 0, 0, 0, 0, 2, 0, 10, '', 0, 0, 0, 0, 0, 0, '', 0, 0, 0, 0, 0, 0, '8 ساعة 0 دقيقة 0 ثانية', '', '', '', '', '', 8, 2, 0, 0, 0, 0, '', 0.00, 0, NULL, NULL, 0.00, 0, 0.00, '1', 9, 'لاتوجد ملاحظات', 1, NULL, '2026-06-07 16:40:20'),
(204, 4, '5', '8', 'D', '2026-12-25', 10, 7, 0, 0, 0, 0, 3, 0, 10, '', 0, 0, 0, 0, 0, 0, '', 0, 0, 0, 0, 0, 0, '7 ساعة 0 دقيقة 0 ثانية', '', '', '', '', '', 7, 3, 0, 0, 0, 0, '', 0.00, 0, NULL, NULL, 0.00, 0, 0.00, '1', 9, 'لاتوجد ملاحظات', 1, NULL, '2026-06-07 16:40:20'),
(205, 4, '5', '', 'N', '2026-12-25', 10, 8, 0, 0, 0, 0, 1.5, 0, 9.5, '', 0, 0.5, 0, 0, 0, 0.5, '', 0, 0, 0, 0, 0, 0, '8 ساعة 0 دقيقة 0 ثانية', 'عطل', '', '', '', '', 8, 1.5, 0, 0, 0, 0, '', 0.00, 0, NULL, NULL, 0.00, 0, 0.00, '1', 9, 'لاتوجد ملاحظات', 1, NULL, '2026-06-07 16:40:20'),
(206, 4, '5', '10', 'D', '2026-12-26', 10, 0, 0, 0, 0, 0, 0, 0, 0, '', 0, 10, 0, 0, 0, 10, '', 0, 0, 0, 0, 0, 0, '0 ساعة 0 دقيقة 0 ثانية', 'عطل', '', '', '', '', 0, 0, 0, 0, 0, 0, '', 0.00, 0, NULL, NULL, 0.00, 0, 0.00, '1', 9, 'لاتوجد ملاحظات', 1, NULL, '2026-06-07 16:40:20'),
(207, 4, '5', '', 'N', '2026-12-26', 10, 0, 0, 0, 0, 0, 0, 0, 0, '', 0, 10, 0, 0, 0, 10, '', 0, 0, 0, 0, 0, 0, '0 ساعة 0 دقيقة 0 ثانية', 'عطل', '', '', '', '', 0, 0, 0, 0, 0, 0, '', 0.00, 0, NULL, NULL, 0.00, 0, 0.00, '1', 9, 'لاتوجد ملاحظات', 1, NULL, '2026-06-07 16:40:20'),
(208, 4, '5', '9', 'D', '2026-12-27', 10, 0, 0, 0, 0, 0, 0, 0, 0, '', 0, 10, 0, 0, 0, 10, '', 0, 0, 0, 0, 0, 0, '0 ساعة 0 دقيقة 0 ثانية', 'عطل', '', '', '', '', 0, 0, 0, 0, 0, 0, '', 0.00, 0, NULL, NULL, 0.00, 0, 0.00, '1', 9, 'لاتوجد ملاحظات', 1, NULL, '2026-06-07 16:40:20'),
(209, 4, '5', '10', 'N', '2026-12-27', 10, 0, 0, 0, 0, 0, 0, 0, 0, '', 0, 10, 0, 0, 0, 10, '', 0, 0, 0, 0, 0, 0, '0 ساعة 0 دقيقة 0 ثانية', 'عطل', '', '', '', '', 0, 0, 0, 0, 0, 0, '', 0.00, 0, NULL, NULL, 0.00, 0, 0.00, '1', 9, 'لاتوجد ملاحظات', 1, NULL, '2026-06-07 16:40:20'),
(210, 4, '5', '11', 'D', '2026-12-28', 10, 0, 0, 0, 0, 0, 0, 0, 0, '', 0, 10, 0, 0, 0, 10, '', 0, 0, 0, 0, 0, 0, '0 ساعة 0 دقيقة 0 ثانية', 'عطل', '', '', '', '', 0, 0, 0, 0, 0, 0, '', 0.00, 0, NULL, NULL, 0.00, 0, 0.00, '1', 9, 'لاتوجد ملاحظات', 1, NULL, '2026-06-07 16:40:20'),
(211, 4, '5', '11', 'N', '2026-12-28', 10, 0, 0, 0, 0, 0, 0, 0, 0, '', 0, 10, 0, 0, 0, 10, '', 0, 0, 0, 0, 0, 0, '0 ساعة 0 دقيقة 0 ثانية', 'عطل', '', '', '', '', 0, 0, 0, 0, 0, 0, '', 0.00, 0, NULL, NULL, 0.00, 0, 0.00, '1', 9, 'لاتوجد ملاحظات', 1, NULL, '2026-06-07 16:40:20'),
(212, 4, '5', '8', 'D', '2026-12-29', 10, 0, 0, 0, 0, 0, 0, 0, 0, '', 0, 10, 0, 0, 0, 10, '', 0, 0, 0, 0, 0, 0, '0 ساعة 0 دقيقة 0 ثانية', 'عطل', '', '', '', '', 0, 0, 0, 0, 0, 0, '', 0.00, 0, NULL, NULL, 0.00, 0, 0.00, '1', 9, 'لاتوجد ملاحظات', 1, NULL, '2026-06-07 16:40:20');
INSERT INTO `timesheet` (`id`, `company_id`, `operator`, `employee_id`, `shift`, `date`, `shift_hours`, `executed_hours`, `bucket_hours`, `jackhammer_hours`, `extra_hours`, `extra_hours_total`, `standby_hours`, `dependence_hours`, `total_work_hours`, `work_notes`, `hr_fault`, `maintenance_fault`, `marketing_fault`, `approval_fault`, `other_fault_hours`, `total_fault_hours`, `fault_notes`, `start_seconds`, `start_minutes`, `start_hours`, `end_seconds`, `end_minutes`, `end_hours`, `counter_diff`, `fault_type`, `fault_department`, `fault_part`, `fault_details`, `general_notes`, `operator_hours`, `machine_standby_hours`, `jackhammer_standby_hours`, `bucket_standby_hours`, `extra_operator_hours`, `operator_standby_hours`, `operator_notes`, `tons_count`, `trips_count`, `transport_type`, `meters_type`, `meters_count`, `drilling_holes_count`, `drilling_depth`, `type`, `user_id`, `time_notes`, `status`, `client_uuid`, `updated_at`) VALUES
(213, 4, '5', '', 'N', '2026-12-29', 10, 0, 0, 0, 0, 0, 0, 0, 0, '', 0, 10, 0, 0, 0, 10, '', 0, 0, 0, 0, 0, 0, '0 ساعة 0 دقيقة 0 ثانية', 'عطل', '', '', '', '', 0, 0, 0, 0, 0, 0, '', 0.00, 0, NULL, NULL, 0.00, 0, 0.00, '1', 9, 'لاتوجد ملاحظات', 1, NULL, '2026-06-07 16:40:20'),
(214, 4, '5', '9', 'D', '2026-12-30', 10, 0, 0, 0, 0, 0, 0, 0, 0, '', 0, 10, 0, 0, 0, 10, '', 0, 0, 0, 0, 0, 0, '0 ساعة 0 دقيقة 0 ثانية', 'عطل', '', '', '', '', 0, 0, 0, 0, 0, 0, '', 0.00, 0, NULL, NULL, 0.00, 0, 0.00, '1', 9, 'لاتوجد ملاحظات', 1, NULL, '2026-06-07 16:40:20'),
(215, 4, '5', '10', 'N', '2026-12-30', 10, 0, 0, 0, 0, 0, 0, 0, 0, '', 0, 10, 0, 0, 0, 10, '', 0, 0, 0, 0, 0, 0, '0 ساعة 0 دقيقة 0 ثانية', 'عطل', '', '', '', '', 0, 0, 0, 0, 0, 0, '', 0.00, 0, NULL, NULL, 0.00, 0, 0.00, '1', 9, 'لاتوجد ملاحظات', 1, NULL, '2026-06-07 16:40:20'),
(216, 4, '5', '9', 'D', '2026-12-31', 10, 7, 0, 0, 0, 0, 0, 0, 7, '', 0, 3, 0, 0, 0, 3, '', 0, 0, 0, 0, 0, 0, '7 ساعة 0 دقيقة 0 ثانية', 'عطل', '', '', '', '', 7, 0, 0, 0, 0, 0, '', 0.00, 0, NULL, NULL, 0.00, 0, 0.00, '1', 9, 'لاتوجد ملاحظات', 1, NULL, '2026-06-07 16:40:20'),
(217, 4, '5', '8', 'N', '2026-12-31', 10, 9, 0, 0, 0, 0, 1, 0, 10, '', 0, 0, 0, 0, 0, 0, '', 0, 0, 0, 0, 0, 0, '0 ساعة 0 دقيقة 0 ثانية', '', '', '', '', '', 9, 1, 0, 0, 0, 0, '', 0.00, 0, NULL, NULL, 0.00, 0, 0.00, '1', 9, 'لاتوجد ملاحظات', 1, NULL, '2026-06-07 16:40:20'),
(222, 4, '12', '3', 'D', '2026-04-27', 10, 8, 4, 4, 0, 0, 0, 0, 8, '', 0, 0, 0, 0, 0, 2, '', 0, 0, 0, 0, 0, 0, '0 ساعة 0 دقيقة 0 ثانية', '', '', '', '', 'اضراب ساق', 8, 0, 0, 0, 0, 0, '', 0.00, 0, NULL, NULL, 0.00, 0, 0.00, '1', 12, 'لاتوجد ملاحظات', 1, NULL, '2026-06-07 16:40:20'),
(223, 4, '12', '4', 'N', '2026-04-27', 10, 10, 0, 0, 0, 0, 0, 0, 10, '', 0, 0, 0, 0, 0, 0, '', 0, 0, 0, 0, 0, 0, '0 ساعة 0 دقيقة 0 ثانية', '', '', '', '', '', 0, 0, 0, 0, 0, 0, '', 0.00, 0, NULL, NULL, 0.00, 0, 0.00, '1', 12, 'لاتوجد ملاحظات', 1, NULL, '2026-06-07 16:40:20'),
(224, 4, '12', '3', 'N', '2026-04-27', 10, 10, 0, 0, 0, 0, 0, 0, 10, '', 0, 0, 0, 0, 0, 0, '', 0, 0, 0, 0, 0, 0, '0 ساعة 0 دقيقة 0 ثانية', '', '', '', '', '', 0, 0, 0, 0, 0, 0, '', 0.00, 0, NULL, NULL, 0.00, 0, 0.00, '1', 12, 'لاتوجد ملاحظات', 1, NULL, '2026-06-07 16:40:20'),
(225, 4, '12', '3', 'D', '2026-04-28', 10, 8, 4, 4, 0, 0, 2, 2, 10, '', 0, 0, 0, 0, 0, 0, '', 0, 0, 9000, 0, 0, 9008, '0 ساعة 0 دقيقة 0 ثانية', '', '', '', '', '', 0, 2, 0, 0, 0, 2, '', 0.00, 0, NULL, NULL, 0.00, 0, 0.00, '1', 12, 'لاتوجد ملاحظات', 1, NULL, '2026-06-07 16:40:20'),
(226, 4, '13', '23', 'D', '2025-12-01', 10, 0, 0, 0, 0, 0, 0, 0, 0, '', 0, 10, 0, 0, 0, 10, '', 0, 0, 0, 0, 0, 0, '0 ساعة 0 دقيقة 0 ثانية', 'عطل هيدروليك', 'الدوران', 'جهاز الدوران', '', '', 0, 0, 0, 0, 0, 10, '', 0.00, 0, NULL, NULL, 0.00, 0, 0.00, '1', 14, 'لاتوجد ملاحظات', 1, NULL, '2026-06-07 16:40:20'),
(227, 4, '13', '23', 'N', '2025-12-01', 10, 0, 0, 0, 0, 0, 0, 0, 0, '', 0, 10, 0, 0, 0, 10, 'مشكلة دوران', 0, 0, 0, 0, 0, 0, '0 ساعة 0 دقيقة 0 ثانية', 'عطل صيانة', 'أعطال الميكانيكيا ', 'جهاز الدوران ', '', '', 0, 0, 0, 0, 0, 10, '', 0.00, 0, NULL, NULL, 0.00, 0, 0.00, '1', 14, 'لاتوجد ملاحظات', 1, NULL, '2026-06-07 16:40:20'),
(228, 4, '13', '23', 'N', '2025-12-01', 10, 0, 0, 0, 0, 0, 0, 0, 0, '', 0, 0, 0, 0, 0, 10, '', 0, 0, 0, 0, 0, 0, '0 ساعة 0 دقيقة 0 ثانية', 'عطل هيدروليك', 'الدوران', 'جهاز الدوران', '', '', 0, 0, 0, 0, 0, 0, '', 0.00, 0, NULL, NULL, 0.00, 0, 0.00, '1', 14, 'لاتوجد ملاحظات', 1, NULL, '2026-06-07 16:40:20'),
(229, 4, '13', '23', 'D', '2025-12-02', 10, 0, 0, 0, 0, 0, 0, 0, 0, '', 0, 10, 0, 0, 0, 10, '', 0, 0, 0, 0, 0, 0, '0 ساعة 0 دقيقة 0 ثانية', 'عطل هيدروليك', 'الدوران', 'جهاز الدوران', '', '', 0, 0, 0, 0, 0, 10, '', 0.00, 0, NULL, NULL, 0.00, 0, 0.00, '1', 14, 'لاتوجد ملاحظات', 1, NULL, '2026-06-07 16:40:20'),
(230, 4, '13', '23', 'N', '2025-12-02', 10, 0, 0, 0, 0, 0, 0, 0, 0, '', 0, 0, 0, 0, 10, 10, '', 0, 0, 0, 0, 0, 0, '0 ساعة 0 دقيقة 0 ثانية', 'غير مذكور', '', '', '', '', 0, 0, 0, 0, 0, 0, '', 0.00, 0, NULL, NULL, 0.00, 0, 0.00, '1', 14, 'لاتوجد ملاحظات', 1, NULL, '2026-06-07 16:40:20'),
(231, 4, '13', '23', 'D', '2025-12-03', 10, 0, 0, 0, 0, 0, 0, 0, 0, '', 0, 10, 0, 0, 0, 10, '', 0, 0, 0, 0, 0, 0, '0 ساعة 0 دقيقة 0 ثانية', '', '', '', '', '', 0, 0, 0, 0, 0, 10, '', 0.00, 0, NULL, NULL, 0.00, 0, 0.00, '1', 14, 'لاتوجد ملاحظات', 1, NULL, '2026-06-07 16:40:20'),
(232, 4, '14', '24', 'D', '2025-12-01', 10, 9, 0, 0, 0, 0, 0, 0, 9, '', 0, 0, 0, 0, 0, 1, '', 0, 0, 0, 0, 0, 0, '0', '', '', '', '', '', 10, 0, 0, 0, 0, 0, '', 0.00, 0, NULL, NULL, 0.00, 0, 0.00, '2', 14, 'لاتوجد ملاحظات', 1, NULL, '2026-06-07 16:40:20'),
(233, 4, '14', '25', 'N', '2025-12-01', 10, 10, 0, 0, 0, 0, 0, 0, 10, '', 0, 0, 0, 0, 0, 0, '', 0, 0, 0, 0, 0, 0, '0', '', '', '', '', '', 10, 0, 0, 0, 0, 0, '', 0.00, 0, NULL, NULL, 0.00, 0, 0.00, '2', 14, 'لاتوجد ملاحظات', 1, NULL, '2026-06-07 16:40:20'),
(234, 4, '13', '23', 'D', '2026-05-02', 10, 5, 0, 0, 0, 0, 0, 0, 5, '', 0, 0, 0, 0, 0, 5, '', 0, 0, 0, 0, 0, 0, '0 ساعة 0 دقيقة 0 ثانية', '', '', '', '', '', 0, 0, 0, 0, 0, 0, '', 0.00, 0, NULL, '', 0.00, 0, 0.00, '1', 14, 'لاتوجد ملاحظات', 1, NULL, '2026-06-07 16:40:20'),
(235, 4, '12', '3', 'D', '2026-05-05', 10, 5, 5, 0, 0, 0, 0, 0, 5, '', 0, 5, 0, 0, 0, 5, '', 0, 0, 0, 0, 0, 0, '0 ساعة 0 دقيقة 0 ثانية', 'أعطال إدارة التشغيل', 'غيار زيت', 'غيار زيت الماكينة', '', '', 0, 0, 0, 0, 0, 5, '', 0.00, 0, '', '', 0.00, 0, 0.00, '1', 14, 'لاتوجد ملاحظات', 1, NULL, '2026-06-07 16:40:20'),
(236, 4, '12', '3', 'D', '2026-05-05', 10, 9, 9, 0, 0, 0, 0, 0, 9, '', 0, 1, 0, 0, 0, 1, '', 0, 0, 0, 0, 0, 0, '0 ساعة 0 دقيقة 0 ثانية', 'عطل معدة', 'أعطال الميكانيكا', 'المحرك', 'EX-EQF-MEC-01-10 | ارتفاع حرارة المحرك', '', 9, 0, 0, 0, 0, 1, '', 0.00, 0, '', '', 0.00, 0, 0.00, '1', 14, 'لاتوجد ملاحظات', 1, NULL, '2026-06-07 16:40:20'),
(237, 4, '12', '4', 'D', '2026-05-13', 10, 6, 6, 0, 0, 0, 0, 0, 6, '', 4, 0, 0, 0, 0, 4, '', 0, 0, 0, 0, 0, 0, '0 ساعة 0 دقيقة 0 ثانية', 'عطل HR', 'عدم توفر المشغل', 'عدم توفر المشغل', 'EX-HRF-HRA-00-02 | تأخر مشغل الوردية البديلة', '', 0, 0, 0, 0, 0, 0, '', 0.00, 0, '', '', 0.00, 0, 0.00, '1', 12, 'لاتوجد ملاحظات', 1, NULL, '2026-06-07 16:40:20'),
(238, 4, '13', '4', 'D', '2026-05-05', 10, 8, 5, 3, 0, 0, 0, 0, 8, '', 0, 2, 0, 0, 0, 2, '', 0, 0, 0, 0, 0, 0, '0 ساعة 0 دقيقة 0 ثانية', 'عطل معدة', 'أعطال الكهرباء', 'البطارية', 'EX-EQF-ELE-01-02 | بطارية تالفة', '', 0, 0, 0, 0, 0, 2, '', 0.00, 0, '', '', 0.00, 0, 0.00, '1', 14, 'لاتوجد ملاحظات', 1, NULL, '2026-06-07 16:40:20'),
(239, 4, '13', '23', 'N', '2026-05-05', 10, 8, 4, 4, 0, 0, 0, 0, 8, '', 1, 1, 0, 0, 0, 2, '', 0, 0, 0, 0, 0, 0, '0 ساعة 0 دقيقة 0 ثانية', 'عطل HR', 'غياب المشغل', 'غياب المشغل', 'EX-HRF-HRB-00-02 | إجازة مشغل دون بديل', '', 0, 0, 0, 0, 0, 1, '', 0.00, 0, '', '', 0.00, 0, 0.00, '1', 12, 'لاتوجد ملاحظات', 1, NULL, '2026-06-07 16:40:20'),
(240, 4, '14', '25', 'N', '2026-09-05', 10, 10, 0, 0, 0, 0, 0, 0, 10, '', 0, 0, 0, 0, 0, 0, '', 0, 0, 0, 0, 0, 0, '0', '', '', '', '', '', 10, 0, 0, 0, 0, 0, '', 0.00, 0, '', NULL, 0.00, 0, 0.00, '2', 12, 'لاتوجد ملاحظات', 1, NULL, '2026-06-07 16:40:20'),
(241, 4, '14', '25', 'D', '2026-05-09', 10, 8, 0, 0, 0, 0, 0, 0, 8, '', 1, 1, 0, 0, 0, 2, '', 0, 0, 0, 0, 0, 0, '0', '', '', '', '', '', 0, 0, 0, 0, 0, 1, '', 13.00, 7, '', '', 0.00, 0, 0.00, '2', 12, 'لاتوجد ملاحظات', 1, NULL, '2026-06-09 13:27:08'),
(242, 4, '12', '4', 'D', '2026-05-11', 10, 9, 5, 4, 0, 0, 0, 0, 9, '', 1, 0, 0, 0, 0, 1, '', 0, 0, 0, 0, 0, 0, '0 ساعة 0 دقيقة 0 ثانية', 'عطل معدة', 'أعطال الكهرباء', 'الإضاءة', 'EX-EQF-ELE-06-01 | إضاءة أمامية', '', 0, 0, 0, 0, 0, 0, '', 0.00, 0, '', '', 0.00, 0, 0.00, '1', 12, 'لاتوجد ملاحظات', 1, NULL, '2026-06-07 16:40:20'),
(243, 4, '12', '5', 'D', '2026-05-11', 10, 9, 7, 2, 0, 0, 0, 0, 9, '', 1, 0, 0, 0, 0, 1, '', 0, 0, 0, 0, 0, 0, '0 ساعة 0 دقيقة 0 ثانية', 'توقف صيانة', 'صيانة طارئة', 'صيانة طارئة', 'EX-MNT-PME-00-02 | انقلاب', '', 0, 0, 0, 0, 0, 0, '', 0.00, 0, '', '', 0.00, 0, 0.00, '1', 12, 'لاتوجد ملاحظات', 1, NULL, '2026-06-07 16:40:20'),
(244, 4, '15', '2', 'N', '2026-05-11', 10, 10, 5, 5, 0, 0, 0, 0, 10, '', 0, 0, 0, 0, 0, 0, '', 0, 0, 0, 0, 0, 0, '0 ساعة 0 دقيقة 0 ثانية', '', '', '', '', '', 0, 0, 0, 0, 0, 0, '', 0.00, 0, '', '', 0.00, 0, 0.00, '1', 12, 'لاتوجد ملاحظات', 1, NULL, '2026-06-07 16:40:20'),
(245, 4, '16', '21', 'N', '2026-05-11', 10, 9, 0, 0, 0, 0, 0, 0, 9, '', 1, 0, 0, 0, 0, 1, '', 0, 0, 0, 0, 0, 0, '0', 'توقف اعتماد', 'اعتماد جزئي', 'اعتماد جزئي', 'DR-DEP-DPP-00-01 | تشغيل بطاقة منخفضة', '', 0, 0, 0, 0, 0, 0, '', 0.00, 0, '', 'امتار اخذ العينات', 16.00, 4, 4.00, '3', 12, 'لاتوجد ملاحظات', 1, NULL, '2026-06-07 16:40:20'),
(246, 4, '12', '4', 'D', '2026-05-16', 10, 9, 5, 3, 1, 1, 0, 0, 10, '', 1, 0, 0, 0, 0, 1, '', 0, 0, 0, 0, 0, 0, '0 ساعة 0 دقيقة 0 ثانية', 'عطل معدة', 'أعطال الهيدروليك', 'الطرمبة', 'EX-EQF-HYD-02-01 | طرمبة رئيسية', '', 0, 0, 0, 0, 0, 0, '', 0.00, 0, '', '', 0.00, 0, 0.00, '1', 12, 'لاتوجد ملاحظات', 1, NULL, '2026-06-07 16:40:20'),
(248, 4, '12', '4', 'D', '2026-05-20', 10, 8, 3, 5, 0, 0, 0, 0, 8, '', 1, 1, 0, 0, 0, 2, '', 0, 0, 0, 0, 0, 0, '0', '', '', '', '', '', 0, 0, 0, 0, 0, 1, '', 0.00, 0, '', '', 0.00, 0, 0.00, '1', 12, 'لاتوجد ملاحظات', 1, NULL, '2026-06-08 12:40:37'),
(249, 4, '12', '', 'D', '2026-06-02', 10, 8, 6, 2, 0, 0, 0, 0, 8, '', 1, 1, 0, 0, 0, 2, '', 0, 0, 0, 0, 0, 0, '0 ساعة 0 دقيقة 0 ثانية', 'عطل معدة', 'أعطال التبريد والتكيف', 'الحساسات', 'EX-EQF-COL-08-01 | حساس حرارة', '', 0, 0, 0, 0, 0, 1, '', 0.00, 0, '', '', 0.00, 0, 0.00, '1', 12, 'لاتوجد ملاحظات', 1, NULL, '2026-06-07 16:40:20'),
(252, 4, '12', '4', 'D', '2026-06-07', 10, 9, 2, 6, 0, 0, 0, 1, 9, '', 1, 0, 0, 0, 0, 1, '', 0, 0, 0, 0, 0, 0, '0', '', '', '', '', '', 0, 0, 0, 0, 0, 1, '', 0.00, 0, '', '', 0.00, 0, 0.00, '1', 12, 'لاتوجد ملاحظات', 1, '9e6ba75e-f378-4b49-b02b-b0b611425458', '2026-06-07 17:45:22'),
(253, 4, '16', '10', 'N', '2026-06-07', 10, 8, 0, 0, 1, 1, 1, 1, 10, '', 0, 1, 0, 0, 0, 0, '', 0, 0, 0, 0, 0, 0, '0', '', '', '', '', '', 0, 1, 0, 0, 0, 2, '', 0.00, 0, '', '', 6.00, 4, 1.50, '3', 12, 'لاتوجد ملاحظات', 1, 'e5306170-7900-4781-94a7-d70efa7ceb5f', '2026-06-08 12:37:29'),
(254, 4, '13', '9', 'D', '2026-06-09', 10, 6, 2, 4, 0, 0, 0, 0, 6, '', 1, 1, 1, 1, 0, 4, '', 0, 0, 0, 0, 0, 0, '0', '', '', '', '', '', 0, 0, 0, 0, 0, 2, '', 0.00, 0, '', '', 0.00, 0, 0.00, '1', 12, 'لاتوجد ملاحظات', 1, '86f7099e-9ce3-4cb7-ab71-cb83492fa1c7', '2026-06-09 11:18:41'),
(255, 4, '32', '6', 'D', '2026-06-09', 10, 9, 3, 6, 0, 0, 0, 0, 9, '', 1, 0, 0, 0, 0, 1, '', 0, 0, 0, 0, 0, 0, '0', '', '', '', '', '', 0, 0, 0, 0, 0, 0, '', 0.00, 0, '', '', 0.00, 0, 0.00, '1', 12, 'لاتوجد ملاحظات', 1, '57d47fbd-7407-4e35-ab83-f07b9d08b51c', '2026-06-09 11:40:20'),
(256, 4, '12', '4', 'D', '2026-06-10', 10, 8, 4, 4, 0, 0, 0, 0, 8, '', 0.5, 1, 0.5, 0, 0, 2, '', 0, 1, 0, 0, 0, 0, '0', '', '', '', '', '', 0, 0, 0, 0, 0, 1.5, '', 0.00, 0, '', '', 0.00, 0, 0.00, '1', 12, 'لاتوجد ملاحظات', 1, '5ff2b083-56de-4b89-bacb-98ba5043fd65', '2026-06-10 08:57:18');

-- --------------------------------------------------------

--
-- Table structure for table `timesheet_approvals`
--

CREATE TABLE `timesheet_approvals` (
  `id` int(11) NOT NULL,
  `timesheet_id` int(11) NOT NULL COMMENT 'FK → timesheet.id',
  `company_id` int(11) DEFAULT NULL,
  `approval_level` tinyint(1) NOT NULL COMMENT '1..4',
  `approved_by` int(11) NOT NULL COMMENT 'FK → users.id',
  `approved_by_name` varchar(255) NOT NULL,
  `approved_at` datetime NOT NULL DEFAULT current_timestamp(),
  `status` tinyint(1) NOT NULL DEFAULT 1 COMMENT '1=اعتمد, 0=رُفض'
) ENGINE=InnoDB DEFAULT CHARSET=utf8mb4 COLLATE=utf8mb4_unicode_ci COMMENT='اعتمادات ساعات العمل الهرمية';

--
-- Dumping data for table `timesheet_approvals`
--

INSERT INTO `timesheet_approvals` (`id`, `timesheet_id`, `company_id`, `approval_level`, `approved_by`, `approved_by_name`, `approved_at`, `status`) VALUES
(1, 217, 4, 1, 4, 'مسؤول التشغيل', '2026-05-01 08:12:59', 1),
(2, 216, 4, 1, 4, 'مسؤول التشغيل', '2026-05-01 12:48:15', 1),
(3, 215, 4, 1, 4, 'مسؤول التشغيل', '2026-05-02 07:33:10', 1),
(4, 214, 4, 1, 4, 'مسؤول التشغيل', '2026-05-02 07:33:58', 1),
(5, 213, 4, 1, 4, 'مسؤول التشغيل', '2026-05-02 07:33:58', 1),
(6, 212, 4, 1, 4, 'مسؤول التشغيل', '2026-05-02 07:33:58', 1),
(7, 211, 4, 1, 4, 'مسؤول التشغيل', '2026-05-02 07:33:58', 1),
(8, 210, 4, 1, 4, 'مسؤول التشغيل', '2026-05-02 07:33:58', 1),
(9, 209, 4, 1, 4, 'مسؤول التشغيل', '2026-05-02 07:33:58', 1),
(10, 208, 4, 1, 4, 'مسؤول التشغيل', '2026-05-02 07:33:58', 1),
(11, 207, 4, 1, 4, 'مسؤول التشغيل', '2026-05-02 07:33:58', 1),
(12, 206, 4, 1, 4, 'مسؤول التشغيل', '2026-05-02 07:33:58', 1),
(13, 205, 4, 1, 4, 'مسؤول التشغيل', '2026-05-02 07:33:58', 1),
(14, 204, 4, 1, 4, 'مسؤول التشغيل', '2026-05-02 07:33:58', 1),
(15, 203, 4, 1, 4, 'مسؤول التشغيل', '2026-05-02 07:33:58', 1),
(16, 202, 4, 1, 4, 'مسؤول التشغيل', '2026-05-02 07:33:58', 1),
(17, 201, 4, 1, 4, 'مسؤول التشغيل', '2026-05-02 07:33:58', 1),
(18, 200, 4, 1, 4, 'مسؤول التشغيل', '2026-05-02 07:33:58', 1),
(19, 199, 4, 1, 4, 'مسؤول التشغيل', '2026-05-02 07:33:58', 1),
(20, 198, 4, 1, 4, 'مسؤول التشغيل', '2026-05-02 07:33:58', 1),
(21, 197, 4, 1, 4, 'مسؤول التشغيل', '2026-05-02 07:33:58', 1),
(22, 196, 4, 1, 4, 'مسؤول التشغيل', '2026-05-02 07:33:58', 1),
(23, 195, 4, 1, 4, 'مسؤول التشغيل', '2026-05-02 07:33:58', 1),
(24, 194, 4, 1, 4, 'مسؤول التشغيل', '2026-05-02 07:33:58', 1),
(25, 193, 4, 1, 4, 'مسؤول التشغيل', '2026-05-02 07:33:58', 1),
(26, 192, 4, 1, 4, 'مسؤول التشغيل', '2026-05-02 07:33:58', 1),
(27, 191, 4, 1, 4, 'مسؤول التشغيل', '2026-05-02 07:33:58', 1),
(28, 190, 4, 1, 4, 'مسؤول التشغيل', '2026-05-02 07:33:58', 1),
(29, 217, 4, 2, 5, 'مسؤول الموردين', '2026-05-02 07:50:39', 1),
(30, 216, 4, 2, 5, 'مسؤول الموردين', '2026-05-02 07:51:04', 1),
(31, 215, 4, 2, 5, 'مسؤول الموردين', '2026-05-02 07:51:04', 1),
(32, 214, 4, 2, 5, 'مسؤول الموردين', '2026-05-02 07:51:04', 1),
(33, 213, 4, 2, 5, 'مسؤول الموردين', '2026-05-02 07:51:04', 1),
(34, 212, 4, 2, 5, 'مسؤول الموردين', '2026-05-02 07:51:04', 1),
(35, 211, 4, 2, 5, 'مسؤول الموردين', '2026-05-02 07:51:04', 1),
(36, 210, 4, 2, 5, 'مسؤول الموردين', '2026-05-02 07:51:04', 1),
(37, 209, 4, 2, 5, 'مسؤول الموردين', '2026-05-02 07:51:04', 1),
(38, 208, 4, 2, 5, 'مسؤول الموردين', '2026-05-02 08:30:08', 1),
(39, 207, 4, 2, 5, 'مسؤول الموردين', '2026-05-02 08:30:26', 1),
(40, 206, 4, 2, 5, 'مسؤول الموردين', '2026-05-02 08:30:26', 1),
(41, 205, 4, 2, 5, 'مسؤول الموردين', '2026-05-02 08:30:26', 1),
(42, 189, 4, 1, 4, 'مسؤول التشغيل', '2026-05-02 08:31:01', 1),
(43, 163, 4, 1, 4, 'مسؤول التشغيل', '2026-05-09 00:13:58', 1),
(44, 244, 4, 1, 4, 'مسؤول التشغيل', '2026-05-11 01:50:52', 1),
(45, 188, 4, 1, 4, 'مسؤول التشغيل', '2026-05-11 01:51:49', 1),
(46, 187, 4, 1, 4, 'مسؤول التشغيل', '2026-05-11 01:56:08', 1),
(47, 185, 4, 1, 4, 'مسؤول التشغيل', '2026-05-11 01:56:20', 1),
(48, 204, 4, 2, 5, 'مسؤول الموردين', '2026-05-11 02:12:24', 1),
(49, 245, 4, 1, 4, 'مسؤول التشغيل', '2026-05-11 02:33:59', 1),
(50, 245, 4, 2, 5, 'مسؤول الموردين', '2026-05-11 02:34:43', 1),
(51, 245, 4, 3, 6, 'يسن سيد احمد', '2026-05-11 02:35:50', 1),
(52, 245, 4, 4, 7, 'المشغلين', '2026-05-11 02:38:11', 1),
(53, 186, 4, 1, 4, 'مسؤول التشغيل', '2026-05-11 02:55:05', 1),
(54, 240, 4, 1, 4, 'مسؤول التشغيل', '2026-05-14 18:54:51', 1),
(55, 184, 4, 1, 4, 'مسؤول التشغيل', '2026-06-02 12:38:32', 1);

-- --------------------------------------------------------

--
-- Table structure for table `timesheet_approval_notes`
--

CREATE TABLE `timesheet_approval_notes` (
  `id` int(11) NOT NULL,
  `timesheet_id` int(11) NOT NULL COMMENT 'FK → timesheet.id',
  `company_id` int(11) DEFAULT NULL,
  `column_name` varchar(100) NOT NULL COMMENT 'اسم العمود التقني',
  `column_label` varchar(255) NOT NULL COMMENT 'عنوان العمود بالعربية',
  `note_text` mediumtext NOT NULL,
  `created_by` int(11) NOT NULL COMMENT 'FK → users.id',
  `created_by_name` varchar(255) NOT NULL,
  `created_at` datetime NOT NULL DEFAULT current_timestamp(),
  `status` tinyint(1) NOT NULL DEFAULT 1
) ENGINE=InnoDB DEFAULT CHARSET=utf8mb4 COLLATE=utf8mb4_unicode_ci COMMENT='ملاحظات اعتماد ساعات العمل';

--
-- Dumping data for table `timesheet_approval_notes`
--

INSERT INTO `timesheet_approval_notes` (`id`, `timesheet_id`, `company_id`, `column_name`, `column_label`, `note_text`, `created_by`, `created_by_name`, `created_at`, `status`) VALUES
(1, 217, 4, 'shift', 'الوردية', 'لالا', 4, 'مسؤول التشغيل', '2026-05-01 08:12:49', 1),
(2, 39, 4, 'shift_hours', 'ساعات الوردية', 'راجع الساعات', 4, 'مسؤول التشغيل', '2026-05-02 07:34:56', 1),
(3, 224, 4, 'shift', 'الوردية', 'mdkl', 12, 'حسن ', '2026-05-02 12:38:55', 1),
(4, 236, 4, 'executed_hours', 'الساعات المنفذة', 'نمثينمؤ', 12, 'حسن ', '2026-05-09 15:58:25', 1),
(5, 245, 4, 'shift_hours', 'ساعات الوردية', 'v mvk m', 12, 'حسن ', '2026-05-11 02:17:20', 1),
(6, 184, 4, 'marketing_fault', 'عطل تسويق', 'w;lmgfrw;l', 4, 'مسؤول التشغيل', '2026-06-02 12:39:10', 1),
(7, 240, 4, 'shift', 'الوردية', 'ةةم', 12, 'حسن ', '2026-06-08 10:08:07', 1);

-- --------------------------------------------------------

--
-- Table structure for table `timesheet_failure_hours`
--

CREATE TABLE `timesheet_failure_hours` (
  `id` int(11) NOT NULL,
  `timesheet_id` int(11) NOT NULL,
  `operation_id` int(11) NOT NULL,
  `equipment_id` int(11) NOT NULL DEFAULT 0,
  `failure_code_id` int(11) NOT NULL,
  `equipment_type` tinyint(1) NOT NULL COMMENT '1=حفار,2=قلاب,3=خرامة',
  `event_type_code` varchar(20) NOT NULL,
  `event_type_name` varchar(150) NOT NULL,
  `main_category_code` varchar(20) NOT NULL,
  `main_category_name` varchar(200) NOT NULL,
  `sub_category` varchar(200) NOT NULL,
  `failure_detail` varchar(255) NOT NULL,
  `full_code` varchar(50) NOT NULL,
  `timesheet_date` date NOT NULL,
  `company_id` int(11) NOT NULL DEFAULT 0,
  `created_by` int(11) NOT NULL DEFAULT 0,
  `status` tinyint(1) NOT NULL DEFAULT 1,
  `created_at` timestamp NOT NULL DEFAULT current_timestamp(),
  `updated_at` timestamp NOT NULL DEFAULT current_timestamp() ON UPDATE current_timestamp()
) ENGINE=InnoDB DEFAULT CHARSET=utf8mb4 COLLATE=utf8mb4_unicode_ci;

--
-- Dumping data for table `timesheet_failure_hours`
--

INSERT INTO `timesheet_failure_hours` (`id`, `timesheet_id`, `operation_id`, `equipment_id`, `failure_code_id`, `equipment_type`, `event_type_code`, `event_type_name`, `main_category_code`, `main_category_name`, `sub_category`, `failure_detail`, `full_code`, `timesheet_date`, `company_id`, `created_by`, `status`, `created_at`, `updated_at`) VALUES
(1, 236, 12, 8, 13, 1, 'EQF', 'عطل معدة', 'MEC', 'أعطال الميكانيكا', 'المحرك', 'ارتفاع حرارة المحرك', 'EX-EQF-MEC-01-10', '2026-05-05', 4, 14, 1, '2026-05-05 07:34:25', '2026-05-05 07:34:25'),
(2, 237, 12, 8, 180, 1, 'HRF', 'عطل HR', 'HRA', 'عدم توفر المشغل', 'عدم توفر المشغل', 'تأخر مشغل الوردية البديلة', 'EX-HRF-HRA-00-02', '2026-05-13', 4, 12, 1, '2026-05-05 10:23:06', '2026-05-05 10:23:06'),
(3, 238, 13, 10, 57, 1, 'EQF', 'عطل معدة', 'ELE', 'أعطال الكهرباء', 'البطارية', 'بطارية تالفة', 'EX-EQF-ELE-01-02', '2026-05-05', 4, 14, 1, '2026-05-05 10:41:37', '2026-05-05 10:41:37'),
(4, 239, 13, 10, 182, 1, 'HRF', 'عطل HR', 'HRB', 'غياب المشغل', 'غياب المشغل', 'إجازة مشغل دون بديل', 'EX-HRF-HRB-00-02', '2026-05-05', 4, 12, 1, '2026-05-05 11:48:55', '2026-05-05 11:48:55'),
(5, 239, 13, 10, 147, 1, 'MNT', 'توقف صيانة', 'PME', 'صيانة طارئة', 'صيانة طارئة', 'انقلاب', 'EX-MNT-PME-00-02', '2026-05-05', 4, 12, 1, '2026-05-05 11:48:55', '2026-05-05 11:48:55'),
(6, 242, 12, 8, 69, 1, 'EQF', 'عطل معدة', 'ELE', 'أعطال الكهرباء', 'الإضاءة', 'إضاءة أمامية', 'EX-EQF-ELE-06-01', '2026-05-11', 4, 12, 1, '2026-05-10 22:36:08', '2026-05-10 22:36:08'),
(7, 242, 12, 8, 185, 1, 'HRF', 'عطل HR', 'HRC', 'عدم كفاءة المشغل', 'عدم كفاءة المشغل', 'انتهاء رخصة التشغيل', 'EX-HRF-HRC-00-02', '2026-05-11', 4, 12, 1, '2026-05-10 22:36:08', '2026-05-10 22:36:08'),
(8, 243, 12, 8, 147, 1, 'MNT', 'توقف صيانة', 'PME', 'صيانة طارئة', 'صيانة طارئة', 'انقلاب', 'EX-MNT-PME-00-02', '2026-05-11', 4, 12, 1, '2026-05-10 22:37:07', '2026-05-10 22:37:07'),
(9, 245, 16, 13, 380, 3, 'DEP', 'توقف اعتماد', 'DPP', 'اعتماد جزئي', 'اعتماد جزئي', 'تشغيل بطاقة منخفضة', 'DR-DEP-DPP-00-01', '2026-05-11', 4, 12, 1, '2026-05-10 23:15:48', '2026-05-10 23:15:48'),
(10, 246, 12, 8, 41, 1, 'EQF', 'عطل معدة', 'HYD', 'أعطال الهيدروليك', 'الطرمبة', 'طرمبة رئيسية', 'EX-EQF-HYD-02-01', '2026-05-16', 4, 12, 1, '2026-05-16 09:21:00', '2026-05-16 09:21:00'),
(11, 246, 12, 8, 177, 1, 'MST', 'استعداد تسويق', 'MSZ', 'ظروف زمنية', 'ظروف زمنية', 'الإجازات الرسمية غير المتفق عليها', 'EX-MST-MSZ-00-01', '2026-05-16', 4, 12, 1, '2026-05-16 09:21:00', '2026-05-16 09:21:00'),
(12, 249, 12, 8, 94, 1, 'EQF', 'عطل معدة', 'COL', 'أعطال التبريد والتكيف', 'الحساسات', 'حساس حرارة', 'EX-EQF-COL-08-01', '2026-06-02', 4, 12, 1, '2026-06-02 09:32:38', '2026-06-02 09:32:38'),
(13, 249, 12, 8, 147, 1, 'MNT', 'توقف صيانة', 'PME', 'صيانة طارئة', 'صيانة طارئة', 'انقلاب', 'EX-MNT-PME-00-02', '2026-06-02', 4, 12, 1, '2026-06-02 09:32:38', '2026-06-02 09:32:38'),
(15, 252, 12, 8, 166, 1, 'CST', 'استعداد عميل', 'CSL', 'عدم توفر مستلزمات التشغيل', 'عدم توفر مستلزمات', 'عدم توفر مياه الرش', 'EX-CST-CSL-00-02', '2026-06-07', 4, 12, 1, '2026-06-07 17:45:22', '2026-06-07 17:45:22'),
(17, 253, 16, 13, 375, 3, 'MNT', 'توقف صيانة', 'PMC', 'صيانة تصحيحية', 'صيانة تصحيحية', 'إصلاح عطل ميكانيكي', 'DR-MNT-PMC-00-01', '2026-06-07', 4, 12, 1, '2026-06-08 12:37:29', '2026-06-08 12:37:29'),
(18, 254, 13, 10, 166, 1, 'CST', 'استعداد عميل', 'CSL', 'عدم توفر مستلزمات التشغيل', 'عدم توفر مستلزمات', 'عدم توفر مياه الرش', 'EX-CST-CSL-00-02', '2026-06-09', 4, 12, 1, '2026-06-09 11:18:41', '2026-06-09 11:18:41'),
(19, 254, 13, 10, 193, 1, 'MKF', 'عطل تسويق', 'MFI', 'إشكاليات تعاقدية', 'إشكاليات تعاقدية', 'توقف بسبب تأخر مدفوعات العميل', 'EX-MKF-MFI-00-03', '2026-06-09', 4, 12, 1, '2026-06-09 11:18:41', '2026-06-09 11:18:41'),
(20, 256, 12, 8, 57, 1, 'EQF', 'عطل معدة', 'ELE', 'أعطال الكهرباء', 'البطارية', 'بطارية تالفة', 'EX-EQF-ELE-01-02', '2026-06-10', 4, 12, 1, '2026-06-10 08:57:18', '2026-06-10 08:57:18'),
(21, 256, 12, 8, 140, 1, 'MNT', 'توقف صيانة', 'PMC', 'صيانة تصحيحية', 'صيانة تصحيحية', 'إصلاح عطل هيدروليكي', 'EX-MNT-PMC-00-02', '2026-06-10', 4, 12, 1, '2026-06-10 08:57:18', '2026-06-10 08:57:18');

-- --------------------------------------------------------

--
-- Table structure for table `users`
--

CREATE TABLE `users` (
  `id` int(11) NOT NULL COMMENT 'معرف فريد',
  `name` varchar(100) NOT NULL COMMENT 'الاسم الثلاثي',
  `username` varchar(150) NOT NULL COMMENT 'اسم المستخدم',
  `email` varchar(150) DEFAULT NULL COMMENT 'البريد',
  `password` varchar(255) NOT NULL COMMENT 'كلمة المرور',
  `phone` varchar(20) DEFAULT NULL COMMENT 'رقم الهاتف',
  `role` varchar(30) NOT NULL COMMENT 'رقم الصلاحية',
  `company_id` int(11) DEFAULT NULL COMMENT 'رقم الشركة',
  `role_id` int(11) DEFAULT NULL COMMENT 'رقم الصلاحية',
  `status` enum('active','inactive','suspended') NOT NULL DEFAULT 'active' COMMENT 'الحالة',
  `force_password_change` tinyint(1) NOT NULL DEFAULT 0,
  `temp_password_set_at` timestamp NULL DEFAULT NULL,
  `project_id` varchar(20) NOT NULL DEFAULT '0' COMMENT 'المشروع',
  `contract_id` int(11) DEFAULT 0 COMMENT 'العقد',
  `parent_id` varchar(20) NOT NULL DEFAULT '0' COMMENT 'المستخدم الاب',
  `created_at` timestamp NOT NULL DEFAULT current_timestamp() COMMENT 'انشئ في',
  `updated_at` timestamp NOT NULL DEFAULT current_timestamp() ON UPDATE current_timestamp() COMMENT 'عدل في',
  `last_login_at` timestamp NULL DEFAULT NULL COMMENT 'اخر دخول',
  `is_deleted` tinyint(1) NOT NULL DEFAULT 0 COMMENT 'محذوف',
  `deleted_at` datetime DEFAULT NULL COMMENT 'وقت الحذف',
  `deleted_by` int(11) DEFAULT NULL COMMENT 'الحاذف'
) ENGINE=InnoDB DEFAULT CHARSET=utf8mb4 COLLATE=utf8mb4_unicode_ci;

--
-- Dumping data for table `users`
--

INSERT INTO `users` (`id`, `name`, `username`, `email`, `password`, `phone`, `role`, `company_id`, `role_id`, `status`, `force_password_change`, `temp_password_set_at`, `project_id`, `contract_id`, `parent_id`, `created_at`, `updated_at`, `last_login_at`, `is_deleted`, `deleted_at`, `deleted_by`) VALUES
(1, 'محمد ادريس', 'adminfree@gmail.com', 'adminfree@gmail.com', '$2y$10$3I7ZYbnPjX9BEWzLR4HHz.FHcMPMzUBMnQNI3vBYLnBzIGUYI.UMG', '+249915657576', '1', 1, 1, 'active', 0, NULL, '0', 0, '0', '2026-04-07 10:53:47', '2026-04-07 10:54:04', '2026-04-07 10:54:04', 0, NULL, NULL),
(4, 'مسؤول التشغيل', 'محمد', 'admin@gmail.com', '$2y$10$8FcRlrkxuIOUr6kWAwy6Z.lh1rYmAzAA/8zSH7sxhgPAc69eQNLTG', '+249915657576', '1', 4, 1, 'active', 0, NULL, '0', 0, '0', '2026-04-07 11:19:26', '2026-04-30 06:47:38', '2026-04-30 06:47:38', 0, NULL, NULL),
(5, 'مسؤول الموردين', 'مصعب', NULL, '$2y$10$WA9lipyyjBky7B1zieAXPur.sdLhy.UlHy5Jj4q1IZYzP6B3tGTeq', '09209303903', '2', 4, NULL, 'active', 0, NULL, '0', 0, '0', '2026-04-07 11:33:09', '2026-04-29 11:12:49', NULL, 0, NULL, NULL),
(6, 'يسن سيد احمد', 'يسن', NULL, '$2y$10$dpgJiR7LQuaJVDgQIO/F4.ze3HXdjjT6OiflD/RS0C0VgxjmiBh4W', '09209303903', '3', 4, NULL, 'active', 0, NULL, '0', 0, '0', '2026-04-07 11:34:52', '2026-05-01 07:18:33', '2026-05-01 07:18:33', 0, NULL, NULL),
(7, 'المشغلين', 'اروينا', NULL, '$2y$10$Jk5vHPG/HMIwfhP6x1mFC.t4mUs524htfwDDrCYWmKW/lv9tJvEzS', '09209303903', '4', 4, NULL, 'active', 0, NULL, '0', 0, '0', '2026-04-07 11:35:27', '2026-04-20 20:49:04', NULL, 0, NULL, NULL),
(8, 'المواقع', 'موقع', NULL, '$2y$10$5ln6ocflqV231lrG01s9LOV4DZR.dHrEci8RJ7XeA/RbFpadupmY2', '09209303903', '5', 4, NULL, 'active', 0, NULL, '1', 1, '0', '2026-04-07 12:45:25', '2026-04-07 12:45:25', NULL, 0, NULL, NULL),
(9, 'احمد المرتضى', 'احمد', NULL, '$2y$10$jjb4J0aoplTtyccnMx2Z4eqTOY6GmJ2tWDfJlLiKMZ4dBgGgCyc.u', '09209303903', '5', 4, NULL, 'active', 0, NULL, '2', 2, '0', '2026-04-13 12:05:54', '2026-04-20 20:28:33', NULL, 0, NULL, NULL),
(10, 'يس سيدأحمد', 'مشغل الروسية', NULL, '$2y$10$ALTgaql33QNBq7TUG/kh.e5sc2PnCfD3.jeWlzKFXZlYpnQSGhFy6', '09209303903', '6', 4, NULL, 'active', 0, NULL, '2', 2, '0', '2026-04-14 12:45:21', '2026-04-26 11:46:57', NULL, 0, NULL, NULL),
(11, 'مدير حركة', 'حركة - الروسية', NULL, '$2y$10$2.NmkMgWWcRAVmUhmOjY/O9tAQd2O1pMWxijQ1L2cxgpGBDLVUwBm', '09209303903', '6', 4, NULL, 'active', 0, NULL, '4', 4, '0', '2026-04-26 11:51:35', '2026-04-26 11:51:35', NULL, 0, NULL, NULL),
(12, 'حسن ', 'مدير موقع الروسية', NULL, '$2y$10$IZN1RsjzNMM1l.TbLtyUyOQUVTn5PhVg4189RQFSwaCpGVp/h00CS', '09209303903', '5', 4, NULL, 'active', 0, NULL, '4', 4, '0', '2026-04-26 12:24:45', '2026-04-26 12:24:45', NULL, 0, NULL, NULL),
(13, 'مسؤول المبيعات', 'مبيعات', NULL, '$2y$10$Ft68E8j.vFpkLSBkq/TRb.ooMmXDF/qCBoRUUcaxwH7IDoaXTtn3e', '09209303903', '12', 4, NULL, 'active', 0, NULL, '0', 0, '0', '2026-04-28 09:24:31', '2026-04-28 09:24:31', NULL, 0, NULL, NULL),
(14, 'مدير المنجم MB1', 'مدير المنجم MB1', NULL, '$2y$10$RERFPCS3XJutiG/OFZSItemoB.hcCrNLllPIQM8CXN00ni.RBpTRG', '09209303903', '5', 4, NULL, 'active', 0, NULL, '4', 5, '0', '2026-04-28 11:13:14', '2026-05-12 11:48:50', NULL, 0, NULL, NULL),
(15, 'مشغل المجم MB1', 'مشغل المجم MB1', NULL, '$2y$10$80.Mfn.j1CDnOGVHOBukgOvDXBDzFhX9b5JryxMM5E/8JDWNVU36m', '09209303903', '6', 4, NULL, 'active', 0, NULL, '2', 5, '0', '2026-04-28 11:22:05', '2026-05-11 17:09:55', NULL, 1, '2026-05-11 20:09:55', 4),
(16, 'مشرف المنجم MB1', 'مشرف المنجم MB1', NULL, '$2y$10$lktDGTePBGXvdWy6h9Be3u/yMsPI4Y80Q0khOsAt5bl7AxSYmjVli', '09209303903', '1', 4, NULL, 'active', 0, NULL, '0', 0, '0', '2026-04-28 12:52:52', '2026-05-11 17:08:02', NULL, 1, '2026-05-11 20:08:02', 4),
(17, 'موقعmb1', 'موقعmb1', NULL, '$2y$10$h.Tz8Xkf4/rAkOJkrp63LezRtUfnEPgqP74m7cJTAVUFnYQpkb4h2', '09209303903', '5', 4, NULL, 'active', 0, NULL, '2', 2, '0', '2026-05-05 12:20:45', '2026-05-14 16:21:03', NULL, 0, NULL, NULL),
(18, 'حركة - جديد', 'حركة - جديد', NULL, '$2y$10$7iLiNi.E7oRRYii6ou0vXetpO9NI4t94Njiir/JI1mO3dFB90zwNa', '09209303903', '6', 4, NULL, 'active', 0, NULL, '4', 5, '0', '2026-05-12 11:46:20', '2026-05-12 11:46:20', NULL, 0, NULL, NULL),
(19, 'مدير الصيانة', 'صيانة', 'maint_mgr@test.local', '$2y$10$AEyurh.xOkqQ1nsjI2zh5urqf7AmbZiknkRMyC0AmIOM1DThvpa56', '01123475758', '13', 4, NULL, 'active', 0, NULL, '0', 0, '0', '2026-06-20 19:13:57', '2026-06-20 19:54:48', NULL, 0, NULL, NULL),
(20, 'مشرف الصيانة', 'مصيانة', 'maint_sup@test.local', '$2y$10$SNIAAu9ZUuH4CUz7Snh.UuQd0FeYz6dbFrNEk52aAqxB6psvqRFKe', '0915657579', '13', 4, NULL, 'active', 0, NULL, '0', 0, '0', '2026-06-20 19:13:57', '2026-06-20 19:55:31', NULL, 0, NULL, NULL),
(43, 'WF Probe', 'wf_mnt_probe', NULL, '$2y$12$c4ErL393ZQxHVC.UUHeFbuzo6Vp29xBlZRuNHu8l.p7hZOidUklka', NULL, '13', 4, NULL, 'active', 0, NULL, '0', 0, '0', '2026-06-21 08:57:16', '2026-06-21 08:57:16', NULL, 0, NULL, NULL);

--
-- Indexes for dumped tables
--

--
-- Indexes for table `activity_logs`
--
ALTER TABLE `activity_logs`
  ADD PRIMARY KEY (`id`),
  ADD KEY `idx_company_created` (`company_id`,`created_at`),
  ADD KEY `idx_user_created` (`user_id`,`created_at`),
  ADD KEY `idx_role_created` (`role_id`,`created_at`),
  ADD KEY `idx_action_created` (`action_type`,`created_at`),
  ADD KEY `idx_module_screen_created` (`module_name`,`screen_name`,`created_at`),
  ADD KEY `idx_record_module` (`record_id`,`module_name`),
  ADD KEY `idx_created_at` (`created_at`),
  ADD KEY `idx_screen_name` (`screen_name`),
  ADD KEY `idx_module_name` (`module_name`),
  ADD KEY `idx_action_type` (`action_type`),
  ADD KEY `idx_record_id` (`record_id`);

--
-- Indexes for table `admin_audit_log`
--
ALTER TABLE `admin_audit_log`
  ADD PRIMARY KEY (`id`),
  ADD KEY `idx_admin_audit_admin` (`admin_id`),
  ADD KEY `idx_admin_audit_action` (`action_type`),
  ADD KEY `idx_admin_audit_date` (`created_at`);

--
-- Indexes for table `admin_companies`
--
ALTER TABLE `admin_companies`
  ADD PRIMARY KEY (`id`),
  ADD UNIQUE KEY `uq_admin_companies_email` (`email`),
  ADD UNIQUE KEY `uq_admin_companies_commercial_registration` (`commercial_registration`),
  ADD KEY `idx_admin_companies_plan` (`plan_id`),
  ADD KEY `idx_admin_companies_status` (`status`);

--
-- Indexes for table `admin_subscription_plans`
--
ALTER TABLE `admin_subscription_plans`
  ADD PRIMARY KEY (`id`);

--
-- Indexes for table `admin_subscription_requests`
--
ALTER TABLE `admin_subscription_requests`
  ADD PRIMARY KEY (`id`),
  ADD KEY `idx_admin_sub_req_status` (`status`),
  ADD KEY `idx_admin_sub_req_plan` (`plan_id`),
  ADD KEY `fk_admin_sub_req_reviewer` (`reviewed_by`);

--
-- Indexes for table `admin_subscription_requests_test_probe`
--
ALTER TABLE `admin_subscription_requests_test_probe`
  ADD PRIMARY KEY (`id`),
  ADD KEY `idx_admin_sub_req_status` (`status`),
  ADD KEY `idx_admin_sub_req_plan` (`plan_id`);

--
-- Indexes for table `api_tokens`
--
ALTER TABLE `api_tokens`
  ADD PRIMARY KEY (`id`),
  ADD UNIQUE KEY `uq_token_hash` (`token_hash`),
  ADD KEY `idx_user` (`user_id`),
  ADD KEY `idx_active` (`revoked`,`expires_at`);

--
-- Indexes for table `approval_requests`
--
ALTER TABLE `approval_requests`
  ADD PRIMARY KEY (`id`),
  ADD KEY `idx_approval_entity` (`entity_type`,`entity_id`),
  ADD KEY `idx_approval_status` (`status`),
  ADD KEY `idx_approval_user` (`requested_by`);

--
-- Indexes for table `approval_steps`
--
ALTER TABLE `approval_steps`
  ADD PRIMARY KEY (`id`),
  ADD KEY `idx_approval_steps_request` (`request_id`),
  ADD KEY `idx_approval_steps_status` (`status`),
  ADD KEY `idx_approval_steps_order` (`step_order`);

--
-- Indexes for table `approval_workflow_rules`
--
ALTER TABLE `approval_workflow_rules`
  ADD PRIMARY KEY (`id`),
  ADD UNIQUE KEY `uniq_workflow_rule` (`entity_type`,`action`,`step_order`),
  ADD KEY `idx_workflow_rule_lookup` (`entity_type`,`action`,`is_active`);

--
-- Indexes for table `audit_logs`
--
ALTER TABLE `audit_logs`
  ADD PRIMARY KEY (`id`),
  ADD KEY `idx_audit_logs_user_id` (`user_id`),
  ADD KEY `idx_audit_logs_company_id` (`company_id`),
  ADD KEY `idx_audit_logs_action_type` (`action_type`),
  ADD KEY `idx_audit_logs_created_at` (`created_at`);

--
-- Indexes for table `clients`
--
ALTER TABLE `clients`
  ADD PRIMARY KEY (`id`),
  ADD KEY `idx_client_name` (`client_name`),
  ADD KEY `idx_status` (`status`);

--
-- Indexes for table `company_user_password_resets`
--
ALTER TABLE `company_user_password_resets`
  ADD PRIMARY KEY (`id`),
  ADD UNIQUE KEY `uq_company_user_password_resets_token_hash` (`token_hash`),
  ADD KEY `idx_company_user_password_resets_user_id` (`user_id`);

--
-- Indexes for table `contractequipments`
--
ALTER TABLE `contractequipments`
  ADD PRIMARY KEY (`id`),
  ADD KEY `contract_id` (`contract_id`);

--
-- Indexes for table `contracts`
--
ALTER TABLE `contracts`
  ADD PRIMARY KEY (`id`),
  ADD KEY `fk_contracts_merged` (`merged_with`),
  ADD KEY `idx_contracts_project_id` (`project_id`);

--
-- Indexes for table `contract_notes`
--
ALTER TABLE `contract_notes`
  ADD PRIMARY KEY (`id`),
  ADD KEY `idx_user_id` (`user_id`),
  ADD KEY `fk_contract_notes_contract` (`contract_id`),
  ADD KEY `fk_contract_notes_created_by` (`created_by`);

--
-- Indexes for table `drivercontractequipments`
--
ALTER TABLE `drivercontractequipments`
  ADD PRIMARY KEY (`id`),
  ADD KEY `contract_id` (`contract_id`);

--
-- Indexes for table `drivercontracts`
--
ALTER TABLE `drivercontracts`
  ADD PRIMARY KEY (`id`),
  ADD KEY `idx_drivercontracts_project_contract_id` (`project_contract_id`),
  ADD KEY `fk_drivercontracts_driver` (`employee_id`),
  ADD KEY `fk_drivercontracts_project` (`project_id`),
  ADD KEY `fk_drivercontracts_merged` (`merged_with`);

--
-- Indexes for table `drivers_legacy_backup`
--
ALTER TABLE `drivers_legacy_backup`
  ADD PRIMARY KEY (`id`),
  ADD KEY `idx_driver_code` (`driver_code`),
  ADD KEY `idx_driver_name` (`name`),
  ADD KEY `idx_driver_status` (`driver_status`),
  ADD KEY `idx_supplier_id` (`supplier_id`),
  ADD KEY `idx_drivers_project_id` (`project_id`);

--
-- Indexes for table `driver_contract_notes`
--
ALTER TABLE `driver_contract_notes`
  ADD PRIMARY KEY (`id`),
  ADD KEY `idx_driver_contract_notes_contract_id` (`contract_id`);

--
-- Indexes for table `employees`
--
ALTER TABLE `employees`
  ADD PRIMARY KEY (`id`),
  ADD KEY `idx_driver_code` (`employee_code`),
  ADD KEY `idx_driver_name` (`name`),
  ADD KEY `idx_driver_status` (`employee_status`),
  ADD KEY `idx_supplier_id` (`supplier_id`),
  ADD KEY `idx_drivers_project_id` (`project_id`),
  ADD KEY `idx_employees_type` (`employee_type`);

--
-- Indexes for table `equipments`
--
ALTER TABLE `equipments`
  ADD PRIMARY KEY (`id`),
  ADD KEY `idx_serial_number` (`serial_number`),
  ADD KEY `idx_chassis_number` (`chassis_number`),
  ADD KEY `idx_manufacturer` (`manufacturer`),
  ADD KEY `idx_availability_status` (`availability_status`),
  ADD KEY `idx_equipments_model_id` (`model_id`),
  ADD KEY `idx_equipments_card_state` (`card_state`);

--
-- Indexes for table `equipments_types`
--
ALTER TABLE `equipments_types`
  ADD PRIMARY KEY (`id`);

--
-- Indexes for table `equipment_drivers`
--
ALTER TABLE `equipment_drivers`
  ADD PRIMARY KEY (`id`),
  ADD KEY `fk_equipment_drivers_equipment` (`equipment_id`),
  ADD KEY `fk_equipment_drivers_driver` (`employee_id`);

--
-- Indexes for table `failure_codes`
--
ALTER TABLE `failure_codes`
  ADD PRIMARY KEY (`id`),
  ADD KEY `idx_equipment_type` (`equipment_type`),
  ADD KEY `idx_event_type` (`equipment_type`,`event_type_code`),
  ADD KEY `idx_main_cat` (`equipment_type`,`event_type_code`,`main_category_code`),
  ADD KEY `idx_sub_cat` (`equipment_type`,`event_type_code`,`main_category_code`,`sub_category`(50));

--
-- Indexes for table `fleet_depreciation_profile`
--
ALTER TABLE `fleet_depreciation_profile`
  ADD PRIMARY KEY (`id`),
  ADD KEY `idx_fdp_company_code` (`company_id`,`code`),
  ADD KEY `idx_fdp_company` (`company_id`),
  ADD KEY `idx_fdp_model` (`model_id`),
  ADD KEY `idx_fdp_state` (`state`,`is_deleted`);

--
-- Indexes for table `fleet_depreciation_profile_audit`
--
ALTER TABLE `fleet_depreciation_profile_audit`
  ADD PRIMARY KEY (`id`),
  ADD KEY `idx_fdpa_profile` (`profile_id`),
  ADD KEY `idx_fdpa_company` (`company_id`);

--
-- Indexes for table `fleet_equipment_compliance`
--
ALTER TABLE `fleet_equipment_compliance`
  ADD PRIMARY KEY (`id`),
  ADD KEY `idx_fec_equipment` (`equipment_id`),
  ADD KEY `idx_fec_company` (`company_id`),
  ADD KEY `idx_fec_expiry` (`expiry_date`);

--
-- Indexes for table `fleet_equipment_component`
--
ALTER TABLE `fleet_equipment_component`
  ADD PRIMARY KEY (`id`),
  ADD KEY `idx_fecmp_equipment` (`equipment_id`),
  ADD KEY `idx_fecmp_company` (`company_id`);

--
-- Indexes for table `fleet_equipment_history`
--
ALTER TABLE `fleet_equipment_history`
  ADD PRIMARY KEY (`id`),
  ADD KEY `idx_feh_equipment` (`equipment_id`),
  ADD KEY `idx_feh_company` (`company_id`),
  ADD KEY `idx_feh_date` (`event_date`),
  ADD KEY `idx_feh_equipment_date` (`equipment_id`,`event_date`);

--
-- Indexes for table `fleet_equipment_protection`
--
ALTER TABLE `fleet_equipment_protection`
  ADD PRIMARY KEY (`id`),
  ADD KEY `idx_fep_equipment` (`equipment_id`),
  ADD KEY `idx_fep_company` (`company_id`),
  ADD KEY `idx_fep_compliance` (`compliance_id`);

--
-- Indexes for table `fleet_model`
--
ALTER TABLE `fleet_model`
  ADD PRIMARY KEY (`id`),
  ADD KEY `idx_fleet_model_company` (`company_id`),
  ADD KEY `idx_fleet_model_type` (`equipment_type_id`),
  ADD KEY `idx_fleet_model_supplier` (`default_supplier_id`),
  ADD KEY `idx_fleet_model_status` (`status`,`is_deleted`),
  ADD KEY `idx_fleet_model_company_code` (`company_id`,`code`),
  ADD KEY `idx_fleet_model_dep_profile` (`depreciation_profile_id`);

--
-- Indexes for table `fleet_model_service_spec`
--
ALTER TABLE `fleet_model_service_spec`
  ADD PRIMARY KEY (`id`),
  ADD KEY `idx_fmss_model` (`model_id`),
  ADD KEY `idx_fmss_company` (`company_id`);

--
-- Indexes for table `messages`
--
ALTER TABLE `messages`
  ADD PRIMARY KEY (`id`),
  ADD KEY `idx_msg_sender` (`sender_id`),
  ADD KEY `idx_msg_receiver` (`receiver_id`),
  ADD KEY `idx_msg_company` (`company_id`),
  ADD KEY `idx_msg_read` (`is_read`),
  ADD KEY `idx_msg_created` (`created_at`),
  ADD KEY `idx_msg_conversation` (`sender_id`,`receiver_id`,`company_id`);

--
-- Indexes for table `mnt_breakdown`
--
ALTER TABLE `mnt_breakdown`
  ADD PRIMARY KEY (`id`),
  ADD KEY `idx_breakdown_eq_company_state` (`equipment_id`,`company_id`,`state`),
  ADD KEY `idx_breakdown_company_state` (`company_id`,`state`),
  ADD KEY `idx_breakdown_order` (`order_id`),
  ADD KEY `idx_breakdown_deleted` (`is_deleted`);

--
-- Indexes for table `mnt_inspection`
--
ALTER TABLE `mnt_inspection`
  ADD PRIMARY KEY (`id`),
  ADD KEY `idx_inspection_equipment` (`equipment_id`),
  ADD KEY `idx_inspection_company_state` (`company_id`,`state`),
  ADD KEY `idx_inspection_deleted` (`is_deleted`);

--
-- Indexes for table `mnt_inspection_line`
--
ALTER TABLE `mnt_inspection_line`
  ADD PRIMARY KEY (`id`),
  ADD KEY `idx_inspline_inspection` (`inspection_id`);

--
-- Indexes for table `mnt_inspection_template`
--
ALTER TABLE `mnt_inspection_template`
  ADD PRIMARY KEY (`id`),
  ADD UNIQUE KEY `uq_tpl_company_code` (`company_id`,`type_code`);

--
-- Indexes for table `mnt_inspection_template_line`
--
ALTER TABLE `mnt_inspection_template_line`
  ADD PRIMARY KEY (`id`),
  ADD KEY `idx_tplline_template` (`template_id`);

--
-- Indexes for table `mnt_lookup`
--
ALTER TABLE `mnt_lookup`
  ADD PRIMARY KEY (`id`),
  ADD KEY `idx_lookup_company_type` (`company_id`,`type`),
  ADD KEY `idx_lookup_deleted` (`is_deleted`);

--
-- Indexes for table `mnt_order`
--
ALTER TABLE `mnt_order`
  ADD PRIMARY KEY (`id`),
  ADD KEY `idx_order_eq_company_state` (`equipment_id`,`company_id`,`state`),
  ADD KEY `idx_order_company_state` (`company_id`,`state`),
  ADD KEY `idx_order_breakdown` (`breakdown_id`),
  ADD KEY `idx_order_plan` (`plan_id`),
  ADD KEY `idx_order_inspection` (`inspection_id`),
  ADD KEY `idx_order_deleted` (`is_deleted`),
  ADD KEY `idx_mnt_order_auto_open` (`company_id`,`equipment_id`,`project_id`,`is_auto`,`state`);

--
-- Indexes for table `mnt_order_labor`
--
ALTER TABLE `mnt_order_labor`
  ADD PRIMARY KEY (`id`),
  ADD KEY `idx_labor_order` (`order_id`);

--
-- Indexes for table `mnt_order_part`
--
ALTER TABLE `mnt_order_part`
  ADD PRIMARY KEY (`id`),
  ADD KEY `idx_part_order` (`order_id`);

--
-- Indexes for table `mnt_plan`
--
ALTER TABLE `mnt_plan`
  ADD PRIMARY KEY (`id`),
  ADD KEY `idx_plan_eq_due` (`equipment_id`,`next_due_date`),
  ADD KEY `idx_plan_company_state` (`company_id`,`state`),
  ADD KEY `idx_plan_deleted` (`is_deleted`);

--
-- Indexes for table `mnt_plan_task`
--
ALTER TABLE `mnt_plan_task`
  ADD PRIMARY KEY (`id`),
  ADD KEY `idx_plantask_plan` (`plan_id`);

--
-- Indexes for table `modules`
--
ALTER TABLE `modules`
  ADD PRIMARY KEY (`id`),
  ADD KEY `owner_role_id` (`owner_role_id`),
  ADD KEY `idx_display_order` (`display_order`);

--
-- Indexes for table `operations`
--
ALTER TABLE `operations`
  ADD PRIMARY KEY (`id`),
  ADD KEY `idx_total_equipment_hours` (`total_equipment_hours`),
  ADD KEY `idx_shift_hours` (`shift_hours`),
  ADD KEY `idx_operations_equipment_health` (`equipment_health`);

--
-- Indexes for table `project`
--
ALTER TABLE `project`
  ADD PRIMARY KEY (`id`),
  ADD KEY `fk_project_created_by` (`created_by`),
  ADD KEY `idx_client_id` (`client_id`),
  ADD KEY `idx_mine_code` (`mine_code`);

--
-- Indexes for table `report_role_permissions`
--
ALTER TABLE `report_role_permissions`
  ADD PRIMARY KEY (`id`),
  ADD UNIQUE KEY `unique_role_report` (`role_id`,`report_code`);

--
-- Indexes for table `roles`
--
ALTER TABLE `roles`
  ADD PRIMARY KEY (`id`),
  ADD KEY `parent_role_id` (`parent_role_id`);

--
-- Indexes for table `role_permissions`
--
ALTER TABLE `role_permissions`
  ADD PRIMARY KEY (`id`),
  ADD UNIQUE KEY `role_id` (`role_id`,`module_id`),
  ADD KEY `module_id` (`module_id`);

--
-- Indexes for table `super_admins`
--
ALTER TABLE `super_admins`
  ADD PRIMARY KEY (`id`);

--
-- Indexes for table `suppliercontractequipments`
--
ALTER TABLE `suppliercontractequipments`
  ADD PRIMARY KEY (`id`),
  ADD KEY `contract_id` (`contract_id`);

--
-- Indexes for table `suppliers`
--
ALTER TABLE `suppliers`
  ADD PRIMARY KEY (`id`),
  ADD KEY `idx_suppliers_is_deleted` (`is_deleted`);

--
-- Indexes for table `supplierscontracts`
--
ALTER TABLE `supplierscontracts`
  ADD PRIMARY KEY (`id`),
  ADD KEY `idx_project_contract` (`project_contract_id`),
  ADD KEY `fk_supplierscontracts_supplier` (`supplier_id`),
  ADD KEY `fk_supplierscontracts_project` (`project_id`),
  ADD KEY `fk_supplierscontracts_merged` (`merged_with`);

--
-- Indexes for table `supplier_contract_notes`
--
ALTER TABLE `supplier_contract_notes`
  ADD PRIMARY KEY (`id`),
  ADD KEY `contract_id` (`contract_id`),
  ADD KEY `fk_supplier_contract_notes_created_by` (`created_by`);

--
-- Indexes for table `timesheet`
--
ALTER TABLE `timesheet`
  ADD PRIMARY KEY (`id`),
  ADD UNIQUE KEY `uq_timesheet_client_uuid` (`client_uuid`),
  ADD KEY `idx_timesheet_updated_at` (`updated_at`),
  ADD KEY `idx_timesheet_date` (`date`);

--
-- Indexes for table `timesheet_approvals`
--
ALTER TABLE `timesheet_approvals`
  ADD PRIMARY KEY (`id`),
  ADD UNIQUE KEY `uq_ts_level` (`timesheet_id`,`approval_level`),
  ADD KEY `idx_ts_id` (`timesheet_id`),
  ADD KEY `idx_company` (`company_id`),
  ADD KEY `idx_level` (`approval_level`);

--
-- Indexes for table `timesheet_approval_notes`
--
ALTER TABLE `timesheet_approval_notes`
  ADD PRIMARY KEY (`id`),
  ADD KEY `idx_ts_id` (`timesheet_id`),
  ADD KEY `idx_company` (`company_id`);

--
-- Indexes for table `timesheet_failure_hours`
--
ALTER TABLE `timesheet_failure_hours`
  ADD PRIMARY KEY (`id`),
  ADD KEY `idx_timesheet_id` (`timesheet_id`),
  ADD KEY `idx_operation_id` (`operation_id`),
  ADD KEY `idx_equipment_id` (`equipment_id`),
  ADD KEY `idx_failure_code_id` (`failure_code_id`),
  ADD KEY `idx_full_code` (`full_code`),
  ADD KEY `idx_timesheet_date` (`timesheet_date`),
  ADD KEY `idx_company_id` (`company_id`),
  ADD KEY `idx_lookup_report` (`company_id`,`timesheet_date`,`equipment_id`,`failure_code_id`);

--
-- Indexes for table `users`
--
ALTER TABLE `users`
  ADD PRIMARY KEY (`id`),
  ADD UNIQUE KEY `username` (`username`),
  ADD UNIQUE KEY `uq_users_email` (`email`),
  ADD KEY `idx_contract_id` (`contract_id`),
  ADD KEY `idx_users_company_id` (`company_id`),
  ADD KEY `idx_users_status` (`status`),
  ADD KEY `idx_users_is_deleted` (`is_deleted`);

--
-- AUTO_INCREMENT for dumped tables
--

--
-- AUTO_INCREMENT for table `activity_logs`
--
ALTER TABLE `activity_logs`
  MODIFY `id` bigint(20) UNSIGNED NOT NULL AUTO_INCREMENT, AUTO_INCREMENT=1264;

--
-- AUTO_INCREMENT for table `admin_audit_log`
--
ALTER TABLE `admin_audit_log`
  MODIFY `id` int(11) NOT NULL AUTO_INCREMENT, AUTO_INCREMENT=61;

--
-- AUTO_INCREMENT for table `admin_companies`
--
ALTER TABLE `admin_companies`
  MODIFY `id` int(11) NOT NULL AUTO_INCREMENT COMMENT 'معرف فريد', AUTO_INCREMENT=5;

--
-- AUTO_INCREMENT for table `admin_subscription_plans`
--
ALTER TABLE `admin_subscription_plans`
  MODIFY `id` int(11) NOT NULL AUTO_INCREMENT, AUTO_INCREMENT=3;

--
-- AUTO_INCREMENT for table `admin_subscription_requests`
--
ALTER TABLE `admin_subscription_requests`
  MODIFY `id` int(11) NOT NULL AUTO_INCREMENT COMMENT 'معرف فريد', AUTO_INCREMENT=4;

--
-- AUTO_INCREMENT for table `admin_subscription_requests_test_probe`
--
ALTER TABLE `admin_subscription_requests_test_probe`
  MODIFY `id` int(11) NOT NULL AUTO_INCREMENT;

--
-- AUTO_INCREMENT for table `api_tokens`
--
ALTER TABLE `api_tokens`
  MODIFY `id` int(11) NOT NULL AUTO_INCREMENT, AUTO_INCREMENT=13;

--
-- AUTO_INCREMENT for table `approval_requests`
--
ALTER TABLE `approval_requests`
  MODIFY `id` int(11) NOT NULL AUTO_INCREMENT, AUTO_INCREMENT=6;

--
-- AUTO_INCREMENT for table `approval_steps`
--
ALTER TABLE `approval_steps`
  MODIFY `id` int(11) NOT NULL AUTO_INCREMENT, AUTO_INCREMENT=6;

--
-- AUTO_INCREMENT for table `approval_workflow_rules`
--
ALTER TABLE `approval_workflow_rules`
  MODIFY `id` int(11) NOT NULL AUTO_INCREMENT;

--
-- AUTO_INCREMENT for table `audit_logs`
--
ALTER TABLE `audit_logs`
  MODIFY `id` int(11) NOT NULL AUTO_INCREMENT, AUTO_INCREMENT=8;

--
-- AUTO_INCREMENT for table `clients`
--
ALTER TABLE `clients`
  MODIFY `id` int(11) NOT NULL AUTO_INCREMENT, AUTO_INCREMENT=5;

--
-- AUTO_INCREMENT for table `company_user_password_resets`
--
ALTER TABLE `company_user_password_resets`
  MODIFY `id` int(11) NOT NULL AUTO_INCREMENT;

--
-- AUTO_INCREMENT for table `contractequipments`
--
ALTER TABLE `contractequipments`
  MODIFY `id` int(11) NOT NULL AUTO_INCREMENT, AUTO_INCREMENT=27;

--
-- AUTO_INCREMENT for table `contracts`
--
ALTER TABLE `contracts`
  MODIFY `id` int(11) NOT NULL AUTO_INCREMENT, AUTO_INCREMENT=6;

--
-- AUTO_INCREMENT for table `contract_notes`
--
ALTER TABLE `contract_notes`
  MODIFY `id` int(11) NOT NULL AUTO_INCREMENT, AUTO_INCREMENT=2;

--
-- AUTO_INCREMENT for table `drivercontractequipments`
--
ALTER TABLE `drivercontractequipments`
  MODIFY `id` int(11) NOT NULL AUTO_INCREMENT;

--
-- AUTO_INCREMENT for table `drivercontracts`
--
ALTER TABLE `drivercontracts`
  MODIFY `id` int(11) NOT NULL AUTO_INCREMENT;

--
-- AUTO_INCREMENT for table `drivers_legacy_backup`
--
ALTER TABLE `drivers_legacy_backup`
  MODIFY `id` int(11) NOT NULL AUTO_INCREMENT, AUTO_INCREMENT=29;

--
-- AUTO_INCREMENT for table `driver_contract_notes`
--
ALTER TABLE `driver_contract_notes`
  MODIFY `id` int(11) NOT NULL AUTO_INCREMENT;

--
-- AUTO_INCREMENT for table `employees`
--
ALTER TABLE `employees`
  MODIFY `id` int(11) NOT NULL AUTO_INCREMENT, AUTO_INCREMENT=30;

--
-- AUTO_INCREMENT for table `equipments`
--
ALTER TABLE `equipments`
  MODIFY `id` int(11) NOT NULL AUTO_INCREMENT, AUTO_INCREMENT=22;

--
-- AUTO_INCREMENT for table `equipments_types`
--
ALTER TABLE `equipments_types`
  MODIFY `id` int(11) NOT NULL AUTO_INCREMENT, AUTO_INCREMENT=4;

--
-- AUTO_INCREMENT for table `equipment_drivers`
--
ALTER TABLE `equipment_drivers`
  MODIFY `id` int(11) NOT NULL AUTO_INCREMENT, AUTO_INCREMENT=45;

--
-- AUTO_INCREMENT for table `failure_codes`
--
ALTER TABLE `failure_codes`
  MODIFY `id` int(11) NOT NULL AUTO_INCREMENT, AUTO_INCREMENT=403;

--
-- AUTO_INCREMENT for table `fleet_depreciation_profile`
--
ALTER TABLE `fleet_depreciation_profile`
  MODIFY `id` int(11) NOT NULL AUTO_INCREMENT, AUTO_INCREMENT=33;

--
-- AUTO_INCREMENT for table `fleet_depreciation_profile_audit`
--
ALTER TABLE `fleet_depreciation_profile_audit`
  MODIFY `id` int(11) NOT NULL AUTO_INCREMENT, AUTO_INCREMENT=6;

--
-- AUTO_INCREMENT for table `fleet_equipment_compliance`
--
ALTER TABLE `fleet_equipment_compliance`
  MODIFY `id` int(11) NOT NULL AUTO_INCREMENT, AUTO_INCREMENT=3;

--
-- AUTO_INCREMENT for table `fleet_equipment_component`
--
ALTER TABLE `fleet_equipment_component`
  MODIFY `id` int(11) NOT NULL AUTO_INCREMENT, AUTO_INCREMENT=2;

--
-- AUTO_INCREMENT for table `fleet_equipment_history`
--
ALTER TABLE `fleet_equipment_history`
  MODIFY `id` int(11) NOT NULL AUTO_INCREMENT, AUTO_INCREMENT=49;

--
-- AUTO_INCREMENT for table `fleet_equipment_protection`
--
ALTER TABLE `fleet_equipment_protection`
  MODIFY `id` int(11) NOT NULL AUTO_INCREMENT, AUTO_INCREMENT=5;

--
-- AUTO_INCREMENT for table `fleet_model`
--
ALTER TABLE `fleet_model`
  MODIFY `id` int(11) NOT NULL AUTO_INCREMENT, AUTO_INCREMENT=4;

--
-- AUTO_INCREMENT for table `fleet_model_service_spec`
--
ALTER TABLE `fleet_model_service_spec`
  MODIFY `id` int(11) NOT NULL AUTO_INCREMENT, AUTO_INCREMENT=9;

--
-- AUTO_INCREMENT for table `messages`
--
ALTER TABLE `messages`
  MODIFY `id` int(11) NOT NULL AUTO_INCREMENT COMMENT 'المعرف الفريد', AUTO_INCREMENT=45;

--
-- AUTO_INCREMENT for table `mnt_breakdown`
--
ALTER TABLE `mnt_breakdown`
  MODIFY `id` int(11) NOT NULL AUTO_INCREMENT, AUTO_INCREMENT=11;

--
-- AUTO_INCREMENT for table `mnt_inspection`
--
ALTER TABLE `mnt_inspection`
  MODIFY `id` int(11) NOT NULL AUTO_INCREMENT, AUTO_INCREMENT=25;

--
-- AUTO_INCREMENT for table `mnt_inspection_line`
--
ALTER TABLE `mnt_inspection_line`
  MODIFY `id` int(11) NOT NULL AUTO_INCREMENT, AUTO_INCREMENT=236;

--
-- AUTO_INCREMENT for table `mnt_inspection_template`
--
ALTER TABLE `mnt_inspection_template`
  MODIFY `id` int(11) NOT NULL AUTO_INCREMENT, AUTO_INCREMENT=11;

--
-- AUTO_INCREMENT for table `mnt_inspection_template_line`
--
ALTER TABLE `mnt_inspection_template_line`
  MODIFY `id` int(11) NOT NULL AUTO_INCREMENT, AUTO_INCREMENT=278;

--
-- AUTO_INCREMENT for table `mnt_lookup`
--
ALTER TABLE `mnt_lookup`
  MODIFY `id` int(11) NOT NULL AUTO_INCREMENT, AUTO_INCREMENT=6;

--
-- AUTO_INCREMENT for table `mnt_order`
--
ALTER TABLE `mnt_order`
  MODIFY `id` int(11) NOT NULL AUTO_INCREMENT, AUTO_INCREMENT=29;

--
-- AUTO_INCREMENT for table `mnt_order_labor`
--
ALTER TABLE `mnt_order_labor`
  MODIFY `id` int(11) NOT NULL AUTO_INCREMENT, AUTO_INCREMENT=9;

--
-- AUTO_INCREMENT for table `mnt_order_part`
--
ALTER TABLE `mnt_order_part`
  MODIFY `id` int(11) NOT NULL AUTO_INCREMENT, AUTO_INCREMENT=10;

--
-- AUTO_INCREMENT for table `mnt_plan`
--
ALTER TABLE `mnt_plan`
  MODIFY `id` int(11) NOT NULL AUTO_INCREMENT, AUTO_INCREMENT=8;

--
-- AUTO_INCREMENT for table `mnt_plan_task`
--
ALTER TABLE `mnt_plan_task`
  MODIFY `id` int(11) NOT NULL AUTO_INCREMENT, AUTO_INCREMENT=3;

--
-- AUTO_INCREMENT for table `modules`
--
ALTER TABLE `modules`
  MODIFY `id` int(11) NOT NULL AUTO_INCREMENT, AUTO_INCREMENT=47;

--
-- AUTO_INCREMENT for table `operations`
--
ALTER TABLE `operations`
  MODIFY `id` int(11) NOT NULL AUTO_INCREMENT, AUTO_INCREMENT=35;

--
-- AUTO_INCREMENT for table `project`
--
ALTER TABLE `project`
  MODIFY `id` int(11) NOT NULL AUTO_INCREMENT, AUTO_INCREMENT=9;

--
-- AUTO_INCREMENT for table `report_role_permissions`
--
ALTER TABLE `report_role_permissions`
  MODIFY `id` int(11) NOT NULL AUTO_INCREMENT, AUTO_INCREMENT=26;

--
-- AUTO_INCREMENT for table `roles`
--
ALTER TABLE `roles`
  MODIFY `id` int(11) NOT NULL AUTO_INCREMENT, AUTO_INCREMENT=15;

--
-- AUTO_INCREMENT for table `role_permissions`
--
ALTER TABLE `role_permissions`
  MODIFY `id` int(11) NOT NULL AUTO_INCREMENT, AUTO_INCREMENT=330;

--
-- AUTO_INCREMENT for table `super_admins`
--
ALTER TABLE `super_admins`
  MODIFY `id` int(11) NOT NULL AUTO_INCREMENT COMMENT 'معرف فريد', AUTO_INCREMENT=2;

--
-- AUTO_INCREMENT for table `suppliercontractequipments`
--
ALTER TABLE `suppliercontractequipments`
  MODIFY `id` int(11) NOT NULL AUTO_INCREMENT, AUTO_INCREMENT=28;

--
-- AUTO_INCREMENT for table `suppliers`
--
ALTER TABLE `suppliers`
  MODIFY `id` int(11) NOT NULL AUTO_INCREMENT, AUTO_INCREMENT=10;

--
-- AUTO_INCREMENT for table `supplierscontracts`
--
ALTER TABLE `supplierscontracts`
  MODIFY `id` int(11) NOT NULL AUTO_INCREMENT, AUTO_INCREMENT=8;

--
-- AUTO_INCREMENT for table `supplier_contract_notes`
--
ALTER TABLE `supplier_contract_notes`
  MODIFY `id` int(11) NOT NULL AUTO_INCREMENT, AUTO_INCREMENT=4;

--
-- AUTO_INCREMENT for table `timesheet`
--
ALTER TABLE `timesheet`
  MODIFY `id` int(11) NOT NULL AUTO_INCREMENT, AUTO_INCREMENT=257;

--
-- AUTO_INCREMENT for table `timesheet_approvals`
--
ALTER TABLE `timesheet_approvals`
  MODIFY `id` int(11) NOT NULL AUTO_INCREMENT, AUTO_INCREMENT=56;

--
-- AUTO_INCREMENT for table `timesheet_approval_notes`
--
ALTER TABLE `timesheet_approval_notes`
  MODIFY `id` int(11) NOT NULL AUTO_INCREMENT, AUTO_INCREMENT=8;

--
-- AUTO_INCREMENT for table `timesheet_failure_hours`
--
ALTER TABLE `timesheet_failure_hours`
  MODIFY `id` int(11) NOT NULL AUTO_INCREMENT, AUTO_INCREMENT=22;

--
-- AUTO_INCREMENT for table `users`
--
ALTER TABLE `users`
  MODIFY `id` int(11) NOT NULL AUTO_INCREMENT COMMENT 'معرف فريد', AUTO_INCREMENT=52;

--
-- Constraints for dumped tables
--

--
-- Constraints for table `admin_audit_log`
--
ALTER TABLE `admin_audit_log`
  ADD CONSTRAINT `fk_admin_audit_admin` FOREIGN KEY (`admin_id`) REFERENCES `super_admins` (`id`) ON DELETE SET NULL;

--
-- Constraints for table `admin_companies`
--
ALTER TABLE `admin_companies`
  ADD CONSTRAINT `fk_admin_companies_plan` FOREIGN KEY (`plan_id`) REFERENCES `admin_subscription_plans` (`id`) ON DELETE SET NULL;

--
-- Constraints for table `admin_subscription_requests`
--
ALTER TABLE `admin_subscription_requests`
  ADD CONSTRAINT `fk_admin_sub_req_plan` FOREIGN KEY (`plan_id`) REFERENCES `admin_subscription_plans` (`id`) ON DELETE SET NULL,
  ADD CONSTRAINT `fk_admin_sub_req_reviewer` FOREIGN KEY (`reviewed_by`) REFERENCES `super_admins` (`id`) ON DELETE SET NULL;

--
-- Constraints for table `approval_steps`
--
ALTER TABLE `approval_steps`
  ADD CONSTRAINT `fk_approval_steps_request` FOREIGN KEY (`request_id`) REFERENCES `approval_requests` (`id`) ON DELETE CASCADE;

--
-- Constraints for table `company_user_password_resets`
--
ALTER TABLE `company_user_password_resets`
  ADD CONSTRAINT `fk_company_user_password_resets_user` FOREIGN KEY (`user_id`) REFERENCES `users` (`id`) ON DELETE CASCADE;

--
-- Constraints for table `contractequipments`
--
ALTER TABLE `contractequipments`
  ADD CONSTRAINT `fk_contractequipments_contract` FOREIGN KEY (`contract_id`) REFERENCES `contracts` (`id`) ON DELETE CASCADE ON UPDATE CASCADE;

--
-- Constraints for table `contracts`
--
ALTER TABLE `contracts`
  ADD CONSTRAINT `fk_contracts_merged` FOREIGN KEY (`merged_with`) REFERENCES `contracts` (`id`) ON DELETE SET NULL ON UPDATE CASCADE;

--
-- Constraints for table `contract_notes`
--
ALTER TABLE `contract_notes`
  ADD CONSTRAINT `fk_contract_notes_contract` FOREIGN KEY (`contract_id`) REFERENCES `contracts` (`id`) ON DELETE CASCADE ON UPDATE CASCADE,
  ADD CONSTRAINT `fk_contract_notes_created_by` FOREIGN KEY (`created_by`) REFERENCES `users` (`id`) ON DELETE SET NULL ON UPDATE CASCADE,
  ADD CONSTRAINT `fk_contract_notes_user` FOREIGN KEY (`user_id`) REFERENCES `users` (`id`) ON DELETE SET NULL ON UPDATE CASCADE;

--
-- Constraints for table `drivercontractequipments`
--
ALTER TABLE `drivercontractequipments`
  ADD CONSTRAINT `fk_drivercontractequipments_contract` FOREIGN KEY (`contract_id`) REFERENCES `drivercontracts` (`id`) ON DELETE CASCADE ON UPDATE CASCADE;

--
-- Constraints for table `drivercontracts`
--
ALTER TABLE `drivercontracts`
  ADD CONSTRAINT `fk_drivercontracts_driver` FOREIGN KEY (`employee_id`) REFERENCES `drivers_legacy_backup` (`id`) ON UPDATE CASCADE,
  ADD CONSTRAINT `fk_drivercontracts_merged` FOREIGN KEY (`merged_with`) REFERENCES `drivercontracts` (`id`) ON DELETE SET NULL ON UPDATE CASCADE,
  ADD CONSTRAINT `fk_drivercontracts_project` FOREIGN KEY (`project_id`) REFERENCES `project` (`id`) ON UPDATE CASCADE,
  ADD CONSTRAINT `fk_drivercontracts_project_contract` FOREIGN KEY (`project_contract_id`) REFERENCES `contracts` (`id`) ON DELETE SET NULL ON UPDATE CASCADE;

--
-- Constraints for table `drivers_legacy_backup`
--
ALTER TABLE `drivers_legacy_backup`
  ADD CONSTRAINT `fk_drivers_supplier` FOREIGN KEY (`supplier_id`) REFERENCES `suppliers` (`id`) ON DELETE SET NULL ON UPDATE CASCADE;

--
-- Constraints for table `driver_contract_notes`
--
ALTER TABLE `driver_contract_notes`
  ADD CONSTRAINT `fk_driver_contract_notes_contract` FOREIGN KEY (`contract_id`) REFERENCES `drivercontracts` (`id`) ON DELETE CASCADE ON UPDATE CASCADE;

--
-- Constraints for table `equipment_drivers`
--
ALTER TABLE `equipment_drivers`
  ADD CONSTRAINT `fk_equipment_drivers_driver` FOREIGN KEY (`employee_id`) REFERENCES `drivers_legacy_backup` (`id`) ON DELETE CASCADE ON UPDATE CASCADE,
  ADD CONSTRAINT `fk_equipment_drivers_equipment` FOREIGN KEY (`equipment_id`) REFERENCES `equipments` (`id`) ON DELETE CASCADE ON UPDATE CASCADE;

--
-- Constraints for table `fleet_equipment_compliance`
--
ALTER TABLE `fleet_equipment_compliance`
  ADD CONSTRAINT `fk_fec_equipment` FOREIGN KEY (`equipment_id`) REFERENCES `equipments` (`id`) ON DELETE CASCADE ON UPDATE CASCADE;

--
-- Constraints for table `fleet_equipment_component`
--
ALTER TABLE `fleet_equipment_component`
  ADD CONSTRAINT `fk_fecmp_equipment` FOREIGN KEY (`equipment_id`) REFERENCES `equipments` (`id`) ON DELETE CASCADE ON UPDATE CASCADE;

--
-- Constraints for table `fleet_equipment_history`
--
ALTER TABLE `fleet_equipment_history`
  ADD CONSTRAINT `fk_feh_equipment` FOREIGN KEY (`equipment_id`) REFERENCES `equipments` (`id`) ON DELETE CASCADE ON UPDATE CASCADE;

--
-- Constraints for table `fleet_equipment_protection`
--
ALTER TABLE `fleet_equipment_protection`
  ADD CONSTRAINT `fk_fep_compliance` FOREIGN KEY (`compliance_id`) REFERENCES `fleet_equipment_compliance` (`id`) ON DELETE SET NULL ON UPDATE CASCADE,
  ADD CONSTRAINT `fk_fep_equipment` FOREIGN KEY (`equipment_id`) REFERENCES `equipments` (`id`) ON DELETE CASCADE ON UPDATE CASCADE;

--
-- Constraints for table `fleet_model_service_spec`
--
ALTER TABLE `fleet_model_service_spec`
  ADD CONSTRAINT `fk_fmss_model` FOREIGN KEY (`model_id`) REFERENCES `fleet_model` (`id`) ON DELETE CASCADE ON UPDATE CASCADE;

--
-- Constraints for table `mnt_inspection_line`
--
ALTER TABLE `mnt_inspection_line`
  ADD CONSTRAINT `fk_inspline_inspection` FOREIGN KEY (`inspection_id`) REFERENCES `mnt_inspection` (`id`) ON DELETE CASCADE;

--
-- Constraints for table `mnt_inspection_template_line`
--
ALTER TABLE `mnt_inspection_template_line`
  ADD CONSTRAINT `fk_tplline_template` FOREIGN KEY (`template_id`) REFERENCES `mnt_inspection_template` (`id`) ON DELETE CASCADE;

--
-- Constraints for table `mnt_order_labor`
--
ALTER TABLE `mnt_order_labor`
  ADD CONSTRAINT `fk_labor_order` FOREIGN KEY (`order_id`) REFERENCES `mnt_order` (`id`) ON DELETE CASCADE;

--
-- Constraints for table `mnt_order_part`
--
ALTER TABLE `mnt_order_part`
  ADD CONSTRAINT `fk_part_order` FOREIGN KEY (`order_id`) REFERENCES `mnt_order` (`id`) ON DELETE CASCADE;

--
-- Constraints for table `mnt_plan_task`
--
ALTER TABLE `mnt_plan_task`
  ADD CONSTRAINT `fk_plantask_plan` FOREIGN KEY (`plan_id`) REFERENCES `mnt_plan` (`id`) ON DELETE CASCADE;

--
-- Constraints for table `modules`
--
ALTER TABLE `modules`
  ADD CONSTRAINT `modules_ibfk_1` FOREIGN KEY (`owner_role_id`) REFERENCES `roles` (`id`);

--
-- Constraints for table `project`
--
ALTER TABLE `project`
  ADD CONSTRAINT `fk_project_client` FOREIGN KEY (`client_id`) REFERENCES `clients` (`id`) ON DELETE SET NULL ON UPDATE CASCADE,
  ADD CONSTRAINT `fk_project_created_by` FOREIGN KEY (`created_by`) REFERENCES `users` (`id`) ON DELETE SET NULL ON UPDATE CASCADE;

--
-- Constraints for table `roles`
--
ALTER TABLE `roles`
  ADD CONSTRAINT `roles_ibfk_1` FOREIGN KEY (`parent_role_id`) REFERENCES `roles` (`id`);

--
-- Constraints for table `role_permissions`
--
ALTER TABLE `role_permissions`
  ADD CONSTRAINT `role_permissions_ibfk_1` FOREIGN KEY (`role_id`) REFERENCES `roles` (`id`),
  ADD CONSTRAINT `role_permissions_ibfk_2` FOREIGN KEY (`module_id`) REFERENCES `modules` (`id`);

--
-- Constraints for table `suppliercontractequipments`
--
ALTER TABLE `suppliercontractequipments`
  ADD CONSTRAINT `fk_suppliercontractequipments_contract` FOREIGN KEY (`contract_id`) REFERENCES `supplierscontracts` (`id`) ON DELETE CASCADE ON UPDATE CASCADE;

--
-- Constraints for table `supplierscontracts`
--
ALTER TABLE `supplierscontracts`
  ADD CONSTRAINT `fk_supplierscontracts_merged` FOREIGN KEY (`merged_with`) REFERENCES `supplierscontracts` (`id`) ON DELETE SET NULL ON UPDATE CASCADE,
  ADD CONSTRAINT `fk_supplierscontracts_project` FOREIGN KEY (`project_id`) REFERENCES `project` (`id`) ON UPDATE CASCADE,
  ADD CONSTRAINT `fk_supplierscontracts_project_contract` FOREIGN KEY (`project_contract_id`) REFERENCES `contracts` (`id`) ON DELETE SET NULL ON UPDATE CASCADE,
  ADD CONSTRAINT `fk_supplierscontracts_supplier` FOREIGN KEY (`supplier_id`) REFERENCES `suppliers` (`id`) ON UPDATE CASCADE;

--
-- Constraints for table `supplier_contract_notes`
--
ALTER TABLE `supplier_contract_notes`
  ADD CONSTRAINT `fk_supplier_contract_notes_contract` FOREIGN KEY (`contract_id`) REFERENCES `supplierscontracts` (`id`) ON DELETE CASCADE ON UPDATE CASCADE,
  ADD CONSTRAINT `fk_supplier_contract_notes_created_by` FOREIGN KEY (`created_by`) REFERENCES `users` (`id`) ON DELETE SET NULL ON UPDATE CASCADE;
COMMIT;

/*!40101 SET CHARACTER_SET_CLIENT=@OLD_CHARACTER_SET_CLIENT */;
/*!40101 SET CHARACTER_SET_RESULTS=@OLD_CHARACTER_SET_RESULTS */;
/*!40101 SET COLLATION_CONNECTION=@OLD_COLLATION_CONNECTION */;
