code,kind,state,live_code,screen,code_occurrences,files,verdict
acc.define,dictionary,bound_page,page:Finance/management_accounting_fin.php,"دليل الحسابات ومراكز التكلفة",2,tools/m10_ac_gate.php,"used_unbound — يظهر في الكودِ وربطُه غيرُ موثَّق"
ach.range,dictionary,declared_unbuilt,,إنجازي,1,app/Services/Work/WorkItemService.php,"used_unbound — يظهر في الكودِ وربطُه غيرُ موثَّق"
act.upgrade,dictionary,bound_page,page:Governance/activation_patterns.php,"أنماط تفعيل المزايا",1,tools/m14_ac_gate.php,"used_unbound — يظهر في الكودِ وربطُه غيرُ موثَّق"
adv.grant,dictionary,bound_page,page:Workforce/employee_advances.php,"السلف والعهد المالية",0,,"dictionary_only — قاموسٌ بلا أثرٍ في الكود (معلَّق)"
ajax.chats.get_messages,dictionary,bound_page,page:chats/get_messages.php,chats,1,database/migrations/2027_07_30_register_live_actions_in_dictionary.php,"used_unbound — يظهر في الكودِ وربطُه غيرُ موثَّق"
ajax.chats.get_unread_count,dictionary,bound_page,page:chats/get_unread_count.php,chats,1,database/migrations/2027_07_30_register_live_actions_in_dictionary.php,"used_unbound — يظهر في الكودِ وربطُه غيرُ موثَّق"
ajax.contracts.get_contract_equipments,dictionary,bound_page,page:contracts/get_contract_equipments.php,contracts,1,database/migrations/2027_07_30_register_live_actions_in_dictionary.php,"used_unbound — يظهر في الكودِ وربطُه غيرُ موثَّق"
ajax.contracts.get_equipments,dictionary,bound_page,page:contracts/get_equipments.php,contracts,1,database/migrations/2027_07_30_register_live_actions_in_dictionary.php,"used_unbound — يظهر في الكودِ وربطُه غيرُ موثَّق"
ajax.employees.employee_contract_actions_handler,dictionary,bound_page,page:employees/employee_contract_actions_handler.php,employees,1,database/migrations/2027_07_30_register_live_actions_in_dictionary.php,"used_unbound — يظهر في الكودِ وربطُه غيرُ موثَّق"
ajax.employees.get_employee_contract_equipments,dictionary,bound_page,page:employees/get_employee_contract_equipments.php,employees,1,database/migrations/2027_07_30_register_live_actions_in_dictionary.php,"used_unbound — يظهر في الكودِ وربطُه غيرُ موثَّق"
ajax.employees.get_employee_data,dictionary,bound_page,page:employees/get_employee_data.php,employees,1,database/migrations/2027_07_30_register_live_actions_in_dictionary.php,"used_unbound — يظهر في الكودِ وربطُه غيرُ موثَّق"
ajax.employees.get_mine_contracts,dictionary,bound_page,page:employees/get_mine_contracts.php,employees,1,database/migrations/2027_07_30_register_live_actions_in_dictionary.php,"used_unbound — يظهر في الكودِ وربطُه غيرُ موثَّق"
ajax.employees.get_project_hours,dictionary,bound_page,page:employees/get_project_hours.php,employees,1,database/migrations/2027_07_30_register_live_actions_in_dictionary.php,"used_unbound — يظهر في الكودِ وربطُه غيرُ موثَّق"
ajax.equipments.get_contract_stats,dictionary,bound_page,page:equipments/get_contract_stats.php,equipments,1,database/migrations/2027_07_30_register_live_actions_in_dictionary.php,"used_unbound — يظهر في الكودِ وربطُه غيرُ موثَّق"
ajax.equipments.get_equipment_details,dictionary,bound_page,page:equipments/get_equipment_details.php,equipments,1,database/migrations/2027_07_30_register_live_actions_in_dictionary.php,"used_unbound — يظهر في الكودِ وربطُه غيرُ موثَّق"
ajax.equipments.get_mine_contracts,dictionary,bound_page,page:equipments/get_mine_contracts.php,equipments,1,database/migrations/2027_07_30_register_live_actions_in_dictionary.php,"used_unbound — يظهر في الكودِ وربطُه غيرُ موثَّق"
ajax.equipments.get_model_data,dictionary,bound_page,page:equipments/get_model_data.php,equipments,1,database/migrations/2027_07_30_register_live_actions_in_dictionary.php,"used_unbound — يظهر في الكودِ وربطُه غيرُ موثَّق"
ajax.maintenance.get_breakdown_count,dictionary,bound_page,page:maintenance/get_breakdown_count.php,maintenance,1,database/migrations/2027_07_30_register_live_actions_in_dictionary.php,"used_unbound — يظهر في الكودِ وربطُه غيرُ موثَّق"
ajax.maintenance.get_open_orders_count,dictionary,bound_page,page:maintenance/get_open_orders_count.php,maintenance,1,database/migrations/2027_07_30_register_live_actions_in_dictionary.php,"used_unbound — يظهر في الكودِ وربطُه غيرُ موثَّق"
ajax.maintenance.get_project_equipment,dictionary,bound_page,page:maintenance/get_project_equipment.php,maintenance,1,database/migrations/2027_07_30_register_live_actions_in_dictionary.php,"used_unbound — يظهر في الكودِ وربطُه غيرُ موثَّق"
ajax.oprators.get_contract_stats,dictionary,bound_page,page:oprators/get_contract_stats.php,oprators,1,database/migrations/2027_07_30_register_live_actions_in_dictionary.php,"used_unbound — يظهر في الكودِ وربطُه غيرُ موثَّق"
ajax.oprators.get_contract_suppliers,dictionary,bound_page,page:oprators/get_contract_suppliers.php,oprators,1,database/migrations/2027_07_30_register_live_actions_in_dictionary.php,"used_unbound — يظهر في الكودِ وربطُه غيرُ موثَّق"
ajax.oprators.get_mine_contracts,dictionary,bound_page,page:oprators/get_mine_contracts.php,oprators,1,database/migrations/2027_07_30_register_live_actions_in_dictionary.php,"used_unbound — يظهر في الكودِ وربطُه غيرُ موثَّق"
ajax.reports.get_mine_contracts,dictionary,bound_page,page:reports/get_mine_contracts.php,reports,1,database/migrations/2027_07_30_register_live_actions_in_dictionary.php,"used_unbound — يظهر في الكودِ وربطُه غيرُ موثَّق"
ajax.suppliers.get_mine_contracts,dictionary,bound_page,page:suppliers/get_mine_contracts.php,suppliers,1,database/migrations/2027_07_30_register_live_actions_in_dictionary.php,"used_unbound — يظهر في الكودِ وربطُه غيرُ موثَّق"
ajax.suppliers.get_project_hours,dictionary,bound_page,page:suppliers/get_project_hours.php,suppliers,1,database/migrations/2027_07_30_register_live_actions_in_dictionary.php,"used_unbound — يظهر في الكودِ وربطُه غيرُ موثَّق"
ajax.suppliers.get_supplier_contract_equipments,dictionary,bound_page,page:suppliers/get_supplier_contract_equipments.php,suppliers,1,database/migrations/2027_07_30_register_live_actions_in_dictionary.php,"used_unbound — يظهر في الكودِ وربطُه غيرُ موثَّق"
ajax.suppliers.supplier_contract_actions_handler,dictionary,bound_page,page:suppliers/supplier_contract_actions_handler.php,suppliers,1,database/migrations/2027_07_30_register_live_actions_in_dictionary.php,"used_unbound — يظهر في الكودِ وربطُه غيرُ موثَّق"
ajax.tickets.get_tickets_count,dictionary,bound_page,page:tickets/get_tickets_count.php,tickets,1,database/migrations/2027_07_30_register_live_actions_in_dictionary.php,"used_unbound — يظهر في الكودِ وربطُه غيرُ موثَّق"
ajax.timesheet.get_contract_hours,dictionary,bound_page,page:timesheet/get_contract_hours.php,timesheet,1,database/migrations/2027_07_30_register_live_actions_in_dictionary.php,"used_unbound — يظهر في الكودِ وربطُه غيرُ موثَّق"
ajax.timesheet.get_drivers,dictionary,bound_page,page:timesheet/get_drivers.php,timesheet,1,database/migrations/2027_07_30_register_live_actions_in_dictionary.php,"used_unbound — يظهر في الكودِ وربطُه غيرُ موثَّق"
ajax.timesheet.get_failure_codes,dictionary,bound_page,page:timesheet/get_failure_codes.php,timesheet,1,database/migrations/2027_07_30_register_live_actions_in_dictionary.php,"used_unbound — يظهر في الكودِ وربطُه غيرُ موثَّق"
ajax.timesheet.get_operations,dictionary,bound_page,page:timesheet/get_operations.php,timesheet,1,database/migrations/2027_07_30_register_live_actions_in_dictionary.php,"used_unbound — يظهر في الكودِ وربطُه غيرُ موثَّق"
ajax.timesheet.get_timesheet,dictionary,bound_page,page:timesheet/get_timesheet.php,timesheet,1,database/migrations/2027_07_30_register_live_actions_in_dictionary.php,"used_unbound — يظهر في الكودِ وربطُه غيرُ موثَّق"
ajax.timesheet.get_timesheet_data,dictionary,bound_page,page:timesheet/get_timesheet_data.php,timesheet,1,database/migrations/2027_07_30_register_live_actions_in_dictionary.php,"used_unbound — يظهر في الكودِ وربطُه غيرُ موثَّق"
ajax.timesheet.get_timesheet_failures,dictionary,bound_page,page:timesheet/get_timesheet_failures.php,timesheet,1,database/migrations/2027_07_30_register_live_actions_in_dictionary.php,"used_unbound — يظهر في الكودِ وربطُه غيرُ موثَّق"
amend.activate,dictionary,alias,ajax.contracts.contract_actions_handler,"ملاحق العقود وتجديداتها",2,"tools/cnt19_probe.php | tools/nav09_import_actions.php","bound — مربوطٌ بمعالجٍ حي"
ap.oblig.generate,dictionary,bound_page,ap.oblig.generate,"توليدُ التزاماتِ التغطية",2,"tools/cnt19_probe.php | database/migrations/2027_05_10_registry_completion.php","used_unbound — يظهر في الكودِ وربطُه غيرُ موثَّق"
ap.shares.allocate,dictionary,bound_page,ap.shares.allocate,"توزيعُ حصصِ التغطيةِ على الموردين",2,"tools/cnt19_probe.php | database/migrations/2027_05_10_registry_completion.php","used_unbound — يظهر في الكودِ وربطُه غيرُ موثَّق"
approval.grant,dictionary,alias,ajax.approvals.hours_approval_handler,"صندوق ما ينتظر اعتمادي",2,"tools/m14_ac_gate.php | tools/nav09_import_actions.php","bound — مربوطٌ بمعالجٍ حي"
approval.reject,dictionary,bound_page,Governance/gov_m14_actions.php::approval_reject,"صندوق ما ينتظر اعتمادي",3,"tools/m14_ac_gate.php | tools/u12_setup.php","used_unbound — يظهر في الكودِ وربطُه غيرُ موثَّق"
approval.return,dictionary,bound_page,Governance/gov_m14_actions.php::approval_return,"صندوق ما ينتظر اعتمادي",4,"tools/m14_ac_gate.php | tools/u12_setup.php","used_unbound — يظهر في الكودِ وربطُه غيرُ موثَّق"
asg.issue,dictionary,bound_page,page:admin/org_assignments.php,"التكليفات التنظيمية",1,tools/m14_ac_gate.php,"used_unbound — يظهر في الكودِ وربطُه غيرُ موثَّق"
asset.assign,dictionary,declared_unbuilt,,"توزيع المعدات والمشغّلين",0,,"dictionary_only — قاموسٌ بلا أثرٍ في الكود (معلَّق)"
asset.create,dictionary,bound_page,page:Equipments/equipments.php,"سجل المعدات",0,,"dictionary_only — قاموسٌ بلا أثرٍ في الكود (معلَّق)"
asset.dispose,dictionary,bound_page,page:Equipments/equipments.php,"سجل المعدات",0,,"dictionary_only — قاموسٌ بلا أثرٍ في الكود (معلَّق)"
asset.hours.link,dictionary,declared_unbuilt,,asset,3,"tools/eng01_build_screens.php | Finance/asset_hours_link.php | database/migrations/2027_05_26_eng01_actions_modules_nav.php","used_unbound — يظهر في الكودِ وربطُه غيرُ موثَّق"
asset.link,dictionary,bound_page,page:Equipments/fin_assets.php,"الأعيان المموَّلة",0,,"dictionary_only — قاموسٌ بلا أثرٍ في الكود (معلَّق)"
ast.assign,dictionary,bound_page,page:main/all_assistants.php,"المعاونون والنيابة المؤقتة",1,tools/m14_ac_gate.php,"used_unbound — يظهر في الكودِ وربطُه غيرُ موثَّق"
att.record,dictionary,bound_page,page:Operations/attendance.php,"الحضور والانصراف",0,,"dictionary_only — قاموسٌ بلا أثرٍ في الكود (معلَّق)"
audit.export,dictionary,bound_page,page:ActivityLogs/activity_logs.php,"سجل التدقيق والاطّلاع",2,tools/m14_ac_gate.php,"used_unbound — يظهر في الكودِ وربطُه غيرُ موثَّق"
audit.read,dictionary,bound_page,page:ActivityLogs/activity_logs.php,"سجل التدقيق والاطّلاع",2,tools/m14_ac_gate.php,"used_unbound — يظهر في الكودِ وربطُه غيرُ موثَّق"
bank.verify,dictionary,bound_page,page:Suppliers/supplier_bank.php,"حسابات الموردين البنكية",1,tools/cnt19_probe.php,"used_unbound — يظهر في الكودِ وربطُه غيرُ موثَّق"
board.drill,dictionary,bound_page,page:Portal/ceo_board.php,"لوحة المدير التنفيذي",1,app/Services/Work/WorkItemService.php,"used_unbound — يظهر في الكودِ وربطُه غيرُ موثَّق"
bridge.link,dictionary,bound_page,page:Equipments/code_bridge.php,"جسر ترقيم المعدات",0,,"dictionary_only — قاموسٌ بلا أثرٍ في الكود (معلَّق)"
budget.approve,dictionary,bound_page,Finance/fin_m10_actions.php::budget_approve,"الموازنة العامة",4,"tools/m10_ac_gate.php | tools/u12_setup.php","used_unbound — يظهر في الكودِ وربطُه غيرُ موثَّق"
budget.commit,dictionary,bound_page,Finance/fin_m10_actions.php::budget_commit,"الموازنة العامة",5,"tools/m10_ac_gate.php | tools/u12_setup.php","used_unbound — يظهر في الكودِ وربطُه غيرُ موثَّق"
budget.request,dictionary,bound_page,Finance/fin_m10_actions.php::budget_change_request,"ميزانية إدارتي",2,"tools/m10_ac_gate.php | tools/u12_setup.php","used_unbound — يظهر في الكودِ وربطُه غيرُ موثَّق"
bus.board.view,dictionary,bound_page,page:Governance/bus_board.php,Governance,5,"tools/eng01_build_screens.php | Governance/bus_board.php | database/migrations/2027_05_26_eng01_actions_modules_nav.php | database/migrations/2027_06_28_bus_actions_handler_fix.php","used_unbound — يظهر في الكودِ وربطُه غيرُ موثَّق"
bus.deliver,dictionary,declared_unbuilt,,bus,3,"tools/eng01_build_screens.php | Governance/bus_deliveries.php | database/migrations/2027_05_26_eng01_actions_modules_nav.php","used_unbound — يظهر في الكودِ وربطُه غيرُ موثَّق"
bus.dlq.decide,dictionary,declared_unbuilt,,bus,4,"tools/eng01_build_screens.php | Governance/bus_deliveries.php | database/migrations/2027_05_26_eng01_actions_modules_nav.php","used_unbound — يظهر في الكودِ وربطُه غيرُ موثَّق"
bus.event.publish,dictionary,declared_unbuilt,,bus,5,"tools/eng01_build_screens.php | Governance/bus_outbox.php | database/migrations/2027_05_26_eng01_actions_modules_nav.php | database/migrations/2027_06_28_bus_actions_handler_fix.php","used_unbound — يظهر في الكودِ وربطُه غيرُ موثَّق"
cal.approve,dictionary,bound_page,page:Operations/site_work_calendar.php,"جدول عمل المنجم — الأسبوعي والشهري",0,,"dictionary_only — قاموسٌ بلا أثرٍ في الكود (معلَّق)"
cap.measure,dictionary,bound_page,page:Suppliers/supplier_capacity.php,"طاقة المورد وجاهزيته ومهلة الإحلال",1,tools/cnt19_probe.php,"used_unbound — يظهر في الكودِ وربطُه غيرُ موثَّق"
cap.switch,dictionary,bound_page,page:user_capacities.php,"صفاتي والتبديل بينها",0,,"dictionary_only — قاموسٌ بلا أثرٍ في الكود (معلَّق)"
capacity.consume,dictionary,declared_unbuilt,,capacity,4,"tools/act_seed_actions.php | tools/act_seed_contracts.php","used_unbound — يظهر في الكودِ وربطُه غيرُ موثَّق"
carrier.assign,dictionary,bound_page,page:Transport/transfer_fleet.php,"اللوابد والمركبات الناقلة",0,,"dictionary_only — قاموسٌ بلا أثرٍ في الكود (معلَّق)"
cash.forecast,dictionary,bound_page,page:Finance/cash_forecast_fin.php,"التدفق النقدي والتنبؤ",2,tools/m10_ac_gate.php,"used_unbound — يظهر في الكودِ وربطُه غيرُ موثَّق"
ceo.approve,dictionary,bound_page,page:Portal/ceo_approvals.php,"اعتمادات المدير التنفيذي",0,,"dictionary_only — قاموسٌ بلا أثرٍ في الكود (معلَّق)"
ceo.approve.assignment,dictionary,pending,,,1,tools/u13_reverse_audit.php,"used_unbound — يظهر في الكودِ وربطُه غيرُ موثَّق"
ceo.approve.over.cap,dictionary,pending,,,1,tools/u13_reverse_audit.php,"used_unbound — يظهر في الكودِ وربطُه غيرُ موثَّق"
ceo.check.sod.auto,dictionary,pending,,,1,tools/u13_reverse_audit.php,"used_unbound — يظهر في الكودِ وربطُه غيرُ موثَّق"
ceo.decide.audit.finding,dictionary,pending,,,1,tools/u13_reverse_audit.php,"used_unbound — يظهر في الكودِ وربطُه غيرُ موثَّق"
ceo.decide.reserved.matter,dictionary,pending,,,1,tools/u13_reverse_audit.php,"used_unbound — يظهر في الكودِ وربطُه غيرُ موثَّق"
ceo.receive.audit.report,dictionary,pending,,,1,tools/u13_reverse_audit.php,"used_unbound — يظهر في الكودِ وربطُه غيرُ موثَّق"
ceo.sign,dictionary,bound_page,page:Portal/ceo_contracts.php,"توقيع العقود والالتزامات",0,,"dictionary_only — قاموسٌ بلا أثرٍ في الكود (معلَّق)"
ceo.view.assignment.log,dictionary,pending,,,1,tools/u13_reverse_audit.php,"used_unbound — يظهر في الكودِ وربطُه غيرُ موثَّق"
cert.issue,dictionary,bound_page,page:Portal/my_certificate.php,"شهادة إنجازي",1,app/Services/Work/WorkItemService.php,"used_unbound — يظهر في الكودِ وربطُه غيرُ موثَّق"
chain.complete,dictionary,alias,unit.chain.approve,"تسجيل التايم شيت والإنتاج",1,tools/nav09_import_actions.php,"bound — مربوطٌ بمعالجٍ حي"
chain.ops,dictionary,alias,unit.chain.approve,"تسجيل التايم شيت والإنتاج",1,tools/nav09_import_actions.php,"bound — مربوطٌ بمعالجٍ حي"
chain.site,dictionary,alias,unit.chain.approve,"تسجيل التايم شيت والإنتاج",2,"tools/act09_links_check.php | tools/nav09_import_actions.php","bound — مربوطٌ بمعالجٍ حي"
change.record,dictionary,bound_page,page:Financing/fin_changes.php,"تغيّرات عقود التمويل",0,,"dictionary_only — قاموسٌ بلا أثرٍ في الكود (معلَّق)"
claim.client.approve,dictionary,bound_page,page:Contracts/claims.php,"المستخلصات والمطالبات",1,tools/cnt19_probe.php,"used_unbound — يظهر في الكودِ وربطُه غيرُ موثَّق"
claim.issue,dictionary,bound_page,page:Contracts/claims.php,"المستخلصات والمطالبات",1,tools/cnt19_probe.php,"used_unbound — يظهر في الكودِ وربطُه غيرُ موثَّق"
client.create,dictionary,bound_page,page:Clients/clients.php,"سجل العملاء",1,tools/cnt19_probe.php,"used_unbound — يظهر في الكودِ وربطُه غيرُ موثَّق"
cnt.annual.open,dictionary,bound_page,cnt.annual.open,"فتحُ الحاويةِ السنوية",2,"tools/cnt19_probe.php | database/migrations/2027_05_20_upgrade_declared_actions.php","used_unbound — يظهر في الكودِ وربطُه غيرُ موثَّق"
cnt.slot.allocate,dictionary,bound_page,cnt.slot.allocate,"إسنادُ خانةٍ لمورد",2,"tools/cnt19_probe.php | database/migrations/2027_05_20_upgrade_declared_actions.php","used_unbound — يظهر في الكودِ وربطُه غيرُ موثَّق"
cnt.slots.open,dictionary,bound_page,cnt.slots.open,"فتحُ خاناتِ الآليات",2,"tools/cnt19_probe.php | database/migrations/2027_05_20_upgrade_declared_actions.php","used_unbound — يظهر في الكودِ وربطُه غيرُ موثَّق"
cnt.types.define,dictionary,bound_page,cnt.types.define,"تعريفُ حاوياتِ الأنواع",2,"tools/cnt19_probe.php | database/migrations/2027_05_20_upgrade_declared_actions.php","used_unbound — يظهر في الكودِ وربطُه غيرُ موثَّق"
code.assign,dictionary,bound_page,page:Workforce/op_codes.php,"أرقام المشغّلين الشاغرة",0,,"dictionary_only — قاموسٌ بلا أثرٍ في الكود (معلَّق)"
collection.record,dictionary,declared_unbuilt,,collection,8,"tools/act_nine_path.php | tools/act_seed_actions.php | tools/act_seed_contracts.php","used_unbound — يظهر في الكودِ وربطُه غيرُ موثَّق"
collection.reverse,dictionary,declared_unbuilt,,collection,4,"tools/act_seed_actions.php | tools/act_seed_contracts.php","used_unbound — يظهر في الكودِ وربطُه غيرُ موثَّق"
cons.flag,dictionary,bound_page,page:Procurement/consumption_rate.php,"استهلاك المعدة ومعدله",0,,"dictionary_only — قاموسٌ بلا أثرٍ في الكود (معلَّق)"
contract.activate,dictionary,alias,ajax.contracts.contractequipments_handler,"عقود العملاء",1,tools/cnt19_probe.php,"bound — مربوطٌ بمعالجٍ حي"
contract.approve,dictionary,bound_page,page:Contracts/contracts.php,"عقود العملاء",3,"tools/fix_inj_tests.php | database/migrations/2027_01_21_fix_inj0001_contract_actions.php | Contracts/contracts.php","used_unbound — يظهر في الكودِ وربطُه غيرُ موثَّق"
contract.sign,dictionary,bound_page,page:Employees/employee_contracts.php,"عقود الموظفين",0,,"dictionary_only — قاموسٌ بلا أثرٍ في الكود (معلَّق)"
contract.submit_negotiation,dictionary,bound_page,page:Contracts/contracts.php,"عقود العملاء",3,"tools/fix_inj_tests.php | database/migrations/2027_01_21_fix_inj0001_contract_actions.php | Contracts/contracts.php","used_unbound — يظهر في الكودِ وربطُه غيرُ موثَّق"
cost.allocate,dictionary,declared_unbuilt,,"توزيع تكلفة التمويل على المشاريع",0,,"dictionary_only — قاموسٌ بلا أثرٍ في الكود (معلَّق)"
cost.compute,dictionary,bound_page,page:Finance/cost_report_fin.php,"التكاليف والربحية بالمركز",2,tools/m10_ac_gate.php,"used_unbound — يظهر في الكودِ وربطُه غيرُ موثَّق"
cov.define,dictionary,alias,cov.define,"التزام العقد بنوع المعدة",2,"tools/cnt19_probe.php | database/migrations/2027_05_20_upgrade_declared_actions.php","bound — مربوطٌ بمعالجٍ حي"
coverage.substitute.activate,dictionary,declared_unbuilt,,coverage,7,"tools/act_nine_path.php | tools/act_seed_actions.php | tools/act_seed_contracts.php","used_unbound — يظهر في الكودِ وربطُه غيرُ موثَّق"
coverage.substitute.end,dictionary,declared_unbuilt,,coverage,5,"tools/act_seed_actions.php | tools/act_seed_contracts.php","used_unbound — يظهر في الكودِ وربطُه غيرُ موثَّق"
custody.return,dictionary,bound_page,page:Procurement/receipt_custody_proc.php,"العهد والمرتجعات",0,,"dictionary_only — قاموسٌ بلا أثرٍ في الكود (معلَّق)"
cycle.measure,dictionary,bound_page,Finance/fin_m10_actions.php::cycle_measure,"زمن دورة الطلبات",2,"tools/m10_ac_gate.php | tools/u12_setup.php","used_unbound — يظهر في الكودِ وربطُه غيرُ موثَّق"
ded.approve,dictionary,bound_page,page:Workforce/deductions.php,"الخصومات والجزاءات",0,,"dictionary_only — قاموسٌ بلا أثرٍ في الكود (معلَّق)"
ded.propose,dictionary,declared_unbuilt,,"خصومات المشغّلين المقترحة",0,,"dictionary_only — قاموسٌ بلا أثرٍ في الكود (معلَّق)"
deleg.grant,dictionary,bound_page,page:Governance/signing_authority.php,"التفويض بالتوقيع",1,tools/m14_ac_gate.php,"used_unbound — يظهر في الكودِ وربطُه غيرُ موثَّق"
denial.review,dictionary,bound_page,Governance/gov_m14_actions.php::denial_review,"المحاولات الممنوعة",5,"tools/m14_ac_gate.php | tools/u12_setup.php","used_unbound — يظهر في الكودِ وربطُه غيرُ موثَّق"
dep.policy,dictionary,bound_page,page:Equipments/fleet_depreciation_profiles.php,"سياسات الإهلاك المعتمدة",0,,"dictionary_only — قاموسٌ بلا أثرٍ في الكود (معلَّق)"
dep.post,dictionary,bound_page,page:Finance/assets_fin.php,"الإهلاك والقيمة الدفترية",0,,"dictionary_only — قاموسٌ بلا أثرٍ في الكود (معلَّق)"
depr.reverse,dictionary,declared_unbuilt,,depr,4,"tools/eng01_build_screens.php | Finance/depr_run.php | database/migrations/2027_05_26_eng01_actions_modules_nav.php","used_unbound — يظهر في الكودِ وربطُه غيرُ موثَّق"
depr.run,dictionary,declared_unbuilt,,depr,4,"tools/eng01_build_screens.php | Finance/depr_run.php | database/migrations/2027_05_26_eng01_actions_modules_nav.php","used_unbound — يظهر في الكودِ وربطُه غيرُ موثَّق"
desk.post,dictionary,bound_page,page:FinRequests/request_actions.php,"مهام المحاسب اليومية",2,tools/m10_ac_gate.php,"used_unbound — يظهر في الكودِ وربطُه غيرُ موثَّق"
dev.close,dictionary,alias,financing.deviation.close,"انحرافات التمويل — السداد والملكية والتوثيق",0,,"bound — مربوطٌ بمعالجٍ حي"
doc.expire,dictionary,bound_page,page:Equipments/equipment_documents.php,"وثائق المعدات والمشغّلين",0,,"dictionary_only — قاموسٌ بلا أثرٍ في الكود (معلَّق)"
dr.restore.drill,dictionary,declared_unbuilt,,dr,3,"tools/eng01_build_screens.php | Governance/dr_restore.php | database/migrations/2027_05_26_eng01_actions_modules_nav.php","used_unbound — يظهر في الكودِ وربطُه غيرُ موثَّق"
dt.define,dictionary,bound_page,page:Governance/doc_types.php,"سجل أنواع المستندات",1,tools/m14_ac_gate.php,"used_unbound — يظهر في الكودِ وربطُه غيرُ موثَّق"
emp.create,dictionary,bound_page,page:Employees/employees.php,"سجل الموظفين",0,,"dictionary_only — قاموسٌ بلا أثرٍ في الكود (معلَّق)"
emp.settle,dictionary,bound_page,page:Workforce/final_settlement.php,"تصفية إنهاء خدمة موظف",0,,"dictionary_only — قاموسٌ بلا أثرٍ في الكود (معلَّق)"
entitlement.gate.approve,dictionary,declared_unbuilt,,entitlement,5,"tools/act09_links_check.php | tools/act_nine_path.php | tools/act_seed_actions.php | tools/act_seed_contracts.php","used_unbound — يظهر في الكودِ وربطُه غيرُ موثَّق"
entitlement.gate.reverse,dictionary,declared_unbuilt,,entitlement,5,"tools/act09_links_check.php | tools/act_seed_actions.php | tools/act_seed_contracts.php","used_unbound — يظهر في الكودِ وربطُه غيرُ موثَّق"
entity.create,dictionary,bound_page,page:Governance/entities_registry.php,"سجل الشركات والكيانات",1,tools/m14_ac_gate.php,"used_unbound — يظهر في الكودِ وربطُه غيرُ موثَّق"
eq.quota.allocate,dictionary,bound_page,page:Operations/equipment_quota.php,"توزيع وحدات المورد على معداته",1,tools/cnt19_probe.php,"used_unbound — يظهر في الكودِ وربطُه غيرُ موثَّق"
eq.quota.shift,dictionary,bound_page,page:Operations/equipment_quota.php,"توزيع وحدات المورد على معداته",1,tools/cnt19_probe.php,"used_unbound — يظهر في الكودِ وربطُه غيرُ موثَّق"
eqt.define,dictionary,bound_page,page:Equipments/equipments_types.php,"أنواع المعدات وفئاتها",0,,"dictionary_only — قاموسٌ بلا أثرٍ في الكود (معلَّق)"
esc.auto,dictionary,bound_page,page:Tickets/ticket_escalation_config.php,"مهل البلاغات وتصعيدها",0,,"dictionary_only — قاموسٌ بلا أثرٍ في الكود (معلَّق)"
eval.submit,dictionary,bound_page,page:Portal/my_evaluation.php,تقييمي,0,,"dictionary_only — قاموسٌ بلا أثرٍ في الكود (معلَّق)"
evt.log,dictionary,bound_page,page:Clients/contract_events.php,"سجل حركة العقد",1,tools/cnt19_probe.php,"used_unbound — يظهر في الكودِ وربطُه غيرُ موثَّق"
exception.grant,dictionary,bound_page,page:Governance/exceptions.php,"طلبات الاستثناء",1,tools/m14_ac_gate.php,"used_unbound — يظهر في الكودِ وربطُه غيرُ موثَّق"
exec.assign.conflict,dictionary,pending,,,1,tools/u13_coverage_seed.php,"used_unbound — يظهر في الكودِ وربطُه غيرُ موثَّق"
exec.assign.decide,dictionary,pending,,,5,"tools/u13_coverage_seed.php | tools/u13_screens_manifest.php | Portal/ceo_assignments.php","used_unbound — يظهر في الكودِ وربطُه غيرُ موثَّق"
exec.assign.effective,dictionary,pending,,,1,tools/u13_coverage_seed.php,"used_unbound — يظهر في الكودِ وربطُه غيرُ موثَّق"
exec.assign.request,dictionary,pending,,,1,tools/u13_coverage_seed.php,"used_unbound — يظهر في الكودِ وربطُه غيرُ موثَّق"
exit.record,dictionary,alias,financing.deviation.close,"الخروج غير المسجَّل من الملكية",0,,"bound — مربوطٌ بمعالجٍ حي"
fail.classify,dictionary,bound_page,page:Equipments/manage_failure_codes.php,"تصنيف الأعطال وأسبابها",0,,"dictionary_only — قاموسٌ بلا أثرٍ في الكود (معلَّق)"
field.classify,dictionary,bound_page,page:Governance/sensitive_fields.php,"سياسات الحقول الحساسة",1,tools/m14_ac_gate.php,"used_unbound — يظهر في الكودِ وربطُه غيرُ موثَّق"
fin.alert.escalate,dictionary,pending,,,1,tools/u13_coverage_seed.php,"used_unbound — يظهر في الكودِ وربطُه غيرُ موثَّق"
fin.alert.fire,dictionary,pending,,,1,tools/u13_coverage_seed.php,"used_unbound — يظهر في الكودِ وربطُه غيرُ موثَّق"
fin.approve.assert,dictionary,pending,,,1,tools/u13_coverage_seed.php,"used_unbound — يظهر في الكودِ وربطُه غيرُ موثَّق"
fin.approve.budget,dictionary,pending,,,1,tools/u13_coverage_seed.php,"used_unbound — يظهر في الكودِ وربطُه غيرُ موثَّق"
fin.approve.commit,dictionary,pending,,,5,"tools/u13_coverage_seed.php | tools/u13_limit_actions_map.php","used_unbound — يظهر في الكودِ وربطُه غيرُ موثَّق"
fin.approve.execute,dictionary,pending,,,4,"tools/u13_coverage_seed.php | tools/u13_gate.php | tools/u13_limit_actions_map.php","used_unbound — يظهر في الكودِ وربطُه غيرُ موثَّق"
fin.approve.need,dictionary,pending,,,1,tools/u13_coverage_seed.php,"used_unbound — يظهر في الكودِ وربطُه غيرُ موثَّق"
fin.cashflow.generate,dictionary,bound_page,Finance/fin_analysis_actions.php::cashflow_generate,"قائمة التدفقات النقدية",4,"tools/m10_ac_gate.php | tools/u12_analysis_register.php","used_unbound — يظهر في الكودِ وربطُه غيرُ موثَّق"
fin.close,dictionary,bound_page,page:Finance/periods_fin.php,"إقفال الفترة المحاسبية",1,tools/m10_ac_gate.php,"used_unbound — يظهر في الكودِ وربطُه غيرُ موثَّق"
fin.contract.margin,dictionary,bound_page,Finance/fin_analysis_actions.php::contract_margin,"هامش العقد ونموذج العمل",4,"tools/m10_ac_gate.php | tools/u12_analysis_register.php","used_unbound — يظهر في الكودِ وربطُه غيرُ موثَّق"
fin.entitle,dictionary,bound_page,Finance/fin_m10_actions.php::entitle_generate,"توليد المستحق من العمل المعتمد",5,"tools/m10_ac_gate.php | tools/u12_setup.php","used_unbound — يظهر في الكودِ وربطُه غيرُ موثَّق"
fin.entitlement.approve,dictionary,bound_page,page:Finance/entitlement_gate.php,"بوابة الاستحقاق المالي",2,"Finance/entitlement_gate.php | database/migrations/2027_01_19_fix_fn03_entitlement_actions.php","used_unbound — يظهر في الكودِ وربطُه غيرُ موثَّق"
fin.entitlement.reject,dictionary,bound_page,page:Finance/entitlement_gate.php,"بوابة الاستحقاق المالي",2,"Finance/entitlement_gate.php | database/migrations/2027_01_19_fix_fn03_entitlement_actions.php","used_unbound — يظهر في الكودِ وربطُه غيرُ موثَّق"
fin.equity.generate,dictionary,bound_page,Finance/fin_analysis_actions.php::equity_generate,"قائمة التغيرات في حقوق الملكية",3,"tools/m10_ac_gate.php | tools/u12_analysis_register.php","used_unbound — يظهر في الكودِ وربطُه غيرُ موثَّق"
fin.model.upsert,dictionary,bound_page,page:Financing/fin_models.php,"نماذج التمويل ومعالجتها",2,"Financing/fin_models.php | database/migrations/2027_01_20_fix_inj0003_fin_model_action.php","used_unbound — يظهر في الكودِ وربطُه غيرُ موثَّق"
fin.obl.avoidance,dictionary,pending,,,1,tools/u13_coverage_seed.php,"used_unbound — يظهر في الكودِ وربطُه غيرُ موثَّق"
fin.obl.generate,dictionary,pending,,,2,"tools/u13_coverage_seed.php | tools/u13_gate.php","used_unbound — يظهر في الكودِ وربطُه غيرُ موثَّق"
fin.obl.horizons,dictionary,pending,,,1,tools/u13_coverage_seed.php,"used_unbound — يظهر في الكودِ وربطُه غيرُ موثَّق"
fin.obl.reclassify,dictionary,pending,,,1,tools/u13_coverage_seed.php,"used_unbound — يظهر في الكودِ وربطُه غيرُ موثَّق"
fin.obl.sweep,dictionary,pending,,,1,tools/u13_coverage_seed.php,"used_unbound — يظهر في الكودِ وربطُه غيرُ موثَّق"
fin.obl.terminate,dictionary,pending,,,3,"tools/u13_coverage_seed.php | tools/u13_screens_manifest.php | Finance/ob_register.php","used_unbound — يظهر في الكودِ وربطُه غيرُ موثَّق"
fin.operation,dictionary,declared_unbuilt,,"عمليات التمويل",0,,"dictionary_only — قاموسٌ بلا أثرٍ في الكود (معلَّق)"
fin.posting.matrix,dictionary,bound_page,Finance/fin_analysis_actions.php::posting_matrix_set,"مصفوفة الترحيل من الإدارات",2,"tools/m10_ac_gate.php | tools/u12_analysis_register.php","used_unbound — يظهر في الكودِ وربطُه غيرُ موثَّق"
fin.project.pl,dictionary,bound_page,Finance/fin_analysis_actions.php::project_pl,"قائمة دخل المشروع",4,"tools/m10_ac_gate.php | tools/u12_analysis_register.php","used_unbound — يظهر في الكودِ وربطُه غيرُ موثَّق"
fin.ratio.compute,dictionary,bound_page,Finance/fin_analysis_actions.php::ratio_compute,"لوحة النسب المالية",3,"tools/m10_ac_gate.php | tools/u12_analysis_register.php","used_unbound — يظهر في الكودِ وربطُه غيرُ موثَّق"
fin.ratio.drill,dictionary,bound_page,Finance/fin_analysis_actions.php::ratio_drill,"تفصيل نسبة مالية",4,"tools/m10_ac_gate.php | tools/u12_analysis_register.php","used_unbound — يظهر في الكودِ وربطُه غيرُ موثَّق"
fin.ratio.target,dictionary,bound_page,Finance/fin_analysis_actions.php::ratio_target_set,"حدود النسب وأهدافها",2,"tools/m10_ac_gate.php | tools/u12_analysis_register.php","used_unbound — يظهر في الكودِ وربطُه غيرُ موثَّق"
fin.route.assert,dictionary,pending,,,1,tools/u13_coverage_seed.php,"used_unbound — يظهر في الكودِ وربطُه غيرُ موثَّق"
fin.route.backflow,dictionary,pending,,,1,tools/u13_coverage_seed.php,"used_unbound — يظهر في الكودِ وربطُه غيرُ موثَّق"
fin.route.backflow.close,dictionary,pending,,,1,tools/u13_coverage_seed.php,"used_unbound — يظهر في الكودِ وربطُه غيرُ موثَّق"
fin.route.backflow.resolve,dictionary,bound_page,,"المرتجَع المالي للإدارات",2,"tools/u13_screens_manifest.php | Finance/acc_backflow.php","used_unbound — يظهر في الكودِ وربطُه غيرُ موثَّق"
fin.route.event,dictionary,pending,,,1,tools/u13_coverage_seed.php,"used_unbound — يظهر في الكودِ وربطُه غيرُ موثَّق"
fin.signal.raise,dictionary,bound_page,Finance/fin_analysis_actions.php::signal_raise,"الإنذار المالي المبكر",3,"tools/m10_ac_gate.php | tools/u12_analysis_register.php","used_unbound — يظهر في الكودِ وربطُه غيرُ موثَّق"
fin.unit.economics,dictionary,bound_page,Finance/fin_analysis_actions.php::unit_economics,"ربحية المعدة الواحدة",4,"tools/m10_ac_gate.php | tools/u12_analysis_register.php","used_unbound — يظهر في الكودِ وربطُه غيرُ موثَّق"
financier.create,dictionary,declared_unbuilt,,"سجل الممولين",0,,"dictionary_only — قاموسٌ بلا أثرٍ في الكود (معلَّق)"
fleet.model.define,dictionary,bound_page,page:Equipments/fleet_models.php,"موديلات المعدات ومواصفاتها",0,,"dictionary_only — قاموسٌ بلا أثرٍ في الكود (معلَّق)"
found.close,dictionary,bound_page,page:Portal/founding_mode.php,"وضع التأسيس وإغلاقه",1,tools/m14_ac_gate.php,"used_unbound — يظهر في الكودِ وربطُه غيرُ موثَّق"
fs.close,dictionary,bound_page,page:Finance/financial_statements_fin.php,"القوائم المالية",2,tools/m10_ac_gate.php,"used_unbound — يظهر في الكودِ وربطُه غيرُ موثَّق"
fv.settle,dictionary,alias,financing.deviation.close,"فروق السداد والاستحقاق",0,,"bound — مربوطٌ بمعالجٍ حي"
fx.set,dictionary,bound_page,page:Finance/currencies_fin.php,"أسعار الصرف",2,tools/m10_ac_gate.php,"used_unbound — يظهر في الكودِ وربطُه غيرُ موثَّق"
gate.equip,dictionary,bound_page,page:Operations/site_gate_equip.php,"أذون دخول وخروج المعدات",0,,"dictionary_only — قاموسٌ بلا أثرٍ في الكود (معلَّق)"
gate.pass,dictionary,bound_page,Finance/fin_m10_actions.php::gate_pass,"فحص شروط الاستحقاق",6,"tools/m10_ac_gate.php | tools/u12_setup.php","used_unbound — يظهر في الكودِ وربطُه غيرُ موثَّق"
gate.person,dictionary,bound_page,page:Operations/site_gate_person.php,"أذون دخول وخروج المشغّلين",0,,"dictionary_only — قاموسٌ بلا أثرٍ في الكود (معلَّق)"
glass.break,dictionary,bound_page,page:Governance/break_glass.php,"صلاحية الطوارئ اللحظية (كسر الزجاج)",1,tools/m14_ac_gate.php,"used_unbound — يظهر في الكودِ وربطُه غيرُ موثَّق"
GOV-RSK-ATTEST,dictionary,bound_page,GOV-RSK-ATTEST,"حوكمة إدارة المخاطر",0,,"dictionary_only — قاموسٌ بلا أثرٍ في الكود (معلَّق)"
GOV-RSK-VIEW,dictionary,bound_page,GOV-RSK-VIEW,"حوكمة إدارة المخاطر",0,,"dictionary_only — قاموسٌ بلا أثرٍ في الكود (معلَّق)"
gov.field.assert,dictionary,pending,,,1,tools/u13_coverage_seed.php,"used_unbound — يظهر في الكودِ وربطُه غيرُ موثَّق"
gov.field.classify,dictionary,pending,,,1,tools/u13_coverage_seed.php,"used_unbound — يظهر في الكودِ وربطُه غيرُ موثَّق"
gov.field.propagate,dictionary,pending,,,1,tools/u13_coverage_seed.php,"used_unbound — يظهر في الكودِ وربطُه غيرُ موثَّق"
gov.fin.attest,dictionary,bound_page,Finance/fin_m10_actions.php::gov_attest,"حوكمة المالية والخزينة",2,"tools/m10_ac_gate.php | Finance/gov_dept_fin.php","used_unbound — يظهر في الكودِ وربطُه غيرُ موثَّق"
gov.fin.view,dictionary,bound_page,Finance/gov_dept_fin.php,"حوكمة المالية والخزينة",2,tools/m10_ac_gate.php,"used_unbound — يظهر في الكودِ وربطُه غيرُ موثَّق"
gov.gov.attest,dictionary,bound_page,Governance/gov_m14_actions.php::gov_attest,"حوكمة الحوكمة والالتزام",2,"tools/m14_ac_gate.php | Governance/gov_dept_gov.php","used_unbound — يظهر في الكودِ وربطُه غيرُ موثَّق"
gov.gov.view,dictionary,bound_page,Governance/gov_dept_gov.php,"حوكمة الحوكمة والالتزام",2,tools/m14_ac_gate.php,"used_unbound — يظهر في الكودِ وربطُه غيرُ موثَّق"
gov.sal.attest,dictionary,bound_page,gov.sal.attest,"إشهادُ حوكمةِ المبيعات",3,"tools/cnt19_probe.php | Governance/gov_dept_sal.php | database/migrations/2027_05_19_risk_gov_pairs_registry.php","used_unbound — يظهر في الكودِ وربطُه غيرُ موثَّق"
gov.sal.view,dictionary,bound_page,gov.sal.view,"عرضُ حوكمةِ المبيعات",2,"tools/cnt19_probe.php | database/migrations/2027_05_19_risk_gov_pairs_registry.php","used_unbound — يظهر في الكودِ وربطُه غيرُ موثَّق"
gov.sup.attest,dictionary,bound_page,gov.sup.attest,"إشهادُ حوكمةِ الموردين",3,"tools/cnt19_probe.php | Governance/gov_dept_sup.php | database/migrations/2027_05_19_risk_gov_pairs_registry.php","used_unbound — يظهر في الكودِ وربطُه غيرُ موثَّق"
gov.sup.view,dictionary,bound_page,gov.sup.view,"عرضُ حوكمةِ الموردين",2,"tools/cnt19_probe.php | database/migrations/2027_05_19_risk_gov_pairs_registry.php","used_unbound — يظهر في الكودِ وربطُه غيرُ موثَّق"
guard.enforce,dictionary,bound_page,page:Governance/guards.php,"تصنيف قواعد المنع",1,tools/m14_ac_gate.php,"used_unbound — يظهر في الكودِ وربطُه غيرُ موثَّق"
hire.offer,dictionary,bound_page,page:Workforce/recruitment_pipeline.php,"التوظيف من الشاغر إلى المباشرة",0,,"dictionary_only — قاموسٌ بلا أثرٍ في الكود (معلَّق)"
house.assign,dictionary,bound_page,page:Workforce/housing_units.php,"السكن والإعاشة والمعسكرات",0,,"dictionary_only — قاموسٌ بلا أثرٍ في الكود (معلَّق)"
iaf.access.log,dictionary,pending,,,1,tools/u13_coverage_seed.php,"used_unbound — يظهر في الكودِ وربطُه غيرُ موثَّق"
iaf.actionplan.set,dictionary,bound_page,page:Audit/iaf_action_plans.php,"خطط المعالجة ومتابعتها",4,"tools/fix_inj0013_manifest_actions.php | tools/fix_inj_tests.php | database/migrations/2027_01_22_fix_inj0013_audit_actions.php | Audit/iaf_action_plans.php","used_unbound — يظهر في الكودِ وربطُه غيرُ موثَّق"
iaf.charter.approve,dictionary,bound_page,page:Audit/iaf_charter.php,"ميثاق المراجعة الداخلية",4,"tools/fix_inj0013_manifest_actions.php | tools/fix_inj_tests.php | database/migrations/2027_01_22_fix_inj0013_audit_actions.php | Audit/iaf_charter.php","used_unbound — يظهر في الكودِ وربطُه غيرُ موثَّق"
iaf.engagement.open,dictionary,bound_page,page:Audit/iaf_engagements.php,"مهام المراجعة",4,"tools/fix_inj0013_manifest_actions.php | tools/fix_inj_tests.php | database/migrations/2027_01_22_fix_inj0013_audit_actions.php | Audit/iaf_engagements.php","used_unbound — يظهر في الكودِ وربطُه غيرُ موثَّق"
iaf.evidence.accept,dictionary,pending,,,3,"tools/u13_coverage_seed.php | tools/u13_screens_manifest.php | Audit/iaf_findings.php","used_unbound — يظهر في الكودِ وربطُه غيرُ موثَّق"
iaf.finding.close,dictionary,pending,,,3,"tools/u13_coverage_seed.php | tools/u13_screens_manifest.php | Audit/iaf_findings.php","used_unbound — يظهر في الكودِ وربطُه غيرُ موثَّق"
iaf.finding.escalate,dictionary,pending,,,1,tools/u13_coverage_seed.php,"used_unbound — يظهر في الكودِ وربطُه غيرُ موثَّق"
iaf.finding.raise,dictionary,bound_page,page:Audit/iaf_findings.php,"ملاحظات المراجعة",5,"tools/fix_inj0013_manifest_actions.php | tools/fix_inj_tests.php | database/migrations/2027_01_22_fix_inj0013_audit_actions.php | Audit/iaf_findings.php","used_unbound — يظهر في الكودِ وربطُه غيرُ موثَّق"
iaf.independence.declare,dictionary,bound_page,page:Audit/iaf_independence.php,"إقرارات الاستقلال وتعارض المصالح",3,"tools/fix_inj0013_manifest_actions.php | database/migrations/2027_01_22_fix_inj0013_audit_actions.php | Audit/iaf_independence.php","used_unbound — يظهر في الكودِ وربطُه غيرُ موثَّق"
iaf.plan.approve,dictionary,bound_page,page:Audit/iaf_plan.php,"خطة المراجعة السنوية",4,"tools/fix_inj0013_manifest_actions.php | tools/fix_inj_tests.php | database/migrations/2027_01_22_fix_inj0013_audit_actions.php | Audit/iaf_plan.php","used_unbound — يظهر في الكودِ وربطُه غيرُ موثَّق"
iaf.readonly.assert,dictionary,pending,,,1,tools/u13_coverage_seed.php,"used_unbound — يظهر في الكودِ وربطُه غيرُ موثَّق"
iaf.report.deliver,dictionary,pending,,,1,tools/u13_coverage_seed.php,"used_unbound — يظهر في الكودِ وربطُه غيرُ موثَّق"
iaf.response.submit,dictionary,bound_page,page:Audit/iaf_responses.php,"ردود الإدارات على الملاحظات",4,"tools/fix_inj0013_manifest_actions.php | tools/fix_inj_tests.php | database/migrations/2027_01_22_fix_inj0013_audit_actions.php | Audit/iaf_responses.php","used_unbound — يظهر في الكودِ وربطُه غيرُ موثَّق"
iaf.universe.build,dictionary,bound_page,page:Audit/iaf_universe.php,"الكون الرقابي",4,"tools/fix_inj0013_manifest_actions.php | tools/fix_inj_tests.php | database/migrations/2027_01_22_fix_inj0013_audit_actions.php | Audit/iaf_universe.php","used_unbound — يظهر في الكودِ وربطُه غيرُ موثَّق"
iaf.workpaper.attach,dictionary,bound_page,page:Audit/iaf_workpapers.php,"أوراق العمل والأدلة",4,"tools/fix_inj0013_manifest_actions.php | tools/fix_inj_tests.php | database/migrations/2027_01_22_fix_inj0013_audit_actions.php | Audit/iaf_workpapers.php","used_unbound — يظهر في الكودِ وربطُه غيرُ موثَّق"
idle.close,dictionary,alias,financing.deviation.close,"عقود تمويل بلا حركة",0,,"bound — مربوطٌ بمعالجٍ حي"
insp.decide,dictionary,bound_page,page:Maintenance/inspections.php,"الفحص الفني اليومي",0,,"dictionary_only — قاموسٌ بلا أثرٍ في الكود (معلَّق)"
insp.submit,dictionary,bound_page,page:Maintenance/inspections.php,"الفحص الفني اليومي",0,,"dictionary_only — قاموسٌ بلا أثرٍ في الكود (معلَّق)"
inst.generate,dictionary,alias,financing.installment.pay,"الأقساط ومواعيد السداد",0,,"bound — مربوطٌ بمعالجٍ حي"
inst.prepay,dictionary,alias,financing.installment.pay,"الأقساط ومواعيد السداد",0,,"bound — مربوطٌ بمعالجٍ حي"
inv.issue,dictionary,bound_page,page:Contracts/tax_invoices.php,"فواتير العملاء",2,tools/m10_ac_gate.php,"used_unbound — يظهر في الكودِ وربطُه غيرُ موثَّق"
invoice.cancel,dictionary,declared_unbuilt,,invoice,5,"tools/act_seed_actions.php | tools/act_seed_contracts.php","used_unbound — يظهر في الكودِ وربطُه غيرُ موثَّق"
invoice.issue,dictionary,declared_unbuilt,,invoice,8,"tools/act_nine_path.php | tools/act_seed_actions.php | tools/act_seed_contracts.php","used_unbound — يظهر في الكودِ وربطُه غيرُ موثَّق"
item.critical,dictionary,bound_page,page:Procurement/items_proc.php,"كتالوج الأصناف والقطع الحرجة",0,,"dictionary_only — قاموسٌ بلا أثرٍ في الكود (معلَّق)"
je.post,dictionary,bound_page,page:Finance/journal_form_fin.php,"القيود اليومية",2,tools/m10_ac_gate.php,"used_unbound — يظهر في الكودِ وربطُه غيرُ موثَّق"
job.claim,dictionary,declared_unbuilt,,job,3,"tools/eng01_build_screens.php | Governance/job_queue.php | database/migrations/2027_05_26_eng01_actions_modules_nav.php","used_unbound — يظهر في الكودِ وربطُه غيرُ موثَّق"
job.enqueue,dictionary,declared_unbuilt,,job,3,"tools/eng01_build_screens.php | Governance/job_queue.php | database/migrations/2027_05_26_eng01_actions_modules_nav.php","used_unbound — يظهر في الكودِ وربطُه غيرُ موثَّق"
job.schedule.define,dictionary,declared_unbuilt,,job,3,"tools/eng01_build_screens.php | Governance/job_schedule.php | database/migrations/2027_05_26_eng01_actions_modules_nav.php","used_unbound — يظهر في الكودِ وربطُه غيرُ موثَّق"
journey.escalate,dictionary,bound_page,page:Portal/journey_action.php,Portal,2,Portal/journey_action.php,"used_unbound — يظهر في الكودِ وربطُه غيرُ موثَّق"
journey.remind,dictionary,bound_page,page:Portal/journey_action.php,Portal,1,Portal/journey_action.php,"used_unbound — يظهر في الكودِ وربطُه غيرُ موثَّق"
kpi.report,dictionary,declared_unbuilt,,"مؤشرات البلاغات",0,,"dictionary_only — قاموسٌ بلا أثرٍ في الكود (معلَّق)"
leave.approve,dictionary,bound_page,page:Workforce/worker_leave_absence.php,"الإجازات والغياب",0,,"dictionary_only — قاموسٌ بلا أثرٍ في الكود (معلَّق)"
lic.expire,dictionary,bound_page,page:Governance/licenses_guarantees.php,"التراخيص والكفالات",1,tools/m14_ac_gate.php,"used_unbound — يظهر في الكودِ وربطُه غيرُ موثَّق"
link.record,dictionary,bound_page,page:Financing/ownership_links.php,"علاقات الملكية بين الكيانات",1,tools/m14_ac_gate.php,"used_unbound — يظهر في الكودِ وربطُه غيرُ موثَّق"
margin.compute,dictionary,bound_page,Finance/fin_m10_actions.php::margin_compute,"هامش الربح للعقد والواقعة",3,"tools/m10_ac_gate.php | tools/u12_setup.php","used_unbound — يظهر في الكودِ وربطُه غيرُ موثَّق"
match.exception,dictionary,bound_page,page:Procurement/po_match.php,"مطابقة الفاتورة بالأمر والاستلام",0,,"dictionary_only — قاموسٌ بلا أثرٍ في الكود (معلَّق)"
meter.fix,dictionary,bound_page,page:Equipments/meter_readings.php,"قراءات العدّادات",0,,"dictionary_only — قاموسٌ بلا أثرٍ في الكود (معلَّق)"
meter.read,dictionary,bound_page,page:Timesheet/timesheet.php,"تسجيل التايم شيت والإنتاج",0,,"dictionary_only — قاموسٌ بلا أثرٍ في الكود (معلَّق)"
mnt.return_service,dictionary,bound_page,page:Maintenance/return_to_service.php,Maintenance,0,,"dictionary_only — قاموسٌ بلا أثرٍ في الكود (معلَّق)"
model.approve,dictionary,bound_page,page:Financing/fin_models.php,"نماذج التمويل ومعالجتها",0,,"dictionary_only — قاموسٌ بلا أثرٍ في الكود (معلَّق)"
module.toggle,dictionary,bound_page,page:Settings/modules.php,"صفحات النظام والإدارات",1,tools/m14_ac_gate.php,"used_unbound — يظهر في الكودِ وربطُه غيرُ موثَّق"
move.execute,dictionary,bound_page,page:Workforce/worker_movement.php,"تنقلات العاملين",0,,"dictionary_only — قاموسٌ بلا أثرٍ في الكود (معلَّق)"
msg.send,dictionary,bound_page,page:chats/send_message.php,المراسلات,2,"tools/u9_def003_binding_campaign.php | app/Services/Work/WorkItemService.php","used_unbound — يظهر في الكودِ وربطُه غيرُ موثَّق"
name.merge,dictionary,bound_page,page:Governance/canonical_names.php,"سجل الأسماء المعتمدة",1,tools/m14_ac_gate.php,"used_unbound — يظهر في الكودِ وربطُه غيرُ موثَّق"
op.assign,dictionary,declared_unbuilt,,"تكليف المشغّل على المعدة",0,,"dictionary_only — قاموسٌ بلا أثرٍ في الكود (معلَّق)"
op.code,dictionary,bound_page,page:Employees/equipment_operators.php,"سجل المشغّلين",0,,"dictionary_only — قاموسٌ بلا أثرٍ في الكود (معلَّق)"
op.deactivate,dictionary,bound_page,page:Employees/equipment_operators.php,"سجل المشغّلين",0,,"dictionary_only — قاموسٌ بلا أثرٍ في الكود (معلَّق)"
operator.swap,dictionary,alias,swap.request,"توزيع المعدات والمشغّلين",1,tools/nav09_import_actions.php,"bound — مربوطٌ بمعالجٍ حي"
opm.approve,dictionary,bound_page,page:Workforce/op_monthly.php,"الأداء الشهري للمشغّل",0,,"dictionary_only — قاموسٌ بلا أثرٍ في الكود (معلَّق)"
opp.qualify,dictionary,bound_page,page:Opportunities/opportunities.php,"الفرص والزيارات والمناقصات",1,tools/cnt19_probe.php,"used_unbound — يظهر في الكودِ وربطُه غيرُ موثَّق"
org.change,dictionary,bound_page,Governance/gov_m14_actions.php::org_change,"الهيكل التنظيمي والمسميات",3,"tools/m14_ac_gate.php | tools/u12_setup.php","used_unbound — يظهر في الكودِ وربطُه غيرُ موثَّق"
owner.link,dictionary,alias,financing.share.transfer,"ملّاك الأسطول",0,,"bound — مربوطٌ بمعالجٍ حي"
pay.execute,dictionary,bound_page,page:Finance/payments_fin.php,"طلبات الدفع والسداد",2,tools/m10_ac_gate.php,"used_unbound — يظهر في الكودِ وربطُه غيرُ موثَّق"
pay.prioritize,dictionary,bound_page,page:Finance/dues_fin.php,"ذمم الموردين والمستحقات",2,tools/m10_ac_gate.php,"used_unbound — يظهر في الكودِ وربطُه غيرُ موثَّق"
pay.request,dictionary,bound_page,page:Finance/payments_fin.php,"طلبات الدفع والسداد",2,tools/m10_ac_gate.php,"used_unbound — يظهر في الكودِ وربطُه غيرُ موثَّق"
payroll.approve,dictionary,bound_page,page:Workforce/payroll_runs.php,"مسيّر الرواتب",0,,"dictionary_only — قاموسٌ بلا أثرٍ في الكود (معلَّق)"
payroll.reverse,dictionary,declared_unbuilt,,payroll,4,"tools/act_seed_actions.php | tools/act_seed_contracts.php","used_unbound — يظهر في الكودِ وربطُه غيرُ موثَّق"
payroll.run,dictionary,declared_unbuilt,,payroll,9,"tools/act_nine_path.php | tools/act_seed_actions.php | tools/act_seed_contracts.php | includes/sod_map.php","used_unbound — يظهر في الكودِ وربطُه غيرُ موثَّق"
pc.sign,dictionary,bound_page,page:Workforce/project_contracts.php,"عقود المشاريع المؤقتة",0,,"dictionary_only — قاموسٌ بلا أثرٍ في الكود (معلَّق)"
pc.trigger,dictionary,bound_page,page:Workforce/project_contracts.php,"عقود المشاريع المؤقتة",0,,"dictionary_only — قاموسٌ بلا أثرٍ في الكود (معلَّق)"
penalty.compute,dictionary,bound_page,page:Contracts/penalties.php,"الجزاءات والحوافز التعاقدية",1,tools/cnt19_probe.php,"used_unbound — يظهر في الكودِ وربطُه غيرُ موثَّق"
perf.compute,dictionary,bound_page,page:Operations/unit_perf.php,"الأداء الشهري للوحدة",0,,"dictionary_only — قاموسٌ بلا أثرٍ في الكود (معلَّق)"
perf.penalty,dictionary,bound_page,page:Suppliers/supplier_capacity.php,"أداء الموردين وجاهزيتهم",1,tools/cnt19_probe.php,"used_unbound — يظهر في الكودِ وربطُه غيرُ موثَّق"
period.close,dictionary,alias,period.provisions.run,"الإقفال الشهري للوحدة",1,tools/nav09_import_actions.php,"bound — مربوطٌ بمعالجٍ حي"
period.provisions.reverse,dictionary,declared_unbuilt,,period,4,"tools/act_seed_actions.php | tools/act_seed_contracts.php","used_unbound — يظهر في الكودِ وربطُه غيرُ موثَّق"
perm.trace,dictionary,bound_page,page:Governance/perm_explain.php,"تفسير مصدر الصلاحية",2,tools/m14_ac_gate.php,"used_unbound — يظهر في الكودِ وربطُه غيرُ موثَّق"
permit.grant,dictionary,bound_page,page:admin/org_permits.php,"أذون الزيارة والمركبات الخارجية",0,,"dictionary_only — قاموسٌ بلا أثرٍ في الكود (معلَّق)"
permit.issue,dictionary,bound_page,page:Transport/transfer_permits.php,"تصاريح المسار والحمولة",0,,"dictionary_only — قاموسٌ بلا أثرٍ في الكود (معلَّق)"
plan.approve,dictionary,bound_page,page:Operations/daily_plan.php,"خطة عمل الغد",0,,"dictionary_only — قاموسٌ بلا أثرٍ في الكود (معلَّق)"
plan.commit,dictionary,alias,plan.commit,"خطة معدات المورد المتعهَّد بها",2,"tools/cnt19_probe.php | database/migrations/2027_05_20_upgrade_declared_actions.php","bound — مربوطٌ بمعالجٍ حي"
plan.copy,dictionary,bound_page,page:Operations/daily_plan.php,"خطة عمل الغد",0,,"dictionary_only — قاموسٌ بلا أثرٍ في الكود (معلَّق)"
plan.submit,dictionary,bound_page,page:Operations/daily_plan.php,"خطة عمل الغد",0,,"dictionary_only — قاموسٌ بلا أثرٍ في الكود (معلَّق)"
pm.generate,dictionary,bound_page,page:Maintenance/preventive_plans.php,"خطط الصيانة الوقائية",0,,"dictionary_only — قاموسٌ بلا أثرٍ في الكود (معلَّق)"
po.issue,dictionary,bound_page,page:Procurement/orders_proc.php,"أوامر الشراء",0,,"dictionary_only — قاموسٌ بلا أثرٍ في الكود (معلَّق)"
po.receive.partial,dictionary,bound_page,page:Procurement/orders_proc.php,"أوامر الشراء",0,,"dictionary_only — قاموسٌ بلا أثرٍ في الكود (معلَّق)"
portal.render,dictionary,declared_unbuilt,,بوابتي,1,app/Services/Work/WorkItemService.php,"used_unbound — يظهر في الكودِ وربطُه غيرُ موثَّق"
pr.approve,dictionary,bound_page,page:Procurement/requests_proc.php,"طلبات الشراء",0,,"dictionary_only — قاموسٌ بلا أثرٍ في الكود (معلَّق)"
pr.raise,dictionary,bound_page,page:Procurement/requests_proc.php,"طلبات الشراء",0,,"dictionary_only — قاموسٌ بلا أثرٍ في الكود (معلَّق)"
price.approve,dictionary,bound_page,page:Clients/pricelists.php,"قوائم التسعير المعتمدة",1,tools/cnt19_probe.php,"used_unbound — يظهر في الكودِ وربطُه غيرُ موثَّق"
price.trigger,dictionary,bound_page,page:Contracts/price_terms.php,"آليات تعديل السعر",1,tools/cnt19_probe.php,"used_unbound — يظهر في الكودِ وربطُه غيرُ موثَّق"
proc.rfq.award,dictionary,bound_page,page:Procurement/rfq_compare_award.php,"مقارنة العروض والترسية",2,"Procurement/rfq_compare_award.php | database/migrations/2027_01_18_fix_cs06_register_actions.php","used_unbound — يظهر في الكودِ وربطُه غيرُ موثَّق"
proc.stock.count_adjust,dictionary,bound_page,page:Procurement/wh_count.php,"الجرد والتسويات",4,"tools/fix_action_tests.php | Procurement/wh_count.php | includes/post_contract.php | database/migrations/2027_01_18_fix_cs06_register_actions.php","used_unbound — يظهر في الكودِ وربطُه غيرُ موثَّق"
proc.stock.return_to_warehouse,dictionary,bound_page,page:Procurement/wh_returns.php,المرتجعات,2,"Procurement/wh_returns.php | database/migrations/2027_01_18_fix_cs06_register_actions.php","used_unbound — يظهر في الكودِ وربطُه غيرُ موثَّق"
proc.stock.warehouse_transfer,dictionary,bound_page,page:Procurement/wh_transfer.php,"التحويل بين المخازن",2,"Procurement/wh_transfer.php | database/migrations/2027_01_18_fix_cs06_register_actions.php","used_unbound — يظهر في الكودِ وربطُه غيرُ موثَّق"
prod.confirm,dictionary,bound_page,page:Operations/production.php,"الإنتاج والقياس",0,,"dictionary_only — قاموسٌ بلا أثرٍ في الكود (معلَّق)"
prod.save,dictionary,bound_page,page:Operations/production.php,"الإنتاج والقياس",0,,"dictionary_only — قاموسٌ بلا أثرٍ في الكود (معلَّق)"
prof.update,dictionary,declared_unbuilt,,"ملفي الشخصي",0,,"dictionary_only — قاموسٌ بلا أثرٍ في الكود (معلَّق)"
project.charter,dictionary,bound_page,page:Portal/project_charter.php,"قرار فتح مشروع جديد",0,,"dictionary_only — قاموسٌ بلا أثرٍ في الكود (معلَّق)"
project.create,dictionary,bound_page,page:Projects/projects.php,"المشاريع والمواقع",1,tools/cnt19_probe.php,"used_unbound — يظهر في الكودِ وربطُه غيرُ موثَّق"
prov.use,dictionary,bound_page,page:Finance/maintenance_provision_fin.php,"مخصص الصيانة والعمرات",2,tools/m10_ac_gate.php,"used_unbound — يظهر في الكودِ وربطُه غيرُ موثَّق"
prt.create,dictionary,bound_page,page:Governance/portal_users.php,"حسابات بوابة الأطراف الخارجية",1,tools/m14_ac_gate.php,"used_unbound — يظهر في الكودِ وربطُه غيرُ موثَّق"
pwd.change,dictionary,bound_page,page:Settings/change_password.php,"تغيير كلمة المرور",1,app/Services/Work/WorkItemService.php,"used_unbound — يظهر في الكودِ وربطُه غيرُ موثَّق"
qual.grant,dictionary,bound_page,page:Workforce/op_qual.php,"تأهيل المشغّلين على أنواع المعدات",0,,"dictionary_only — قاموسٌ بلا أثرٍ في الكود (معلَّق)"
quota.allocate,dictionary,alias,quota.allocate,"حصص الموردين من العقود",3,"tools/cnt19_probe.php | database/migrations/2027_05_20_upgrade_declared_actions.php | database/migrations/2027_05_21_quota_actions_correct_path.php","bound — مربوطٌ بمعالجٍ حي"
quota.consume,dictionary,alias,quota.consume,"حصص الموردين من العقود",3,"tools/cnt19_probe.php | database/migrations/2027_05_20_upgrade_declared_actions.php | database/migrations/2027_05_21_quota_actions_correct_path.php","bound — مربوطٌ بمعالجٍ حي"
quota.post,dictionary,alias,quota.post,"دفتر استهلاك حصص الموردين",3,"tools/cnt19_probe.php | database/migrations/2027_05_20_upgrade_declared_actions.php | database/migrations/2027_05_21_quota_actions_correct_path.php","bound — مربوطٌ بمعالجٍ حي"
quote.accept,dictionary,bound_page,page:Clients/quotations.php,"عروض الأسعار للعملاء",1,tools/cnt19_probe.php,"used_unbound — يظهر في الكودِ وربطُه غيرُ موثَّق"
quote.send,dictionary,bound_page,page:Clients/quotations.php,"عروض الأسعار للعملاء",1,tools/cnt19_probe.php,"used_unbound — يظهر في الكودِ وربطُه غيرُ موثَّق"
rec.collect,dictionary,bound_page,page:Contracts/collections.php,"ذمم العملاء وأعمارها",2,tools/m10_ac_gate.php,"used_unbound — يظهر في الكودِ وربطُه غيرُ موثَّق"
rec.provision,dictionary,bound_page,page:Contracts/collections.php,"ذمم العملاء وأعمارها",2,tools/m10_ac_gate.php,"used_unbound — يظهر في الكودِ وربطُه غيرُ موثَّق"
rec.stage.advance,dictionary,bound_page,page:Workforce/recruitment_pipeline.php,Workforce,0,,"dictionary_only — قاموسٌ بلا أثرٍ في الكود (معلَّق)"
rec.stage.reject,dictionary,bound_page,page:Workforce/recruitment_pipeline.php,Workforce,1,tools/act09_links_check.php,"used_unbound — يظهر في الكودِ وربطُه غيرُ موثَّق"
rec.vacancy.open,dictionary,bound_page,page:Workforce/recruitment_pipeline.php,Workforce,0,,"dictionary_only — قاموسٌ بلا أثرٍ في الكود (معلَّق)"
receipt.open,dictionary,bound_page,page:Procurement/receipt_custody_proc.php,"الاستلام المؤقت قبل الإدخال",1,tools/u9_def003_binding_campaign.php,"used_unbound — يظهر في الكودِ وربطُه غيرُ موثَّق"
recon.close,dictionary,bound_page,page:Equipments/asset_recon.php,"مطابقة سجل الأصول بالتشغيل",0,,"dictionary_only — قاموسٌ بلا أثرٍ في الكود (معلَّق)"
recon.match,dictionary,bound_page,page:Finance/bank_reconciliation_fin.php,"المطابقة البنكية",2,tools/m10_ac_gate.php,"used_unbound — يظهر في الكودِ وربطُه غيرُ موثَّق"
recur.escalate,dictionary,bound_page,page:Tickets/ticket_recurrence.php,"البلاغات المتكررة وسببها الجذري",0,,"dictionary_only — قاموسٌ بلا أثرٍ في الكود (معلَّق)"
reg.audit,dictionary,bound_page,page:Workforce/contract_registry.php,"سجل العقود الموحَّد",1,tools/m14_ac_gate.php,"used_unbound — يظهر في الكودِ وربطُه غيرُ موثَّق"
rel.publish,dictionary,bound_page,page:Portal/release_stamp.php,"بصمة الإصدار وتقرير النشر",1,tools/m14_ac_gate.php,"used_unbound — يظهر في الكودِ وربطُه غيرُ موثَّق"
review.block,dictionary,bound_page,page:Portal/contract_review.php,"مراجعة العقود وملاحظاتها",1,tools/cnt19_probe.php,"used_unbound — يظهر في الكودِ وربطُه غيرُ موثَّق"
review.close,dictionary,bound_page,page:Governance/access_review.php,"دورة المراجعة الدورية للصلاحيات",1,tools/m14_ac_gate.php,"used_unbound — يظهر في الكودِ وربطُه غيرُ موثَّق"
rfq.award,dictionary,alias,rfq.award,"طلب العروض ومقارنتها",1,tools/act09_links_check.php,"bound — مربوطٌ بمعالجٍ حي"
rfq.quote,dictionary,alias,rfq.award,"طلب العروض ومقارنتها",0,,"bound — مربوطٌ بمعالجٍ حي"
rfq.send,dictionary,alias,rfq.award,"طلب العروض ومقارنتها",0,,"bound — مربوطٌ بمعالجٍ حي"
risk.decide,dictionary,bound_page,page:Portal/ceo_risk.php,"المخاطر والقرارات العليا",0,,"dictionary_only — قاموسٌ بلا أثرٍ في الكود (معلَّق)"
risk.fin.evidence,dictionary,bound_page,Risk/risk_actions.php::control_evidence,"المخاطر المالية",1,tools/m10_ac_gate.php,"used_unbound — يظهر في الكودِ وربطُه غيرُ موثَّق"
risk.fin.raise,dictionary,bound_page,Risk/risk_actions.php::signal_create,"المخاطر المالية",1,tools/m10_ac_gate.php,"used_unbound — يظهر في الكودِ وربطُه غيرُ موثَّق"
risk.fin.view,dictionary,bound_page,Risk/risk_dept_fin.php,"المخاطر المالية",2,tools/m10_ac_gate.php,"used_unbound — يظهر في الكودِ وربطُه غيرُ موثَّق"
risk.gov.evidence,dictionary,bound_page,Risk/risk_actions.php::control_evidence,"مخاطر الحوكمة والالتزام",1,tools/m14_ac_gate.php,"used_unbound — يظهر في الكودِ وربطُه غيرُ موثَّق"
risk.gov.raise,dictionary,bound_page,Risk/risk_actions.php::signal_create,"مخاطر الحوكمة والالتزام",1,tools/m14_ac_gate.php,"used_unbound — يظهر في الكودِ وربطُه غيرُ موثَّق"
risk.gov.view,dictionary,bound_page,Risk/risk_dept_gov.php,"مخاطر الحوكمة والالتزام",2,tools/m14_ac_gate.php,"used_unbound — يظهر في الكودِ وربطُه غيرُ موثَّق"
risk.log,dictionary,bound_page,page:Clients/commercial_risks.php,"المخاطر التجارية",1,tools/cnt19_probe.php,"used_unbound — يظهر في الكودِ وربطُه غيرُ موثَّق"
risk.sal.evidence,dictionary,bound_page,risk.sal.evidence,"دليلُ ضابطٍ تملكه المبيعات",2,"tools/cnt19_probe.php | database/migrations/2027_05_19_risk_gov_pairs_registry.php","used_unbound — يظهر في الكودِ وربطُه غيرُ موثَّق"
risk.sal.raise,dictionary,bound_page,risk.sal.raise,"إبلاغُ إشارةِ خطرٍ من المبيعات",2,"tools/cnt19_probe.php | database/migrations/2027_05_19_risk_gov_pairs_registry.php","used_unbound — يظهر في الكودِ وربطُه غيرُ موثَّق"
risk.sal.view,dictionary,bound_page,risk.sal.view,"عرضُ مخاطرِ المبيعات",2,"tools/cnt19_probe.php | database/migrations/2027_05_19_risk_gov_pairs_registry.php","used_unbound — يظهر في الكودِ وربطُه غيرُ موثَّق"
risk.sup.evidence,dictionary,bound_page,risk.sup.evidence,"دليلُ ضابطٍ يملكه الموردون",2,"tools/cnt19_probe.php | database/migrations/2027_05_19_risk_gov_pairs_registry.php","used_unbound — يظهر في الكودِ وربطُه غيرُ موثَّق"
risk.sup.raise,dictionary,bound_page,risk.sup.raise,"إبلاغُ إشارةِ خطرٍ من الموردين",2,"tools/cnt19_probe.php | database/migrations/2027_05_19_risk_gov_pairs_registry.php","used_unbound — يظهر في الكودِ وربطُه غيرُ موثَّق"
risk.sup.view,dictionary,bound_page,risk.sup.view,"عرضُ مخاطرِ الموردين",2,"tools/cnt19_probe.php | database/migrations/2027_05_19_risk_gov_pairs_registry.php","used_unbound — يظهر في الكودِ وربطُه غيرُ موثَّق"
role.create,dictionary,bound_page,page:Settings/roles.php,"الأدوار وقوالب صلاحياتها",1,tools/m14_ac_gate.php,"used_unbound — يظهر في الكودِ وربطُه غيرُ موثَّق"
role.template,dictionary,bound_page,page:Settings/roles.php,"الأدوار وقوالب صلاحياتها",1,tools/m14_ac_gate.php,"used_unbound — يظهر في الكودِ وربطُه غيرُ موثَّق"
room.filter,dictionary,declared_unbuilt,,"غرفة عمليات المواقع",0,,"dictionary_only — قاموسٌ بلا أثرٍ في الكود (معلَّق)"
room.intervene,dictionary,declared_unbuilt,,"غرفة عمليات المواقع",0,,"dictionary_only — قاموسٌ بلا أثرٍ في الكود (معلَّق)"
rot.schedule,dictionary,bound_page,page:Workforce/rotation.php,"دورات التناوب والإجازة الميدانية",0,,"dictionary_only — قاموسٌ بلا أثرٍ في الكود (معلَّق)"
route.auto,dictionary,bound_page,page:Tickets/ticket_types_config.php,"تصنيف البلاغ وتوجيهه آليًّا",0,,"dictionary_only — قاموسٌ بلا أثرٍ في الكود (معلَّق)"
route.define,dictionary,bound_page,page:FinRequests/routing_admin.php,"قواعد توجيه الطلبات المالية",1,tools/m10_ac_gate.php,"used_unbound — يظهر في الكودِ وربطُه غيرُ موثَّق"
rpt.export,dictionary,bound_page,"excel.php (إطار التصدير الموحد — سجل تسعة بنود)","إنجاز الإدارة",5,"tools/m10_ac_gate.php | tools/m14_ac_gate.php | tools/u12_setup.php","used_unbound — يظهر في الكودِ وربطُه غيرُ موثَّق"
RSK-ACCEPT,dictionary,bound_page,RSK-ACCEPT,"ملف الخطر",0,,"dictionary_only — قاموسٌ بلا أثرٍ في الكود (معلَّق)"
RSK-APPETITE-SET,dictionary,bound_page,RSK-APPETITE-SET,"شهية المخاطر وحدودها",0,,"dictionary_only — قاموسٌ بلا أثرٍ في الكود (معلَّق)"
RSK-ASSESS-INHERENT,dictionary,bound_page,RSK-ASSESS-INHERENT,"ملف الخطر",0,,"dictionary_only — قاموسٌ بلا أثرٍ في الكود (معلَّق)"
RSK-ASSESS-RESIDUAL,dictionary,bound_page,RSK-ASSESS-RESIDUAL,"ملف الخطر",0,,"dictionary_only — قاموسٌ بلا أثرٍ في الكود (معلَّق)"
RSK-ASSESS-TARGET,dictionary,bound_page,RSK-ASSESS-TARGET,"ملف الخطر",0,,"dictionary_only — قاموسٌ بلا أثرٍ في الكود (معلَّق)"
RSK-ASSIGN-OWNER,dictionary,bound_page,RSK-ASSIGN-OWNER,"سجل المخاطر المركزي",0,,"dictionary_only — قاموسٌ بلا أثرٍ في الكود (معلَّق)"
RSK-CLASSIFY,dictionary,bound_page,RSK-CLASSIFY,"سجل المخاطر المركزي",0,,"dictionary_only — قاموسٌ بلا أثرٍ في الكود (معلَّق)"
RSK-CLOSE,dictionary,bound_page,RSK-CLOSE,"ملف الخطر",0,,"dictionary_only — قاموسٌ بلا أثرٍ في الكود (معلَّق)"
RSK-CREATE,dictionary,bound_page,RSK-CREATE,"سجل المخاطر المركزي",0,,"dictionary_only — قاموسٌ بلا أثرٍ في الكود (معلَّق)"
RSK-CTL-CREATE,dictionary,bound_page,RSK-CTL-CREATE,"الضوابط والضوابط الحرجة",0,,"dictionary_only — قاموسٌ بلا أثرٍ في الكود (معلَّق)"
RSK-CTL-EVIDENCE,dictionary,bound_page,RSK-CTL-EVIDENCE,"مساحة مخاطر الإدارة",0,,"dictionary_only — قاموسٌ بلا أثرٍ في الكود (معلَّق)"
RSK-CTL-FAIL,dictionary,bound_page,RSK-CTL-FAIL,"الضوابط والضوابط الحرجة",0,,"dictionary_only — قاموسٌ بلا أثرٍ في الكود (معلَّق)"
RSK-CTL-LINK,dictionary,bound_page,RSK-CTL-LINK,"ملف الخطر",0,,"dictionary_only — قاموسٌ بلا أثرٍ في الكود (معلَّق)"
RSK-CTL-VERIFY,dictionary,bound_page,RSK-CTL-VERIFY,"الضوابط والضوابط الحرجة",0,,"dictionary_only — قاموسٌ بلا أثرٍ في الكود (معلَّق)"
RSK-ESC-ACK,dictionary,bound_page,RSK-ESC-ACK,"لوحة المخاطر العليا",0,,"dictionary_only — قاموسٌ بلا أثرٍ في الكود (معلَّق)"
RSK-FIELD-SYNC,dictionary,bound_page,RSK-FIELD-SYNC,"مخاطر الميدان",0,,"dictionary_only — قاموسٌ بلا أثرٍ في الكود (معلَّق)"
RSK-INCIDENT-LOG,dictionary,bound_page,RSK-INCIDENT-LOG,"الحوادث والوقائع",0,,"dictionary_only — قاموسٌ بلا أثرٍ في الكود (معلَّق)"
RSK-KRI-THRESHOLD,dictionary,bound_page,RSK-KRI-THRESHOLD,"مؤشرات الخطر الرئيسة",0,,"dictionary_only — قاموسٌ بلا أثرٍ في الكود (معلَّق)"
RSK-KRI-UPDATE,dictionary,bound_page,RSK-KRI-UPDATE,"مؤشرات الخطر الرئيسة",0,,"dictionary_only — قاموسٌ بلا أثرٍ في الكود (معلَّق)"
RSK-MERGE,dictionary,bound_page,RSK-MERGE,"سجل المخاطر المركزي",0,,"dictionary_only — قاموسٌ بلا أثرٍ في الكود (معلَّق)"
RSK-REOPEN,dictionary,bound_page,RSK-REOPEN,"ملف الخطر",0,,"dictionary_only — قاموسٌ بلا أثرٍ في الكود (معلَّق)"
RSK-REPORT-EXPORT,dictionary,bound_page,RSK-REPORT-EXPORT,"تقارير المخاطر والتحليلات",0,,"dictionary_only — قاموسٌ بلا أثرٍ في الكود (معلَّق)"
RSK-REVIEW,dictionary,bound_page,RSK-REVIEW,"مراجعات المخاطر وقراراتها",0,,"dictionary_only — قاموسٌ بلا أثرٍ في الكود (معلَّق)"
RSK-SIG-CONVERT,dictionary,bound_page,RSK-SIG-CONVERT,"إشارات الخطر والفرز",0,,"dictionary_only — قاموسٌ بلا أثرٍ في الكود (معلَّق)"
RSK-SIG-CREATE,dictionary,bound_page,RSK-SIG-CREATE,"إشارات الخطر والفرز",0,,"dictionary_only — قاموسٌ بلا أثرٍ في الكود (معلَّق)"
RSK-SIG-DISMISS,dictionary,bound_page,RSK-SIG-DISMISS,"إشارات الخطر والفرز",0,,"dictionary_only — قاموسٌ بلا أثرٍ في الكود (معلَّق)"
RSK-SIG-ESCALATE,dictionary,bound_page,RSK-SIG-ESCALATE,"إشارات الخطر والفرز",0,,"dictionary_only — قاموسٌ بلا أثرٍ في الكود (معلَّق)"
RSK-SIG-LINK,dictionary,bound_page,RSK-SIG-LINK,"إشارات الخطر والفرز",0,,"dictionary_only — قاموسٌ بلا أثرٍ في الكود (معلَّق)"
RSK-TAXONOMY-DEFINE,dictionary,bound_page,RSK-TAXONOMY-DEFINE,"إعدادات المخاطر والتصنيف",0,,"dictionary_only — قاموسٌ بلا أثرٍ في الكود (معلَّق)"
RSK-TREAT-CREATE,dictionary,bound_page,RSK-TREAT-CREATE,"ملف الخطر",0,,"dictionary_only — قاموسٌ بلا أثرٍ في الكود (معلَّق)"
RSK-TREAT-PROGRESS,dictionary,bound_page,RSK-TREAT-PROGRESS,"إجراءات معالجة المخاطر",0,,"dictionary_only — قاموسٌ بلا أثرٍ في الكود (معلَّق)"
RSK-TREAT-VERIFY,dictionary,bound_page,RSK-TREAT-VERIFY,"إجراءات معالجة المخاطر",0,,"dictionary_only — قاموسٌ بلا أثرٍ في الكود (معلَّق)"
RSK-VIEW-APPETITE,dictionary,bound_page,RSK-VIEW-APPETITE,"شهية المخاطر وحدودها",0,,"dictionary_only — قاموسٌ بلا أثرٍ في الكود (معلَّق)"
RSK-VIEW-BOARD,dictionary,bound_page,RSK-VIEW-BOARD,"لوحة المخاطر العليا",0,,"dictionary_only — قاموسٌ بلا أثرٍ في الكود (معلَّق)"
RSK-VIEW-COMMITTEE,dictionary,bound_page,RSK-VIEW-COMMITTEE,"لجنة المخاطر",0,,"dictionary_only — قاموسٌ بلا أثرٍ في الكود (معلَّق)"
RSK-VIEW-DEPT,dictionary,bound_page,RSK-VIEW-DEPT,"مساحة مخاطر الإدارة",0,,"dictionary_only — قاموسٌ بلا أثرٍ في الكود (معلَّق)"
RSK-VIEW-FIELD,dictionary,bound_page,RSK-VIEW-FIELD,"مخاطر الميدان",0,,"dictionary_only — قاموسٌ بلا أثرٍ في الكود (معلَّق)"
RSK-VIEW-REGISTER,dictionary,bound_page,RSK-VIEW-REGISTER,"سجل المخاطر المركزي",0,,"dictionary_only — قاموسٌ بلا أثرٍ في الكود (معلَّق)"
rule.define,dictionary,bound_page,page:Suppliers/supplier_rules.php,"قواعد التحميل والجزاءات على المورد",1,tools/cnt19_probe.php,"used_unbound — يظهر في الكودِ وربطُه غيرُ موثَّق"
sadv.grant,dictionary,bound_page,page:Suppliers/supplier_advances.php,"سلفيات الموردين",1,tools/cnt19_probe.php,"used_unbound — يظهر في الكودِ وربطُه غيرُ موثَّق"
sales.gate.pass,dictionary,bound_page,sales.gate.pass,"بوابةُ المبيعاتِ للسلسلة (st.06)",1,database/migrations/2027_05_10_registry_completion.php,"used_unbound — يظهر في الكودِ وربطُه غيرُ موثَّق"
sales.model.define,dictionary,bound_page,page:Portal/business_models.php,"نماذج العمل ووحدات القياس",1,tools/cnt19_probe.php,"used_unbound — يظهر في الكودِ وربطُه غيرُ موثَّق"
sc.activate,dictionary,bound_page,page:Suppliers/supplierscontracts.php,"عقود الموردين",1,tools/cnt19_probe.php,"used_unbound — يظهر في الكودِ وربطُه غيرُ موثَّق"
screen.workforce.deduction.approve_step,dictionary,bound_page,page:Workforce/deductions.php,Workforce,6,"Workforce/deductions.php | database/migrations/2027_01_29_inj0219_deduction_decision_chain.php | database/migrations/2027_05_08_gate_residue_close.php | database/migrations/2027_05_09_reverse_action_guards.php","used_unbound — يظهر في الكودِ وربطُه غيرُ موثَّق"
screen.workforce.deduction.request_approval,dictionary,bound_page,page:Workforce/deductions.php,Workforce,2,"Workforce/deductions.php | database/migrations/2027_01_29_inj0219_deduction_decision_chain.php","used_unbound — يظهر في الكودِ وربطُه غيرُ موثَّق"
screen.workforce.deduction.reverse_step,dictionary,bound_page,page:Workforce/deductions.php,Workforce,5,"database/migrations/2027_05_08_gate_residue_close.php | database/migrations/2027_05_09_reverse_action_guards.php","used_unbound — يظهر في الكودِ وربطُه غيرُ موثَّق"
se.register,dictionary,alias,se.register,"معدات المورد ومالكوها",2,"tools/cnt19_probe.php | database/migrations/2027_05_20_upgrade_declared_actions.php","bound — مربوطٌ بمعالجٍ حي"
settle.approve,dictionary,bound_page,page:Suppliers/settlements.php,"تسويات ومستحقات الموردين",2,"tools/act09_links_check.php | tools/cnt19_probe.php","used_unbound — يظهر في الكودِ وربطُه غيرُ موثَّق"
share.record,dictionary,alias,financing.share.transfer,"حصص الملكية في الأصول",0,,"bound — مربوطٌ بمعالجٍ حي"
shift.assign,dictionary,bound_page,page:Operations/site_shift_plan.php,"جدول الورديات — النهار والليل",0,,"dictionary_only — قاموسٌ بلا أثرٍ في الكود (معلَّق)"
shift.close,dictionary,bound_page,page:Operations/shift_log.php,"سجل الوردية",0,,"dictionary_only — قاموسٌ بلا أثرٍ في الكود (معلَّق)"
shift.entry.record,dictionary,bound_page,shift.entry.record,"قيدُ الوردية اليومي",2,"tools/cnt19_probe.php | database/migrations/2027_04_20_shift_entry_screen_registry.php","used_unbound — يظهر في الكودِ وربطُه غيرُ موثَّق"
shift.entry.void,dictionary,bound_page,shift.entry.void,"قيدُ الوردية اليومي",2,"tools/cnt19_probe.php | database/migrations/2027_04_20_shift_entry_screen_registry.php","used_unbound — يظهر في الكودِ وربطُه غيرُ موثَّق"
shift.open,dictionary,bound_page,page:Operations/shift_log.php,"سجل الوردية",0,,"dictionary_only — قاموسٌ بلا أثرٍ في الكود (معلَّق)"
sm.define,dictionary,bound_page,page:Governance/state_machines.php,"حالات المستندات وانتقالاتها",1,tools/m14_ac_gate.php,"used_unbound — يظهر في الكودِ وربطُه غيرُ موثَّق"
sod.enforce,dictionary,bound_page,page:admin/sec_governance.php,"فصل الواجبات المتعارضة",1,tools/m14_ac_gate.php,"used_unbound — يظهر في الكودِ وربطُه غيرُ موثَّق"
source.set,dictionary,bound_page,page:Equipments/equipment_sourcing.php,"مصدر المعدة ونمط تملّكها",0,,"dictionary_only — قاموسٌ بلا أثرٍ في الكود (معلَّق)"
stmt.client.issue,dictionary,bound_page,Finance/fin_m10_actions.php::stmt_client_issue,"كشف حساب العميل",4,"tools/m10_ac_gate.php | tools/u12_setup.php","used_unbound — يظهر في الكودِ وربطُه غيرُ موثَّق"
stmt.issue,dictionary,bound_page,page:Finance/supplier_statement_fin.php,"كشف حساب المورد الشهري",1,tools/cnt19_probe.php,"used_unbound — يظهر في الكودِ وربطُه غيرُ موثَّق"
stock.count,dictionary,alias,wh.count.adjust,"الجرد ومعالجة الفروقات",0,,"bound — مربوطٌ بمعالجٍ حي"
stock.issue,dictionary,bound_page,page:Procurement/issue_proc.php,"صرف مواد من المخزن",0,,"dictionary_only — قاموسٌ بلا أثرٍ في الكود (معلَّق)"
stock.receive,dictionary,declared_unbuilt,,"أرصدة المخزون بحالاتها",0,,"dictionary_only — قاموسٌ بلا أثرٍ في الكود (معلَّق)"
stock.reorder,dictionary,declared_unbuilt,,"أرصدة المخزون بحالاتها",0,,"dictionary_only — قاموسٌ بلا أثرٍ في الكود (معلَّق)"
stock.reserve,dictionary,declared_unbuilt,,"أرصدة المخزون بحالاتها",0,,"dictionary_only — قاموسٌ بلا أثرٍ في الكود (معلَّق)"
stop.attribute,dictionary,alias,ts.stop.assign,"التوقفات وتحديد المتحمل",1,tools/nav09_import_actions.php,"bound — مربوطٌ بمعالجٍ حي"
stop.record,dictionary,alias,ts.stop.assign,"التوقفات وتحديد المتحمل",0,,"bound — مربوطٌ بمعالجٍ حي"
sup.handover.record,dictionary,bound_page,sup.handover.record,"تسليمُ الحصص بين الموردين",2,"tools/cnt19_probe.php | database/migrations/2027_05_05_handover_registry.php","used_unbound — يظهر في الكودِ وربطُه غيرُ موثَّق"
sup.settle.apply,dictionary,bound_page,sup.settle.apply,"تسويات الموردين",2,"tools/cnt19_probe.php | database/migrations/2027_05_05_handover_registry.php","used_unbound — يظهر في الكودِ وربطُه غيرُ موثَّق"
supp.close,dictionary,bound_page,page:Suppliers/supplier_closure.php,"تصفية إنهاء عقد مورد",1,tools/cnt19_probe.php,"used_unbound — يظهر في الكودِ وربطُه غيرُ موثَّق"
supp.eval,dictionary,alias,financing.deviation.close,"تقييم المورد الدوري",2,"tools/cnt19_probe.php | tools/nav09_import_actions.php","bound — مربوطٌ بمعالجٍ حي"
supplier.activate,dictionary,bound_page,page:Suppliers/suppliers.php,"سجل الموردين",1,tools/cnt19_probe.php,"used_unbound — يظهر في الكودِ وربطُه غيرُ موثَّق"
supplier.evaluate,dictionary,bound_page,page:Suppliers/suppliers.php,"سجل الموردين",1,tools/cnt19_probe.php,"used_unbound — يظهر في الكودِ وربطُه غيرُ موثَّق"
supplier.settlement.approve,dictionary,declared_unbuilt,,supplier,9,"tools/act09_links_check.php | tools/act_nine_path.php | tools/act_seed_actions.php | tools/act_seed_contracts.php","used_unbound — يظهر في الكودِ وربطُه غيرُ موثَّق"
supplier.settlement.reverse,dictionary,declared_unbuilt,,supplier,5,"tools/act09_links_check.php | tools/act_seed_actions.php | tools/act_seed_contracts.php","used_unbound — يظهر في الكودِ وربطُه غيرُ موثَّق"
svc.define,dictionary,bound_page,page:Clients/products.php,"كتالوج الخدمات وبنود البيع",1,tools/cnt19_probe.php,"used_unbound — يظهر في الكودِ وربطُه غيرُ موثَّق"
swap.approve.dept,dictionary,declared_unbuilt,,swap,1,tools/act09_links_check.php,"used_unbound — يظهر في الكودِ وربطُه غيرُ موثَّق"
swap.approve.workforce,dictionary,declared_unbuilt,,swap,1,tools/act09_links_check.php,"used_unbound — يظهر في الكودِ وربطُه غيرُ موثَّق"
swap.end,dictionary,declared_unbuilt,,swap,1,tools/act09_links_check.php,"used_unbound — يظهر في الكودِ وربطُه غيرُ موثَّق"
swap.reject,dictionary,declared_unbuilt,,swap,1,tools/act09_links_check.php,"used_unbound — يظهر في الكودِ وربطُه غيرُ موثَّق"
tariff.set,dictionary,bound_page,page:Transport/transfer_tariffs.php,"تعرفة الترحيل وقواعد التحميل",0,,"dictionary_only — قاموسٌ بلا أثرٍ في الكود (معلَّق)"
task.done,dictionary,bound_page,page:Portal/my_tasks.php,مهامي,0,,"dictionary_only — قاموسٌ بلا أثرٍ في الكود (معلَّق)"
tax.file,dictionary,bound_page,page:Contracts/tax_invoices.php,"الفاتورة الضريبية والإقرارات",2,tools/m10_ac_gate.php,"used_unbound — يظهر في الكودِ وربطُه غيرُ موثَّق"
tcf.define,dictionary,bound_page,page:Tickets/ticket_types_config.php,"إعدادات البلاغات — الأنواع والمهل والتصعيد",0,,"dictionary_only — قاموسٌ بلا أثرٍ في الكود (معلَّق)"
tech.approve,dictionary,declared_unbuilt,,"جاهزية المعدات للتشغيل",0,,"dictionary_only — قاموسٌ بلا أثرٍ في الكود (معلَّق)"
tech.assign,dictionary,bound_page,page:Maintenance/workshop.php,"الورش والفنيون",0,,"dictionary_only — قاموسٌ بلا أثرٍ في الكود (معلَّق)"
tech.block,dictionary,declared_unbuilt,,"جاهزية المعدات للتشغيل",0,,"dictionary_only — قاموسٌ بلا أثرٍ في الكود (معلَّق)"
terms.set,dictionary,alias,terms.set,"أحكام العقد — العملات والمقدم والمهل",2,"tools/cnt19_probe.php | database/migrations/2027_05_20_upgrade_declared_actions.php","bound — مربوطٌ بمعالجٍ حي"
ticket.ack,dictionary,declared_unbuilt,,"بلاغات إدارتي",2,"tools/wfm_backfill_tickets.php | app/Services/Tickets/TicketRouter.php","used_unbound — يظهر في الكودِ وربطُه غيرُ موثَّق"
ticket.admin.close,dictionary,alias,ticket.admin_close,"إغلاق البلاغ وتأكيده",0,,"bound — مربوطٌ بمعالجٍ حي"
ticket.branch,dictionary,bound_page,page:Tickets/ticket_workstreams_board.php,"تحويل البلاغ وتفريعه لمسارات",0,,"dictionary_only — قاموسٌ بلا أثرٍ في الكود (معلَّق)"
ticket.classify,dictionary,alias,ticket.classify,"بلاغات المركز",1,tools/nav09_import_actions.php,"bound — مربوطٌ بمعالجٍ حي"
ticket.confirm,dictionary,alias,ticket.admin_close,"إغلاق البلاغ وتأكيده",0,,"bound — مربوطٌ بمعالجٍ حي"
ticket.done,dictionary,declared_unbuilt,,"بلاغات إدارتي",0,,"dictionary_only — قاموسٌ بلا أثرٍ في الكود (معلَّق)"
ticket.open,dictionary,alias,ticket.classify,"أبلغ عن مشكلة من هذه الشاشة",1,tools/nav09_import_actions.php,"bound — مربوطٌ بمعالجٍ حي"
ticket.transfer,dictionary,bound_page,page:Tickets/ticket_workstreams_board.php,"تحويل البلاغ وتفريعه لمسارات",0,,"dictionary_only — قاموسٌ بلا أثرٍ في الكود (معلَّق)"
tpl.generate,dictionary,bound_page,page:Tickets/ticket_recurrence.php,"البلاغات الدورية المولَّدة",0,,"dictionary_only — قاموسٌ بلا أثرٍ في الكود (معلَّق)"
trace.follow,dictionary,bound_page,"FinRequests/effect_map.php (قارئ — صفحته الحية)","تتبّع الأثر من الواقعة إلى القيد",4,"tools/m10_ac_gate.php | tools/u12_setup.php","used_unbound — يظهر في الكودِ وربطُه غيرُ موثَّق"
transfer.deliver,dictionary,bound_page,page:Transport/transfer_arrival.php,Transport,0,,"dictionary_only — قاموسٌ بلا أثرٍ في الكود (معلَّق)"
transport.request.submit,dictionary,bound_page,page:Transport/transfer_requests.php,"طلبات الترحيل",0,,"dictionary_only — قاموسٌ بلا أثرٍ في الكود (معلَّق)"
treas.transfer,dictionary,bound_page,page:Finance/accounts_fin.php,"الخزينة والصناديق",2,tools/m10_ac_gate.php,"used_unbound — يظهر في الكودِ وربطُه غيرُ موثَّق"
trip.arrive,dictionary,alias,transfer.arrive,"أوامر الترحيل",1,tools/nav09_import_actions.php,"bound — مربوطٌ بمعالجٍ حي"
trip.cost,dictionary,alias,transfer.close_cost,"إقفال الأمر وتحميل تكلفته",1,tools/nav09_import_actions.php,"bound — مربوطٌ بمعالجٍ حي"
trip.depart,dictionary,alias,transfer.arrive,"متابعة الرحلات في الطريق",0,,"bound — مربوطٌ بمعالجٍ حي"
trip.order,dictionary,declared_unbuilt,,"أوامر الترحيل",0,,"dictionary_only — قاموسٌ بلا أثرٍ في الكود (معلَّق)"
trs.transfer.close_with_cost,dictionary,bound_page,page:Transport/transfer_close_cost.php,"إقفال الأمر وتحميل التكلفة",2,"Transport/transfer_close_cost.php | database/migrations/2027_01_18_fix_cs06_register_actions.php","used_unbound — يظهر في الكودِ وربطُه غيرُ موثَّق"
trs.transfer.confirm_delivery,dictionary,bound_page,page:Transport/transfer_arrival.php,"الوصول والتسليم",4,"Transport/transfer_arrival.php | tests/offline_outbox_test.php | tests/transport_arrival_confirm_test.php | database/migrations/2027_01_18_fix_cs06_register_actions.php","used_unbound — يظهر في الكودِ وربطُه غيرُ موثَّق"
unbilled.claim,dictionary,bound_page,page:Operations/unbilled.php,"الأعمال غير المفوترة",1,tools/cnt19_probe.php,"used_unbound — يظهر في الكودِ وربطُه غيرُ موثَّق"
unit.assign,dictionary,bound_page,page:Operations/containers.php,"إسناد المعدات للوحدات",0,,"dictionary_only — قاموسٌ بلا أثرٍ في الكود (معلَّق)"
unit.chain.reverse,dictionary,declared_unbuilt,,unit,7,"tools/act09_links_check.php | tools/act_nine_path.php | tools/act_seed_actions.php | tools/act_seed_contracts.php","used_unbound — يظهر في الكودِ وربطُه غيرُ موثَّق"
unit.define,dictionary,bound_page,page:Operations/containers.php,"الوحدات التعاقدية المرقَّمة",1,tools/cnt19_probe.php,"used_unbound — يظهر في الكودِ وربطُه غيرُ موثَّق"
unit.save,dictionary,bound_page,page:Timesheet/timesheet.php,"تسجيل التايم شيت والإنتاج",0,,"dictionary_only — قاموسٌ بلا أثرٍ في الكود (معلَّق)"
unit.st.03,dictionary,bound_page,unit.st.03,"اعتمادُ الموقعِ للقيد (المحطة ٣)",0,,"dictionary_only — قاموسٌ بلا أثرٍ في الكود (معلَّق)"
unit.st.04,dictionary,bound_page,unit.st.04,"مطابقةُ الأطرافِ (المحطة ٤)",0,,"dictionary_only — قاموسٌ بلا أثرٍ في الكود (معلَّق)"
unit.st.05,dictionary,bound_page,unit.st.05,"اعتمادُ الموردِ لوحداتِه (المحطة ٥)",0,,"dictionary_only — قاموسٌ بلا أثرٍ في الكود (معلَّق)"
unit.st.08,dictionary,bound_page,unit.st.08,"مطابقةُ العميلِ على الوحدات (المحطة ٨)",0,,"dictionary_only — قاموسٌ بلا أثرٍ في الكود (معلَّق)"
unit.st.09,dictionary,bound_page,unit.st.09,"قبولُ العميلِ النهائي (المحطة ٩)",0,,"dictionary_only — قاموسٌ بلا أثرٍ في الكود (معلَّق)"
unit.state.change,dictionary,declared_unbuilt,,unit,8,"tools/act_nine_path.php | tools/act_seed_actions.php | tools/act_seed_contracts.php","used_unbound — يظهر في الكودِ وربطُه غيرُ موثَّق"
unit.state.revert,dictionary,declared_unbuilt,,unit,4,"tools/act_seed_actions.php | tools/act_seed_contracts.php","used_unbound — يظهر في الكودِ وربطُه غيرُ موثَّق"
unit.stmt.client,dictionary,bound_page,unit.stmt.client,"كشفُ وحداتِ العميلِ النطاقي",2,"tools/cnt19_probe.php | database/migrations/2027_05_10_registry_completion.php","used_unbound — يظهر في الكودِ وربطُه غيرُ موثَّق"
unit.stmt.supplier,dictionary,bound_page,unit.stmt.supplier,"كشفُ وحداتِ الموردِ النطاقي",2,"tools/cnt19_probe.php | database/migrations/2027_05_10_registry_completion.php","used_unbound — يظهر في الكودِ وربطُه غيرُ موثَّق"
unit.submit,dictionary,bound_page,page:Timesheet/timesheet.php,"تسجيل التايم شيت والإنتاج",0,,"dictionary_only — قاموسٌ بلا أثرٍ في الكود (معلَّق)"
uom.define,dictionary,bound_page,page:Clients/units_of_measure.php,"وحدات القياس والتحويل",1,tools/cnt19_probe.php,"used_unbound — يظهر في الكودِ وربطُه غيرُ موثَّق"
user.create,dictionary,bound_page,page:main/users.php,"حسابات المستخدمين",1,tools/m14_ac_gate.php,"used_unbound — يظهر في الكودِ وربطُه غيرُ موثَّق"
var.analyze,dictionary,bound_page,page:Finance/variance_monitor_fin.php,"متابعة انحراف المنفَّذ عن المخطط",1,tools/m10_ac_gate.php,"used_unbound — يظهر في الكودِ وربطُه غيرُ موثَّق"
vis.publish,dictionary,bound_page,page:Portal/visibility_keys.php,"من يرى ماذا ومكوّنات البوابة",1,tools/m14_ac_gate.php,"used_unbound — يظهر في الكودِ وربطُه غيرُ موثَّق"
vis.simulate,dictionary,bound_page,page:Portal/visibility_keys.php,"من يرى ماذا ومكوّنات البوابة",2,tools/m14_ac_gate.php,"used_unbound — يظهر في الكودِ وربطُه غيرُ موثَّق"
weval.close,dictionary,bound_page,page:Workforce/worker_evaluation.php,"تقييم أداء العاملين",0,,"dictionary_only — قاموسٌ بلا أثرٍ في الكود (معلَّق)"
wh.define,dictionary,bound_page,page:Procurement/master_data_proc.php,"المخازن وأنواعها",0,,"dictionary_only — قاموسٌ بلا أثرٍ في الكود (معلَّق)"
wh.move,dictionary,alias,wh.transfer,"التحويل بين المخازن",0,,"bound — مربوطٌ بمعالجٍ حي"
wh.return,dictionary,bound_page,page:Procurement/wh_returns.php,Procurement,0,,"dictionary_only — قاموسٌ بلا أثرٍ في الكود (معلَّق)"
wo.close,dictionary,bound_page,page:Maintenance/orders.php,"أوامر الصيانة",0,,"dictionary_only — قاموسٌ بلا أثرٍ في الكود (معلَّق)"
wo.open,dictionary,bound_page,page:Maintenance/orders.php,"أوامر الصيانة",0,,"dictionary_only — قاموسٌ بلا أثرٍ في الكود (معلَّق)"
workspace.request.submit,dictionary,declared_unbuilt,,طلباتي,0,,"dictionary_only — قاموسٌ بلا أثرٍ في الكود (معلَّق)"
