id	severity	blocks_launch	state	witness
INJ-0001	P0	نعم	مُغلقٌ بشاهد	tools/fix_inj_tests.php
INJ-0002	P0	نعم	مُغلقٌ بشاهد	
INJ-0003	P0	نعم	مُغلقٌ بشاهد	tools/fix_inj_tests.php
INJ-0004	P0	نعم	مُغلقٌ بشاهد	tools/fix_inj_tests.php
INJ-0005	P0	نعم	مُغلقٌ بشاهد	tools/fix_covered_campaign.php
INJ-0006	P0	نعم	مُغلقٌ بشاهد	tools/fix_covered_campaign.php
INJ-0007	P0	نعم	غيرُ مقيس	
INJ-0008	P0	نعم	مُغلقٌ بشاهد	
INJ-0009	P0	نعم	مُغلقٌ بشاهد	
INJ-0010	P0	نعم	مُغلقٌ بشاهد	
INJ-0011	P0	نعم	مُغلقٌ بشاهد	
INJ-0012	P0	نعم	مُغلقٌ بشاهد	
INJ-0013	P0	نعم	مُغلقٌ بشاهد	tools/fix_inj_tests.php
INJ-0014	P1	نعم	مُغلقٌ بشاهد	
INJ-0015	P1	نعم	غيرُ مقيس	
INJ-0016	P1	نعم	مُغلقٌ بشاهد	
INJ-0017	P1	نعم	مُغلقٌ بشاهد	
INJ-0018	P1	نعم	غيرُ مقيس	
INJ-0019	P1	نعم	غيرُ مقيس	
INJ-0020	P1	نعم	غيرُ مقيس	
INJ-0021	P1	نعم	غيرُ مقيس	
INJ-0022	P1	نعم	مُغلقٌ بشاهد	
INJ-0023	P1	نعم	مُغلقٌ بشاهد	
INJ-0024	P1	نعم	مُغلقٌ بشاهد	
INJ-0025	P1	نعم	مُغلقٌ بشاهد	
INJ-0026	P1	نعم	مُغلقٌ بشاهد	
INJ-0027	P1	نعم	مُغلقٌ بشاهد	tests/credit_debit_note_test.php · tools/fix_inj0027_tests.php
INJ-0028	P1	نعم	غيرُ مقيس	
INJ-0029	P1	نعم	غيرُ مقيس	
INJ-0030	P1	نعم	مُغلقٌ بشاهد	
INJ-0031	P1	نعم	مُغلقٌ بشاهد	
INJ-0032	P1	نعم	مُغلقٌ بشاهد	tools/fix_u13_nav_tests.php
INJ-0033	P1	نعم	مُغلق	tests/source_of_truth_test.php
INJ-0034	P1	نعم	مُغلقٌ بشاهد	tools/fix_missing_screen_campaign.php
INJ-0035	P1	نعم	مُغلقٌ بشاهد	tools/fix_covered_campaign.php
INJ-0036	P1	نعم	مُغلقٌ بشاهد	tools/fix_inj0036_tests.php
INJ-0037	P1	نعم	مُغلق	tests/entitlement_gate_queue_test.php
INJ-0038	P1	نعم	غيرُ مقيس	
INJ-0039	P1	نعم	مُغلقٌ بشاهد	tools/fix_covered_campaign.php
INJ-0040	P1	نعم	مُغلقٌ بشاهد	tools/fix_covered_campaign.php
INJ-0041	P1	نعم	مُغلقٌ بشاهد	tools/fix_covered_campaign.php
INJ-0042	P1	نعم	مُغلقٌ بشاهد	tools/fix_covered_campaign.php
INJ-0043	P1	نعم	غيرُ مقيس	
INJ-0044	P1	نعم	غيرُ مقيس	
INJ-0045	P1	نعم	مُغلق	tests/financing_pay_and_shares_test.php
INJ-0046	P1	نعم	مُغلق	tests/financing_pay_and_shares_test.php
INJ-0047	P1	نعم	غيرُ مقيس	
INJ-0048	P1	نعم	مُغلقٌ بشاهد	tools/fix_missing_screen_campaign.php
INJ-0049	P1	نعم	مُغلقٌ بشاهد	tools/fix_missing_screen_campaign.php
INJ-0050	P1	نعم	مُغلقٌ بشاهد	
INJ-0051	P1	نعم	غيرُ مقيس	
INJ-0052	P1	نعم	مُغلقٌ بشاهد	
INJ-0053	P1	نعم	مُغلقٌ بشاهد	
INJ-0054	P1	نعم	غيرُ مقيس	
INJ-0055	P1	نعم	غيرُ مقيس	
INJ-0056	P1	نعم	غيرُ مقيس	
INJ-0057	P1	نعم	مُغلقٌ بشاهد	
INJ-0058	P1	نعم	مُغلقٌ بشاهد	
INJ-0059	P1	نعم	مُغطًّى	
INJ-0060	P1	نعم	مُغلق	tests/deploy_seed_and_escalation_test.php
INJ-0061	P1	نعم	مُغلقٌ بشاهد	tools/fix_nav_href_probe.php
INJ-0062	P1	نعم	مُغطًّى	
INJ-0063	P1	نعم	مُغلقٌ بشاهد	
INJ-0064	P1	نعم	غيرُ مقيس	
INJ-0065	P1	نعم	مُغلقٌ بشاهد	
INJ-0066	P1	نعم	مُغلقٌ بشاهد	
INJ-0067	P1	نعم	مُغلقٌ بشاهد	tools/fix_covered_campaign.php
INJ-0068	P1	نعم	غيرُ مقيس	
INJ-0069	P1	نعم	غيرُ مقيس	
INJ-0070	P1	نعم	غيرُ مقيس	
INJ-0071	P1	نعم	غيرُ مقيس	
INJ-0072	P1	نعم	غيرُ مقيس	
INJ-0073	P1	نعم	غيرُ مقيس	
INJ-0074	P1	نعم	مُغلق	tests/source_of_truth_test.php
INJ-0075	P1	نعم	غيرُ مقيس	
INJ-0076	P1	نعم	مُغلقٌ بشاهد	
INJ-0077	P1	نعم	مُغلقٌ بشاهد	
INJ-0078	P1	نعم	غيرُ مقيس	
INJ-0079	P1	نعم	غيرُ مقيس	
INJ-0080	P1	نعم	غيرُ مقيس	
INJ-0081	P1	نعم	مُغلقٌ بشاهد	
INJ-0082	P1	نعم	مُغلقٌ بشاهد	
INJ-0083	P1	لا	غيرُ مقيس	
INJ-0084	P1	نعم	مُغلق	tests/transfer_cost_and_shares_test.php
INJ-0085	P1	نعم	غيرُ مقيس	
INJ-0086	P1	نعم	غيرُ مقيس	
INJ-0087	P1	نعم	مُغلقٌ بشاهد	
INJ-0088	P1	نعم	غيرُ مقيس	
INJ-0089	P1	نعم	مُغلقٌ بشاهد	
INJ-0090	P1	نعم	غيرُ مقيس	
INJ-0091	P1	نعم	مُغلقٌ بشاهد	
INJ-0092	P1	نعم	غيرُ مقيس	
INJ-0093	P1	نعم	غيرُ مقيس	
INJ-0094	P1	نعم	غيرُ مقيس	
INJ-0095	P1	نعم	غيرُ مقيس	
INJ-0096	P1	نعم	غيرُ مقيس	
INJ-0097	P1	نعم	غيرُ مقيس	
INJ-0098	P1	نعم	مُغلقٌ بشاهد	
INJ-0099	P1	نعم	مُغلقٌ بشاهد	tools/fix_covered_campaign.php
INJ-0100	P1	نعم	مُغلقٌ بشاهد	
INJ-0101	P1	نعم	مُغلقٌ بشاهد	
INJ-0102	P1	نعم	مُغلقٌ بشاهد	tools/fix_missing_screen_campaign.php
INJ-0103	P1	نعم	مُغلقٌ بشاهد	
INJ-0104	P1	نعم	غيرُ مقيس	
INJ-0105	P1	نعم	غيرُ مقيس	
INJ-0106	P1	نعم	مُغلقٌ بشاهد	
INJ-0107	P1	نعم	مُغلقٌ بشاهد	
INJ-0108	P1	نعم	غيرُ مقيس	
INJ-0109	P1	نعم	مُغلق	tests/source_of_truth_test.php
INJ-0110	P1	نعم	مُغلقٌ بشاهد	
INJ-0111	P1	نعم	غيرُ مقيس	
INJ-0112	P1	نعم	مُغلقٌ بشاهد	
INJ-0113	P1	نعم	غيرُ مقيس	
INJ-0114	P1	نعم	مُغلقٌ بشاهد	
INJ-0115	P1	لا	غيرُ مقيس	
INJ-0116	P1	نعم	غيرُ مقيس	
INJ-0117	P2	نعم	غيرُ مقيس	
INJ-0118	P2	نعم	غيرُ مقيس	
INJ-0119	P2	نعم	غيرُ مقيس	
INJ-0120	P2	نعم	غيرُ مقيس	
INJ-0121	P2	لا	غيرُ مقيس	
INJ-0122	P2	نعم	غيرُ مقيس	
INJ-0123	P2	نعم	مُغلقٌ بشاهد	tests/dept_space_screens_test.php
INJ-0124	P2	نعم	مُغلقٌ بشاهد	
INJ-0125	P2	لا	غيرُ مقيس	
INJ-0126	P2	لا	غيرُ مقيس	
INJ-0127	P2	لا	مُغلقٌ بشاهد	
INJ-0128	P2	لا	مُغلقٌ بشاهد	tools/fix_od19_probe.php
INJ-0129	P2	لا	مُغلق	tests/screen_columns_declared_test.php
INJ-0130	P2	نعم	مُغلقٌ بشاهد	
INJ-0131	P2	لا	مُغلقٌ بشاهد	tools/fix_od19_probe.php
INJ-0132	P2	لا	مُغلقٌ بشاهد	
INJ-0133	P2	نعم	مُغلقٌ بشاهد	tests/dept_space_screens_test.php · tools/build_dept_space_wrappers.php
INJ-0134	P2	نعم	مُغلقٌ بشاهد	tests/dept_space_screens_test.php
INJ-0135	P2	نعم	غيرُ مقيس	
INJ-0136	P2	لا	غيرُ مقيس	
INJ-0137	P2	لا	مُغلقٌ بشاهد	tools/fix_ui68_campaign.php
INJ-0138	P2	لا	غيرُ مقيس	
INJ-0139	P2	لا	مُغلقٌ بشاهد	tests/operations_audit_trail_test.php
INJ-0140	P2	لا	مُغلق	tests/idempotency_and_race_test.php
INJ-0141	P2	لا	غيرُ مقيس	
INJ-0142	P2	نعم	مُغلقٌ بشاهد	
INJ-0143	P2	نعم	مُغلقٌ بشاهد	
INJ-0144	P2	لا	مُغلقٌ بشاهد	tools/fix_ui68_campaign.php
INJ-0145	P2	لا	غيرُ مقيس	
INJ-0146	P2	لا	مُغلقٌ بشاهد	tests/contracts_tables_test.php
INJ-0147	P2	لا	غيرُ مقيس	
INJ-0148	P2	لا	غيرُ مقيس	
INJ-0149	P2	نعم	مُغلقٌ بشاهد	tests/regression_exit_contract_test.php
INJ-0150	P2	نعم	مُغلقٌ بشاهد	
INJ-0151	P2	نعم	مُغلق	tests/source_of_truth_test.php
INJ-0152	P2	نعم	مُغلقٌ بشاهد	
INJ-0153	P2	نعم	غيرُ مقيس	
INJ-0154	P2	لا	مُغلقٌ بشاهد	
INJ-0155	P2	نعم	غيرُ مقيس	
INJ-0156	P2	لا	مُغلقٌ بشاهد	tests/dept_space_screens_test.php
INJ-0157	P2	لا	غيرُ مقيس	
INJ-0158	P2	لا	مُغلقٌ بشاهد	tests/supplier_kpi_cards_test.php
INJ-0159	P2	نعم	مُغلقٌ بشاهد	
INJ-0160	P2	نعم	مُغلقٌ بشاهد	
INJ-0161	P2	نعم	مُغلقٌ بشاهد	
INJ-0162	P2	نعم	مُغلقٌ بشاهد	tests/supplier_audit_trail_test.php
INJ-0163	P2	نعم	غيرُ مقيس	
INJ-0164	P2	نعم	مُغلقٌ بشاهد	tests/dept_space_screens_test.php
INJ-0165	P2	لا	غيرُ مقيس	
INJ-0166	P2	لا	غيرُ مقيس	
INJ-0167	P2	لا	مُغلق	tests/deploy_seed_and_escalation_test.php
INJ-0168	P2	نعم	مُغلقٌ بشاهد	
INJ-0169	P2	لا	غيرُ مقيس	
INJ-0170	P2	نعم	غيرُ مقيس	
INJ-0171	P2	لا	مُغلقٌ بشاهد	tools/build_dept_space_wrappers.php · tools/fix_od19_probe.php
INJ-0172	P2	نعم	مُغلقٌ بشاهد	
INJ-0173	P2	نعم	مُغلقٌ بشاهد	
INJ-0174	P2	لا	غيرُ مقيس	
INJ-0175	P2	نعم	مُغلقٌ بشاهد	tests/dues_source_doc_test.php
INJ-0176	P2	نعم	مُغلقٌ بشاهد	
INJ-0177	P2	نعم	غيرُ مقيس	
INJ-0178	P2	نعم	غيرُ مقيس	
INJ-0179	P2	نعم	مُغلقٌ بشاهد	
INJ-0180	P2	نعم	مُغلقٌ بشاهد	
INJ-0181	P2	نعم	غيرُ مقيس	
INJ-0182	P2	نعم	غيرُ مقيس	
INJ-0183	P2	لا	مُغلقٌ بشاهد	
INJ-0184	P2	لا	مُغلقٌ بشاهد	
INJ-0185	P2	لا	مُغلقٌ بشاهد	
INJ-0186	P2	لا	غيرُ مقيس	
INJ-0187	P2	لا	مُغلقٌ بشاهد	tools/fix_ui68_campaign.php
INJ-0188	P2	نعم	مُغلقٌ بشاهد	tools/fix_missing_screen_campaign.php
INJ-0189	P2	لا	غيرُ مقيس	
INJ-0190	P2	لا	مُغلقٌ بشاهد	tools/fix_ui68_campaign.php
INJ-0191	P2	نعم	مُغلقٌ بشاهد	tools/fix_ui68_campaign.php
INJ-0192	P2	نعم	مُغلقٌ بشاهد	tests/dues_source_doc_test.php
INJ-0193	P2	نعم	مُغلقٌ بشاهد	tools/fix_od19_probe.php
INJ-0194	P2	نعم	مُغلقٌ بشاهد	
INJ-0195	P2	نعم	غيرُ مقيس	
INJ-0196	P2	نعم	مُغلقٌ بشاهد	
INJ-0197	P2	نعم	مُغلقٌ بشاهد	
INJ-0198	P2	لا	غيرُ مقيس	
INJ-0199	P2	نعم	مُغلقٌ بشاهد	
INJ-0200	P2	لا	غيرُ مقيس	
INJ-0201	P2	لا	مُغلقٌ بشاهد	tools/fix_missing_screen_campaign.php
INJ-0202	P2	نعم	مُغلقٌ بشاهد	
INJ-0203	P2	نعم	مُغلق	tests/workspace_counters_tenant_test.php
INJ-0204	P2	نعم	غيرُ مقيس	
INJ-0205	P2	لا	غيرُ مقيس	
INJ-0206	P2	لا	مُغلقٌ بشاهد	
INJ-0207	P2	لا	غيرُ مقيس	
INJ-0208	P2	لا	مُغلقٌ بشاهد	tests/dept_space_screens_test.php · tools/build_dept_space_wrappers.php
INJ-0209	P2	لا	مُغلقٌ بشاهد	tools/fix_ui68_campaign.php
INJ-0210	P2	نعم	غيرُ مقيس	
INJ-0211	P2	لا	مُغلقٌ بشاهد	tests/dept_space_screens_test.php · tools/build_dept_space_wrappers.php
INJ-0212	P2	لا	غيرُ مقيس	
INJ-0213	P2	نعم	مُغلقٌ بشاهد	
INJ-0214	P2	نعم	غيرُ مقيس	
INJ-0215	P2	نعم	غيرُ مقيس	
INJ-0216	P2	نعم	غيرُ مقيس	
INJ-0217	P2	لا	مُغلقٌ بشاهد	tests/dept_space_screens_test.php · tools/build_dept_space_wrappers.php
INJ-0218	P2	نعم	مُغلقٌ بشاهد	tools/fix_missing_screen_campaign.php
INJ-0219	P2	نعم	مُغلقٌ بشاهد	tools/fix_inj0219_tests.php
INJ-0220	P2	لا	مُغلقٌ بشاهد	tools/fix_ui68_campaign.php
INJ-0221	P2	لا	غيرُ مقيس	
INJ-0222	P2	لا	مُغلقٌ بشاهد	
INJ-0223	P2	نعم	غيرُ مقيس	
INJ-0224	P2	نعم	غيرُ مقيس	
INJ-0225	P2	لا	مُغلقٌ بشاهد	
INJ-0226	P2	لا	مُغلقٌ بشاهد	
INJ-0227	P2	نعم	غيرُ مقيس	
INJ-0228	P2	نعم	غيرُ مقيس	
INJ-0229	P2	نعم	مُغلقٌ بشاهد	tools/fix_missing_screen_campaign.php
INJ-0230	P2	لا	مُغلقٌ بشاهد	tools/fix_missing_screen_campaign.php
INJ-0231	P2	لا	مُغلقٌ بشاهد	tools/fix_missing_screen_campaign.php
INJ-0232	P2	لا	غيرُ مقيس	
INJ-0233	P2	نعم	غيرُ مقيس	
INJ-0234	P2	لا	غيرُ مقيس	
INJ-0235	P2	لا	مُغلقٌ بشاهد	tools/fix_ui68_campaign.php
INJ-0236	P2	لا	مُغلقٌ بشاهد	tests/shell_entries_test.php
INJ-0237	P2	لا	مُغلقٌ بشاهد	tests/inline_styles_test.php
INJ-0238	P2	لا	مُغلقٌ بشاهد	tests/empty_state_adoption_test.php
INJ-0239	P2	نعم	مُغلقٌ بشاهد	tests/guard_adoption_ratchet_test.php
INJ-0240	P2	نعم	غيرُ مقيس	
INJ-0241	P2	نعم	مُغلقٌ بشاهد	tools/fix_m10_gate_tests.php
INJ-0242	P2	نعم	مُغلقٌ بشاهد	tools/fix_m10_gate_tests.php
INJ-0243	P2	نعم	غيرُ مقيس	
INJ-0244	P2	نعم	غيرُ مقيس	
INJ-0245	P2	نعم	مُغلقٌ بشاهد	
INJ-0246	P2	نعم	مُغلقٌ بشاهد	
INJ-0247	P2	نعم	مُغلقٌ بشاهد	tests/dept_space_screens_test.php
INJ-0248	P2	نعم	غيرُ مقيس	
INJ-0249	P2	نعم	غيرُ مقيس	
INJ-0250	P2	نعم	مُغلقٌ بشاهد	
INJ-0251	P2	نعم	مُغلقٌ بشاهد	
INJ-0252	P2	لا	مُغلق	tests/idempotency_and_race_test.php
INJ-0253	P2	لا	مُغلقٌ بشاهد	
INJ-0254	P2	لا	مُغلقٌ بشاهد	
INJ-0255	P2	لا	مُغلقٌ بشاهد	
INJ-0256	P2	لا	مُغلقٌ بشاهد	
INJ-0257	P2	نعم	غيرُ مقيس	
INJ-0258	P2	نعم	غيرُ مقيس	
INJ-0259	P2	نعم	مُغلقٌ بشاهد	
INJ-0260	P2	نعم	غيرُ مقيس	
INJ-0261	P2	نعم	مُغلقٌ بشاهد	
INJ-0262	P2	نعم	غيرُ مقيس	
INJ-0263	P2	نعم	غيرُ مقيس	
INJ-0264	P2	نعم	مُغلقٌ بشاهد	
INJ-0265	P2	نعم	غيرُ مقيس	
INJ-0266	P2	لا	مُغلقٌ بشاهد	tests/dept_space_screens_test.php · tools/build_dept_space_wrappers.php
INJ-0267	P2	لا	مُغلقٌ بشاهد	tests/dept_space_screens_test.php
INJ-0268	P2	نعم	مُغلقٌ بشاهد	tests/dept_space_screens_test.php
INJ-0269	P2	لا	مُغلقٌ بشاهد	tools/fix_missing_screen_campaign.php
INJ-0270	P2	نعم	غيرُ مقيس	
INJ-0271	P2	لا	مُغلقٌ بشاهد	tools/fix_ui68_campaign.php
INJ-0272	P2	نعم	غيرُ مقيس	
INJ-0273	P2	نعم	مُغلقٌ بشاهد	
INJ-0274	P2	نعم	مُغلقٌ بشاهد	
INJ-0275	P2	لا	غيرُ مقيس	
INJ-0276	P2	نعم	غيرُ مقيس	
INJ-0277	P2	لا	مُغلقٌ بشاهد	
INJ-0278	P2	نعم	غيرُ مقيس	
INJ-0279	P2	نعم	مُغلقٌ بشاهد	tools/fix_od19_probe.php
INJ-0280	P2	نعم	مُغلقٌ بشاهد	tools/fix_od19_probe.php
INJ-0281	P2	لا	مُغلقٌ بشاهد	tests/dept_space_screens_test.php · tools/build_dept_space_wrappers.php
INJ-0282	P2	لا	مُغلقٌ بشاهد	tools/fix_od19_probe.php
INJ-0283	P2	نعم	غيرُ مقيس	
INJ-0284	P2	لا	مُغلقٌ بشاهد	tools/fix_missing_screen_campaign.php
INJ-0285	P2	لا	غيرُ مقيس	
INJ-0286	P2	لا	غيرُ مقيس	
INJ-0287	P2	لا	مُغلقٌ بشاهد	tools/fix_ui68_campaign.php
INJ-0288	P2	نعم	غيرُ مقيس	
INJ-0289	P2	نعم	مُغلقٌ بشاهد	
INJ-0290	P2	لا	مُغلقٌ بشاهد	
INJ-0291	P2	نعم	غيرُ مقيس	
INJ-0292	P2	نعم	مُغلقٌ بشاهد	
INJ-0293	P2	لا	مُغلقٌ بشاهد	tools/fix_missing_screen_campaign.php
INJ-0294	P2	لا	مُغلقٌ بشاهد	tools/fix_ui68_campaign.php
INJ-0295	P2	نعم	غيرُ مقيس	
INJ-0296	P2	نعم	مُغلقٌ بشاهد	
INJ-0297	P2	نعم	مُغلقٌ بشاهد	
INJ-0298	P2	نعم	مُغلقٌ بشاهد	
INJ-0299	P2	لا	مُغلقٌ بشاهد	
INJ-0300	P2	لا	مُغلقٌ بشاهد	
INJ-0301	P2	لا	مُغلقٌ بشاهد	
INJ-0302	P2	نعم	غيرُ مقيس	
INJ-0303	P2	لا	غيرُ مقيس	
INJ-0304	P2	لا	مُغلقٌ بشاهد	tests/dept_space_screens_test.php · tools/build_dept_space_wrappers.php
INJ-0305	P2	لا	غيرُ مقيس	
INJ-0306	P2	نعم	مُغلق	tests/transfer_cost_and_shares_test.php
INJ-0307	P2	لا	غيرُ مقيس	
INJ-0308	P2	لا	غيرُ مقيس	
INJ-0309	P2	لا	غيرُ مقيس	
INJ-0310	P2	نعم	مُغلقٌ بشاهد	
INJ-0311	P2	لا	غيرُ مقيس	
INJ-0312	P2	نعم	غيرُ مقيس	
INJ-0313	P2	نعم	مُغلقٌ بشاهد	
INJ-0314	P2	لا	غيرُ مقيس	
INJ-0315	P2	لا	غيرُ مقيس	
INJ-0316	P2	لا	غيرُ مقيس	
INJ-0317	P2	لا	مُغلق	tests/screen_columns_declared_test.php
INJ-0318	P2	لا	غيرُ مقيس	
INJ-0319	P2	نعم	غيرُ مقيس	
INJ-0320	P2	نعم	مُغلقٌ بشاهد	
INJ-0321	P2	لا	مُغلقٌ بشاهد	tools/fix_missing_screen_campaign.php
INJ-0322	P2	نعم	غيرُ مقيس	
INJ-0323	P2	نعم	مُغلقٌ بشاهد	tools/fix_od19_probe.php
INJ-0324	P2	نعم	غيرُ مقيس	
INJ-0325	P2	لا	مُغلقٌ بشاهد	
INJ-0326	P2	نعم	غيرُ مقيس	
INJ-0327	P2	نعم	مُغلقٌ بشاهد	
INJ-0328	P2	نعم	مُغلقٌ بشاهد	
INJ-0329	P2	لا	غيرُ مقيس	
INJ-0330	P2	نعم	غيرُ مقيس	
INJ-0331	P2	نعم	مُغطًّى	
INJ-0332	P2	نعم	غيرُ مقيس	
INJ-0333	P2	لا	غيرُ مقيس	
INJ-0334	P2	لا	مُغلق	tests/enum_in_guard_test.php
INJ-0335	P2	نعم	مُغلقٌ بشاهد	
INJ-0336	P2	نعم	غيرُ مقيس	
INJ-0337	P2	لا	مُغلقٌ بشاهد	tests/dept_space_screens_test.php · tools/build_dept_space_wrappers.php
INJ-0338	P2	لا	مُغلقٌ بشاهد	
INJ-0339	P2	لا	غيرُ مقيس	
INJ-0340	P2	لا	غيرُ مقيس	
INJ-0341	P2	لا	مُغلقٌ بشاهد	tests/rfq_lowest_badge_test.php
INJ-0342	P2	نعم	غيرُ مقيس	
INJ-0343	P2	نعم	غيرُ مقيس	
INJ-0344	P2	نعم	مُغلقٌ بشاهد	
INJ-0345	P2	نعم	غيرُ مقيس	
INJ-0346	P2	نعم	غيرُ مقيس	
INJ-0347	P2	لا	مُغلقٌ بشاهد	
INJ-0348	P2	نعم	مُغلقٌ بشاهد	
INJ-0349	P2	لا	مُغلقٌ بشاهد	
INJ-0350	P2	نعم	مُغلقٌ بشاهد	tools/fix_missing_screen_campaign.php
INJ-0351	P2	نعم	غيرُ مقيس	
INJ-0352	P2	نعم	مُغلق	tests/idempotency_and_race_test.php
INJ-0353	P2	نعم	غيرُ مقيس	
INJ-0354	P2	نعم	مُغلقٌ بشاهد	tests/dept_space_screens_test.php
INJ-0355	P2	لا	مُغلقٌ بشاهد	tests/dept_space_screens_test.php · tools/build_dept_space_wrappers.php
INJ-0356	P2	لا	غيرُ مقيس	
INJ-0357	P2	لا	مُغلقٌ بشاهد	tools/fix_missing_screen_campaign.php
INJ-0358	P2	لا	غيرُ مقيس	
INJ-0359	P2	لا	مُغلقٌ بشاهد	
INJ-0360	P2	لا	مُغلقٌ بشاهد	tools/fix_ui68_campaign.php
INJ-0361	P2	لا	غيرُ مقيس	
INJ-0362	P2	نعم	غيرُ مقيس	
INJ-0363	P2	نعم	غيرُ مقيس	
INJ-0364	P2	لا	غيرُ مقيس	
INJ-0365	P2	نعم	مُغلقٌ بشاهد	
INJ-0366	P2	نعم	غيرُ مقيس	
INJ-0367	P2	لا	غيرُ مقيس	
INJ-0368	P2	لا	مُغلقٌ بشاهد	
INJ-0369	P2	نعم	مُغلقٌ بشاهد	
INJ-0370	P2	نعم	غيرُ مقيس	
INJ-0371	P2	نعم	مُغلقٌ بشاهد	
INJ-0372	P2	لا	مُغلقٌ بشاهد	tests/dept_space_screens_test.php · tools/build_dept_space_wrappers.php
INJ-0373	P2	لا	غيرُ مقيس	
INJ-0374	P2	نعم	غيرُ مقيس	
INJ-0375	P2	نعم	غيرُ مقيس	
INJ-0376	P2	نعم	غيرُ مقيس	
INJ-0377	P2	لا	مُغلقٌ بشاهد	tools/fix_ui68_campaign.php
INJ-0378	P2	لا	مُغلقٌ بشاهد	tests/offline_outbox_test.php
INJ-0379	P2	نعم	غيرُ مقيس	
INJ-0380	P2	نعم	مُغلقٌ بشاهد	
INJ-0381	P2	نعم	غيرُ مقيس	
INJ-0382	P2	لا	غيرُ مقيس	
INJ-0383	P2	نعم	غيرُ مقيس	
INJ-0384	P2	لا	غيرُ مقيس	
INJ-0385	P2	نعم	غيرُ مقيس	
INJ-0386	P2	لا	غيرُ مقيس	
INJ-0387	P2	لا	غيرُ مقيس	
INJ-0388	P2	لا	غيرُ مقيس	
INJ-0389	P2	لا	غيرُ مقيس	
INJ-0390	P2	نعم	غيرُ مقيس	
INJ-0391	P2	لا	مُغلقٌ بشاهد	
INJ-0392	P2	لا	مُغلقٌ بشاهد	tools/fix_missing_screen_campaign.php
INJ-0393	P2	لا	مُغلقٌ بشاهد	tools/fix_missing_screen_campaign.php
INJ-0394	P2	لا	غيرُ مقيس	
INJ-0395	P2	نعم	غيرُ مقيس	
INJ-0396	P2	نعم	مُغلقٌ بشاهد	
INJ-0397	P2	نعم	غيرُ مقيس	
INJ-0398	P2	لا	مُغلقٌ بشاهد	
INJ-0399	P2	لا	غيرُ مقيس	
INJ-0400	P2	لا	غيرُ مقيس	
INJ-0401	P2	نعم	غيرُ مقيس	
INJ-0402	P2	نعم	غيرُ مقيس	
INJ-0403	P2	نعم	غيرُ مقيس	
INJ-0404	P2	لا	مُغلقٌ بشاهد	
INJ-0405	P2	نعم	غيرُ مقيس	
INJ-0406	P2	نعم	غيرُ مقيس	
INJ-0407	P2	نعم	مُغلق	tests/workspace_counters_tenant_test.php
INJ-0408	P2	نعم	مُغلق	tests/workspace_counters_tenant_test.php
INJ-0409	P2	نعم	غيرُ مقيس	
INJ-0410	P2	نعم	غيرُ مقيس	
INJ-0411	P3	لا	غيرُ مقيس	
INJ-0412	P3	نعم	مُغلقٌ بشاهد	tests/dept_space_screens_test.php · tools/build_dept_space_wrappers.php
INJ-0413	P3	لا	غيرُ مقيس	
INJ-0414	P3	لا	مُغلقٌ بشاهد	
INJ-0415	P3	لا	غيرُ مقيس	
INJ-0416	P3	لا	مُغلق	tests/screen_columns_declared_test.php
INJ-0417	P3	لا	مُغلق	tests/screen_columns_declared_test.php
INJ-0418	P3	لا	مُغلق	tests/screen_columns_declared_test.php
INJ-0419	P3	لا	مُغلق	tests/screen_columns_declared_test.php
INJ-0420	P3	لا	غيرُ مقيس	
INJ-0421	P3	لا	غيرُ مقيس	
INJ-0422	P3	نعم	مُغلقٌ بشاهد	tools/fix_od19_probe.php
INJ-0423	P3	لا	غيرُ مقيس	
INJ-0424	P3	لا	مُغلق	tests/idempotency_and_race_test.php
INJ-0425	P3	لا	مُغلق	tests/workspace_counters_tenant_test.php
INJ-0426	P3	لا	مُغلقٌ بشاهد	
INJ-0427	P3	لا	غيرُ مقيس	
INJ-0428	P3	لا	مُغلقٌ بشاهد	
INJ-0429	P3	لا	غيرُ مقيس	
INJ-0430	P3	لا	غيرُ مقيس	
INJ-0431	P3	لا	مُغلقٌ بشاهد	tools/fix_ui68_campaign.php
INJ-0432	P3	لا	مُغلقٌ بشاهد	tests/empty_state_adoption_test.php
INJ-0433	P3	لا	مُغلقٌ بشاهد	tools/fix_ui68_campaign.php
INJ-0434	P3	لا	غيرُ مقيس	
INJ-0435	P3	لا	غيرُ مقيس	
INJ-0436	P3	لا	غيرُ مقيس	
INJ-0437	P3	لا	غيرُ مقيس	
INJ-0438	P3	لا	مُغلقٌ بشاهد	tools/fix_ui68_campaign.php
INJ-0439	P3	لا	غيرُ مقيس	
INJ-0440	P3	لا	غيرُ مقيس	
INJ-0441	P3	لا	مُغلقٌ بشاهد	tests/contracts_layout_test.php
INJ-0442	P3	لا	مُغلقٌ بشاهد	tests/inline_styles_test.php
INJ-0443	P3	لا	مُغلقٌ بشاهد	tools/fix_od19_probe.php
INJ-0444	P3	لا	مُغلقٌ بشاهد	tools/fix_missing_screen_campaign.php
INJ-0445	P3	لا	غيرُ مقيس	
INJ-0446	P3	لا	غيرُ مقيس	
INJ-0447	P3	لا	غيرُ مقيس	
INJ-0448	P3	لا	مُغلقٌ بشاهد	
INJ-0449	P3	لا	مُغلقٌ بشاهد	tools/fix_ui68_campaign.php
INJ-0450	P3	لا	مُغلقٌ بشاهد	tools/fix_ui68_campaign.php
INJ-0451	P3	لا	مُغلقٌ بشاهد	tools/fix_ui68_campaign.php
INJ-0452	P3	لا	مُغلقٌ بشاهد	tools/fix_ui68_campaign.php
INJ-0453	P3	لا	غيرُ مقيس	
INJ-0454	P3	نعم	غيرُ مقيس	
INJ-0455	P3	لا	مُغلق	tests/idempotency_and_race_test.php
INJ-0456	P3	لا	غيرُ مقيس	
INJ-0457	P3	لا	مُغلق	tests/canonical_map_test.php
INJ-0458	P3	لا	غيرُ مقيس	
INJ-0459	P3	لا	مُغلقٌ بشاهد	tests/nav_landing_anchor_test.php
INJ-0460	P3	لا	مُغلقٌ بشاهد	tools/fix_ui68_campaign.php
INJ-0461	P3	لا	غيرُ مقيس	
INJ-0462	P3	لا	مُغلقٌ بشاهد	tools/fix_ui68_campaign.php
INJ-0463	P3	نعم	غيرُ مقيس	
INJ-0464	P3	لا	مُغلقٌ بشاهد	
INJ-0465	P3	لا	غيرُ مقيس	
INJ-0466	P3	نعم	غيرُ مقيس	
INJ-0467	P3	لا	غيرُ مقيس	
INJ-0468	P3	لا	مُغلقٌ بشاهد	
INJ-0469	P3	لا	مُغلقٌ بشاهد	
INJ-0470	P3	لا	غيرُ مقيس	
INJ-0471	P3	لا	مُغلقٌ بشاهد	tools/fix_od19_probe.php
INJ-0472	P3	نعم	مُغلقٌ بشاهد	tools/fix_missing_screen_campaign.php
INJ-0473	P3	لا	غيرُ مقيس	
INJ-0474	P3	لا	مُغلقٌ بشاهد	tools/fix_ui68_campaign.php
INJ-0475	P3	لا	غيرُ مقيس	
INJ-0476	P3	لا	مُغلق	tests/canonical_map_test.php
INJ-0477	P3	لا	غيرُ مقيس	
INJ-0478	P3	لا	مُغلقٌ بشاهد	tools/fix_ui68_campaign.php
INJ-0479	P3	نعم	غيرُ مقيس	
INJ-0480	P3	نعم	مُغلقٌ بشاهد	
INJ-0481	P3	لا	غيرُ مقيس	
INJ-0482	P3	نعم	مُغلقٌ بشاهد	
INJ-0483	P3	نعم	غيرُ مقيس	
INJ-0484	P3	نعم	مُغلقٌ بشاهد	
INJ-0485	P3	لا	مُغطًّى	
INJ-0486	P3	نعم	مُغلقٌ بشاهد	
INJ-0487	P3	لا	مُغلقٌ بشاهد	tools/fix_missing_screen_campaign.php
INJ-0488	P3	لا	مُغلقٌ بشاهد	tools/fix_missing_screen_campaign.php
INJ-0489	P3	لا	مُغلقٌ بشاهد	
INJ-0490	P3	لا	غيرُ مقيس	
INJ-0491	P3	لا	مُغلقٌ بشاهد	tests/nav_doors_integrity_test.php
INJ-0492	P3	نعم	مُغلقٌ بشاهد	tests/url_message_spoof_test.php
INJ-0493	P3	لا	مُغلقٌ بشاهد	tests/wide_table_views_test.php
INJ-0494	P3	نعم	مُغلقٌ بشاهد	tools/screen_registry_gate.php
INJ-0495	P3	لا	مُغلقٌ بشاهد	tools/fix_ui68_campaign.php
INJ-0496	P3	لا	مُغلقٌ بشاهد	tests/shell_color_tokens_test.php
INJ-0497	P3	لا	مُغلقٌ بشاهد	tests/filter_bar_period_test.php
INJ-0498	P3	لا	مُغلقٌ بشاهد	tests/ui_consistency_scan_test.php
INJ-0499	P3	لا	مُغلقٌ بشاهد	tests/template_layers_test.php
INJ-0500	P3	لا	مُغلقٌ بشاهد	tests/deny_page_component_test.php
INJ-0501	P3	لا	مُغلقٌ بشاهد	tests/inline_styles_test.php
INJ-0502	P3	نعم	مُغلقٌ بشاهد	tools/fix_u13_nav_tests.php
INJ-0503	P3	نعم	غيرُ مقيس	
INJ-0504	P3	نعم	غيرُ مقيس	
INJ-0505	P3	نعم	غيرُ مقيس	
INJ-0506	P3	نعم	غيرُ مقيس	
INJ-0507	P3	لا	مُغلقٌ بشاهد	
INJ-0508	P3	لا	مُغلقٌ بشاهد	
INJ-0509	P3	لا	غيرُ مقيس	
INJ-0510	P3	لا	غيرُ مقيس	
INJ-0511	P3	لا	غيرُ مقيس	
INJ-0512	P3	لا	مُغلقٌ بشاهد	
INJ-0513	P3	لا	مُغلقٌ بشاهد	
INJ-0514	P3	لا	مُغلقٌ بشاهد	
INJ-0515	P3	لا	مُغلقٌ بشاهد	tools/fix_missing_screen_campaign.php
INJ-0516	P3	لا	مُغلقٌ بشاهد	tools/fix_missing_screen_campaign.php
INJ-0517	P3	لا	مُغلقٌ بشاهد	tests/nav_stage_label_test.php
INJ-0518	P3	لا	مُغلقٌ بشاهد	tests/report_button_placement_test.php
INJ-0519	P3	نعم	غيرُ مقيس	
INJ-0520	P3	نعم	مُغلقٌ بشاهد	
INJ-0521	P3	لا	غيرُ مقيس	
INJ-0522	P3	لا	غيرُ مقيس	
INJ-0523	P3	لا	غيرُ مقيس	
INJ-0524	P3	لا	غيرُ مقيس	
INJ-0525	P3	لا	غيرُ مقيس	
INJ-0526	P3	لا	مُغلقٌ بشاهد	tools/fix_ui68_campaign.php
INJ-0527	P3	لا	مُغلقٌ بشاهد	tools/fix_ui68_campaign.php
INJ-0528	P3	لا	غيرُ مقيس	
INJ-0529	P3	نعم	غيرُ مقيس	
INJ-0530	P3	لا	غيرُ مقيس	
INJ-0531	P3	نعم	غيرُ مقيس	
INJ-0532	P3	لا	مُغلقٌ بشاهد	tests/dept_space_screens_test.php · tools/build_dept_space_wrappers.php
INJ-0533	P3	لا	غيرُ مقيس	
INJ-0534	P3	نعم	مُغلقٌ بشاهد	
INJ-0535	P3	لا	مُغلقٌ بشاهد	tools/fix_od19_probe.php
INJ-0536	P3	لا	غيرُ مقيس	
INJ-0537	P3	نعم	مُغلقٌ بشاهد	
INJ-0538	P3	لا	غيرُ مقيس	
INJ-0539	P3	لا	غيرُ مقيس	
INJ-0540	P3	لا	مُغلقٌ بشاهد	
INJ-0541	P3	لا	غيرُ مقيس	
INJ-0542	P3	لا	مُغلقٌ بشاهد	tools/fix_ui68_campaign.php
INJ-0543	P3	لا	مُغلقٌ بشاهد	tests/filter_bar_period_test.php
INJ-0544	P3	لا	مُغلقٌ بشاهد	tools/fix_od19_probe.php
INJ-0545	P3	لا	غيرُ مقيس	
INJ-0546	P3	لا	مُغلقٌ بشاهد	tools/fix_ui68_campaign.php
INJ-0547	P3	لا	مُغلقٌ بشاهد	tests/shell_axes_measured_test.php
INJ-0548	P3	لا	مُغلقٌ بشاهد	tests/offline_outbox_test.php
INJ-0549	P3	نعم	غيرُ مقيس	
INJ-0550	P3	لا	غيرُ مقيس	
INJ-0551	P3	لا	غيرُ مقيس	
INJ-0552	P3	لا	مُغلقٌ بشاهد	
INJ-0553	P3	لا	غيرُ مقيس	
INJ-0554	P3	لا	مُغلقٌ بشاهد	
INJ-0555	P3	لا	غيرُ مقيس	
INJ-0556	P3	لا	مُغلقٌ بشاهد	tests/filter_bar_period_test.php
INJ-0557	P3	لا	غيرُ مقيس	
INJ-0558	P3	نعم	مُغلقٌ بشاهد	
INJ-0559	P3	لا	غيرُ مقيس	
INJ-0560	P3	لا	مُغلقٌ بشاهد	tools/fix_missing_screen_campaign.php
INJ-0561	P3	لا	مُغلقٌ بشاهد	tests/filter_bar_period_test.php
INJ-0562	P3	لا	مُغلقٌ بشاهد	
INJ-0563	P3	لا	غيرُ مقيس	
INJ-0564	P3	لا	مُغلقٌ بشاهد	tests/filter_bar_period_test.php
INJ-0565	P3	نعم	غيرُ مقيس	
INJ-0566	P3	لا	غيرُ مقيس	
INJ-0567	P3	لا	غيرُ مقيس	
INJ-0568	P3	لا	غيرُ مقيس	
INJ-0569	P3	لا	مُغلقٌ بشاهد	tools/fix_ui68_campaign.php
INJ-0570	P3	لا	مُغلقٌ بشاهد	tests/nav_stage_label_test.php
INJ-0571	P3	لا	مُغلقٌ بشاهد	tests/inline_styles_test.php
INJ-0572	P3	لا	مُغلقٌ بشاهد	tests/shell_axes_measured_test.php
INJ-0573	P3	نعم	غيرُ مقيس	
INJ-0574	P3	لا	مُغلقٌ بشاهد	
INJ-0575	P3	لا	مُغلقٌ بشاهد	tests/dept_space_screens_test.php · tools/build_dept_space_wrappers.php
INJ-0576	P3	لا	مُغلقٌ بشاهد	tests/risk_treatment_evidence_test.php
INJ-0577	P3	لا	مُغلقٌ بشاهد	tests/risk_owner_unit_test.php
INJ-0578	P3	لا	غيرُ مقيس	
INJ-0579	P3	لا	مُغلق	tests/workspace_counters_tenant_test.php
INJ-0580	P3	نعم	مُغلقٌ بشاهد	tests/dept_space_screens_test.php
INJ-0581	P3	لا	مُغلق	tests/workspace_counters_tenant_test.php
INJ-0582	P3	نعم	غيرُ مقيس	
INJ-0583	P3	نعم	غيرُ مقيس	
INJ-0584	P3	لا	غيرُ مقيس	
INJ-0585	P3	لا	مُغلقٌ بشاهد	
INJ-0586	P3	نعم	غيرُ مقيس	
INJ-0587	P3	لا	مُغلقٌ بشاهد	tests/approvals_inbox_parity_test.php
INJ-0588	P3	نعم	مُغلقٌ بشاهد	
INJ-0589	P3	نعم	مُغلقٌ بشاهد	tools/fix_od19_probe.php
INJ-0590	P3	لا	مُغلقٌ بشاهد	
INJ-0591	P4	لا	غيرُ مقيس	
INJ-0592	P4	لا	غيرُ مقيس	
INJ-0593	P4	لا	مُغلقٌ بشاهد	tests/ui_consistency_scan_test.php
INJ-0594	P4	لا	غيرُ مقيس	
INJ-0595	P4	لا	غيرُ مقيس	
