الشركة,"رقم الصف",التاريخ,النوع,الكمية,المشروع,المعدة,المرجع,الحالة
4,UNT-049358,2022-08-01,طن,0.00,"مشروع محمدالأمين النيل إبراهيم","DAEWOO K6DEF 2021",UAT-B07,converted
4,UNT-049359,2022-08-02,طن,0.00,"مشروع محمدالأمين النيل إبراهيم","DAEWOO K6DEF 2021",UAT-B07,converted
4,UNT-049360,2022-08-03,طن,0.00,"مشروع محمدالأمين النيل إبراهيم","DAEWOO K6DEF 2021",UAT-B07,converted
4,UNT-049361,2022-08-04,طن,0.00,"مشروع محمدالأمين النيل إبراهيم","DAEWOO K6DEF 2021",UAT-B07,converted
4,UNT-049362,2022-08-05,طن,0.00,"مشروع محمدالأمين النيل إبراهيم","DAEWOO K6DEF 2021",UAT-B07,converted
4,UNT-049363,2022-08-06,طن,0.00,"مشروع محمدالأمين النيل إبراهيم","DAEWOO K6DEF 2021",UAT-B07,converted
4,UNT-049364,2022-08-07,طن,0.00,"مشروع محمدالأمين النيل إبراهيم","DAEWOO K6DEF 2021",UAT-B07,converted
4,UNT-049365,2022-08-08,طن,0.00,"مشروع محمدالأمين النيل إبراهيم","DAEWOO K6DEF 2021",UAT-B07,converted
4,UNT-049366,2022-08-09,طن,0.00,"مشروع محمدالأمين النيل إبراهيم","DAEWOO K6DEF 2021",UAT-B07,converted
4,UNT-049367,2022-08-10,طن,0.00,"مشروع محمدالأمين النيل إبراهيم","DAEWOO K6DEF 2021",UAT-B07,converted
4,UNT-049368,2022-08-11,طن,0.00,"مشروع محمدالأمين النيل إبراهيم","DAEWOO K6DEF 2021",UAT-B07,converted
4,UNT-049369,2022-08-12,طن,0.00,"مشروع محمدالأمين النيل إبراهيم","DAEWOO K6DEF 2021",UAT-B07,converted
4,UNT-049370,2022-08-13,طن,0.00,"مشروع محمدالأمين النيل إبراهيم","DAEWOO K6DEF 2021",UAT-B07,converted
4,UNT-049371,2022-08-14,طن,0.00,"مشروع محمدالأمين النيل إبراهيم","DAEWOO K6DEF 2021",UAT-B07,converted
4,UNT-049372,2022-08-15,طن,0.00,"مشروع محمدالأمين النيل إبراهيم","DAEWOO K6DEF 2021",UAT-B07,converted
4,UNT-049373,2022-08-16,طن,0.00,"مشروع محمدالأمين النيل إبراهيم","DAEWOO K6DEF 2021",UAT-B07,converted
4,UNT-049374,2022-08-17,طن,0.00,"مشروع محمدالأمين النيل إبراهيم","DAEWOO K6DEF 2021",UAT-B07,converted
4,UNT-049375,2022-08-18,طن,0.00,"مشروع محمدالأمين النيل إبراهيم","DAEWOO K6DEF 2021",UAT-B07,converted
4,UNT-049376,2022-08-19,طن,0.00,"مشروع محمدالأمين النيل إبراهيم","DAEWOO K6DEF 2021",UAT-B07,converted
4,UNT-049377,2022-08-20,طن,0.00,"مشروع محمدالأمين النيل إبراهيم","DAEWOO K6DEF 2021",UAT-B07,converted
4,UNT-049378,2022-08-21,طن,0.00,"مشروع محمدالأمين النيل إبراهيم","DAEWOO K6DEF 2021",UAT-B07,converted
4,UNT-049379,2022-08-22,طن,0.00,"مشروع محمدالأمين النيل إبراهيم","DAEWOO K6DEF 2021",UAT-B07,converted
4,UNT-049380,2022-08-23,طن,0.00,"مشروع محمدالأمين النيل إبراهيم","DAEWOO K6DEF 2021",UAT-B07,converted
4,UNT-049381,2022-08-24,طن,0.00,"مشروع محمدالأمين النيل إبراهيم","DAEWOO K6DEF 2021",UAT-B07,converted
4,UNT-049382,2022-08-25,طن,0.00,"مشروع محمدالأمين النيل إبراهيم","DAEWOO K6DEF 2021",UAT-B07,converted
4,UNT-049383,2022-08-26,طن,0.00,"مشروع محمدالأمين النيل إبراهيم","DAEWOO K6DEF 2021",UAT-B07,converted
4,UNT-049384,2022-08-27,طن,0.00,"مشروع محمدالأمين النيل إبراهيم","DAEWOO K6DEF 2021",UAT-B07,converted
4,UNT-049385,2022-08-28,طن,0.00,"مشروع محمدالأمين النيل إبراهيم","DAEWOO K6DEF 2021",UAT-B07,converted
4,UNT-049386,2022-08-29,طن,0.00,"مشروع محمدالأمين النيل إبراهيم","DAEWOO K6DEF 2021",UAT-B07,converted
4,UNT-049387,2022-08-30,طن,0.00,"مشروع محمدالأمين النيل إبراهيم","DAEWOO K6DEF 2021",UAT-B07,converted
4,UNT-049388,2022-08-31,طن,0.00,"مشروع محمدالأمين النيل إبراهيم","DAEWOO K6DEF 2021",UAT-B07,converted
4,UNT-049389,2022-09-01,طن,0.00,"مشروع محمدالأمين النيل إبراهيم","DAEWOO K6DEF 2021",UAT-B07,converted
4,UNT-049390,2022-09-02,طن,0.00,"مشروع محمدالأمين النيل إبراهيم","DAEWOO K6DEF 2021",UAT-B07,converted
4,UNT-049391,2022-09-03,طن,0.00,"مشروع محمدالأمين النيل إبراهيم","DAEWOO K6DEF 2021",UAT-B07,converted
4,UNT-049392,2022-09-04,طن,0.00,"مشروع محمدالأمين النيل إبراهيم","DAEWOO K6DEF 2021",UAT-B07,converted
4,UNT-049393,2022-09-05,طن,0.00,"مشروع محمدالأمين النيل إبراهيم","DAEWOO K6DEF 2021",UAT-B07,converted
4,UNT-049394,2022-09-06,طن,0.00,"مشروع محمدالأمين النيل إبراهيم","DAEWOO K6DEF 2021",UAT-B07,converted
4,UNT-049395,2022-09-07,طن,0.00,"مشروع محمدالأمين النيل إبراهيم","DAEWOO K6DEF 2021",UAT-B07,converted
4,UNT-049396,2022-09-08,طن,0.00,"مشروع محمدالأمين النيل إبراهيم","DAEWOO K6DEF 2021",UAT-B07,converted
4,UNT-049397,2022-09-09,طن,0.00,"مشروع محمدالأمين النيل إبراهيم","DAEWOO K6DEF 2021",UAT-B07,converted
4,UNT-049398,2022-09-10,طن,0.00,"مشروع محمدالأمين النيل إبراهيم","DAEWOO K6DEF 2021",UAT-B07,converted
4,UNT-049399,2022-09-11,طن,0.00,"مشروع محمدالأمين النيل إبراهيم","DAEWOO K6DEF 2021",UAT-B07,converted
4,UNT-049400,2022-09-12,طن,0.00,"مشروع محمدالأمين النيل إبراهيم","DAEWOO K6DEF 2021",UAT-B07,converted
4,UNT-049401,2022-09-13,طن,0.00,"مشروع محمدالأمين النيل إبراهيم","DAEWOO K6DEF 2021",UAT-B07,converted
4,UNT-049402,2022-09-14,طن,0.00,"مشروع محمدالأمين النيل إبراهيم","DAEWOO K6DEF 2021",UAT-B07,converted
4,UNT-049403,2022-09-15,طن,0.00,"مشروع محمدالأمين النيل إبراهيم","DAEWOO K6DEF 2021",UAT-B07,converted
4,UNT-049404,2022-09-16,طن,0.00,"مشروع محمدالأمين النيل إبراهيم","DAEWOO K6DEF 2021",UAT-B07,converted
4,UNT-049405,2022-09-17,طن,0.00,"مشروع محمدالأمين النيل إبراهيم","DAEWOO K6DEF 2021",UAT-B07,converted
4,UNT-049406,2022-09-18,طن,0.00,"مشروع محمدالأمين النيل إبراهيم","DAEWOO K6DEF 2021",UAT-B07,converted
4,UNT-049407,2022-09-19,طن,0.00,"مشروع محمدالأمين النيل إبراهيم","DAEWOO K6DEF 2021",UAT-B07,converted
4,UNT-049408,2022-09-20,طن,0.00,"مشروع محمدالأمين النيل إبراهيم","DAEWOO K6DEF 2021",UAT-B07,converted
4,UNT-049409,2022-09-21,طن,0.00,"مشروع محمدالأمين النيل إبراهيم","DAEWOO K6DEF 2021",UAT-B07,converted
4,UNT-049410,2022-09-22,طن,0.00,"مشروع محمدالأمين النيل إبراهيم","DAEWOO K6DEF 2021",UAT-B07,converted
4,UNT-049411,2022-09-23,طن,0.00,"مشروع محمدالأمين النيل إبراهيم","DAEWOO K6DEF 2021",UAT-B07,converted
4,UNT-049412,2022-09-24,طن,0.00,"مشروع محمدالأمين النيل إبراهيم","DAEWOO K6DEF 2021",UAT-B07,converted
4,UNT-049413,2022-09-25,طن,0.00,"مشروع محمدالأمين النيل إبراهيم","DAEWOO K6DEF 2021",UAT-B07,converted
4,UNT-049414,2022-09-26,طن,0.00,"مشروع محمدالأمين النيل إبراهيم","DAEWOO K6DEF 2021",UAT-B07,converted
4,UNT-049415,2022-09-27,طن,0.00,"مشروع محمدالأمين النيل إبراهيم","DAEWOO K6DEF 2021",UAT-B07,converted
4,UNT-049416,2022-09-28,طن,0.00,"مشروع محمدالأمين النيل إبراهيم","DAEWOO K6DEF 2021",UAT-B07,converted
4,UNT-049417,2022-09-29,طن,0.00,"مشروع محمدالأمين النيل إبراهيم","DAEWOO K6DEF 2021",UAT-B07,converted
4,UNT-049418,2022-09-30,طن,0.00,"مشروع محمدالأمين النيل إبراهيم","DAEWOO K6DEF 2021",UAT-B07,converted
4,UNT-049602,2023-03-01,طن,0.00,"مشروع ياسر عباس",HMK220LC-2,UAT-B07,converted
4,UNT-049663,2023-03-01,طن,0.00,"مشروع ياسر عباس","Excavator HEDROMEK HMK300",UAT-B07,converted
4,UNT-049603,2023-03-02,طن,0.00,"مشروع ياسر عباس",HMK220LC-2,UAT-B07,converted
4,UNT-049664,2023-03-02,طن,0.00,"مشروع ياسر عباس","Excavator HEDROMEK HMK300",UAT-B07,converted
4,UNT-049665,2023-03-03,طن,0.00,"مشروع ياسر عباس","Excavator HEDROMEK HMK300",UAT-B07,converted
4,UNT-049604,2023-03-03,طن,0.00,"مشروع ياسر عباس",HMK220LC-2,UAT-B07,converted
4,UNT-049666,2023-03-04,طن,0.00,"مشروع ياسر عباس","Excavator HEDROMEK HMK300",UAT-B07,converted
4,UNT-049605,2023-03-04,طن,0.00,"مشروع ياسر عباس",HMK220LC-2,UAT-B07,converted
4,UNT-049606,2023-03-05,طن,0.00,"مشروع ياسر عباس",HMK220LC-2,UAT-B07,converted
4,UNT-049667,2023-03-05,طن,0.00,"مشروع ياسر عباس","Excavator HEDROMEK HMK300",UAT-B07,converted
4,UNT-049607,2023-03-06,طن,0.00,"مشروع ياسر عباس",HMK220LC-2,UAT-B07,converted
4,UNT-049668,2023-03-06,طن,0.00,"مشروع ياسر عباس","Excavator HEDROMEK HMK300",UAT-B07,converted
4,UNT-049669,2023-03-07,طن,0.00,"مشروع ياسر عباس","Excavator HEDROMEK HMK300",UAT-B07,converted
4,UNT-049608,2023-03-07,طن,0.00,"مشروع ياسر عباس",HMK220LC-2,UAT-B07,converted
4,UNT-049609,2023-03-08,طن,0.00,"مشروع ياسر عباس",HMK220LC-2,UAT-B07,converted
4,UNT-049670,2023-03-08,طن,0.00,"مشروع ياسر عباس","Excavator HEDROMEK HMK300",UAT-B07,converted
4,UNT-049671,2023-03-09,طن,0.00,"مشروع ياسر عباس","Excavator HEDROMEK HMK300",UAT-B07,converted
4,UNT-049610,2023-03-09,طن,0.00,"مشروع ياسر عباس",HMK220LC-2,UAT-B07,converted
4,UNT-049611,2023-03-10,طن,0.00,"مشروع ياسر عباس",HMK220LC-2,UAT-B07,converted
4,UNT-049672,2023-03-10,طن,0.00,"مشروع ياسر عباس","Excavator HEDROMEK HMK300",UAT-B07,converted
4,UNT-049673,2023-03-11,طن,0.00,"مشروع ياسر عباس","Excavator HEDROMEK HMK300",UAT-B07,converted
4,UNT-049612,2023-03-11,طن,0.00,"مشروع ياسر عباس",HMK220LC-2,UAT-B07,converted
4,UNT-049613,2023-03-12,طن,0.00,"مشروع ياسر عباس",HMK220LC-2,UAT-B07,converted
4,UNT-049674,2023-03-12,طن,0.00,"مشروع ياسر عباس","Excavator HEDROMEK HMK300",UAT-B07,converted
4,UNT-049675,2023-03-13,طن,0.00,"مشروع ياسر عباس","Excavator HEDROMEK HMK300",UAT-B07,converted
4,UNT-049614,2023-03-13,طن,0.00,"مشروع ياسر عباس",HMK220LC-2,UAT-B07,converted
4,UNT-049676,2023-03-14,طن,0.00,"مشروع ياسر عباس","Excavator HEDROMEK HMK300",UAT-B07,converted
4,UNT-049615,2023-03-14,طن,0.00,"مشروع ياسر عباس",HMK220LC-2,UAT-B07,converted
4,UNT-049677,2023-03-15,طن,0.00,"مشروع ياسر عباس","Excavator HEDROMEK HMK300",UAT-B07,converted
4,UNT-049616,2023-03-15,طن,0.00,"مشروع ياسر عباس",HMK220LC-2,UAT-B07,converted
4,UNT-049617,2023-03-16,طن,0.00,"مشروع ياسر عباس",HMK220LC-2,UAT-B07,converted
4,UNT-049678,2023-03-16,طن,0.00,"مشروع ياسر عباس","Excavator HEDROMEK HMK300",UAT-B07,converted
4,UNT-049679,2023-03-17,طن,0.00,"مشروع ياسر عباس","Excavator HEDROMEK HMK300",UAT-B07,converted
4,UNT-049618,2023-03-17,طن,0.00,"مشروع ياسر عباس",HMK220LC-2,UAT-B07,converted
4,UNT-049619,2023-03-18,طن,0.00,"مشروع ياسر عباس",HMK220LC-2,UAT-B07,converted
4,UNT-049680,2023-03-18,طن,0.00,"مشروع ياسر عباس","Excavator HEDROMEK HMK300",UAT-B07,converted
4,UNT-049620,2023-03-19,طن,0.00,"مشروع ياسر عباس",HMK220LC-2,UAT-B07,converted
4,UNT-049681,2023-03-19,طن,0.00,"مشروع ياسر عباس","Excavator HEDROMEK HMK300",UAT-B07,converted
4,UNT-049682,2023-03-20,طن,0.00,"مشروع ياسر عباس","Excavator HEDROMEK HMK300",UAT-B07,converted
4,UNT-049621,2023-03-20,طن,0.00,"مشروع ياسر عباس",HMK220LC-2,UAT-B07,converted
4,UNT-049683,2023-03-21,طن,0.00,"مشروع ياسر عباس","Excavator HEDROMEK HMK300",UAT-B07,converted
4,UNT-049622,2023-03-21,طن,0.00,"مشروع ياسر عباس",HMK220LC-2,UAT-B07,converted
4,UNT-049623,2023-03-22,طن,0.00,"مشروع ياسر عباس",HMK220LC-2,UAT-B07,converted
4,UNT-049684,2023-03-22,طن,0.00,"مشروع ياسر عباس","Excavator HEDROMEK HMK300",UAT-B07,converted
4,UNT-049685,2023-03-23,طن,0.00,"مشروع ياسر عباس","Excavator HEDROMEK HMK300",UAT-B07,converted
4,UNT-049624,2023-03-23,طن,0.00,"مشروع ياسر عباس",HMK220LC-2,UAT-B07,converted
4,UNT-049686,2023-03-24,طن,0.00,"مشروع ياسر عباس","Excavator HEDROMEK HMK300",UAT-B07,converted
4,UNT-049625,2023-03-24,طن,0.00,"مشروع ياسر عباس",HMK220LC-2,UAT-B07,converted
4,UNT-049626,2023-03-25,طن,0.00,"مشروع ياسر عباس",HMK220LC-2,UAT-B07,converted
4,UNT-049687,2023-03-25,طن,0.00,"مشروع ياسر عباس","Excavator HEDROMEK HMK300",UAT-B07,converted
4,UNT-049627,2023-03-26,طن,0.00,"مشروع ياسر عباس",HMK220LC-2,UAT-B07,converted
4,UNT-049688,2023-03-26,طن,0.00,"مشروع ياسر عباس","Excavator HEDROMEK HMK300",UAT-B07,converted
4,UNT-049628,2023-03-27,طن,0.00,"مشروع ياسر عباس",HMK220LC-2,UAT-B07,converted
4,UNT-049689,2023-03-27,طن,0.00,"مشروع ياسر عباس","Excavator HEDROMEK HMK300",UAT-B07,converted
4,UNT-049690,2023-03-28,طن,0.00,"مشروع ياسر عباس","Excavator HEDROMEK HMK300",UAT-B07,converted
4,UNT-049629,2023-03-28,طن,0.00,"مشروع ياسر عباس",HMK220LC-2,UAT-B07,converted
4,UNT-049691,2023-03-29,طن,0.00,"مشروع ياسر عباس","Excavator HEDROMEK HMK300",UAT-B07,converted
4,UNT-049630,2023-03-29,طن,0.00,"مشروع ياسر عباس",HMK220LC-2,UAT-B07,converted
4,UNT-049692,2023-03-30,طن,0.00,"مشروع ياسر عباس","Excavator HEDROMEK HMK300",UAT-B07,converted
4,UNT-049631,2023-03-30,طن,0.00,"مشروع ياسر عباس",HMK220LC-2,UAT-B07,converted
4,UNT-049632,2023-03-31,طن,0.00,"مشروع ياسر عباس",HMK220LC-2,UAT-B07,converted
4,UNT-049693,2023-03-31,طن,0.00,"مشروع ياسر عباس","Excavator HEDROMEK HMK300",UAT-B07,converted
4,UNT-049694,2023-04-01,طن,0.00,"مشروع ياسر عباس","Excavator HEDROMEK HMK300",UAT-B07,converted
4,UNT-049633,2023-04-01,طن,0.00,"مشروع ياسر عباس",HMK220LC-2,UAT-B07,converted
4,UNT-049634,2023-04-02,طن,0.00,"مشروع ياسر عباس",HMK220LC-2,UAT-B07,converted
4,UNT-049695,2023-04-02,طن,0.00,"مشروع ياسر عباس","Excavator HEDROMEK HMK300",UAT-B07,converted
4,UNT-049696,2023-04-03,طن,0.00,"مشروع ياسر عباس","Excavator HEDROMEK HMK300",UAT-B07,converted
4,UNT-049635,2023-04-03,طن,0.00,"مشروع ياسر عباس",HMK220LC-2,UAT-B07,converted
4,UNT-049697,2023-04-04,طن,0.00,"مشروع ياسر عباس","Excavator HEDROMEK HMK300",UAT-B07,converted
4,UNT-049636,2023-04-04,طن,0.00,"مشروع ياسر عباس",HMK220LC-2,UAT-B07,converted
4,UNT-049698,2023-04-05,طن,0.00,"مشروع ياسر عباس","Excavator HEDROMEK HMK300",UAT-B07,converted
4,UNT-049637,2023-04-05,طن,0.00,"مشروع ياسر عباس",HMK220LC-2,UAT-B07,converted
4,UNT-049699,2023-04-06,طن,0.00,"مشروع ياسر عباس","Excavator HEDROMEK HMK300",UAT-B07,converted
4,UNT-049638,2023-04-06,طن,0.00,"مشروع ياسر عباس",HMK220LC-2,UAT-B07,converted
4,UNT-049700,2023-04-07,طن,0.00,"مشروع ياسر عباس","Excavator HEDROMEK HMK300",UAT-B07,converted
4,UNT-049639,2023-04-07,طن,0.00,"مشروع ياسر عباس",HMK220LC-2,UAT-B07,converted
4,UNT-049701,2023-04-08,طن,0.00,"مشروع ياسر عباس","Excavator HEDROMEK HMK300",UAT-B07,converted
4,UNT-049640,2023-04-08,طن,0.00,"مشروع ياسر عباس",HMK220LC-2,UAT-B07,converted
4,UNT-049641,2023-04-09,طن,0.00,"مشروع ياسر عباس",HMK220LC-2,UAT-B07,converted
4,UNT-049702,2023-04-09,طن,0.00,"مشروع ياسر عباس","Excavator HEDROMEK HMK300",UAT-B07,converted
4,UNT-049703,2023-04-10,طن,0.00,"مشروع ياسر عباس","Excavator HEDROMEK HMK300",UAT-B07,converted
4,UNT-049642,2023-04-10,طن,0.00,"مشروع ياسر عباس",HMK220LC-2,UAT-B07,converted
4,UNT-049704,2023-04-11,طن,0.00,"مشروع ياسر عباس","Excavator HEDROMEK HMK300",UAT-B07,converted
4,UNT-049643,2023-04-11,طن,0.00,"مشروع ياسر عباس",HMK220LC-2,UAT-B07,converted
4,UNT-049705,2023-04-12,طن,0.00,"مشروع ياسر عباس","Excavator HEDROMEK HMK300",UAT-B07,converted
4,UNT-049644,2023-04-12,طن,0.00,"مشروع ياسر عباس",HMK220LC-2,UAT-B07,converted
4,UNT-049706,2023-04-13,طن,0.00,"مشروع ياسر عباس","Excavator HEDROMEK HMK300",UAT-B07,converted
4,UNT-049645,2023-04-13,طن,0.00,"مشروع ياسر عباس",HMK220LC-2,UAT-B07,converted
4,UNT-049707,2023-04-14,طن,0.00,"مشروع ياسر عباس","Excavator HEDROMEK HMK300",UAT-B07,converted
4,UNT-049646,2023-04-14,طن,0.00,"مشروع ياسر عباس",HMK220LC-2,UAT-B07,converted
4,UNT-049647,2023-04-15,طن,0.00,"مشروع ياسر عباس",HMK220LC-2,UAT-B07,converted
4,UNT-049708,2023-04-15,طن,0.00,"مشروع ياسر عباس","Excavator HEDROMEK HMK300",UAT-B07,converted
4,UNT-049709,2023-04-16,طن,0.00,"مشروع ياسر عباس","Excavator HEDROMEK HMK300",UAT-B07,converted
4,UNT-049648,2023-04-16,طن,0.00,"مشروع ياسر عباس",HMK220LC-2,UAT-B07,converted
4,UNT-049710,2023-04-17,طن,0.00,"مشروع ياسر عباس","Excavator HEDROMEK HMK300",UAT-B07,converted
4,UNT-049649,2023-04-17,طن,0.00,"مشروع ياسر عباس",HMK220LC-2,UAT-B07,converted
4,UNT-049650,2023-04-18,طن,0.00,"مشروع ياسر عباس",HMK220LC-2,UAT-B07,converted
4,UNT-049711,2023-04-18,طن,0.00,"مشروع ياسر عباس","Excavator HEDROMEK HMK300",UAT-B07,converted
4,UNT-049651,2023-04-19,طن,0.00,"مشروع ياسر عباس",HMK220LC-2,UAT-B07,converted
4,UNT-049712,2023-04-19,طن,0.00,"مشروع ياسر عباس","Excavator HEDROMEK HMK300",UAT-B07,converted
4,UNT-049713,2023-04-20,طن,0.00,"مشروع ياسر عباس","Excavator HEDROMEK HMK300",UAT-B07,converted
4,UNT-049652,2023-04-20,طن,0.00,"مشروع ياسر عباس",HMK220LC-2,UAT-B07,converted
4,UNT-049714,2023-04-21,طن,0.00,"مشروع ياسر عباس","Excavator HEDROMEK HMK300",UAT-B07,converted
4,UNT-049653,2023-04-21,طن,0.00,"مشروع ياسر عباس",HMK220LC-2,UAT-B07,converted
4,UNT-049715,2023-04-22,طن,0.00,"مشروع ياسر عباس","Excavator HEDROMEK HMK300",UAT-B07,converted
4,UNT-049654,2023-04-22,طن,0.00,"مشروع ياسر عباس",HMK220LC-2,UAT-B07,converted
4,UNT-049655,2023-04-23,طن,0.00,"مشروع ياسر عباس",HMK220LC-2,UAT-B07,converted
4,UNT-049716,2023-04-23,طن,0.00,"مشروع ياسر عباس","Excavator HEDROMEK HMK300",UAT-B07,converted
4,UNT-049717,2023-04-24,طن,0.00,"مشروع ياسر عباس","Excavator HEDROMEK HMK300",UAT-B07,converted
4,UNT-049656,2023-04-24,طن,0.00,"مشروع ياسر عباس",HMK220LC-2,UAT-B07,converted
4,UNT-049657,2023-04-25,طن,0.00,"مشروع ياسر عباس",HMK220LC-2,UAT-B07,converted
4,UNT-049718,2023-04-25,طن,0.00,"مشروع ياسر عباس","Excavator HEDROMEK HMK300",UAT-B07,converted
4,UNT-049719,2023-04-26,طن,0.00,"مشروع ياسر عباس","Excavator HEDROMEK HMK300",UAT-B07,converted
4,UNT-049658,2023-04-26,طن,0.00,"مشروع ياسر عباس",HMK220LC-2,UAT-B07,converted
4,UNT-049720,2023-04-27,طن,0.00,"مشروع ياسر عباس","Excavator HEDROMEK HMK300",UAT-B07,converted
4,UNT-049659,2023-04-27,طن,0.00,"مشروع ياسر عباس",HMK220LC-2,UAT-B07,converted
4,UNT-049721,2023-04-28,طن,0.00,"مشروع ياسر عباس","Excavator HEDROMEK HMK300",UAT-B07,converted
4,UNT-049660,2023-04-28,طن,0.00,"مشروع ياسر عباس",HMK220LC-2,UAT-B07,converted
4,UNT-049661,2023-04-29,طن,0.00,"مشروع ياسر عباس",HMK220LC-2,UAT-B07,converted
4,UNT-049722,2023-04-29,طن,0.00,"مشروع ياسر عباس","Excavator HEDROMEK HMK300",UAT-B07,converted
4,UNT-049662,2023-04-30,طن,0.00,"مشروع ياسر عباس",HMK220LC-2,UAT-B07,converted
4,UNT-049723,2023-04-30,طن,0.00,"مشروع ياسر عباس","Excavator HEDROMEK HMK300",UAT-B07,converted
4,UNT-043955,2025-08-02,متر,0.00,"شركة فاروس لتعدين الذهب المحدودة","خرامة DM1001",UAT-B07,converted
4,UNT-043956,2025-08-03,متر,0.00,"شركة فاروس لتعدين الذهب المحدودة","خرامة DM1001",UAT-B07,converted
4,UNT-043957,2025-08-04,متر,0.00,"شركة فاروس لتعدين الذهب المحدودة","خرامة DM1001",UAT-B07,converted
4,UNT-043959,2025-08-06,متر,0.00,"شركة فاروس لتعدين الذهب المحدودة","خرامة DM1001",UAT-B07,converted
4,UNT-043960,2025-08-07,متر,0.00,"شركة فاروس لتعدين الذهب المحدودة","خرامة DM1001",UAT-B07,converted
4,UNT-043961,2025-08-08,متر,0.00,"شركة فاروس لتعدين الذهب المحدودة","خرامة DM1001",UAT-B07,converted
4,UNT-043963,2025-08-10,متر,0.00,"شركة فاروس لتعدين الذهب المحدودة","خرامة DM1001",UAT-B07,converted
4,UNT-043964,2025-08-11,متر,0.00,"شركة فاروس لتعدين الذهب المحدودة","خرامة DM1001",UAT-B07,converted
4,UNT-043965,2025-08-12,متر,0.00,"شركة فاروس لتعدين الذهب المحدودة","خرامة DM1001",UAT-B07,converted
4,UNT-043967,2025-08-14,متر,0.00,"شركة فاروس لتعدين الذهب المحدودة","خرامة DM1001",UAT-B07,converted
4,UNT-043968,2025-08-15,متر,0.00,"شركة فاروس لتعدين الذهب المحدودة","خرامة DM1001",UAT-B07,converted
4,UNT-043969,2025-08-16,متر,0.00,"شركة فاروس لتعدين الذهب المحدودة","خرامة DM1001",UAT-B07,converted
4,UNT-043971,2025-08-18,متر,0.00,"شركة فاروس لتعدين الذهب المحدودة","خرامة DM1001",UAT-B07,converted
4,UNT-043972,2025-08-19,متر,0.00,"شركة فاروس لتعدين الذهب المحدودة","خرامة DM1001",UAT-B07,converted
4,UNT-043973,2025-08-20,متر,0.00,"شركة فاروس لتعدين الذهب المحدودة","خرامة DM1001",UAT-B07,converted
4,UNT-043975,2025-08-22,متر,0.00,"شركة فاروس لتعدين الذهب المحدودة","خرامة DM1001",UAT-B07,converted
4,UNT-043976,2025-08-23,متر,0.00,"شركة فاروس لتعدين الذهب المحدودة","خرامة DM1001",UAT-B07,converted
4,UNT-043977,2025-08-24,متر,0.00,"شركة فاروس لتعدين الذهب المحدودة","خرامة DM1001",UAT-B07,converted
4,UNT-043979,2025-08-26,متر,0.00,"شركة فاروس لتعدين الذهب المحدودة","خرامة DM1001",UAT-B07,converted
4,UNT-043980,2025-08-27,متر,0.00,"شركة فاروس لتعدين الذهب المحدودة","خرامة DM1001",UAT-B07,converted
4,UNT-043981,2025-08-28,متر,0.00,"شركة فاروس لتعدين الذهب المحدودة","خرامة DM1001",UAT-B07,converted
4,UNT-043983,2025-08-30,متر,0.00,"شركة فاروس لتعدين الذهب المحدودة","خرامة DM1001",UAT-B07,converted
4,UNT-043984,2025-08-31,متر,0.00,"شركة فاروس لتعدين الذهب المحدودة","خرامة DM1001",UAT-B07,converted
4,UNT-052180,2025-11-02,طن,0.00,"شركة فاروس لتعدين الذهب المحدودة","DAEWOO K6DEF 2021",UAT-B07,converted
4,UNT-051996,2025-11-02,طن,0.00,"شركة فاروس لتعدين الذهب المحدودة","قلاب TQ1072",UAT-B07,converted
4,UNT-051294,2025-11-02,طن,0.00,"شركة فاروس لتعدين الذهب المحدودة","قلاب TQ1060",UAT-B07,converted
4,UNT-052181,2025-11-03,طن,0.00,"شركة فاروس لتعدين الذهب المحدودة","DAEWOO K6DEF 2021",UAT-B07,converted
4,UNT-051295,2025-11-03,طن,0.00,"شركة فاروس لتعدين الذهب المحدودة","قلاب TQ1060",UAT-B07,converted
4,UNT-051997,2025-11-03,طن,0.00,"شركة فاروس لتعدين الذهب المحدودة","قلاب TQ1072",UAT-B07,converted
4,UNT-052182,2025-11-04,طن,0.00,"شركة فاروس لتعدين الذهب المحدودة","DAEWOO K6DEF 2021",UAT-B07,converted
4,UNT-051296,2025-11-04,طن,0.00,"شركة فاروس لتعدين الذهب المحدودة","قلاب TQ1060",UAT-B07,converted
4,UNT-051998,2025-11-04,طن,0.00,"شركة فاروس لتعدين الذهب المحدودة","قلاب TQ1072",UAT-B07,converted
4,UNT-052184,2025-11-06,طن,0.00,"شركة فاروس لتعدين الذهب المحدودة","DAEWOO K6DEF 2021",UAT-B07,converted
4,UNT-051298,2025-11-06,طن,0.00,"شركة فاروس لتعدين الذهب المحدودة","قلاب TQ1060",UAT-B07,converted
4,UNT-052000,2025-11-06,طن,0.00,"شركة فاروس لتعدين الذهب المحدودة","قلاب TQ1072",UAT-B07,converted
4,UNT-052185,2025-11-07,طن,0.00,"شركة فاروس لتعدين الذهب المحدودة","DAEWOO K6DEF 2021",UAT-B07,converted
4,UNT-052001,2025-11-07,طن,0.00,"شركة فاروس لتعدين الذهب المحدودة","قلاب TQ1072",UAT-B07,converted
4,UNT-051299,2025-11-07,طن,0.00,"شركة فاروس لتعدين الذهب المحدودة","قلاب TQ1060",UAT-B07,converted
4,UNT-052002,2025-11-08,طن,0.00,"شركة فاروس لتعدين الذهب المحدودة","قلاب TQ1072",UAT-B07,converted
4,UNT-052186,2025-11-08,طن,0.00,"شركة فاروس لتعدين الذهب المحدودة","DAEWOO K6DEF 2021",UAT-B07,converted
4,UNT-051300,2025-11-08,طن,0.00,"شركة فاروس لتعدين الذهب المحدودة","قلاب TQ1060",UAT-B07,converted
4,UNT-052004,2025-11-10,طن,0.00,"شركة فاروس لتعدين الذهب المحدودة","قلاب TQ1072",UAT-B07,converted
4,UNT-052188,2025-11-10,طن,0.00,"شركة فاروس لتعدين الذهب المحدودة","DAEWOO K6DEF 2021",UAT-B07,converted
4,UNT-051302,2025-11-10,طن,0.00,"شركة فاروس لتعدين الذهب المحدودة","قلاب TQ1060",UAT-B07,converted
4,UNT-051303,2025-11-11,طن,0.00,"شركة فاروس لتعدين الذهب المحدودة","قلاب TQ1060",UAT-B07,converted
4,UNT-052189,2025-11-11,طن,0.00,"شركة فاروس لتعدين الذهب المحدودة","DAEWOO K6DEF 2021",UAT-B07,converted
4,UNT-052005,2025-11-11,طن,0.00,"شركة فاروس لتعدين الذهب المحدودة","قلاب TQ1072",UAT-B07,converted
4,UNT-052006,2025-11-12,طن,0.00,"شركة فاروس لتعدين الذهب المحدودة","قلاب TQ1072",UAT-B07,converted
4,UNT-052190,2025-11-12,طن,0.00,"شركة فاروس لتعدين الذهب المحدودة","DAEWOO K6DEF 2021",UAT-B07,converted
4,UNT-051304,2025-11-12,طن,0.00,"شركة فاروس لتعدين الذهب المحدودة","قلاب TQ1060",UAT-B07,converted
4,UNT-052192,2025-11-14,طن,0.00,"شركة فاروس لتعدين الذهب المحدودة","DAEWOO K6DEF 2021",UAT-B07,converted
4,UNT-052008,2025-11-14,طن,0.00,"شركة فاروس لتعدين الذهب المحدودة","قلاب TQ1072",UAT-B07,converted
4,UNT-051306,2025-11-14,طن,0.00,"شركة فاروس لتعدين الذهب المحدودة","قلاب TQ1060",UAT-B07,converted
4,UNT-052193,2025-11-15,طن,0.00,"شركة فاروس لتعدين الذهب المحدودة","DAEWOO K6DEF 2021",UAT-B07,converted
4,UNT-051307,2025-11-15,طن,0.00,"شركة فاروس لتعدين الذهب المحدودة","قلاب TQ1060",UAT-B07,converted
4,UNT-052009,2025-11-15,طن,0.00,"شركة فاروس لتعدين الذهب المحدودة","قلاب TQ1072",UAT-B07,converted
4,UNT-052010,2025-11-16,طن,0.00,"شركة فاروس لتعدين الذهب المحدودة","قلاب TQ1072",UAT-B07,converted
4,UNT-051308,2025-11-16,طن,0.00,"شركة فاروس لتعدين الذهب المحدودة","قلاب TQ1060",UAT-B07,converted
4,UNT-052194,2025-11-16,طن,0.00,"شركة فاروس لتعدين الذهب المحدودة","DAEWOO K6DEF 2021",UAT-B07,converted
4,UNT-052196,2025-11-18,طن,0.00,"شركة فاروس لتعدين الذهب المحدودة","DAEWOO K6DEF 2021",UAT-B07,converted
4,UNT-052012,2025-11-18,طن,0.00,"شركة فاروس لتعدين الذهب المحدودة","قلاب TQ1072",UAT-B07,converted
4,UNT-051310,2025-11-18,طن,0.00,"شركة فاروس لتعدين الذهب المحدودة","قلاب TQ1060",UAT-B07,converted
4,UNT-052197,2025-11-19,طن,0.00,"شركة فاروس لتعدين الذهب المحدودة","DAEWOO K6DEF 2021",UAT-B07,converted
4,UNT-052013,2025-11-19,طن,0.00,"شركة فاروس لتعدين الذهب المحدودة","قلاب TQ1072",UAT-B07,converted
4,UNT-051311,2025-11-19,طن,0.00,"شركة فاروس لتعدين الذهب المحدودة","قلاب TQ1060",UAT-B07,converted
4,UNT-051312,2025-11-20,طن,0.00,"شركة فاروس لتعدين الذهب المحدودة","قلاب TQ1060",UAT-B07,converted
4,UNT-052014,2025-11-20,طن,0.00,"شركة فاروس لتعدين الذهب المحدودة","قلاب TQ1072",UAT-B07,converted
4,UNT-052198,2025-11-20,طن,0.00,"شركة فاروس لتعدين الذهب المحدودة","DAEWOO K6DEF 2021",UAT-B07,converted
4,UNT-052200,2025-11-22,طن,0.00,"شركة فاروس لتعدين الذهب المحدودة","DAEWOO K6DEF 2021",UAT-B07,converted
4,UNT-051314,2025-11-22,طن,0.00,"شركة فاروس لتعدين الذهب المحدودة","قلاب TQ1060",UAT-B07,converted
4,UNT-052016,2025-11-22,طن,0.00,"شركة فاروس لتعدين الذهب المحدودة","قلاب TQ1072",UAT-B07,converted
4,UNT-052201,2025-11-23,طن,0.00,"شركة فاروس لتعدين الذهب المحدودة","DAEWOO K6DEF 2021",UAT-B07,converted
4,UNT-052017,2025-11-23,طن,0.00,"شركة فاروس لتعدين الذهب المحدودة","قلاب TQ1072",UAT-B07,converted
4,UNT-051315,2025-11-23,طن,0.00,"شركة فاروس لتعدين الذهب المحدودة","قلاب TQ1060",UAT-B07,converted
4,UNT-052202,2025-11-24,طن,0.00,"شركة فاروس لتعدين الذهب المحدودة","DAEWOO K6DEF 2021",UAT-B07,converted
4,UNT-051316,2025-11-24,طن,0.00,"شركة فاروس لتعدين الذهب المحدودة","قلاب TQ1060",UAT-B07,converted
4,UNT-052018,2025-11-24,طن,0.00,"شركة فاروس لتعدين الذهب المحدودة","قلاب TQ1072",UAT-B07,converted
4,UNT-052204,2025-11-26,طن,0.00,"شركة فاروس لتعدين الذهب المحدودة","DAEWOO K6DEF 2021",UAT-B07,converted
4,UNT-051318,2025-11-26,طن,0.00,"شركة فاروس لتعدين الذهب المحدودة","قلاب TQ1060",UAT-B07,converted
4,UNT-052020,2025-11-26,طن,0.00,"شركة فاروس لتعدين الذهب المحدودة","قلاب TQ1072",UAT-B07,converted
4,UNT-052021,2025-11-27,طن,0.00,"شركة فاروس لتعدين الذهب المحدودة","قلاب TQ1072",UAT-B07,converted
4,UNT-051319,2025-11-27,طن,0.00,"شركة فاروس لتعدين الذهب المحدودة","قلاب TQ1060",UAT-B07,converted
4,UNT-052205,2025-11-27,طن,0.00,"شركة فاروس لتعدين الذهب المحدودة","DAEWOO K6DEF 2021",UAT-B07,converted
4,UNT-052206,2025-11-28,طن,0.00,"شركة فاروس لتعدين الذهب المحدودة","DAEWOO K6DEF 2021",UAT-B07,converted
4,UNT-051320,2025-11-28,طن,0.00,"شركة فاروس لتعدين الذهب المحدودة","قلاب TQ1060",UAT-B07,converted
4,UNT-052022,2025-11-28,طن,0.00,"شركة فاروس لتعدين الذهب المحدودة","قلاب TQ1072",UAT-B07,converted
4,UNT-052208,2025-11-30,طن,0.00,"شركة فاروس لتعدين الذهب المحدودة","DAEWOO K6DEF 2021",UAT-B07,converted
4,UNT-052024,2025-11-30,طن,0.00,"شركة فاروس لتعدين الذهب المحدودة","قلاب TQ1072",UAT-B07,converted
4,UNT-051322,2025-11-30,طن,0.00,"شركة فاروس لتعدين الذهب المحدودة","قلاب TQ1060",UAT-B07,converted
4,UNT-052210,2025-12-02,طن,0.00,"شركة فاروس لتعدين الذهب المحدودة","DAEWOO K6DEF 2021",UAT-B07,converted
4,UNT-052026,2025-12-02,طن,0.00,"شركة فاروس لتعدين الذهب المحدودة","قلاب TQ1072",UAT-B07,converted
4,UNT-044472,2025-12-02,متر,0.00,"شركة فاروس لتعدين الذهب المحدودة","خرامة DM1002",UAT-B07,converted
4,UNT-044473,2025-12-03,متر,0.00,"شركة فاروس لتعدين الذهب المحدودة","خرامة DM1002",UAT-B07,converted
4,UNT-052211,2025-12-03,طن,0.00,"شركة فاروس لتعدين الذهب المحدودة","DAEWOO K6DEF 2021",UAT-B07,converted
4,UNT-052027,2025-12-03,طن,0.00,"شركة فاروس لتعدين الذهب المحدودة","قلاب TQ1072",UAT-B07,converted
4,UNT-052212,2025-12-04,طن,0.00,"شركة فاروس لتعدين الذهب المحدودة","DAEWOO K6DEF 2021",UAT-B07,converted
4,UNT-044474,2025-12-04,متر,0.00,"شركة فاروس لتعدين الذهب المحدودة","خرامة DM1002",UAT-B07,converted
4,UNT-052028,2025-12-04,طن,0.00,"شركة فاروس لتعدين الذهب المحدودة","قلاب TQ1072",UAT-B07,converted
4,UNT-052214,2025-12-06,طن,0.00,"شركة فاروس لتعدين الذهب المحدودة","DAEWOO K6DEF 2021",UAT-B07,converted
4,UNT-052030,2025-12-06,طن,0.00,"شركة فاروس لتعدين الذهب المحدودة","قلاب TQ1072",UAT-B07,converted
4,UNT-044476,2025-12-06,متر,0.00,"شركة فاروس لتعدين الذهب المحدودة","خرامة DM1002",UAT-B07,converted
4,UNT-052215,2025-12-07,طن,0.00,"شركة فاروس لتعدين الذهب المحدودة","DAEWOO K6DEF 2021",UAT-B07,converted
4,UNT-052031,2025-12-07,طن,0.00,"شركة فاروس لتعدين الذهب المحدودة","قلاب TQ1072",UAT-B07,converted
4,UNT-044477,2025-12-07,متر,0.00,"شركة فاروس لتعدين الذهب المحدودة","خرامة DM1002",UAT-B07,converted
4,UNT-052032,2025-12-08,طن,0.00,"شركة فاروس لتعدين الذهب المحدودة","قلاب TQ1072",UAT-B07,converted
4,UNT-044478,2025-12-08,متر,0.00,"شركة فاروس لتعدين الذهب المحدودة","خرامة DM1002",UAT-B07,converted
4,UNT-052216,2025-12-08,طن,0.00,"شركة فاروس لتعدين الذهب المحدودة","DAEWOO K6DEF 2021",UAT-B07,converted
4,UNT-052034,2025-12-10,طن,0.00,"شركة فاروس لتعدين الذهب المحدودة","قلاب TQ1072",UAT-B07,converted
4,UNT-044480,2025-12-10,متر,0.00,"شركة فاروس لتعدين الذهب المحدودة","خرامة DM1002",UAT-B07,converted
4,UNT-052218,2025-12-10,طن,0.00,"شركة فاروس لتعدين الذهب المحدودة","DAEWOO K6DEF 2021",UAT-B07,converted
4,UNT-052035,2025-12-11,طن,0.00,"شركة فاروس لتعدين الذهب المحدودة","قلاب TQ1072",UAT-B07,converted
4,UNT-052219,2025-12-11,طن,0.00,"شركة فاروس لتعدين الذهب المحدودة","DAEWOO K6DEF 2021",UAT-B07,converted
4,UNT-044481,2025-12-11,متر,0.00,"شركة فاروس لتعدين الذهب المحدودة","خرامة DM1002",UAT-B07,converted
4,UNT-052220,2025-12-12,طن,0.00,"شركة فاروس لتعدين الذهب المحدودة","DAEWOO K6DEF 2021",UAT-B07,converted
4,UNT-044482,2025-12-12,متر,0.00,"شركة فاروس لتعدين الذهب المحدودة","خرامة DM1002",UAT-B07,converted
4,UNT-052036,2025-12-12,طن,0.00,"شركة فاروس لتعدين الذهب المحدودة","قلاب TQ1072",UAT-B07,converted
4,UNT-052038,2025-12-14,طن,0.00,"شركة فاروس لتعدين الذهب المحدودة","قلاب TQ1072",UAT-B07,converted
4,UNT-052222,2025-12-14,طن,0.00,"شركة فاروس لتعدين الذهب المحدودة","DAEWOO K6DEF 2021",UAT-B07,converted
4,UNT-044484,2025-12-14,متر,0.00,"شركة فاروس لتعدين الذهب المحدودة","خرامة DM1002",UAT-B07,converted
4,UNT-044485,2025-12-15,متر,0.00,"شركة فاروس لتعدين الذهب المحدودة","خرامة DM1002",UAT-B07,converted
4,UNT-052039,2025-12-15,طن,0.00,"شركة فاروس لتعدين الذهب المحدودة","قلاب TQ1072",UAT-B07,converted
4,UNT-052223,2025-12-15,طن,0.00,"شركة فاروس لتعدين الذهب المحدودة","DAEWOO K6DEF 2021",UAT-B07,converted
4,UNT-052040,2025-12-16,طن,0.00,"شركة فاروس لتعدين الذهب المحدودة","قلاب TQ1072",UAT-B07,converted
4,UNT-044486,2025-12-16,متر,0.00,"شركة فاروس لتعدين الذهب المحدودة","خرامة DM1002",UAT-B07,converted
4,UNT-052224,2025-12-16,طن,0.00,"شركة فاروس لتعدين الذهب المحدودة","DAEWOO K6DEF 2021",UAT-B07,converted
4,UNT-044488,2025-12-18,متر,0.00,"شركة فاروس لتعدين الذهب المحدودة","خرامة DM1002",UAT-B07,converted
4,UNT-052042,2025-12-18,طن,0.00,"شركة فاروس لتعدين الذهب المحدودة","قلاب TQ1072",UAT-B07,converted
4,UNT-052226,2025-12-18,طن,0.00,"شركة فاروس لتعدين الذهب المحدودة","DAEWOO K6DEF 2021",UAT-B07,converted
4,UNT-052043,2025-12-19,طن,0.00,"شركة فاروس لتعدين الذهب المحدودة","قلاب TQ1072",UAT-B07,converted
4,UNT-052227,2025-12-19,طن,0.00,"شركة فاروس لتعدين الذهب المحدودة","DAEWOO K6DEF 2021",UAT-B07,converted
4,UNT-044489,2025-12-19,متر,0.00,"شركة فاروس لتعدين الذهب المحدودة","خرامة DM1002",UAT-B07,converted
4,UNT-052044,2025-12-20,طن,0.00,"شركة فاروس لتعدين الذهب المحدودة","قلاب TQ1072",UAT-B07,converted
4,UNT-052228,2025-12-20,طن,0.00,"شركة فاروس لتعدين الذهب المحدودة","DAEWOO K6DEF 2021",UAT-B07,converted
4,UNT-044490,2025-12-20,متر,0.00,"شركة فاروس لتعدين الذهب المحدودة","خرامة DM1002",UAT-B07,converted
4,UNT-052230,2025-12-22,طن,0.00,"شركة فاروس لتعدين الذهب المحدودة","DAEWOO K6DEF 2021",UAT-B07,converted
4,UNT-044492,2025-12-22,متر,0.00,"شركة فاروس لتعدين الذهب المحدودة","خرامة DM1002",UAT-B07,converted
4,UNT-052046,2025-12-22,طن,0.00,"شركة فاروس لتعدين الذهب المحدودة","قلاب TQ1072",UAT-B07,converted
4,UNT-052047,2025-12-23,طن,0.00,"شركة فاروس لتعدين الذهب المحدودة","قلاب TQ1072",UAT-B07,converted
4,UNT-044493,2025-12-23,متر,0.00,"شركة فاروس لتعدين الذهب المحدودة","خرامة DM1002",UAT-B07,converted
4,UNT-052231,2025-12-23,طن,0.00,"شركة فاروس لتعدين الذهب المحدودة","DAEWOO K6DEF 2021",UAT-B07,converted
4,UNT-044494,2025-12-24,متر,0.00,"شركة فاروس لتعدين الذهب المحدودة","خرامة DM1002",UAT-B07,converted
4,UNT-052048,2025-12-24,طن,0.00,"شركة فاروس لتعدين الذهب المحدودة","قلاب TQ1072",UAT-B07,converted
4,UNT-052232,2025-12-24,طن,0.00,"شركة فاروس لتعدين الذهب المحدودة","DAEWOO K6DEF 2021",UAT-B07,converted
4,UNT-052050,2025-12-26,طن,0.00,"شركة فاروس لتعدين الذهب المحدودة","قلاب TQ1072",UAT-B07,converted
4,UNT-044496,2025-12-26,متر,0.00,"شركة فاروس لتعدين الذهب المحدودة","خرامة DM1002",UAT-B07,converted
4,UNT-052234,2025-12-26,طن,0.00,"شركة فاروس لتعدين الذهب المحدودة","DAEWOO K6DEF 2021",UAT-B07,converted
4,UNT-052051,2025-12-27,طن,0.00,"شركة فاروس لتعدين الذهب المحدودة","قلاب TQ1072",UAT-B07,converted
4,UNT-052235,2025-12-27,طن,0.00,"شركة فاروس لتعدين الذهب المحدودة","DAEWOO K6DEF 2021",UAT-B07,converted
4,UNT-044497,2025-12-27,متر,0.00,"شركة فاروس لتعدين الذهب المحدودة","خرامة DM1002",UAT-B07,converted
4,UNT-052236,2025-12-28,طن,0.00,"شركة فاروس لتعدين الذهب المحدودة","DAEWOO K6DEF 2021",UAT-B07,converted
4,UNT-052052,2025-12-28,طن,0.00,"شركة فاروس لتعدين الذهب المحدودة","قلاب TQ1072",UAT-B07,converted
4,UNT-044498,2025-12-28,متر,0.00,"شركة فاروس لتعدين الذهب المحدودة","خرامة DM1002",UAT-B07,converted
4,UNT-044500,2025-12-30,متر,0.00,"شركة فاروس لتعدين الذهب المحدودة","خرامة DM1002",UAT-B07,converted
4,UNT-052054,2025-12-30,طن,0.00,"شركة فاروس لتعدين الذهب المحدودة","قلاب TQ1072",UAT-B07,converted
4,UNT-052238,2025-12-30,طن,0.00,"شركة فاروس لتعدين الذهب المحدودة","DAEWOO K6DEF 2021",UAT-B07,converted
4,UNT-052055,2025-12-31,طن,0.00,"شركة فاروس لتعدين الذهب المحدودة","قلاب TQ1072",UAT-B07,converted
4,UNT-044501,2025-12-31,متر,0.00,"شركة فاروس لتعدين الذهب المحدودة","خرامة DM1002",UAT-B07,converted
4,UNT-052239,2025-12-31,طن,0.00,"شركة فاروس لتعدين الذهب المحدودة","DAEWOO K6DEF 2021",UAT-B07,converted
4,UNT-044943,2026-01-02,متر,0.00,"شركة فاروس لتعدين الذهب المحدودة","خرامة DM1004",UAT-B07,converted
4,UNT-052241,2026-01-02,طن,0.00,"شركة فاروس لتعدين الذهب المحدودة","DAEWOO K6DEF 2021",UAT-B07,converted
4,UNT-052242,2026-01-03,طن,0.00,"شركة فاروس لتعدين الذهب المحدودة","DAEWOO K6DEF 2021",UAT-B07,converted
4,UNT-044944,2026-01-03,متر,0.00,"شركة فاروس لتعدين الذهب المحدودة","خرامة DM1004",UAT-B07,converted
4,UNT-052243,2026-01-04,طن,0.00,"شركة فاروس لتعدين الذهب المحدودة","DAEWOO K6DEF 2021",UAT-B07,converted
4,UNT-044945,2026-01-04,متر,0.00,"شركة فاروس لتعدين الذهب المحدودة","خرامة DM1004",UAT-B07,converted
4,UNT-052245,2026-01-06,طن,0.00,"شركة فاروس لتعدين الذهب المحدودة","DAEWOO K6DEF 2021",UAT-B07,converted
4,UNT-044947,2026-01-06,متر,0.00,"شركة فاروس لتعدين الذهب المحدودة","خرامة DM1004",UAT-B07,converted
4,UNT-044948,2026-01-07,متر,0.00,"شركة فاروس لتعدين الذهب المحدودة","خرامة DM1004",UAT-B07,converted
4,UNT-052246,2026-01-07,طن,0.00,"شركة فاروس لتعدين الذهب المحدودة","DAEWOO K6DEF 2021",UAT-B07,converted
4,UNT-052247,2026-01-08,طن,0.00,"شركة فاروس لتعدين الذهب المحدودة","DAEWOO K6DEF 2021",UAT-B07,converted
4,UNT-044949,2026-01-08,متر,0.00,"شركة فاروس لتعدين الذهب المحدودة","خرامة DM1004",UAT-B07,converted
4,UNT-052249,2026-01-10,طن,0.00,"شركة فاروس لتعدين الذهب المحدودة","DAEWOO K6DEF 2021",UAT-B07,converted
4,UNT-044951,2026-01-10,متر,0.00,"شركة فاروس لتعدين الذهب المحدودة","خرامة DM1004",UAT-B07,converted
4,UNT-052250,2026-01-11,طن,0.00,"شركة فاروس لتعدين الذهب المحدودة","DAEWOO K6DEF 2021",UAT-B07,converted
4,UNT-044952,2026-01-11,متر,0.00,"شركة فاروس لتعدين الذهب المحدودة","خرامة DM1004",UAT-B07,converted
4,UNT-044953,2026-01-12,متر,0.00,"شركة فاروس لتعدين الذهب المحدودة","خرامة DM1004",UAT-B07,converted
4,UNT-052251,2026-01-12,طن,0.00,"شركة فاروس لتعدين الذهب المحدودة","DAEWOO K6DEF 2021",UAT-B07,converted
4,UNT-052253,2026-01-14,طن,0.00,"شركة فاروس لتعدين الذهب المحدودة","DAEWOO K6DEF 2021",UAT-B07,converted
4,UNT-044955,2026-01-14,متر,0.00,"شركة فاروس لتعدين الذهب المحدودة","خرامة DM1004",UAT-B07,converted
4,UNT-044956,2026-01-15,متر,0.00,"شركة فاروس لتعدين الذهب المحدودة","خرامة DM1004",UAT-B07,converted
4,UNT-052254,2026-01-15,طن,0.00,"شركة فاروس لتعدين الذهب المحدودة","DAEWOO K6DEF 2021",UAT-B07,converted
4,UNT-044957,2026-01-16,متر,0.00,"شركة فاروس لتعدين الذهب المحدودة","خرامة DM1004",UAT-B07,converted
4,UNT-052255,2026-01-16,طن,0.00,"شركة فاروس لتعدين الذهب المحدودة","DAEWOO K6DEF 2021",UAT-B07,converted
4,UNT-052257,2026-01-18,طن,0.00,"شركة فاروس لتعدين الذهب المحدودة","DAEWOO K6DEF 2021",UAT-B07,converted
4,UNT-044959,2026-01-18,متر,0.00,"شركة فاروس لتعدين الذهب المحدودة","خرامة DM1004",UAT-B07,converted
4,UNT-044960,2026-01-19,متر,0.00,"شركة فاروس لتعدين الذهب المحدودة","خرامة DM1004",UAT-B07,converted
4,UNT-052258,2026-01-19,طن,0.00,"شركة فاروس لتعدين الذهب المحدودة","DAEWOO K6DEF 2021",UAT-B07,converted
4,UNT-052259,2026-01-20,طن,0.00,"شركة فاروس لتعدين الذهب المحدودة","DAEWOO K6DEF 2021",UAT-B07,converted
4,UNT-044961,2026-01-20,متر,0.00,"شركة فاروس لتعدين الذهب المحدودة","خرامة DM1004",UAT-B07,converted
4,UNT-052261,2026-01-22,طن,0.00,"شركة فاروس لتعدين الذهب المحدودة","DAEWOO K6DEF 2021",UAT-B07,converted
4,UNT-044963,2026-01-22,متر,0.00,"شركة فاروس لتعدين الذهب المحدودة","خرامة DM1004",UAT-B07,converted
4,UNT-052262,2026-01-23,طن,0.00,"شركة فاروس لتعدين الذهب المحدودة","DAEWOO K6DEF 2021",UAT-B07,converted
4,UNT-044964,2026-01-23,متر,0.00,"شركة فاروس لتعدين الذهب المحدودة","خرامة DM1004",UAT-B07,converted
4,UNT-044965,2026-01-24,متر,0.00,"شركة فاروس لتعدين الذهب المحدودة","خرامة DM1004",UAT-B07,converted
4,UNT-052263,2026-01-24,طن,0.00,"شركة فاروس لتعدين الذهب المحدودة","DAEWOO K6DEF 2021",UAT-B07,converted
4,UNT-052265,2026-01-26,طن,0.00,"شركة فاروس لتعدين الذهب المحدودة","DAEWOO K6DEF 2021",UAT-B07,converted
4,UNT-044967,2026-01-26,متر,0.00,"شركة فاروس لتعدين الذهب المحدودة","خرامة DM1004",UAT-B07,converted
4,UNT-044968,2026-01-27,متر,0.00,"شركة فاروس لتعدين الذهب المحدودة","خرامة DM1004",UAT-B07,converted
4,UNT-052266,2026-01-27,طن,0.00,"شركة فاروس لتعدين الذهب المحدودة","DAEWOO K6DEF 2021",UAT-B07,converted
4,UNT-052267,2026-01-28,طن,0.00,"شركة فاروس لتعدين الذهب المحدودة","DAEWOO K6DEF 2021",UAT-B07,converted
4,UNT-044969,2026-01-28,متر,0.00,"شركة فاروس لتعدين الذهب المحدودة","خرامة DM1004",UAT-B07,converted
4,UNT-044971,2026-01-30,متر,0.00,"شركة فاروس لتعدين الذهب المحدودة","خرامة DM1004",UAT-B07,converted
4,UNT-052269,2026-01-30,طن,0.00,"شركة فاروس لتعدين الذهب المحدودة","DAEWOO K6DEF 2021",UAT-B07,converted
4,UNT-044972,2026-01-31,متر,0.00,"شركة فاروس لتعدين الذهب المحدودة","خرامة DM1004",UAT-B07,converted
4,UNT-052270,2026-01-31,طن,0.00,"شركة فاروس لتعدين الذهب المحدودة","DAEWOO K6DEF 2021",UAT-B07,converted
4,UNT-052272,2026-02-02,طن,0.00,"شركة فاروس لتعدين الذهب المحدودة","DAEWOO K6DEF 2021",UAT-B07,converted
4,UNT-052273,2026-02-03,طن,0.00,"شركة فاروس لتعدين الذهب المحدودة","DAEWOO K6DEF 2021",UAT-B07,converted
4,UNT-052274,2026-02-04,طن,0.00,"شركة فاروس لتعدين الذهب المحدودة","DAEWOO K6DEF 2021",UAT-B07,converted
4,UNT-052276,2026-02-06,طن,0.00,"شركة فاروس لتعدين الذهب المحدودة","DAEWOO K6DEF 2021",UAT-B07,converted
4,UNT-052277,2026-02-07,طن,0.00,"شركة فاروس لتعدين الذهب المحدودة","DAEWOO K6DEF 2021",UAT-B07,converted
4,UNT-052278,2026-02-08,طن,0.00,"شركة فاروس لتعدين الذهب المحدودة","DAEWOO K6DEF 2021",UAT-B07,converted
4,UNT-052280,2026-02-10,طن,0.00,"شركة فاروس لتعدين الذهب المحدودة","DAEWOO K6DEF 2021",UAT-B07,converted
4,UNT-052281,2026-02-11,طن,0.00,"شركة فاروس لتعدين الذهب المحدودة","DAEWOO K6DEF 2021",UAT-B07,converted
4,UNT-052282,2026-02-12,طن,0.00,"شركة فاروس لتعدين الذهب المحدودة","DAEWOO K6DEF 2021",UAT-B07,converted
4,UNT-052284,2026-02-14,طن,0.00,"شركة فاروس لتعدين الذهب المحدودة","DAEWOO K6DEF 2021",UAT-B07,converted
4,UNT-052285,2026-02-15,طن,0.00,"شركة فاروس لتعدين الذهب المحدودة","DAEWOO K6DEF 2021",UAT-B07,converted
4,UNT-052286,2026-02-16,طن,0.00,"شركة فاروس لتعدين الذهب المحدودة","DAEWOO K6DEF 2021",UAT-B07,converted
4,UNT-052288,2026-02-18,طن,0.00,"شركة فاروس لتعدين الذهب المحدودة","DAEWOO K6DEF 2021",UAT-B07,converted
4,UNT-052289,2026-02-19,طن,0.00,"شركة فاروس لتعدين الذهب المحدودة","DAEWOO K6DEF 2021",UAT-B07,converted
4,UNT-052290,2026-02-20,طن,0.00,"شركة فاروس لتعدين الذهب المحدودة","DAEWOO K6DEF 2021",UAT-B07,converted
4,UNT-052292,2026-02-22,طن,0.00,"شركة فاروس لتعدين الذهب المحدودة","DAEWOO K6DEF 2021",UAT-B07,converted
4,UNT-052293,2026-02-23,طن,0.00,"شركة فاروس لتعدين الذهب المحدودة","DAEWOO K6DEF 2021",UAT-B07,converted
4,UNT-052294,2026-02-24,طن,0.00,"شركة فاروس لتعدين الذهب المحدودة","DAEWOO K6DEF 2021",UAT-B07,converted
4,UNT-052296,2026-02-26,طن,0.00,"شركة فاروس لتعدين الذهب المحدودة","DAEWOO K6DEF 2021",UAT-B07,converted
4,UNT-052297,2026-02-27,طن,0.00,"شركة فاروس لتعدين الذهب المحدودة","DAEWOO K6DEF 2021",UAT-B07,converted
4,UNT-052298,2026-02-28,طن,0.00,"شركة فاروس لتعدين الذهب المحدودة","DAEWOO K6DEF 2021",UAT-B07,converted
4,UNT-050439,2026-03-02,طن,0.00,"شركة فاروس لتعدين الذهب المحدودة","قلاب TQ1090",UAT-B07,converted
4,UNT-050927,2026-03-02,طن,0.00,"شركة فاروس لتعدين الذهب المحدودة","قلاب TQ1098",UAT-B07,converted
4,UNT-052300,2026-03-02,طن,0.00,"شركة فاروس لتعدين الذهب المحدودة","DAEWOO K6DEF 2021",UAT-B07,converted
4,UNT-050440,2026-03-03,طن,0.00,"شركة فاروس لتعدين الذهب المحدودة","قلاب TQ1090",UAT-B07,converted
4,UNT-052301,2026-03-03,طن,0.00,"شركة فاروس لتعدين الذهب المحدودة","DAEWOO K6DEF 2021",UAT-B07,converted
4,UNT-050928,2026-03-03,طن,0.00,"شركة فاروس لتعدين الذهب المحدودة","قلاب TQ1098",UAT-B07,converted
4,UNT-050441,2026-03-04,طن,0.00,"شركة فاروس لتعدين الذهب المحدودة","قلاب TQ1090",UAT-B07,converted
4,UNT-050929,2026-03-04,طن,0.00,"شركة فاروس لتعدين الذهب المحدودة","قلاب TQ1098",UAT-B07,converted
4,UNT-052302,2026-03-04,طن,0.00,"شركة فاروس لتعدين الذهب المحدودة","DAEWOO K6DEF 2021",UAT-B07,converted
4,UNT-050931,2026-03-06,طن,0.00,"شركة فاروس لتعدين الذهب المحدودة","قلاب TQ1098",UAT-B07,converted
4,UNT-050443,2026-03-06,طن,0.00,"شركة فاروس لتعدين الذهب المحدودة","قلاب TQ1090",UAT-B07,converted
4,UNT-052304,2026-03-06,طن,0.00,"شركة فاروس لتعدين الذهب المحدودة","DAEWOO K6DEF 2021",UAT-B07,converted
4,UNT-050932,2026-03-07,طن,0.00,"شركة فاروس لتعدين الذهب المحدودة","قلاب TQ1098",UAT-B07,converted
4,UNT-050444,2026-03-07,طن,0.00,"شركة فاروس لتعدين الذهب المحدودة","قلاب TQ1090",UAT-B07,converted
4,UNT-052305,2026-03-07,طن,0.00,"شركة فاروس لتعدين الذهب المحدودة","DAEWOO K6DEF 2021",UAT-B07,converted
4,UNT-050933,2026-03-08,طن,0.00,"شركة فاروس لتعدين الذهب المحدودة","قلاب TQ1098",UAT-B07,converted
4,UNT-052306,2026-03-08,طن,0.00,"شركة فاروس لتعدين الذهب المحدودة","DAEWOO K6DEF 2021",UAT-B07,converted
4,UNT-050445,2026-03-08,طن,0.00,"شركة فاروس لتعدين الذهب المحدودة","قلاب TQ1090",UAT-B07,converted
4,UNT-052308,2026-03-10,طن,0.00,"شركة فاروس لتعدين الذهب المحدودة","DAEWOO K6DEF 2021",UAT-B07,converted
4,UNT-050447,2026-03-10,طن,0.00,"شركة فاروس لتعدين الذهب المحدودة","قلاب TQ1090",UAT-B07,converted
4,UNT-050935,2026-03-10,طن,0.00,"شركة فاروس لتعدين الذهب المحدودة","قلاب TQ1098",UAT-B07,converted
4,UNT-052309,2026-03-11,طن,0.00,"شركة فاروس لتعدين الذهب المحدودة","DAEWOO K6DEF 2021",UAT-B07,converted
4,UNT-050448,2026-03-11,طن,0.00,"شركة فاروس لتعدين الذهب المحدودة","قلاب TQ1090",UAT-B07,converted
4,UNT-050936,2026-03-11,طن,0.00,"شركة فاروس لتعدين الذهب المحدودة","قلاب TQ1098",UAT-B07,converted
4,UNT-050449,2026-03-12,طن,0.00,"شركة فاروس لتعدين الذهب المحدودة","قلاب TQ1090",UAT-B07,converted
4,UNT-052310,2026-03-12,طن,0.00,"شركة فاروس لتعدين الذهب المحدودة","DAEWOO K6DEF 2021",UAT-B07,converted
4,UNT-050937,2026-03-12,طن,0.00,"شركة فاروس لتعدين الذهب المحدودة","قلاب TQ1098",UAT-B07,converted
4,UNT-052312,2026-03-14,طن,0.00,"شركة فاروس لتعدين الذهب المحدودة","DAEWOO K6DEF 2021",UAT-B07,converted
4,UNT-050451,2026-03-14,طن,0.00,"شركة فاروس لتعدين الذهب المحدودة","قلاب TQ1090",UAT-B07,converted
4,UNT-050939,2026-03-14,طن,0.00,"شركة فاروس لتعدين الذهب المحدودة","قلاب TQ1098",UAT-B07,converted
4,UNT-052313,2026-03-15,طن,0.00,"شركة فاروس لتعدين الذهب المحدودة","DAEWOO K6DEF 2021",UAT-B07,converted
4,UNT-050452,2026-03-15,طن,0.00,"شركة فاروس لتعدين الذهب المحدودة","قلاب TQ1090",UAT-B07,converted
4,UNT-050940,2026-03-15,طن,0.00,"شركة فاروس لتعدين الذهب المحدودة","قلاب TQ1098",UAT-B07,converted
4,UNT-050941,2026-03-16,طن,0.00,"شركة فاروس لتعدين الذهب المحدودة","قلاب TQ1098",UAT-B07,converted
4,UNT-052314,2026-03-16,طن,0.00,"شركة فاروس لتعدين الذهب المحدودة","DAEWOO K6DEF 2021",UAT-B07,converted
4,UNT-050453,2026-03-16,طن,0.00,"شركة فاروس لتعدين الذهب المحدودة","قلاب TQ1090",UAT-B07,converted
4,UNT-052316,2026-03-18,طن,0.00,"شركة فاروس لتعدين الذهب المحدودة","DAEWOO K6DEF 2021",UAT-B07,converted
4,UNT-050943,2026-03-18,طن,0.00,"شركة فاروس لتعدين الذهب المحدودة","قلاب TQ1098",UAT-B07,converted
4,UNT-050455,2026-03-18,طن,0.00,"شركة فاروس لتعدين الذهب المحدودة","قلاب TQ1090",UAT-B07,converted
4,UNT-052317,2026-03-19,طن,0.00,"شركة فاروس لتعدين الذهب المحدودة","DAEWOO K6DEF 2021",UAT-B07,converted
4,UNT-050944,2026-03-19,طن,0.00,"شركة فاروس لتعدين الذهب المحدودة","قلاب TQ1098",UAT-B07,converted
4,UNT-050456,2026-03-19,طن,0.00,"شركة فاروس لتعدين الذهب المحدودة","قلاب TQ1090",UAT-B07,converted
4,UNT-052318,2026-03-20,طن,0.00,"شركة فاروس لتعدين الذهب المحدودة","DAEWOO K6DEF 2021",UAT-B07,converted
4,UNT-050945,2026-03-20,طن,0.00,"شركة فاروس لتعدين الذهب المحدودة","قلاب TQ1098",UAT-B07,converted
4,UNT-050457,2026-03-20,طن,0.00,"شركة فاروس لتعدين الذهب المحدودة","قلاب TQ1090",UAT-B07,converted
4,UNT-052320,2026-03-22,طن,0.00,"شركة فاروس لتعدين الذهب المحدودة","DAEWOO K6DEF 2021",UAT-B07,converted
4,UNT-050947,2026-03-22,طن,0.00,"شركة فاروس لتعدين الذهب المحدودة","قلاب TQ1098",UAT-B07,converted
4,UNT-050459,2026-03-22,طن,0.00,"شركة فاروس لتعدين الذهب المحدودة","قلاب TQ1090",UAT-B07,converted
4,UNT-050948,2026-03-23,طن,0.00,"شركة فاروس لتعدين الذهب المحدودة","قلاب TQ1098",UAT-B07,converted
4,UNT-052321,2026-03-23,طن,0.00,"شركة فاروس لتعدين الذهب المحدودة","DAEWOO K6DEF 2021",UAT-B07,converted
4,UNT-050460,2026-03-23,طن,0.00,"شركة فاروس لتعدين الذهب المحدودة","قلاب TQ1090",UAT-B07,converted
4,UNT-050949,2026-03-24,طن,0.00,"شركة فاروس لتعدين الذهب المحدودة","قلاب TQ1098",UAT-B07,converted
4,UNT-050461,2026-03-24,طن,0.00,"شركة فاروس لتعدين الذهب المحدودة","قلاب TQ1090",UAT-B07,converted
4,UNT-052322,2026-03-24,طن,0.00,"شركة فاروس لتعدين الذهب المحدودة","DAEWOO K6DEF 2021",UAT-B07,converted
4,UNT-050463,2026-03-26,طن,0.00,"شركة فاروس لتعدين الذهب المحدودة","قلاب TQ1090",UAT-B07,converted
4,UNT-050951,2026-03-26,طن,0.00,"شركة فاروس لتعدين الذهب المحدودة","قلاب TQ1098",UAT-B07,converted
4,UNT-052324,2026-03-26,طن,0.00,"شركة فاروس لتعدين الذهب المحدودة","DAEWOO K6DEF 2021",UAT-B07,converted
4,UNT-052325,2026-03-27,طن,0.00,"شركة فاروس لتعدين الذهب المحدودة","DAEWOO K6DEF 2021",UAT-B07,converted
4,UNT-050464,2026-03-27,طن,0.00,"شركة فاروس لتعدين الذهب المحدودة","قلاب TQ1090",UAT-B07,converted
4,UNT-050952,2026-03-27,طن,0.00,"شركة فاروس لتعدين الذهب المحدودة","قلاب TQ1098",UAT-B07,converted
4,UNT-050465,2026-03-28,طن,0.00,"شركة فاروس لتعدين الذهب المحدودة","قلاب TQ1090",UAT-B07,converted
4,UNT-052326,2026-03-28,طن,0.00,"شركة فاروس لتعدين الذهب المحدودة","DAEWOO K6DEF 2021",UAT-B07,converted
4,UNT-050953,2026-03-28,طن,0.00,"شركة فاروس لتعدين الذهب المحدودة","قلاب TQ1098",UAT-B07,converted
4,UNT-052328,2026-03-30,طن,0.00,"شركة فاروس لتعدين الذهب المحدودة","DAEWOO K6DEF 2021",UAT-B07,converted
4,UNT-050955,2026-03-30,طن,0.00,"شركة فاروس لتعدين الذهب المحدودة","قلاب TQ1098",UAT-B07,converted
4,UNT-050467,2026-03-30,طن,0.00,"شركة فاروس لتعدين الذهب المحدودة","قلاب TQ1090",UAT-B07,converted
4,UNT-052329,2026-03-31,طن,0.00,"شركة فاروس لتعدين الذهب المحدودة","DAEWOO K6DEF 2021",UAT-B07,converted
4,UNT-050956,2026-03-31,طن,0.00,"شركة فاروس لتعدين الذهب المحدودة","قلاب TQ1098",UAT-B07,converted
4,UNT-050468,2026-03-31,طن,0.00,"شركة فاروس لتعدين الذهب المحدودة","قلاب TQ1090",UAT-B07,converted
4,UNT-052331,2026-04-02,طن,0.00,"شركة فاروس لتعدين الذهب المحدودة","DAEWOO K6DEF 2021",UAT-B07,converted
4,UNT-045132,2026-04-02,متر,0.00,"شركة فاروس لتعدين الذهب المحدودة","ADET DH-3 Drilling Rig",UAT-B07,converted
4,UNT-045133,2026-04-03,متر,0.00,"شركة فاروس لتعدين الذهب المحدودة","ADET DH-3 Drilling Rig",UAT-B07,converted
4,UNT-052332,2026-04-03,طن,0.00,"شركة فاروس لتعدين الذهب المحدودة","DAEWOO K6DEF 2021",UAT-B07,converted
4,UNT-045134,2026-04-04,متر,0.00,"شركة فاروس لتعدين الذهب المحدودة","ADET DH-3 Drilling Rig",UAT-B07,converted
4,UNT-052333,2026-04-04,طن,0.00,"شركة فاروس لتعدين الذهب المحدودة","DAEWOO K6DEF 2021",UAT-B07,converted
4,UNT-052335,2026-04-06,طن,0.00,"شركة فاروس لتعدين الذهب المحدودة","DAEWOO K6DEF 2021",UAT-B07,converted
4,UNT-045136,2026-04-06,متر,0.00,"شركة فاروس لتعدين الذهب المحدودة","ADET DH-3 Drilling Rig",UAT-B07,converted
4,UNT-052336,2026-04-07,طن,0.00,"شركة فاروس لتعدين الذهب المحدودة","DAEWOO K6DEF 2021",UAT-B07,converted
4,UNT-045137,2026-04-07,متر,0.00,"شركة فاروس لتعدين الذهب المحدودة","ADET DH-3 Drilling Rig",UAT-B07,converted
4,UNT-052337,2026-04-08,طن,0.00,"شركة فاروس لتعدين الذهب المحدودة","DAEWOO K6DEF 2021",UAT-B07,converted
4,UNT-045138,2026-04-08,متر,0.00,"شركة فاروس لتعدين الذهب المحدودة","ADET DH-3 Drilling Rig",UAT-B07,converted
4,UNT-045140,2026-04-10,متر,0.00,"شركة فاروس لتعدين الذهب المحدودة","ADET DH-3 Drilling Rig",UAT-B07,converted
4,UNT-052339,2026-04-10,طن,0.00,"شركة فاروس لتعدين الذهب المحدودة","DAEWOO K6DEF 2021",UAT-B07,converted
4,UNT-052340,2026-04-11,طن,0.00,"شركة فاروس لتعدين الذهب المحدودة","DAEWOO K6DEF 2021",UAT-B07,converted
4,UNT-045141,2026-04-11,متر,0.00,"شركة فاروس لتعدين الذهب المحدودة","ADET DH-3 Drilling Rig",UAT-B07,converted
4,UNT-045142,2026-04-12,متر,0.00,"شركة فاروس لتعدين الذهب المحدودة","ADET DH-3 Drilling Rig",UAT-B07,converted
4,UNT-052341,2026-04-12,طن,0.00,"شركة فاروس لتعدين الذهب المحدودة","DAEWOO K6DEF 2021",UAT-B07,converted
4,UNT-052343,2026-04-14,طن,0.00,"شركة فاروس لتعدين الذهب المحدودة","DAEWOO K6DEF 2021",UAT-B07,converted
4,UNT-045144,2026-04-14,متر,0.00,"شركة فاروس لتعدين الذهب المحدودة","ADET DH-3 Drilling Rig",UAT-B07,converted
4,UNT-052344,2026-04-15,طن,0.00,"شركة فاروس لتعدين الذهب المحدودة","DAEWOO K6DEF 2021",UAT-B07,converted
4,UNT-045145,2026-04-15,متر,0.00,"شركة فاروس لتعدين الذهب المحدودة","ADET DH-3 Drilling Rig",UAT-B07,converted
4,UNT-052345,2026-04-16,طن,0.00,"شركة فاروس لتعدين الذهب المحدودة","DAEWOO K6DEF 2021",UAT-B07,converted
4,UNT-045146,2026-04-16,متر,0.00,"شركة فاروس لتعدين الذهب المحدودة","ADET DH-3 Drilling Rig",UAT-B07,converted
4,UNT-052347,2026-04-18,طن,0.00,"شركة فاروس لتعدين الذهب المحدودة","DAEWOO K6DEF 2021",UAT-B07,converted
4,UNT-045148,2026-04-18,متر,0.00,"شركة فاروس لتعدين الذهب المحدودة","ADET DH-3 Drilling Rig",UAT-B07,converted
4,UNT-052348,2026-04-19,طن,0.00,"شركة فاروس لتعدين الذهب المحدودة","DAEWOO K6DEF 2021",UAT-B07,converted
4,UNT-045149,2026-04-19,متر,0.00,"شركة فاروس لتعدين الذهب المحدودة","ADET DH-3 Drilling Rig",UAT-B07,converted
4,UNT-052349,2026-04-20,طن,0.00,"شركة فاروس لتعدين الذهب المحدودة","DAEWOO K6DEF 2021",UAT-B07,converted
4,UNT-045150,2026-04-20,متر,0.00,"شركة فاروس لتعدين الذهب المحدودة","ADET DH-3 Drilling Rig",UAT-B07,converted
4,UNT-052351,2026-04-22,طن,0.00,"شركة فاروس لتعدين الذهب المحدودة","DAEWOO K6DEF 2021",UAT-B07,converted
4,UNT-045152,2026-04-22,متر,0.00,"شركة فاروس لتعدين الذهب المحدودة","ADET DH-3 Drilling Rig",UAT-B07,converted
4,UNT-052352,2026-04-23,طن,0.00,"شركة فاروس لتعدين الذهب المحدودة","DAEWOO K6DEF 2021",UAT-B07,converted
4,UNT-045153,2026-04-23,متر,0.00,"شركة فاروس لتعدين الذهب المحدودة","ADET DH-3 Drilling Rig",UAT-B07,converted
4,UNT-052353,2026-04-24,طن,0.00,"شركة فاروس لتعدين الذهب المحدودة","DAEWOO K6DEF 2021",UAT-B07,converted
4,UNT-045154,2026-04-24,متر,0.00,"شركة فاروس لتعدين الذهب المحدودة","ADET DH-3 Drilling Rig",UAT-B07,converted
4,UNT-045156,2026-04-26,متر,0.00,"شركة فاروس لتعدين الذهب المحدودة","ADET DH-3 Drilling Rig",UAT-B07,converted
4,UNT-052355,2026-04-26,طن,0.00,"شركة فاروس لتعدين الذهب المحدودة","DAEWOO K6DEF 2021",UAT-B07,converted
4,UNT-052356,2026-04-27,طن,0.00,"شركة فاروس لتعدين الذهب المحدودة","DAEWOO K6DEF 2021",UAT-B07,converted
4,UNT-045157,2026-04-27,متر,0.00,"شركة فاروس لتعدين الذهب المحدودة","ADET DH-3 Drilling Rig",UAT-B07,converted
4,UNT-052357,2026-04-28,طن,0.00,"شركة فاروس لتعدين الذهب المحدودة","DAEWOO K6DEF 2021",UAT-B07,converted
4,UNT-045158,2026-04-28,متر,0.00,"شركة فاروس لتعدين الذهب المحدودة","ADET DH-3 Drilling Rig",UAT-B07,converted
4,UNT-045160,2026-04-30,متر,0.00,"شركة فاروس لتعدين الذهب المحدودة","ADET DH-3 Drilling Rig",UAT-B07,converted
4,UNT-052359,2026-04-30,طن,0.00,"شركة فاروس لتعدين الذهب المحدودة","DAEWOO K6DEF 2021",UAT-B07,converted
4,UNT-045162,2026-05-02,متر,0.00,"شركة فاروس لتعدين الذهب المحدودة","ADET DH-3 Drilling Rig",UAT-B07,sales_approved
4,UNT-045466,2026-05-02,متر,0.00,"شركة فاروس لتعدين الذهب المحدودة","خرامة DM1006",UAT-B07,sales_approved
4,UNT-044228,2026-05-02,متر,0.00,"شركة فاروس لتعدين الذهب المحدودة","خرامة DM1001",UAT-B07,sales_approved
4,UNT-052361,2026-05-02,طن,0.00,"شركة فاروس لتعدين الذهب المحدودة","DAEWOO K6DEF 2021",UAT-B07,sales_approved
4,UNT-044229,2026-05-03,متر,0.00,"شركة فاروس لتعدين الذهب المحدودة","خرامة DM1001",UAT-B07,sales_approved
4,UNT-052362,2026-05-03,طن,0.00,"شركة فاروس لتعدين الذهب المحدودة","DAEWOO K6DEF 2021",UAT-B07,sales_approved
4,UNT-045163,2026-05-03,متر,0.00,"شركة فاروس لتعدين الذهب المحدودة","ADET DH-3 Drilling Rig",UAT-B07,sales_approved
4,UNT-045467,2026-05-03,متر,0.00,"شركة فاروس لتعدين الذهب المحدودة","خرامة DM1006",UAT-B07,sales_approved
4,UNT-044230,2026-05-04,متر,0.00,"شركة فاروس لتعدين الذهب المحدودة","خرامة DM1001",UAT-B07,sales_approved
4,UNT-045468,2026-05-04,متر,0.00,"شركة فاروس لتعدين الذهب المحدودة","خرامة DM1006",UAT-B07,sales_approved
4,UNT-052363,2026-05-04,طن,0.00,"شركة فاروس لتعدين الذهب المحدودة","DAEWOO K6DEF 2021",UAT-B07,sales_approved
4,UNT-045164,2026-05-04,متر,0.00,"شركة فاروس لتعدين الذهب المحدودة","ADET DH-3 Drilling Rig",UAT-B07,sales_approved
4,UNT-045166,2026-05-06,متر,0.00,"شركة فاروس لتعدين الذهب المحدودة","ADET DH-3 Drilling Rig",UAT-B07,sales_approved
4,UNT-045470,2026-05-06,متر,0.00,"شركة فاروس لتعدين الذهب المحدودة","خرامة DM1006",UAT-B07,sales_approved
4,UNT-044232,2026-05-06,متر,0.00,"شركة فاروس لتعدين الذهب المحدودة","خرامة DM1001",UAT-B07,sales_approved
4,UNT-052365,2026-05-06,طن,0.00,"شركة فاروس لتعدين الذهب المحدودة","DAEWOO K6DEF 2021",UAT-B07,sales_approved
4,UNT-052366,2026-05-07,طن,0.00,"شركة فاروس لتعدين الذهب المحدودة","DAEWOO K6DEF 2021",UAT-B07,sales_approved
4,UNT-044233,2026-05-07,متر,0.00,"شركة فاروس لتعدين الذهب المحدودة","خرامة DM1001",UAT-B07,sales_approved
4,UNT-045167,2026-05-07,متر,0.00,"شركة فاروس لتعدين الذهب المحدودة","ADET DH-3 Drilling Rig",UAT-B07,sales_approved
4,UNT-045471,2026-05-07,متر,0.00,"شركة فاروس لتعدين الذهب المحدودة","خرامة DM1006",UAT-B07,sales_approved
4,UNT-045168,2026-05-08,متر,0.00,"شركة فاروس لتعدين الذهب المحدودة","ADET DH-3 Drilling Rig",UAT-B07,sales_approved
4,UNT-045472,2026-05-08,متر,0.00,"شركة فاروس لتعدين الذهب المحدودة","خرامة DM1006",UAT-B07,sales_approved
4,UNT-044234,2026-05-08,متر,0.00,"شركة فاروس لتعدين الذهب المحدودة","خرامة DM1001",UAT-B07,sales_approved
4,UNT-052367,2026-05-08,طن,0.00,"شركة فاروس لتعدين الذهب المحدودة","DAEWOO K6DEF 2021",UAT-B07,sales_approved
4,UNT-045474,2026-05-10,متر,0.00,"شركة فاروس لتعدين الذهب المحدودة","خرامة DM1006",UAT-B07,sales_approved
4,UNT-044236,2026-05-10,متر,0.00,"شركة فاروس لتعدين الذهب المحدودة","خرامة DM1001",UAT-B07,sales_approved
4,UNT-052369,2026-05-10,طن,0.00,"شركة فاروس لتعدين الذهب المحدودة","DAEWOO K6DEF 2021",UAT-B07,sales_approved
4,UNT-045170,2026-05-10,متر,0.00,"شركة فاروس لتعدين الذهب المحدودة","ADET DH-3 Drilling Rig",UAT-B07,sales_approved
4,UNT-044237,2026-05-11,متر,0.00,"شركة فاروس لتعدين الذهب المحدودة","خرامة DM1001",UAT-B07,sales_approved
4,UNT-045171,2026-05-11,متر,0.00,"شركة فاروس لتعدين الذهب المحدودة","ADET DH-3 Drilling Rig",UAT-B07,sales_approved
4,UNT-052370,2026-05-11,طن,0.00,"شركة فاروس لتعدين الذهب المحدودة","DAEWOO K6DEF 2021",UAT-B07,sales_approved
4,UNT-045475,2026-05-11,متر,0.00,"شركة فاروس لتعدين الذهب المحدودة","خرامة DM1006",UAT-B07,sales_approved
4,UNT-045172,2026-05-12,متر,0.00,"شركة فاروس لتعدين الذهب المحدودة","ADET DH-3 Drilling Rig",UAT-B07,sales_approved
4,UNT-052371,2026-05-12,طن,0.00,"شركة فاروس لتعدين الذهب المحدودة","DAEWOO K6DEF 2021",UAT-B07,sales_approved
4,UNT-045476,2026-05-12,متر,0.00,"شركة فاروس لتعدين الذهب المحدودة","خرامة DM1006",UAT-B07,sales_approved
4,UNT-044238,2026-05-12,متر,0.00,"شركة فاروس لتعدين الذهب المحدودة","خرامة DM1001",UAT-B07,sales_approved
4,UNT-052373,2026-05-14,طن,0.00,"شركة فاروس لتعدين الذهب المحدودة","DAEWOO K6DEF 2021",UAT-B07,sales_approved
4,UNT-044240,2026-05-14,متر,0.00,"شركة فاروس لتعدين الذهب المحدودة","خرامة DM1001",UAT-B07,sales_approved
4,UNT-045478,2026-05-14,متر,0.00,"شركة فاروس لتعدين الذهب المحدودة","خرامة DM1006",UAT-B07,sales_approved
4,UNT-045174,2026-05-14,متر,0.00,"شركة فاروس لتعدين الذهب المحدودة","ADET DH-3 Drilling Rig",UAT-B07,sales_approved
4,UNT-045175,2026-05-15,متر,0.00,"شركة فاروس لتعدين الذهب المحدودة","ADET DH-3 Drilling Rig",UAT-B07,sales_approved
4,UNT-045479,2026-05-15,متر,0.00,"شركة فاروس لتعدين الذهب المحدودة","خرامة DM1006",UAT-B07,sales_approved
4,UNT-044241,2026-05-15,متر,0.00,"شركة فاروس لتعدين الذهب المحدودة","خرامة DM1001",UAT-B07,sales_approved
4,UNT-052374,2026-05-15,طن,0.00,"شركة فاروس لتعدين الذهب المحدودة","DAEWOO K6DEF 2021",UAT-B07,sales_approved
4,UNT-045176,2026-05-16,متر,0.00,"شركة فاروس لتعدين الذهب المحدودة","ADET DH-3 Drilling Rig",UAT-B07,sales_approved
4,UNT-044242,2026-05-16,متر,0.00,"شركة فاروس لتعدين الذهب المحدودة","خرامة DM1001",UAT-B07,sales_approved
4,UNT-052375,2026-05-16,طن,0.00,"شركة فاروس لتعدين الذهب المحدودة","DAEWOO K6DEF 2021",UAT-B07,sales_approved
4,UNT-045480,2026-05-16,متر,0.00,"شركة فاروس لتعدين الذهب المحدودة","خرامة DM1006",UAT-B07,sales_approved
4,UNT-052377,2026-05-18,طن,0.00,"شركة فاروس لتعدين الذهب المحدودة","DAEWOO K6DEF 2021",UAT-B07,sales_approved
4,UNT-045178,2026-05-18,متر,0.00,"شركة فاروس لتعدين الذهب المحدودة","ADET DH-3 Drilling Rig",UAT-B07,sales_approved
4,UNT-045482,2026-05-18,متر,0.00,"شركة فاروس لتعدين الذهب المحدودة","خرامة DM1006",UAT-B07,sales_approved
4,UNT-044244,2026-05-18,متر,0.00,"شركة فاروس لتعدين الذهب المحدودة","خرامة DM1001",UAT-B07,sales_approved
4,UNT-052378,2026-05-19,طن,0.00,"شركة فاروس لتعدين الذهب المحدودة","DAEWOO K6DEF 2021",UAT-B07,sales_approved
4,UNT-045483,2026-05-19,متر,0.00,"شركة فاروس لتعدين الذهب المحدودة","خرامة DM1006",UAT-B07,sales_approved
4,UNT-045179,2026-05-19,متر,0.00,"شركة فاروس لتعدين الذهب المحدودة","ADET DH-3 Drilling Rig",UAT-B07,sales_approved
4,UNT-044245,2026-05-19,متر,0.00,"شركة فاروس لتعدين الذهب المحدودة","خرامة DM1001",UAT-B07,sales_approved
4,UNT-044246,2026-05-20,متر,0.00,"شركة فاروس لتعدين الذهب المحدودة","خرامة DM1001",UAT-B07,sales_approved
4,UNT-045484,2026-05-20,متر,0.00,"شركة فاروس لتعدين الذهب المحدودة","خرامة DM1006",UAT-B07,sales_approved
4,UNT-052379,2026-05-20,طن,0.00,"شركة فاروس لتعدين الذهب المحدودة","DAEWOO K6DEF 2021",UAT-B07,sales_approved
4,UNT-045180,2026-05-20,متر,0.00,"شركة فاروس لتعدين الذهب المحدودة","ADET DH-3 Drilling Rig",UAT-B07,sales_approved
4,UNT-045486,2026-05-22,متر,0.00,"شركة فاروس لتعدين الذهب المحدودة","خرامة DM1006",UAT-B07,sales_approved
4,UNT-045182,2026-05-22,متر,0.00,"شركة فاروس لتعدين الذهب المحدودة","ADET DH-3 Drilling Rig",UAT-B07,sales_approved
4,UNT-052381,2026-05-22,طن,0.00,"شركة فاروس لتعدين الذهب المحدودة","DAEWOO K6DEF 2021",UAT-B07,sales_approved
4,UNT-044248,2026-05-22,متر,0.00,"شركة فاروس لتعدين الذهب المحدودة","خرامة DM1001",UAT-B07,sales_approved
4,UNT-045183,2026-05-23,متر,0.00,"شركة فاروس لتعدين الذهب المحدودة","ADET DH-3 Drilling Rig",UAT-B07,sales_approved
4,UNT-044249,2026-05-23,متر,0.00,"شركة فاروس لتعدين الذهب المحدودة","خرامة DM1001",UAT-B07,sales_approved
4,UNT-052382,2026-05-23,طن,0.00,"شركة فاروس لتعدين الذهب المحدودة","DAEWOO K6DEF 2021",UAT-B07,sales_approved
4,UNT-045487,2026-05-23,متر,0.00,"شركة فاروس لتعدين الذهب المحدودة","خرامة DM1006",UAT-B07,sales_approved
4,UNT-045184,2026-05-24,متر,0.00,"شركة فاروس لتعدين الذهب المحدودة","ADET DH-3 Drilling Rig",UAT-B07,sales_approved
4,UNT-052383,2026-05-24,طن,0.00,"شركة فاروس لتعدين الذهب المحدودة","DAEWOO K6DEF 2021",UAT-B07,sales_approved
4,UNT-045488,2026-05-24,متر,0.00,"شركة فاروس لتعدين الذهب المحدودة","خرامة DM1006",UAT-B07,sales_approved
4,UNT-044250,2026-05-24,متر,0.00,"شركة فاروس لتعدين الذهب المحدودة","خرامة DM1001",UAT-B07,sales_approved
4,UNT-052385,2026-05-26,طن,0.00,"شركة فاروس لتعدين الذهب المحدودة","DAEWOO K6DEF 2021",UAT-B07,sales_approved
4,UNT-045490,2026-05-26,متر,0.00,"شركة فاروس لتعدين الذهب المحدودة","خرامة DM1006",UAT-B07,sales_approved
4,UNT-044252,2026-05-26,متر,0.00,"شركة فاروس لتعدين الذهب المحدودة","خرامة DM1001",UAT-B07,sales_approved
4,UNT-045186,2026-05-26,متر,0.00,"شركة فاروس لتعدين الذهب المحدودة","ADET DH-3 Drilling Rig",UAT-B07,sales_approved
4,UNT-052386,2026-05-27,طن,0.00,"شركة فاروس لتعدين الذهب المحدودة","DAEWOO K6DEF 2021",UAT-B07,sales_approved
4,UNT-045491,2026-05-27,متر,0.00,"شركة فاروس لتعدين الذهب المحدودة","خرامة DM1006",UAT-B07,sales_approved
4,UNT-045187,2026-05-27,متر,0.00,"شركة فاروس لتعدين الذهب المحدودة","ADET DH-3 Drilling Rig",UAT-B07,sales_approved
4,UNT-044253,2026-05-27,متر,0.00,"شركة فاروس لتعدين الذهب المحدودة","خرامة DM1001",UAT-B07,sales_approved
4,UNT-045492,2026-05-28,متر,0.00,"شركة فاروس لتعدين الذهب المحدودة","خرامة DM1006",UAT-B07,sales_approved
4,UNT-044254,2026-05-28,متر,0.00,"شركة فاروس لتعدين الذهب المحدودة","خرامة DM1001",UAT-B07,sales_approved
4,UNT-045188,2026-05-28,متر,0.00,"شركة فاروس لتعدين الذهب المحدودة","ADET DH-3 Drilling Rig",UAT-B07,sales_approved
4,UNT-052387,2026-05-28,طن,0.00,"شركة فاروس لتعدين الذهب المحدودة","DAEWOO K6DEF 2021",UAT-B07,sales_approved
4,UNT-052389,2026-05-30,طن,0.00,"شركة فاروس لتعدين الذهب المحدودة","DAEWOO K6DEF 2021",UAT-B07,sales_approved
4,UNT-044256,2026-05-30,متر,0.00,"شركة فاروس لتعدين الذهب المحدودة","خرامة DM1001",UAT-B07,sales_approved
4,UNT-045190,2026-05-30,متر,0.00,"شركة فاروس لتعدين الذهب المحدودة","ADET DH-3 Drilling Rig",UAT-B07,sales_approved
4,UNT-045494,2026-05-30,متر,0.00,"شركة فاروس لتعدين الذهب المحدودة","خرامة DM1006",UAT-B07,sales_approved
4,UNT-052390,2026-05-31,طن,0.00,"شركة فاروس لتعدين الذهب المحدودة","DAEWOO K6DEF 2021",UAT-B07,sales_approved
4,UNT-045191,2026-05-31,متر,0.00,"شركة فاروس لتعدين الذهب المحدودة","ADET DH-3 Drilling Rig",UAT-B07,sales_approved
4,UNT-044257,2026-05-31,متر,0.00,"شركة فاروس لتعدين الذهب المحدودة","خرامة DM1001",UAT-B07,sales_approved
4,UNT-045495,2026-05-31,متر,0.00,"شركة فاروس لتعدين الذهب المحدودة","خرامة DM1006",UAT-B07,sales_approved
4,UNT-051843,2026-06-02,طن,0.00,"شركة فاروس لتعدين الذهب المحدودة","قلاب TQ1071",UAT-B07,sales_approved
4,UNT-052392,2026-06-02,طن,0.00,"شركة فاروس لتعدين الذهب المحدودة","DAEWOO K6DEF 2021",UAT-B07,sales_approved
4,UNT-050989,2026-06-02,طن,0.00,"شركة فاروس لتعدين الذهب المحدودة","قلاب TQ1098",UAT-B07,sales_approved
4,UNT-044259,2026-06-02,متر,0.00,"شركة فاروس لتعدين الذهب المحدودة","خرامة DM1001",UAT-B07,sales_approved
4,UNT-050990,2026-06-03,طن,0.00,"شركة فاروس لتعدين الذهب المحدودة","قلاب TQ1098",UAT-B07,sales_approved
4,UNT-044260,2026-06-03,متر,0.00,"شركة فاروس لتعدين الذهب المحدودة","خرامة DM1001",UAT-B07,sales_approved
4,UNT-051844,2026-06-03,طن,0.00,"شركة فاروس لتعدين الذهب المحدودة","قلاب TQ1071",UAT-B07,sales_approved
4,UNT-052393,2026-06-03,طن,0.00,"شركة فاروس لتعدين الذهب المحدودة","DAEWOO K6DEF 2021",UAT-B07,sales_approved
4,UNT-051845,2026-06-04,طن,0.00,"شركة فاروس لتعدين الذهب المحدودة","قلاب TQ1071",UAT-B07,sales_approved
4,UNT-044261,2026-06-04,متر,0.00,"شركة فاروس لتعدين الذهب المحدودة","خرامة DM1001",UAT-B07,sales_approved
4,UNT-052394,2026-06-04,طن,0.00,"شركة فاروس لتعدين الذهب المحدودة","DAEWOO K6DEF 2021",UAT-B07,sales_approved
4,UNT-050991,2026-06-04,طن,0.00,"شركة فاروس لتعدين الذهب المحدودة","قلاب TQ1098",UAT-B07,sales_approved
4,UNT-052396,2026-06-06,طن,0.00,"شركة فاروس لتعدين الذهب المحدودة","DAEWOO K6DEF 2021",UAT-B07,sales_approved
4,UNT-044263,2026-06-06,متر,0.00,"شركة فاروس لتعدين الذهب المحدودة","خرامة DM1001",UAT-B07,sales_approved
4,UNT-051847,2026-06-06,طن,0.00,"شركة فاروس لتعدين الذهب المحدودة","قلاب TQ1071",UAT-B07,sales_approved
4,UNT-050993,2026-06-06,طن,0.00,"شركة فاروس لتعدين الذهب المحدودة","قلاب TQ1098",UAT-B07,sales_approved
4,UNT-052397,2026-06-07,طن,0.00,"شركة فاروس لتعدين الذهب المحدودة","DAEWOO K6DEF 2021",UAT-B07,sales_approved
4,UNT-051848,2026-06-07,طن,0.00,"شركة فاروس لتعدين الذهب المحدودة","قلاب TQ1071",UAT-B07,sales_approved
4,UNT-044264,2026-06-07,متر,0.00,"شركة فاروس لتعدين الذهب المحدودة","خرامة DM1001",UAT-B07,sales_approved
4,UNT-050994,2026-06-07,طن,0.00,"شركة فاروس لتعدين الذهب المحدودة","قلاب TQ1098",UAT-B07,sales_approved
4,UNT-044265,2026-06-08,متر,0.00,"شركة فاروس لتعدين الذهب المحدودة","خرامة DM1001",UAT-B07,sales_approved
4,UNT-051849,2026-06-08,طن,0.00,"شركة فاروس لتعدين الذهب المحدودة","قلاب TQ1071",UAT-B07,sales_approved
4,UNT-050995,2026-06-08,طن,0.00,"شركة فاروس لتعدين الذهب المحدودة","قلاب TQ1098",UAT-B07,sales_approved
4,UNT-052398,2026-06-08,طن,0.00,"شركة فاروس لتعدين الذهب المحدودة","DAEWOO K6DEF 2021",UAT-B07,sales_approved
4,UNT-050997,2026-06-10,طن,0.00,"شركة فاروس لتعدين الذهب المحدودة","قلاب TQ1098",UAT-B07,sales_approved
4,UNT-052400,2026-06-10,طن,0.00,"شركة فاروس لتعدين الذهب المحدودة","DAEWOO K6DEF 2021",UAT-B07,sales_approved
4,UNT-044267,2026-06-10,متر,0.00,"شركة فاروس لتعدين الذهب المحدودة","خرامة DM1001",UAT-B07,sales_approved
4,UNT-051851,2026-06-10,طن,0.00,"شركة فاروس لتعدين الذهب المحدودة","قلاب TQ1071",UAT-B07,sales_approved
4,UNT-051852,2026-06-11,طن,0.00,"شركة فاروس لتعدين الذهب المحدودة","قلاب TQ1071",UAT-B07,sales_approved
4,UNT-050998,2026-06-11,طن,0.00,"شركة فاروس لتعدين الذهب المحدودة","قلاب TQ1098",UAT-B07,sales_approved
4,UNT-044268,2026-06-11,متر,0.00,"شركة فاروس لتعدين الذهب المحدودة","خرامة DM1001",UAT-B07,sales_approved
4,UNT-052401,2026-06-11,طن,0.00,"شركة فاروس لتعدين الذهب المحدودة","DAEWOO K6DEF 2021",UAT-B07,sales_approved
4,UNT-050999,2026-06-12,طن,0.00,"شركة فاروس لتعدين الذهب المحدودة","قلاب TQ1098",UAT-B07,sales_approved
4,UNT-044269,2026-06-12,متر,0.00,"شركة فاروس لتعدين الذهب المحدودة","خرامة DM1001",UAT-B07,sales_approved
4,UNT-052402,2026-06-12,طن,0.00,"شركة فاروس لتعدين الذهب المحدودة","DAEWOO K6DEF 2021",UAT-B07,sales_approved
4,UNT-051853,2026-06-12,طن,0.00,"شركة فاروس لتعدين الذهب المحدودة","قلاب TQ1071",UAT-B07,sales_approved
4,UNT-052404,2026-06-14,طن,0.00,"شركة فاروس لتعدين الذهب المحدودة","DAEWOO K6DEF 2021",UAT-B07,sales_approved
4,UNT-044271,2026-06-14,متر,0.00,"شركة فاروس لتعدين الذهب المحدودة","خرامة DM1001",UAT-B07,sales_approved
4,UNT-051855,2026-06-14,طن,0.00,"شركة فاروس لتعدين الذهب المحدودة","قلاب TQ1071",UAT-B07,sales_approved
4,UNT-051001,2026-06-14,طن,0.00,"شركة فاروس لتعدين الذهب المحدودة","قلاب TQ1098",UAT-B07,sales_approved
4,UNT-052405,2026-06-15,طن,0.00,"شركة فاروس لتعدين الذهب المحدودة","DAEWOO K6DEF 2021",UAT-B07,sales_approved
4,UNT-051002,2026-06-15,طن,0.00,"شركة فاروس لتعدين الذهب المحدودة","قلاب TQ1098",UAT-B07,sales_approved
4,UNT-051856,2026-06-15,طن,0.00,"شركة فاروس لتعدين الذهب المحدودة","قلاب TQ1071",UAT-B07,sales_approved
4,UNT-044272,2026-06-15,متر,0.00,"شركة فاروس لتعدين الذهب المحدودة","خرامة DM1001",UAT-B07,sales_approved
4,UNT-051003,2026-06-16,طن,0.00,"شركة فاروس لتعدين الذهب المحدودة","قلاب TQ1098",UAT-B07,sales_approved
4,UNT-051857,2026-06-16,طن,0.00,"شركة فاروس لتعدين الذهب المحدودة","قلاب TQ1071",UAT-B07,sales_approved
4,UNT-044273,2026-06-16,متر,0.00,"شركة فاروس لتعدين الذهب المحدودة","خرامة DM1001",UAT-B07,sales_approved
4,UNT-052406,2026-06-16,طن,0.00,"شركة فاروس لتعدين الذهب المحدودة","DAEWOO K6DEF 2021",UAT-B07,sales_approved
4,UNT-044275,2026-06-18,متر,0.00,"شركة فاروس لتعدين الذهب المحدودة","خرامة DM1001",UAT-B07,sales_approved
4,UNT-051859,2026-06-18,طن,0.00,"شركة فاروس لتعدين الذهب المحدودة","قلاب TQ1071",UAT-B07,sales_approved
4,UNT-051005,2026-06-18,طن,0.00,"شركة فاروس لتعدين الذهب المحدودة","قلاب TQ1098",UAT-B07,sales_approved
4,UNT-052408,2026-06-18,طن,0.00,"شركة فاروس لتعدين الذهب المحدودة","DAEWOO K6DEF 2021",UAT-B07,sales_approved
4,UNT-044276,2026-06-19,متر,0.00,"شركة فاروس لتعدين الذهب المحدودة","خرامة DM1001",UAT-B07,sales_approved
4,UNT-051860,2026-06-19,طن,0.00,"شركة فاروس لتعدين الذهب المحدودة","قلاب TQ1071",UAT-B07,sales_approved
4,UNT-052409,2026-06-19,طن,0.00,"شركة فاروس لتعدين الذهب المحدودة","DAEWOO K6DEF 2021",UAT-B07,sales_approved
4,UNT-051006,2026-06-19,طن,0.00,"شركة فاروس لتعدين الذهب المحدودة","قلاب TQ1098",UAT-B07,sales_approved
4,UNT-044277,2026-06-20,متر,0.00,"شركة فاروس لتعدين الذهب المحدودة","خرامة DM1001",UAT-B07,sales_approved
4,UNT-051007,2026-06-20,طن,0.00,"شركة فاروس لتعدين الذهب المحدودة","قلاب TQ1098",UAT-B07,sales_approved
4,UNT-052410,2026-06-20,طن,0.00,"شركة فاروس لتعدين الذهب المحدودة","DAEWOO K6DEF 2021",UAT-B07,sales_approved
4,UNT-051861,2026-06-20,طن,0.00,"شركة فاروس لتعدين الذهب المحدودة","قلاب TQ1071",UAT-B07,sales_approved
4,UNT-044279,2026-06-22,متر,0.00,"شركة فاروس لتعدين الذهب المحدودة","خرامة DM1001",UAT-B07,sales_approved
4,UNT-051009,2026-06-22,طن,0.00,"شركة فاروس لتعدين الذهب المحدودة","قلاب TQ1098",UAT-B07,sales_approved
4,UNT-051863,2026-06-22,طن,0.00,"شركة فاروس لتعدين الذهب المحدودة","قلاب TQ1071",UAT-B07,sales_approved
4,UNT-052412,2026-06-22,طن,0.00,"شركة فاروس لتعدين الذهب المحدودة","DAEWOO K6DEF 2021",UAT-B07,sales_approved
4,UNT-044280,2026-06-23,متر,0.00,"شركة فاروس لتعدين الذهب المحدودة","خرامة DM1001",UAT-B07,sales_approved
4,UNT-052413,2026-06-23,طن,0.00,"شركة فاروس لتعدين الذهب المحدودة","DAEWOO K6DEF 2021",UAT-B07,sales_approved
4,UNT-051010,2026-06-23,طن,0.00,"شركة فاروس لتعدين الذهب المحدودة","قلاب TQ1098",UAT-B07,sales_approved
4,UNT-051864,2026-06-23,طن,0.00,"شركة فاروس لتعدين الذهب المحدودة","قلاب TQ1071",UAT-B07,sales_approved
4,UNT-044281,2026-06-24,متر,0.00,"شركة فاروس لتعدين الذهب المحدودة","خرامة DM1001",UAT-B07,sales_approved
4,UNT-051865,2026-06-24,طن,0.00,"شركة فاروس لتعدين الذهب المحدودة","قلاب TQ1071",UAT-B07,sales_approved
4,UNT-052414,2026-06-24,طن,0.00,"شركة فاروس لتعدين الذهب المحدودة","DAEWOO K6DEF 2021",UAT-B07,sales_approved
4,UNT-051011,2026-06-24,طن,0.00,"شركة فاروس لتعدين الذهب المحدودة","قلاب TQ1098",UAT-B07,sales_approved
4,UNT-052416,2026-06-26,طن,0.00,"شركة فاروس لتعدين الذهب المحدودة","DAEWOO K6DEF 2021",UAT-B07,sales_approved
4,UNT-044283,2026-06-26,متر,0.00,"شركة فاروس لتعدين الذهب المحدودة","خرامة DM1001",UAT-B07,sales_approved
4,UNT-051013,2026-06-26,طن,0.00,"شركة فاروس لتعدين الذهب المحدودة","قلاب TQ1098",UAT-B07,sales_approved
4,UNT-051867,2026-06-26,طن,0.00,"شركة فاروس لتعدين الذهب المحدودة","قلاب TQ1071",UAT-B07,sales_approved
4,UNT-052417,2026-06-27,طن,0.00,"شركة فاروس لتعدين الذهب المحدودة","DAEWOO K6DEF 2021",UAT-B07,sales_approved
4,UNT-051014,2026-06-27,طن,0.00,"شركة فاروس لتعدين الذهب المحدودة","قلاب TQ1098",UAT-B07,sales_approved
4,UNT-051868,2026-06-27,طن,0.00,"شركة فاروس لتعدين الذهب المحدودة","قلاب TQ1071",UAT-B07,sales_approved
4,UNT-044284,2026-06-27,متر,0.00,"شركة فاروس لتعدين الذهب المحدودة","خرامة DM1001",UAT-B07,sales_approved
4,UNT-051015,2026-06-28,طن,0.00,"شركة فاروس لتعدين الذهب المحدودة","قلاب TQ1098",UAT-B07,sales_approved
4,UNT-052418,2026-06-28,طن,0.00,"شركة فاروس لتعدين الذهب المحدودة","DAEWOO K6DEF 2021",UAT-B07,sales_approved
4,UNT-051869,2026-06-28,طن,0.00,"شركة فاروس لتعدين الذهب المحدودة","قلاب TQ1071",UAT-B07,sales_approved
4,UNT-044285,2026-06-28,متر,0.00,"شركة فاروس لتعدين الذهب المحدودة","خرامة DM1001",UAT-B07,sales_approved
4,UNT-052420,2026-06-30,طن,0.00,"شركة فاروس لتعدين الذهب المحدودة","DAEWOO K6DEF 2021",UAT-B07,sales_approved
4,UNT-044287,2026-06-30,متر,0.00,"شركة فاروس لتعدين الذهب المحدودة","خرامة DM1001",UAT-B07,sales_approved
4,UNT-051871,2026-06-30,طن,0.00,"شركة فاروس لتعدين الذهب المحدودة","قلاب TQ1071",UAT-B07,sales_approved
4,UNT-051017,2026-06-30,طن,0.00,"شركة فاروس لتعدين الذهب المحدودة","قلاب TQ1098",UAT-B07,sales_approved
4,UNT-053332,2026-06-03,طن,0.00,"شركة ريفر نايل للمشاريع المتطورة المحدودة","قلاب TQ1095",UAT-B07,sales_approved
4,UNT-053333,2026-06-05,طن,0.00,"شركة ريفر نايل للمشاريع المتطورة المحدودة","قلاب TQ1095",UAT-B07,sales_approved
4,UNT-053334,2026-06-07,طن,0.00,"شركة ريفر نايل للمشاريع المتطورة المحدودة","قلاب TQ1095",UAT-B07,sales_approved
4,UNT-053336,2026-06-11,طن,0.00,"شركة ريفر نايل للمشاريع المتطورة المحدودة","قلاب TQ1095",UAT-B07,sales_approved
4,UNT-053337,2026-06-13,طن,0.00,"شركة ريفر نايل للمشاريع المتطورة المحدودة","قلاب TQ1095",UAT-B07,sales_approved
4,UNT-053338,2026-06-16,طن,0.00,"شركة ريفر نايل للمشاريع المتطورة المحدودة","قلاب TQ1095",UAT-B07,sales_approved
4,UNT-053340,2026-06-20,طن,0.00,"شركة ريفر نايل للمشاريع المتطورة المحدودة","قلاب TQ1095",UAT-B07,sales_approved
4,UNT-053341,2026-06-22,طن,0.00,"شركة ريفر نايل للمشاريع المتطورة المحدودة","قلاب TQ1095",UAT-B07,sales_approved
4,UNT-053342,2026-06-24,طن,0.00,"شركة ريفر نايل للمشاريع المتطورة المحدودة","قلاب TQ1095",UAT-B07,sales_approved
4,UNT-053344,2026-06-28,طن,0.00,"شركة ريفر نايل للمشاريع المتطورة المحدودة","قلاب TQ1095",UAT-B07,sales_approved
