nav_id,role_id,door,label_ar,route,①group_new,②appearance,③parent_screen,④action,⑤alt_route,⑥permission,⑦test
22,1,APPR,"اعتماد الوحدات التشغيلية",Approvals/hours_approval.php,"g4 المراجعة والاعتماد",★قائمة,,★إبقاء,,role:1,"المسار القديم يصل بلا خطأ (nav_redirects)"
4,1,APPR,"موافقات إدارتي",FinRequests/dept_inbox.php,"g4 المراجعة والاعتماد",★قائمة,,★إبقاء,,role:1,"المسار القديم يصل بلا خطأ (nav_redirects)"
557,1,APPR,"لوحة الإسناد اليومي",Approvals/attribution_board.php,"g1 لوحة الإدارة",★قائمة,,★إبقاء,,role:1,"المسار القديم يصل بلا خطأ (nav_redirects)"
5,1,APPR,"وحدات الأطراف",Finance/unit_records_fin.php,"g4 المراجعة والاعتماد",★قائمة,,★إبقاء,,role:1,"المسار القديم يصل بلا خطأ (nav_redirects)"
6,1,APPR,"الميزانية والانحراف",Finance/budget_form_fin.php,"g5 المتابعة والاستثناءات",★قائمة,,★إبقاء,,role:1,"المسار القديم يصل بلا خطأ (nav_redirects)"
836,1,APPR,"أذونات المواقع",admin/org_permits.php,"g4 المراجعة والاعتماد",★قائمة,,★إبقاء,,role:1,"المسار القديم يصل بلا خطأ (nav_redirects)"
764,1,DAILY,"غرفة عمليات التشغيل",Operations/operations_room.php,"g2 العمل اليومي",★قائمة,,★إبقاء,,role:1,"المسار القديم يصل بلا خطأ (nav_redirects)"
768,1,DAILY,"مساحة التوزيع",Operations/distribution_space.php,"g2 العمل اليومي",★قائمة,,★إبقاء,,role:1,"المسار القديم يصل بلا خطأ (nav_redirects)"
769,1,DAILY,"سجل الوحدات اليومية",Reports/daily_units_report.php,"g2 العمل اليومي",★قائمة,,★إبقاء,,role:1,"المسار القديم يصل بلا خطأ (nav_redirects)"
772,1,DAILY,"لوحة الجاهزية",Fleet/readiness_board.php,"g1 لوحة الإدارة",★قائمة,,★إبقاء,,role:1,"المسار القديم يصل بلا خطأ (nav_redirects)"
1,1,DAILY,"طلب مالي جديد",FinRequests/request_form.php,"g2 العمل اليومي",★قائمة,,★إبقاء,,role:1,"المسار القديم يصل بلا خطأ (nav_redirects)"
2,1,DAILY,"طلباتي المالية",FinRequests/my_requests.php,"g2 العمل اليومي",★قائمة,,★إبقاء,,role:1,"المسار القديم يصل بلا خطأ (nav_redirects)"
3,1,DAILY,"تسجيل الوحدات",Timesheet/timesheet_type.php,"g2 العمل اليومي",★قائمة,,★إبقاء,,role:1,"المسار القديم يصل بلا خطأ (nav_redirects)"
806,1,FIN,"سجل الممولين",Financing/financiers_registry.php,"g3 السجلات والملفات",★قائمة,,★إبقاء,,role:1,"المسار القديم يصل بلا خطأ (nav_redirects)"
807,1,FIN,"إنشاء عملية تمويل",Financing/financing_operation_new.php,"g3 السجلات والملفات",★قائمة,,★إبقاء,,role:1,"المسار القديم يصل بلا خطأ (nav_redirects)"
802,1,GOV,"سجل الكيانات",Governance/entities_registry.php,"g3 السجلات والملفات",★قائمة,,★إبقاء,,role:1,"المسار القديم يصل بلا خطأ (nav_redirects)"
803,1,GOV,"التفويض بالتوقيع",Governance/signing_authority.php,"g3 السجلات والملفات",★قائمة,,★إبقاء,,role:1,"المسار القديم يصل بلا خطأ (nav_redirects)"
804,1,GOV,"التراخيص والكفالات",Governance/licenses_guarantees.php,"g3 السجلات والملفات",★قائمة,,★إبقاء,,role:1,"المسار القديم يصل بلا خطأ (nav_redirects)"
805,1,GOV,"أنماط التفعيل",Governance/activation_patterns.php,"g3 السجلات والملفات",★قائمة,,★إبقاء,,role:1,"المسار القديم يصل بلا خطأ (nav_redirects)"
829,1,GOV,"منح المجال المقيَّد",Governance/ownership_grants.php,"g3 السجلات والملفات",★قائمة,,★إبقاء,,role:1,"المسار القديم يصل بلا خطأ (nav_redirects)"
833,1,HOME,"لوحة مدير التشغيل",admin/ops_manager_board.php,"g1 لوحة الإدارة",★قائمة,,★إبقاء,,role:1,"المسار القديم يصل بلا خطأ (nav_redirects)"
464,1,HOME,الرئيسية,main/role_board.php,"g1 لوحة الإدارة",★قائمة,,★إبقاء,,role:1,"المسار القديم يصل بلا خطأ (nav_redirects)"
7,1,REC,العملاء,Clients/clients.php,"g3 السجلات والملفات",★قائمة,,★إبقاء,,role:1,"المسار القديم يصل بلا خطأ (nav_redirects)"
8,1,REC,المشاريع,Projects/projects.php,"g3 السجلات والملفات",★قائمة,,★إبقاء,,role:1,"المسار القديم يصل بلا خطأ (nav_redirects)"
9,1,REC,العقود,Contracts/contracts.php,"g3 السجلات والملفات",★قائمة,,★إبقاء,,role:1,"المسار القديم يصل بلا خطأ (nav_redirects)"
10,1,REC,الموظفون,Employees/employees.php,"g3 السجلات والملفات",★قائمة,,★إبقاء,,role:1,"المسار القديم يصل بلا خطأ (nav_redirects)"
491,1,REC,المستخلصات,Contracts/claims.php,"g3 السجلات والملفات",★قائمة,,★إبقاء,,role:1,"المسار القديم يصل بلا خطأ (nav_redirects)"
552,1,REC,"مصفوفة التزامات العقد",Contracts/contract_obligations.php,"g3 السجلات والملفات",★قائمة,,★إبقاء,,role:1,"المسار القديم يصل بلا خطأ (nav_redirects)"
568,1,REC,"احتساب الجزاءات والحوافز",Contracts/penalties.php,"g3 السجلات والملفات",★قائمة,,★إبقاء,,role:1,"المسار القديم يصل بلا خطأ (nav_redirects)"
581,1,REC,"حاويات العقود",Operations/containers.php,"g3 السجلات والملفات",★قائمة,,★إبقاء,,role:1,"المسار القديم يصل بلا خطأ (nav_redirects)"
591,1,REC,"مواقع التنفيذ",Projects/sites.php,"g3 السجلات والملفات",★قائمة,,★إبقاء,,role:1,"المسار القديم يصل بلا خطأ (nav_redirects)"
11,1,REC,المعدات,Equipments/equipments_fleet.php,"g3 السجلات والملفات",★قائمة,,★إبقاء,,role:1,"المسار القديم يصل بلا خطأ (nav_redirects)"
613,1,REC,"شروط تعديل السعر",Contracts/price_terms.php,"g3 السجلات والملفات",★قائمة,,★إبقاء,,role:1,"المسار القديم يصل بلا خطأ (nav_redirects)"
12,1,REC,المعاونون,main/project_users.php,"g3 السجلات والملفات",★قائمة,,★إبقاء,,role:1,"المسار القديم يصل بلا خطأ (nav_redirects)"
455,1,REC,"وثائق المعدات والمشغّلين",Equipments/equipment_documents.php,"g3 السجلات والملفات",★قائمة,,★إبقاء,,role:1,"المسار القديم يصل بلا خطأ (nav_redirects)"
13,1,REC,"المعاملات المالية",Finance/events_list_fin.php,"g3 السجلات والملفات",★قائمة,,★إبقاء,,role:1,"المسار القديم يصل بلا خطأ (nav_redirects)"
708,1,REC,"خطة موارد العقد",Contracts/contract_resource_plan.php,"g3 السجلات والملفات",★قائمة,,★إبقاء,,role:1,"المسار القديم يصل بلا خطأ (nav_redirects)"
834,1,REC,"التكليفات التنظيمية",admin/org_assignments.php,"g3 السجلات والملفات",★قائمة,,★إبقاء,,role:1,"المسار القديم يصل بلا خطأ (nav_redirects)"
23,1,REP,التقارير,emsreports/index.php,"g7 التقارير",★قائمة,,★إبقاء,,role:1,"المسار القديم يصل بلا خطأ (nav_redirects)"
14,1,REP,"مركز التقارير",Reports/reports.php,"g7 التقارير",★قائمة,,★إبقاء,,role:1,"المسار القديم يصل بلا خطأ (nav_redirects)"
15,1,REP,"التكاليف والربحية",Finance/cost_report_fin.php,"g7 التقارير",★قائمة,,★إبقاء,,role:1,"المسار القديم يصل بلا خطأ (nav_redirects)"
808,1,REP,"الاعتمادات المتأخرة والوثائق",Reports/approval_lag_report.php,"g5 المتابعة والاستثناءات",★قائمة,,★إبقاء,,role:1,"المسار القديم يصل بلا خطأ (nav_redirects)"
16,1,SET,"أنواع المعدات",Equipments/equipments_types.php,"g8 الإعدادات",★قائمة,,★إبقاء,,role:1,"المسار القديم يصل بلا خطأ (nav_redirects)"
17,1,SET,"الأنواع والموديلات",Equipments/fleet_models.php,"g8 الإعدادات",★قائمة,,★إبقاء,,role:1,"المسار القديم يصل بلا خطأ (nav_redirects)"
18,1,SET,"إعداد الإهلاك",Equipments/fleet_depreciation_profiles.php,"g8 الإعدادات",★قائمة,,★إبقاء,,role:1,"المسار القديم يصل بلا خطأ (nav_redirects)"
19,1,SET,الصلاحيات,main/users.php,"g8 الإعدادات",★قائمة,,★إبقاء,,role:1,"المسار القديم يصل بلا خطأ (nav_redirects)"
20,1,SET,"سجل النشاط",ActivityLogs/activity_logs.php,"g8 الإعدادات",★قائمة,,★إبقاء,,role:1,"المسار القديم يصل بلا خطأ (nav_redirects)"
21,1,SET,الإعدادات,Settings/settings.php,"g8 الإعدادات",★قائمة,,★إبقاء,,role:1,"المسار القديم يصل بلا خطأ (nav_redirects)"
835,1,SET,"الهيكل التنظيمي",admin/org_structure.php,"g8 الإعدادات",★قائمة,,★إبقاء,,role:1,"المسار القديم يصل بلا خطأ (nav_redirects)"
33,2,APPR,"موافقات إدارتي",FinRequests/dept_inbox.php,"g4 المراجعة والاعتماد",★قائمة,,★إبقاء,,role:2,"المسار القديم يصل بلا خطأ (nav_redirects)"
36,2,APPR,"اعتماد الوحدات التشغيلية",Approvals/hours_approval.php,"g4 المراجعة والاعتماد",★قائمة,,★إبقاء,,role:2,"المسار القديم يصل بلا خطأ (nav_redirects)"
501,2,APPR,"الميزانية والانحراف",Finance/budget_form_fin.php,"g5 المتابعة والاستثناءات",★قائمة,,★إبقاء,,role:2,"المسار القديم يصل بلا خطأ (nav_redirects)"
31,2,DAILY,"طلب مالي جديد",FinRequests/request_form.php,"g2 العمل اليومي",★قائمة,,★إبقاء,,role:2,"المسار القديم يصل بلا خطأ (nav_redirects)"
32,2,DAILY,"طلباتي المالية",FinRequests/my_requests.php,"g2 العمل اليومي",★قائمة,,★إبقاء,,role:2,"المسار القديم يصل بلا خطأ (nav_redirects)"
35,2,DAILY,"المدفوعات والخزينة",Finance/payments_fin.php,"g2 العمل اليومي",★قائمة,,★إبقاء,,role:2,"المسار القديم يصل بلا خطأ (nav_redirects)"
465,2,HOME,الرئيسية,main/role_board.php,"g1 لوحة الإدارة",★قائمة,,★إبقاء,,role:2,"المسار القديم يصل بلا خطأ (nav_redirects)"
27,2,REC,الموردون,Suppliers/suppliers.php,"g3 السجلات والملفات",★قائمة,,★إبقاء,,role:2,"المسار القديم يصل بلا خطأ (nav_redirects)"
28,2,REC,"مشرفو الموردين",main/project_users.php,"g3 السجلات والملفات",★قائمة,,★إبقاء,,role:2,"المسار القديم يصل بلا خطأ (nav_redirects)"
30,2,REC,"عقود الموردين",Suppliers/supplierscontracts.php,"g3 السجلات والملفات",★قائمة,,★إبقاء,,role:2,"المسار القديم يصل بلا خطأ (nav_redirects)"
536,2,REC,"تسويات الموردين",Suppliers/settlements.php,"g6 الإغلاق والتسوية",★قائمة,,★إبقاء,,role:2,"المسار القديم يصل بلا خطأ (nav_redirects)"
608,2,REC,"بنود عقد المورد",Suppliers/supplier_contract_lines.php,"g3 السجلات والملفات",★قائمة,,★إبقاء,,role:2,"المسار القديم يصل بلا خطأ (nav_redirects)"
634,2,REC,"سلفيات الموردين",Suppliers/supplier_advances.php,"g3 السجلات والملفات",★قائمة,,★إبقاء,,role:2,"المسار القديم يصل بلا خطأ (nav_redirects)"
641,2,REC,"قواعد تحميل المورد وجزاءاته",Suppliers/supplier_rules.php,"g8 الإعدادات",★قائمة,,★إبقاء,,role:2,"المسار القديم يصل بلا خطأ (nav_redirects)"
646,2,REC,"الطاقة والجاهزية ومهلة الإحلال",Suppliers/supplier_capacity.php,"g3 السجلات والملفات",★قائمة,,★إبقاء,,role:2,"المسار القديم يصل بلا خطأ (nav_redirects)"
648,2,REC,"تقييم المورد الدوري",Suppliers/supplier_evaluation.php,"g3 السجلات والملفات",★قائمة,,★إبقاء,,role:2,"المسار القديم يصل بلا خطأ (nav_redirects)"
651,2,REC,"تصفية إنهاء عقد المورد",Suppliers/supplier_closure.php,"g3 السجلات والملفات",★قائمة,,★إبقاء,,role:2,"المسار القديم يصل بلا خطأ (nav_redirects)"
654,2,REC,"وثائق المورد وحسابه البنكي",Suppliers/supplier_documents.php,"g3 السجلات والملفات",★قائمة,,★إبقاء,,role:2,"المسار القديم يصل بلا خطأ (nav_redirects)"
680,2,REC,"تعرفة الترحيل وتسعير الأوامر",Transport/transfer_tariffs.php,"g3 السجلات والملفات",★قائمة,,★إبقاء,,role:2,"المسار القديم يصل بلا خطأ (nav_redirects)"
689,2,REC,"طلبات عروض الموردين",Suppliers/rfq_requests.php,"g3 السجلات والملفات",★قائمة,,★إبقاء,,role:2,"المسار القديم يصل بلا خطأ (nav_redirects)"
29,2,REP,"مركز التقارير",Reports/reports.php,"g7 التقارير",★قائمة,,★إبقاء,,role:2,"المسار القديم يصل بلا خطأ (nav_redirects)"
34,2,REP,"كشف حساب المورد",Finance/supplier_statement_fin.php,"g7 التقارير",★قائمة,,★إبقاء,,role:2,"المسار القديم يصل بلا خطأ (nav_redirects)"
37,2,SET,الإعدادات,Settings/settings.php,"g8 الإعدادات",★قائمة,,★إبقاء,,role:2,"المسار القديم يصل بلا خطأ (nav_redirects)"
46,3,APPR,"موافقات إدارتي",FinRequests/dept_inbox.php,"g4 المراجعة والاعتماد",★قائمة,,★إبقاء,,role:3,"المسار القديم يصل بلا خطأ (nav_redirects)"
47,3,APPR,"وحدات الأطراف",Finance/unit_records_fin.php,"g4 المراجعة والاعتماد",★قائمة,,★إبقاء,,role:3,"المسار القديم يصل بلا خطأ (nav_redirects)"
50,3,APPR,"اعتماد الوحدات التشغيلية",Approvals/hours_approval.php,"g4 المراجعة والاعتماد",★قائمة,,★إبقاء,,role:3,"المسار القديم يصل بلا خطأ (nav_redirects)"
502,3,APPR,"الميزانية والانحراف",Finance/budget_form_fin.php,"g5 المتابعة والاستثناءات",★قائمة,,★إبقاء,,role:3,"المسار القديم يصل بلا خطأ (nav_redirects)"
771,3,DAILY,"لوحة الجاهزية",Fleet/readiness_board.php,"g1 لوحة الإدارة",★قائمة,,★إبقاء,,role:3,"المسار القديم يصل بلا خطأ (nav_redirects)"
41,3,DAILY,التشغيل,Oprators/select_project.php,"g2 العمل اليومي",★قائمة,,★إبقاء,,role:3,"المسار القديم يصل بلا خطأ (nav_redirects)"
603,3,DAILY,"خطة عمل الغد",Operations/daily_plan.php,"g2 العمل اليومي",★قائمة,,★إبقاء,,role:3,"المسار القديم يصل بلا خطأ (nav_redirects)"
44,3,DAILY,"طلب مالي جديد",FinRequests/request_form.php,"g2 العمل اليومي",★قائمة,,★إبقاء,,role:3,"المسار القديم يصل بلا خطأ (nav_redirects)"
45,3,DAILY,"طلباتي المالية",FinRequests/my_requests.php,"g2 العمل اليومي",★قائمة,,★إبقاء,,role:3,"المسار القديم يصل بلا خطأ (nav_redirects)"
466,3,HOME,الرئيسية,main/role_board.php,"g1 لوحة الإدارة",★قائمة,,★إبقاء,,role:3,"المسار القديم يصل بلا خطأ (nav_redirects)"
38,3,REC,المعدات,Equipments/equipments_fleet.php,"g3 السجلات والملفات",★قائمة,,★إبقاء,,role:3,"المسار القديم يصل بلا خطأ (nav_redirects)"
42,3,REC,المشرفين,main/project_users.php,"g3 السجلات والملفات",★قائمة,,★إبقاء,,role:3,"المسار القديم يصل بلا خطأ (nav_redirects)"
49,3,REC,"الأصول والإهلاك",Finance/assets_fin.php,"g3 السجلات والملفات",★قائمة,,★إبقاء,,role:3,"المسار القديم يصل بلا خطأ (nav_redirects)"
582,3,REC,"حاويات العقود",Operations/containers.php,"g3 السجلات والملفات",★قائمة,,★إبقاء,,role:3,"المسار القديم يصل بلا خطأ (nav_redirects)"
592,3,REC,"مواقع التنفيذ",Projects/sites.php,"g3 السجلات والملفات",★قائمة,,★إبقاء,,role:3,"المسار القديم يصل بلا خطأ (nav_redirects)"
620,3,REC,"قراءات العدّادات",Equipments/meter_readings.php,"g3 السجلات والملفات",★قائمة,,★إبقاء,,role:3,"المسار القديم يصل بلا خطأ (nav_redirects)"
456,3,REC,"وثائق المعدات والمشغّلين",Equipments/equipment_documents.php,"g3 السجلات والملفات",★قائمة,,★إبقاء,,role:3,"المسار القديم يصل بلا خطأ (nav_redirects)"
43,3,REP,"مركز التقارير",Reports/reports.php,"g7 التقارير",★قائمة,,★إبقاء,,role:3,"المسار القديم يصل بلا خطأ (nav_redirects)"
48,3,REP,"التكاليف والربحية",Finance/cost_report_fin.php,"g7 التقارير",★قائمة,,★إبقاء,,role:3,"المسار القديم يصل بلا خطأ (nav_redirects)"
39,3,SET,"الأنواع والموديلات",Equipments/fleet_models.php,"g8 الإعدادات",★قائمة,,★إبقاء,,role:3,"المسار القديم يصل بلا خطأ (nav_redirects)"
40,3,SET,"إعداد الإهلاك",Equipments/fleet_depreciation_profiles.php,"g8 الإعدادات",★قائمة,,★إبقاء,,role:3,"المسار القديم يصل بلا خطأ (nav_redirects)"
51,3,SET,الإعدادات,Settings/settings.php,"g8 الإعدادات",★قائمة,,★إبقاء,,role:3,"المسار القديم يصل بلا خطأ (nav_redirects)"
62,4,APPR,"تسويات العاملين",Workforce/worker_settlement.php,"g6 الإغلاق والتسوية",★قائمة,,★إبقاء,,role:4,"المسار القديم يصل بلا خطأ (nav_redirects)"
69,4,APPR,"موافقات إدارتي",FinRequests/dept_inbox.php,"g4 المراجعة والاعتماد",★قائمة,,★إبقاء,,role:4,"المسار القديم يصل بلا خطأ (nav_redirects)"
70,4,APPR,"الميزانية والانحراف",Finance/budget_form_fin.php,"g5 المتابعة والاستثناءات",★قائمة,,★إبقاء,,role:4,"المسار القديم يصل بلا خطأ (nav_redirects)"
71,4,APPR,"الذمم والتحصيل",Finance/dues_fin.php,"g4 المراجعة والاعتماد",★قائمة,,"★مراجعة تكرار الاسم — دمج أو تمييز",,role:4,"المسار القديم يصل بلا خطأ (nav_redirects)"
72,4,APPR,"اعتماد الوحدات التشغيلية",Approvals/hours_approval.php,"g4 المراجعة والاعتماد",★قائمة,,★إبقاء,,role:4,"المسار القديم يصل بلا خطأ (nav_redirects)"
59,4,DAILY,"الإجازات والغياب",Workforce/worker_leave_absence.php,"g2 العمل اليومي",★قائمة,,★إبقاء,,role:4,"المسار القديم يصل بلا خطأ (nav_redirects)"
60,4,DAILY,"تنقلات العاملين",Workforce/worker_movement.php,"g2 العمل اليومي",★قائمة,,★إبقاء,,role:4,"المسار القديم يصل بلا خطأ (nav_redirects)"
61,4,DAILY,"تقييم الأداء",Workforce/worker_evaluation.php,"g2 العمل اليومي",★قائمة,,★إبقاء,,role:4,"المسار القديم يصل بلا خطأ (nav_redirects)"
63,4,DAILY,"احتياج القوى والتخطيط",Workforce/workforce_requirement.php,"g2 العمل اليومي",★قائمة,,★إبقاء,,role:4,"المسار القديم يصل بلا خطأ (nav_redirects)"
67,4,DAILY,"طلب مالي جديد",FinRequests/request_form.php,"g2 العمل اليومي",★قائمة,,★إبقاء,,role:4,"المسار القديم يصل بلا خطأ (nav_redirects)"
68,4,DAILY,"طلباتي المالية",FinRequests/my_requests.php,"g2 العمل اليومي",★قائمة,,★إبقاء,,role:4,"المسار القديم يصل بلا خطأ (nav_redirects)"
467,4,HOME,الرئيسية,main/role_board.php,"g1 لوحة الإدارة",★قائمة,,★إبقاء,,role:4,"المسار القديم يصل بلا خطأ (nav_redirects)"
52,4,REC,الموظفون,Employees/employees.php,"g3 السجلات والملفات",★قائمة,,★إبقاء,,role:4,"المسار القديم يصل بلا خطأ (nav_redirects)"
55,4,REC,"المشغّلون والسائقون",Employees/equipment_operators.php,"g3 السجلات والملفات",★قائمة,,★إبقاء,,role:4,"المسار القديم يصل بلا خطأ (nav_redirects)"
56,4,REC,المشرفين,main/project_users.php,"g3 السجلات والملفات",★قائمة,,★إبقاء,,role:4,"المسار القديم يصل بلا خطأ (nav_redirects)"
57,4,REC,"السجل التشغيلي للعامل",Workforce/worker_register.php,"g3 السجلات والملفات",★قائمة,,★إبقاء,,role:4,"المسار القديم يصل بلا خطأ (nav_redirects)"
571,4,REC,"تسويات الموظفين",Workforce/employee_settlements.php,"g6 الإغلاق والتسوية",★قائمة,,★إبقاء,,role:4,"المسار القديم يصل بلا خطأ (nav_redirects)"
58,4,REC,"عقود العاملين",Workforce/worker_contract.php,"g3 السجلات والملفات",★قائمة,,★إبقاء,,role:4,"المسار القديم يصل بلا خطأ (nav_redirects)"
595,4,REC,"سجل العقود الموحّد",Workforce/contract_registry.php,"g3 السجلات والملفات",★قائمة,,★إبقاء,,role:4,"المسار القديم يصل بلا خطأ (nav_redirects)"
622,4,REC,"مسيّر الرواتب",Workforce/payroll_runs.php,"g6 الإغلاق والتسوية",★قائمة,,★إبقاء,,role:4,"المسار القديم يصل بلا خطأ (nav_redirects)"
628,4,REC,"سلفيات الموظفين",Workforce/employee_advances.php,"g3 السجلات والملفات",★قائمة,,★إبقاء,,role:4,"المسار القديم يصل بلا خطأ (nav_redirects)"
65,4,REC,"السكن والإعاشة",Workforce/housing_units.php,"g3 السجلات والملفات",★قائمة,,★إبقاء,,role:4,"المسار القديم يصل بلا خطأ (nav_redirects)"
462,4,REC,"وثائق المعدات والمشغّلين",Equipments/equipment_documents.php,"g3 السجلات والملفات",★قائمة,,★إبقاء,,role:4,"المسار القديم يصل بلا خطأ (nav_redirects)"
671,4,REC,"تصفية إنهاء خدمة الموظف",Workforce/final_settlement.php,"g3 السجلات والملفات",★قائمة,,★إبقاء,,role:4,"المسار القديم يصل بلا خطأ (nav_redirects)"
64,4,REP,"سجل الأحداث التشغيلية",Workforce/worker_worklog.php,"g7 التقارير",★قائمة,,★إبقاء,,role:4,"المسار القديم يصل بلا خطأ (nav_redirects)"
66,4,REP,"مركز التقارير",Reports/reports.php,"g7 التقارير",★قائمة,,★إبقاء,,role:4,"المسار القديم يصل بلا خطأ (nav_redirects)"
53,4,SET,"المسميات الوظيفية",Employees/job_titles.php,"g8 الإعدادات",★قائمة,,★إبقاء,,role:4,"المسار القديم يصل بلا خطأ (nav_redirects)"
54,4,SET,"الأدوار الوظيفية",Employees/employee_roles.php,"g8 الإعدادات",★قائمة,,★إبقاء,,role:4,"المسار القديم يصل بلا خطأ (nav_redirects)"
73,4,SET,الإعدادات,Settings/settings.php,"g8 الإعدادات",★قائمة,,★إبقاء,,role:4,"المسار القديم يصل بلا خطأ (nav_redirects)"
80,5,APPR,"وحدات الأطراف",Finance/unit_records_fin.php,"g4 المراجعة والاعتماد",★قائمة,,★إبقاء,,role:5,"المسار القديم يصل بلا خطأ (nav_redirects)"
511,5,APPR,"موافقات إدارتي",FinRequests/dept_inbox.php,"g4 المراجعة والاعتماد",★قائمة,,★إبقاء,,role:5,"المسار القديم يصل بلا خطأ (nav_redirects)"
82,5,APPR,"اعتماد الوحدات التشغيلية",Approvals/hours_approval.php,"g4 المراجعة والاعتماد",★قائمة,,★إبقاء,,role:5,"المسار القديم يصل بلا خطأ (nav_redirects)"
504,5,APPR,"الميزانية والانحراف",Finance/budget_form_fin.php,"g5 المتابعة والاستثناءات",★قائمة,,★إبقاء,,role:5,"المسار القديم يصل بلا خطأ (nav_redirects)"
765,5,DAILY,"غرفة عمليات التشغيل",Operations/operations_room.php,"g2 العمل اليومي",★قائمة,,★إبقاء,,role:5,"المسار القديم يصل بلا خطأ (nav_redirects)"
74,5,DAILY,"تسجيل الوحدات",Timesheet/timesheet_type.php,"g2 العمل اليومي",★قائمة,,★إبقاء,,role:5,"المسار القديم يصل بلا خطأ (nav_redirects)"
604,5,DAILY,"خطة عمل الغد",Operations/daily_plan.php,"g2 العمل اليومي",★قائمة,,★إبقاء,,role:5,"المسار القديم يصل بلا خطأ (nav_redirects)"
77,5,DAILY,"طلب مالي جديد",FinRequests/request_form.php,"g2 العمل اليومي",★قائمة,,★إبقاء,,role:5,"المسار القديم يصل بلا خطأ (nav_redirects)"
78,5,DAILY,"طلباتي المالية",FinRequests/my_requests.php,"g2 العمل اليومي",★قائمة,,★إبقاء,,role:5,"المسار القديم يصل بلا خطأ (nav_redirects)"
468,5,HOME,الرئيسية,main/role_board.php,"g1 لوحة الإدارة",★قائمة,,★إبقاء,,role:5,"المسار القديم يصل بلا خطأ (nav_redirects)"
75,5,REC,"إدارة المعاونين",main/project_users.php,"g3 السجلات والملفات",★قائمة,,★إبقاء,,role:5,"المسار القديم يصل بلا خطأ (nav_redirects)"
79,5,REC,"المعاملات المالية",Finance/events_list_fin.php,"g3 السجلات والملفات",★قائمة,,★إبقاء,,role:5,"المسار القديم يصل بلا خطأ (nav_redirects)"
583,5,REC,"حاويات العقود",Operations/containers.php,"g3 السجلات والملفات",★قائمة,,★إبقاء,,role:5,"المسار القديم يصل بلا خطأ (nav_redirects)"
593,5,REC,"مواقع التنفيذ",Projects/sites.php,"g3 السجلات والملفات",★قائمة,,★إبقاء,,role:5,"المسار القديم يصل بلا خطأ (nav_redirects)"
76,5,REP,"مركز التقارير",Reports/reports.php,"g7 التقارير",★قائمة,,★إبقاء,,role:5,"المسار القديم يصل بلا خطأ (nav_redirects)"
81,5,REP,"التكاليف والربحية",Finance/cost_report_fin.php,"g7 التقارير",★قائمة,,★إبقاء,,role:5,"المسار القديم يصل بلا خطأ (nav_redirects)"
83,5,SET,الإعدادات,Settings/settings.php,"g8 الإعدادات",★قائمة,,★إبقاء,,role:5,"المسار القديم يصل بلا خطأ (nav_redirects)"
90,6,APPR,"وحدات الأطراف",Finance/unit_records_fin.php,"g4 المراجعة والاعتماد",★قائمة,,★إبقاء,,role:6,"المسار القديم يصل بلا خطأ (nav_redirects)"
512,6,APPR,"موافقات إدارتي",FinRequests/dept_inbox.php,"g4 المراجعة والاعتماد",★قائمة,,★إبقاء,,role:6,"المسار القديم يصل بلا خطأ (nav_redirects)"
505,6,APPR,"الميزانية والانحراف",Finance/budget_form_fin.php,"g5 المتابعة والاستثناءات",★قائمة,,★إبقاء,,role:6,"المسار القديم يصل بلا خطأ (nav_redirects)"
841,6,APPR,"أذونات المواقع",admin/org_permits.php,"g4 المراجعة والاعتماد",★قائمة,,★إبقاء,,role:6,"المسار القديم يصل بلا خطأ (nav_redirects)"
766,6,DAILY,"غرفة عمليات التشغيل",Operations/operations_room.php,"g2 العمل اليومي",★قائمة,,★إبقاء,,role:6,"المسار القديم يصل بلا خطأ (nav_redirects)"
767,6,DAILY,"مساحة التوزيع",Operations/distribution_space.php,"g2 العمل اليومي",★قائمة,,★إبقاء,,role:6,"المسار القديم يصل بلا خطأ (nav_redirects)"
84,6,DAILY,"متابعة المشروع",movement/map_page.php,"g5 المتابعة والاستثناءات",★قائمة,,★إبقاء,,role:6,"المسار القديم يصل بلا خطأ (nav_redirects)"
85,6,DAILY,الورديات,movement/movement_operations.php,"g2 العمل اليومي",★قائمة,,★إبقاء,,role:6,"المسار القديم يصل بلا خطأ (nav_redirects)"
87,6,DAILY,"طلب مالي جديد",FinRequests/request_form.php,"g2 العمل اليومي",★قائمة,,★إبقاء,,role:6,"المسار القديم يصل بلا خطأ (nav_redirects)"
88,6,DAILY,"طلباتي المالية",FinRequests/my_requests.php,"g2 العمل اليومي",★قائمة,,★إبقاء,,role:6,"المسار القديم يصل بلا خطأ (nav_redirects)"
469,6,HOME,الرئيسية,main/role_board.php,"g1 لوحة الإدارة",★قائمة,,★إبقاء,,role:6,"المسار القديم يصل بلا خطأ (nav_redirects)"
86,6,REC,المشرفين,main/project_users.php,"g3 السجلات والملفات",★قائمة,,★إبقاء,,role:6,"المسار القديم يصل بلا خطأ (nav_redirects)"
89,6,REC,"المعاملات المالية",Finance/events_list_fin.php,"g3 السجلات والملفات",★قائمة,,★إبقاء,,role:6,"المسار القديم يصل بلا خطأ (nav_redirects)"
695,6,REC,"نطاقات العقد التشغيلية",Contracts/contract_sites.php,"g3 السجلات والملفات",★قائمة,,★إبقاء,,role:6,"المسار القديم يصل بلا خطأ (nav_redirects)"
705,6,REC,"الجدول الشهري للعقد",Contracts/contract_monthly_plan.php,"g3 السجلات والملفات",★قائمة,,★إبقاء,,role:6,"المسار القديم يصل بلا خطأ (nav_redirects)"
709,6,REC,"خطة موارد العقد",Contracts/contract_resource_plan.php,"g3 السجلات والملفات",★قائمة,,★إبقاء,,role:6,"المسار القديم يصل بلا خطأ (nav_redirects)"
840,6,REC,"التكليفات التنظيمية",admin/org_assignments.php,"g3 السجلات والملفات",★قائمة,,★إبقاء,,role:6,"المسار القديم يصل بلا خطأ (nav_redirects)"
91,6,REP,"التكاليف والربحية",Finance/cost_report_fin.php,"g7 التقارير",★قائمة,,★إبقاء,,role:6,"المسار القديم يصل بلا خطأ (nav_redirects)"
92,6,REP,"مركز التقارير",Reports/reports.php,"g7 التقارير",★قائمة,,★إبقاء,,role:6,"المسار القديم يصل بلا خطأ (nav_redirects)"
93,6,SET,الإعدادات,Settings/settings.php,"g8 الإعدادات",★قائمة,,★إبقاء,,role:6,"المسار القديم يصل بلا خطأ (nav_redirects)"
104,7,APPR,"موافقات إدارتي",FinRequests/dept_inbox.php,"g4 المراجعة والاعتماد",★قائمة,,★إبقاء,,role:7,"المسار القديم يصل بلا خطأ (nav_redirects)"
106,7,APPR,"وحدات الأطراف",Finance/unit_records_fin.php,"g4 المراجعة والاعتماد",★قائمة,,★إبقاء,,role:7,"المسار القديم يصل بلا خطأ (nav_redirects)"
107,7,APPR,"الميزانية والانحراف",Finance/budget_form_fin.php,"g5 المتابعة والاستثناءات",★قائمة,,★إبقاء,,role:7,"المسار القديم يصل بلا خطأ (nav_redirects)"
102,7,DAILY,"طلب مالي جديد",FinRequests/request_form.php,"g2 العمل اليومي",★قائمة,,★إبقاء,,role:7,"المسار القديم يصل بلا خطأ (nav_redirects)"
103,7,DAILY,"طلباتي المالية",FinRequests/my_requests.php,"g2 العمل اليومي",★قائمة,,★إبقاء,,role:7,"المسار القديم يصل بلا خطأ (nav_redirects)"
473,7,HOME,الرئيسية,main/role_board.php,"g1 لوحة الإدارة",★قائمة,,★إبقاء,,role:7,"المسار القديم يصل بلا خطأ (nav_redirects)"
94,7,REC,العملاء,Clients/clients.php,"g3 السجلات والملفات",★قائمة,,★إبقاء,,role:7,"المسار القديم يصل بلا خطأ (nav_redirects)"
95,7,REC,المشاريع,Projects/projects.php,"g3 السجلات والملفات",★قائمة,,★إبقاء,,role:7,"المسار القديم يصل بلا خطأ (nav_redirects)"
101,7,REC,العقود,Contracts/contracts.php,"g3 السجلات والملفات",★قائمة,,★إبقاء,,role:7,"المسار القديم يصل بلا خطأ (nav_redirects)"
105,7,REC,"المعاملات المالية",Finance/events_list_fin.php,"g3 السجلات والملفات",★قائمة,,★إبقاء,,role:7,"المسار القديم يصل بلا خطأ (nav_redirects)"
618,7,REC,"قراءات العدّادات",Equipments/meter_readings.php,"g3 السجلات والملفات",★قائمة,,★إبقاء,,role:7,"المسار القديم يصل بلا خطأ (nav_redirects)"
99,7,REP,"مركز التقارير",Reports/reports.php,"g7 التقارير",★قائمة,,★إبقاء,,role:7,"المسار القديم يصل بلا خطأ (nav_redirects)"
108,7,REP,"التكاليف والربحية",Finance/cost_report_fin.php,"g7 التقارير",★قائمة,,★إبقاء,,role:7,"المسار القديم يصل بلا خطأ (nav_redirects)"
96,7,SET,الصلاحيات,main/users.php,"g8 الإعدادات",★قائمة,,★إبقاء,,role:7,"المسار القديم يصل بلا خطأ (nav_redirects)"
97,7,SET,"أنواع المعدات",Equipments/equipments_types.php,"g8 الإعدادات",★قائمة,,★إبقاء,,role:7,"المسار القديم يصل بلا خطأ (nav_redirects)"
98,7,SET,"سجل النشاط",ActivityLogs/activity_logs.php,"g8 الإعدادات",★قائمة,,★إبقاء,,role:7,"المسار القديم يصل بلا خطأ (nav_redirects)"
100,7,SET,الإعدادات,Settings/settings.php,"g8 الإعدادات",★قائمة,,★إبقاء,,role:7,"المسار القديم يصل بلا خطأ (nav_redirects)"
113,8,DAILY,"طلب مالي جديد",FinRequests/request_form.php,"g2 العمل اليومي",★قائمة,,★إبقاء,,role:8,"المسار القديم يصل بلا خطأ (nav_redirects)"
114,8,DAILY,"طلباتي المالية",FinRequests/my_requests.php,"g2 العمل اليومي",★قائمة,,★إبقاء,,role:8,"المسار القديم يصل بلا خطأ (nav_redirects)"
116,8,DAILY,"المدفوعات والخزينة",Finance/payments_fin.php,"g2 العمل اليومي",★قائمة,,★إبقاء,,role:8,"المسار القديم يصل بلا خطأ (nav_redirects)"
474,8,HOME,الرئيسية,main/role_board.php,"g1 لوحة الإدارة",★قائمة,,★إبقاء,,role:8,"المسار القديم يصل بلا خطأ (nav_redirects)"
109,8,REC,الموردون,Suppliers/suppliers.php,"g3 السجلات والملفات",★قائمة,,★إبقاء,,role:8,"المسار القديم يصل بلا خطأ (nav_redirects)"
110,8,REC,"مشرفو الموردين",main/project_users.php,"g3 السجلات والملفات",★قائمة,,★إبقاء,,role:8,"المسار القديم يصل بلا خطأ (nav_redirects)"
112,8,REC,"عقود الموردين",Suppliers/supplierscontracts.php,"g3 السجلات والملفات",★قائمة,,★إبقاء,,role:8,"المسار القديم يصل بلا خطأ (nav_redirects)"
111,8,REP,"مركز التقارير",Reports/reports.php,"g7 التقارير",★قائمة,,★إبقاء,,role:8,"المسار القديم يصل بلا خطأ (nav_redirects)"
115,8,REP,"كشف حساب المورد",Finance/supplier_statement_fin.php,"g7 التقارير",★قائمة,,★إبقاء,,role:8,"المسار القديم يصل بلا خطأ (nav_redirects)"
117,8,SET,الإعدادات,Settings/settings.php,"g8 الإعدادات",★قائمة,,★إبقاء,,role:8,"المسار القديم يصل بلا خطأ (nav_redirects)"
126,10,APPR,"وحدات الأطراف",Finance/unit_records_fin.php,"g4 المراجعة والاعتماد",★قائمة,,★إبقاء,,role:10,"المسار القديم يصل بلا خطأ (nav_redirects)"
121,10,DAILY,التشغيل,Oprators/select_project.php,"g2 العمل اليومي",★قائمة,,★إبقاء,,role:10,"المسار القديم يصل بلا خطأ (nav_redirects)"
124,10,DAILY,"طلب مالي جديد",FinRequests/request_form.php,"g2 العمل اليومي",★قائمة,,★إبقاء,,role:10,"المسار القديم يصل بلا خطأ (nav_redirects)"
125,10,DAILY,"طلباتي المالية",FinRequests/my_requests.php,"g2 العمل اليومي",★قائمة,,★إبقاء,,role:10,"المسار القديم يصل بلا خطأ (nav_redirects)"
475,10,HOME,الرئيسية,main/role_board.php,"g1 لوحة الإدارة",★قائمة,,★إبقاء,,role:10,"المسار القديم يصل بلا خطأ (nav_redirects)"
118,10,REC,المعدات,Equipments/equipments_fleet.php,"g3 السجلات والملفات",★قائمة,,★إبقاء,,role:10,"المسار القديم يصل بلا خطأ (nav_redirects)"
122,10,REC,المشرفين,main/project_users.php,"g3 السجلات والملفات",★قائمة,,★إبقاء,,role:10,"المسار القديم يصل بلا خطأ (nav_redirects)"
128,10,REC,"الأصول والإهلاك",Finance/assets_fin.php,"g3 السجلات والملفات",★قائمة,,★إبقاء,,role:10,"المسار القديم يصل بلا خطأ (nav_redirects)"
123,10,REP,"مركز التقارير",Reports/reports.php,"g7 التقارير",★قائمة,,★إبقاء,,role:10,"المسار القديم يصل بلا خطأ (nav_redirects)"
127,10,REP,"التكاليف والربحية",Finance/cost_report_fin.php,"g7 التقارير",★قائمة,,★إبقاء,,role:10,"المسار القديم يصل بلا خطأ (nav_redirects)"
119,10,SET,"الأنواع والموديلات",Equipments/fleet_models.php,"g8 الإعدادات",★قائمة,,★إبقاء,,role:10,"المسار القديم يصل بلا خطأ (nav_redirects)"
120,10,SET,"إعداد الإهلاك",Equipments/fleet_depreciation_profiles.php,"g8 الإعدادات",★قائمة,,★إبقاء,,role:10,"المسار القديم يصل بلا خطأ (nav_redirects)"
129,10,SET,الإعدادات,Settings/settings.php,"g8 الإعدادات",★قائمة,,★إبقاء,,role:10,"المسار القديم يصل بلا خطأ (nav_redirects)"
138,11,APPR,"وحدات الأطراف",Finance/unit_records_fin.php,"g4 المراجعة والاعتماد",★قائمة,,★إبقاء,,role:11,"المسار القديم يصل بلا خطأ (nav_redirects)"
133,11,DAILY,التشغيل,Oprators/select_project.php,"g2 العمل اليومي",★قائمة,,★إبقاء,,role:11,"المسار القديم يصل بلا خطأ (nav_redirects)"
136,11,DAILY,"طلب مالي جديد",FinRequests/request_form.php,"g2 العمل اليومي",★قائمة,,★إبقاء,,role:11,"المسار القديم يصل بلا خطأ (nav_redirects)"
137,11,DAILY,"طلباتي المالية",FinRequests/my_requests.php,"g2 العمل اليومي",★قائمة,,★إبقاء,,role:11,"المسار القديم يصل بلا خطأ (nav_redirects)"
476,11,HOME,الرئيسية,main/role_board.php,"g1 لوحة الإدارة",★قائمة,,★إبقاء,,role:11,"المسار القديم يصل بلا خطأ (nav_redirects)"
130,11,REC,المعدات,Equipments/equipments_fleet.php,"g3 السجلات والملفات",★قائمة,,★إبقاء,,role:11,"المسار القديم يصل بلا خطأ (nav_redirects)"
134,11,REC,المشرفين,main/project_users.php,"g3 السجلات والملفات",★قائمة,,★إبقاء,,role:11,"المسار القديم يصل بلا خطأ (nav_redirects)"
619,11,REC,"قراءات العدّادات",Equipments/meter_readings.php,"g3 السجلات والملفات",★قائمة,,★إبقاء,,role:11,"المسار القديم يصل بلا خطأ (nav_redirects)"
135,11,REP,"مركز التقارير",Reports/reports.php,"g7 التقارير",★قائمة,,★إبقاء,,role:11,"المسار القديم يصل بلا خطأ (nav_redirects)"
139,11,REP,"التكاليف والربحية",Finance/cost_report_fin.php,"g7 التقارير",★قائمة,,★إبقاء,,role:11,"المسار القديم يصل بلا خطأ (nav_redirects)"
131,11,SET,"الأنواع والموديلات",Equipments/fleet_models.php,"g8 الإعدادات",★قائمة,,★إبقاء,,role:11,"المسار القديم يصل بلا خطأ (nav_redirects)"
132,11,SET,"إعداد الإهلاك",Equipments/fleet_depreciation_profiles.php,"g8 الإعدادات",★قائمة,,★إبقاء,,role:11,"المسار القديم يصل بلا خطأ (nav_redirects)"
140,11,SET,الإعدادات,Settings/settings.php,"g8 الإعدادات",★قائمة,,★إبقاء,,role:11,"المسار القديم يصل بلا خطأ (nav_redirects)"
146,12,APPR,"المخاطر التجارية",Clients/commercial_risks.php,"g4 المراجعة والاعتماد",★قائمة,,★إبقاء,,role:12,"المسار القديم يصل بلا خطأ (nav_redirects)"
559,12,APPR,"لوحة الإسناد اليومي",Approvals/attribution_board.php,"g1 لوحة الإدارة",★قائمة,,★إبقاء,,role:12,"المسار القديم يصل بلا خطأ (nav_redirects)"
155,12,APPR,"جاهزية العروض",Clients/readiness_lines.php,"g4 المراجعة والاعتماد",★قائمة,,★إبقاء,,role:12,"المسار القديم يصل بلا خطأ (nav_redirects)"
158,12,APPR,"موافقات إدارتي",FinRequests/dept_inbox.php,"g4 المراجعة والاعتماد",★قائمة,,★إبقاء,,role:12,"المسار القديم يصل بلا خطأ (nav_redirects)"
160,12,APPR,"الميزانية والانحراف",Finance/budget_form_fin.php,"g5 المتابعة والاستثناءات",★قائمة,,★إبقاء,,role:12,"المسار القديم يصل بلا خطأ (nav_redirects)"
141,12,DAILY,"الفرص البيعية",Opportunities/opportunities.php,"g2 العمل اليومي",★قائمة,,★إبقاء,,role:12,"المسار القديم يصل بلا خطأ (nav_redirects)"
145,12,DAILY,"أنشطة العملاء",Clients/activities.php,"g2 العمل اليومي",★قائمة,,★إبقاء,,role:12,"المسار القديم يصل بلا خطأ (nav_redirects)"
147,12,DAILY,المناقصات,Clients/tenders.php,"g2 العمل اليومي",★قائمة,,★إبقاء,,role:12,"المسار القديم يصل بلا خطأ (nav_redirects)"
148,12,DAILY,"عروض الأسعار",Clients/quotations.php,"g2 العمل اليومي",★قائمة,,★إبقاء,,role:12,"المسار القديم يصل بلا خطأ (nav_redirects)"
156,12,DAILY,"طلب مالي جديد",FinRequests/request_form.php,"g2 العمل اليومي",★قائمة,,★إبقاء,,role:12,"المسار القديم يصل بلا خطأ (nav_redirects)"
157,12,DAILY,"طلباتي المالية",FinRequests/my_requests.php,"g2 العمل اليومي",★قائمة,,★إبقاء,,role:12,"المسار القديم يصل بلا خطأ (nav_redirects)"
470,12,HOME,الرئيسية,main/role_board.php,"g1 لوحة الإدارة",★قائمة,,★إبقاء,,role:12,"المسار القديم يصل بلا خطأ (nav_redirects)"
142,12,REC,العملاء,Clients/clients.php,"g3 السجلات والملفات",★قائمة,,★إبقاء,,role:12,"المسار القديم يصل بلا خطأ (nav_redirects)"
143,12,REC,المشاريع,Projects/projects.php,"g3 السجلات والملفات",★قائمة,,★إبقاء,,role:12,"المسار القديم يصل بلا خطأ (nav_redirects)"
144,12,REC,العقود,Contracts/contracts.php,"g3 السجلات والملفات",★قائمة,,★إبقاء,,role:12,"المسار القديم يصل بلا خطأ (nav_redirects)"
152,12,REC,"ملاحق العقود وتجديداتها",Clients/contract_amendments.php,"g3 السجلات والملفات",★قائمة,,★إبقاء,,role:12,"المسار القديم يصل بلا خطأ (nav_redirects)"
490,12,REC,المستخلصات,Contracts/claims.php,"g3 السجلات والملفات",★قائمة,,★إبقاء,,role:12,"المسار القديم يصل بلا خطأ (nav_redirects)"
550,12,REC,"مصفوفة التزامات العقد",Contracts/contract_obligations.php,"g3 السجلات والملفات",★قائمة,,★إبقاء,,role:12,"المسار القديم يصل بلا خطأ (nav_redirects)"
564,12,REC,"احتساب الجزاءات والحوافز",Contracts/penalties.php,"g3 السجلات والملفات",★قائمة,,★إبقاء,,role:12,"المسار القديم يصل بلا خطأ (nav_redirects)"
153,12,REC,"سجل حركة العقد",Clients/contract_events.php,"g3 السجلات والملفات",★قائمة,,★إبقاء,,role:12,"المسار القديم يصل بلا خطأ (nav_redirects)"
612,12,REC,"شروط تعديل السعر",Contracts/price_terms.php,"g3 السجلات والملفات",★قائمة,,★إبقاء,,role:12,"المسار القديم يصل بلا خطأ (nav_redirects)"
154,12,REC,"التزامات العقود",Clients/contract_commitments.php,"g3 السجلات والملفات",★قائمة,,★إبقاء,,role:12,"المسار القديم يصل بلا خطأ (nav_redirects)"
657,12,REC,"الفاتورة الضريبية",Contracts/tax_invoices.php,"g3 السجلات والملفات",★قائمة,,★إبقاء,,role:12,"المسار القديم يصل بلا خطأ (nav_redirects)"
660,12,REC,"كشف حساب العميل",Contracts/client_statement.php,"g7 التقارير",★قائمة,,★إبقاء,,role:12,"المسار القديم يصل بلا خطأ (nav_redirects)"
670,12,REC,"الذمم والتحصيل",Contracts/collections.php,"g3 السجلات والملفات",★قائمة,,"★مراجعة تكرار الاسم — دمج أو تمييز",,role:12,"المسار القديم يصل بلا خطأ (nav_redirects)"
159,12,REC,"المعاملات المالية",Finance/events_list_fin.php,"g3 السجلات والملفات",★قائمة,,★إبقاء,,role:12,"المسار القديم يصل بلا خطأ (nav_redirects)"
693,12,REC,"نطاقات العقد التشغيلية",Contracts/contract_sites.php,"g3 السجلات والملفات",★قائمة,,★إبقاء,,role:12,"المسار القديم يصل بلا خطأ (nav_redirects)"
699,12,REC,"بنود عقد العميل وقيمته",Contracts/contract_lines.php,"g3 السجلات والملفات",★قائمة,,★إبقاء,,role:12,"المسار القديم يصل بلا خطأ (nav_redirects)"
703,12,REC,"الجدول الشهري للعقد",Contracts/contract_monthly_plan.php,"g3 السجلات والملفات",★قائمة,,★إبقاء,,role:12,"المسار القديم يصل بلا خطأ (nav_redirects)"
707,12,REC,"خطة موارد العقد",Contracts/contract_resource_plan.php,"g3 السجلات والملفات",★قائمة,,★إبقاء,,role:12,"المسار القديم يصل بلا خطأ (nav_redirects)"
714,12,REC,"خطة دفع العقد",Contracts/contract_payment_schedule.php,"g3 السجلات والملفات",★قائمة,,★إبقاء,,role:12,"المسار القديم يصل بلا خطأ (nav_redirects)"
722,12,REC,"ضمانات العقد",Contracts/contract_guarantees.php,"g3 السجلات والملفات",★قائمة,,★إبقاء,,role:12,"المسار القديم يصل بلا خطأ (nav_redirects)"
732,12,REC,"ربط الخطة بالفعلي",Contracts/plan_actual_link.php,"g3 السجلات والملفات",★قائمة,,★إبقاء,,role:12,"المسار القديم يصل بلا خطأ (nav_redirects)"
736,12,REC,"خط أساس العقد",Contracts/contract_baseline.php,"g3 السجلات والملفات",★قائمة,,★إبقاء,,role:12,"المسار القديم يصل بلا خطأ (nav_redirects)"
744,12,REC,"اقتصاد دورة حياة العقد",Contracts/contract_lifecycle.php,"g3 السجلات والملفات",★قائمة,,★إبقاء,,role:12,"المسار القديم يصل بلا خطأ (nav_redirects)"
752,12,REC,"اللوحة التجارية للعقود",Contracts/commercial_board.php,"g1 لوحة الإدارة",★قائمة,,★إبقاء,,role:12,"المسار القديم يصل بلا خطأ (nav_redirects)"
161,12,REP,"مركز التقارير",Reports/reports.php,"g7 التقارير",★قائمة,,★إبقاء,,role:12,"المسار القديم يصل بلا خطأ (nav_redirects)"
149,12,SET,"قوائم ونماذج التسعير",Clients/pricelists.php,"g7 التقارير",★قائمة,,★إبقاء,,role:12,"المسار القديم يصل بلا خطأ (nav_redirects)"
150,12,SET,"كتالوج المنتجات والخدمات",Clients/products.php,"g8 الإعدادات",★قائمة,,★إبقاء,,role:12,"المسار القديم يصل بلا خطأ (nav_redirects)"
151,12,SET,"وحدات القياس",Clients/units_of_measure.php,"g8 الإعدادات",★قائمة,,★إبقاء,,role:12,"المسار القديم يصل بلا خطأ (nav_redirects)"
162,12,SET,الإعدادات,Settings/settings.php,"g8 الإعدادات",★قائمة,,★إبقاء,,role:12,"المسار القديم يصل بلا خطأ (nav_redirects)"
170,13,APPR,"موافقات إدارتي",FinRequests/dept_inbox.php,"g4 المراجعة والاعتماد",★قائمة,,★إبقاء,,role:13,"المسار القديم يصل بلا خطأ (nav_redirects)"
172,13,APPR,"الميزانية والانحراف",Finance/budget_form_fin.php,"g5 المتابعة والاستثناءات",★قائمة,,★إبقاء,,role:13,"المسار القديم يصل بلا خطأ (nav_redirects)"
163,13,DAILY,"أوامر الصيانة",Maintenance/orders.php,"g2 العمل اليومي",★قائمة,,★إبقاء,,role:13,"المسار القديم يصل بلا خطأ (nav_redirects)"
164,13,DAILY,"الفحص الفني اليومي",Maintenance/inspections.php,"g2 العمل اليومي",★قائمة,,★إبقاء,,role:13,"المسار القديم يصل بلا خطأ (nav_redirects)"
165,13,DAILY,"الصيانة الوقائية",Maintenance/preventive_plans.php,"g2 العمل اليومي",★قائمة,,★إبقاء,,role:13,"المسار القديم يصل بلا خطأ (nav_redirects)"
168,13,DAILY,"طلب مالي جديد",FinRequests/request_form.php,"g2 العمل اليومي",★قائمة,,★إبقاء,,role:13,"المسار القديم يصل بلا خطأ (nav_redirects)"
169,13,DAILY,"طلباتي المالية",FinRequests/my_requests.php,"g2 العمل اليومي",★قائمة,,★إبقاء,,role:13,"المسار القديم يصل بلا خطأ (nav_redirects)"
477,13,HOME,الرئيسية,Maintenance/dashboard_mnt.php,"g1 لوحة الإدارة",★قائمة,,★إبقاء,,role:13,"المسار القديم يصل بلا خطأ (nav_redirects)"
171,13,REC,"المعاملات المالية",Finance/events_list_fin.php,"g3 السجلات والملفات",★قائمة,,★إبقاء,,role:13,"المسار القديم يصل بلا خطأ (nav_redirects)"
173,13,REP,"التكاليف والربحية",Finance/cost_report_fin.php,"g7 التقارير",★قائمة,,★إبقاء,,role:13,"المسار القديم يصل بلا خطأ (nav_redirects)"
174,13,REP,التقارير,emsreports/index.php,"g7 التقارير",★قائمة,,★إبقاء,,role:13,"المسار القديم يصل بلا خطأ (nav_redirects)"
166,13,SET,"إعدادات الصيانة",Maintenance/master_data.php,"g8 الإعدادات",★قائمة,,★إبقاء,,role:13,"المسار القديم يصل بلا خطأ (nav_redirects)"
167,13,SET,"تصنيفات الأعطال",Equipments/manage_failure_codes.php,"g8 الإعدادات",★قائمة,,★إبقاء,,role:13,"المسار القديم يصل بلا خطأ (nav_redirects)"
175,13,SET,الإعدادات,Settings/settings.php,"g8 الإعدادات",★قائمة,,★إبقاء,,role:13,"المسار القديم يصل بلا خطأ (nav_redirects)"
183,14,APPR,"موافقات إدارتي",FinRequests/dept_inbox.php,"g4 المراجعة والاعتماد",★قائمة,,★إبقاء,,role:14,"المسار القديم يصل بلا خطأ (nav_redirects)"
185,14,APPR,"الميزانية والانحراف",Finance/budget_form_fin.php,"g5 المتابعة والاستثناءات",★قائمة,,★إبقاء,,role:14,"المسار القديم يصل بلا خطأ (nav_redirects)"
176,14,DAILY,"أوامر الصيانة",Maintenance/orders.php,"g2 العمل اليومي",★قائمة,,★إبقاء,,role:14,"المسار القديم يصل بلا خطأ (nav_redirects)"
177,14,DAILY,"الفحص الفني اليومي",Maintenance/inspections.php,"g2 العمل اليومي",★قائمة,,★إبقاء,,role:14,"المسار القديم يصل بلا خطأ (nav_redirects)"
178,14,DAILY,"الصيانة الوقائية",Maintenance/preventive_plans.php,"g2 العمل اليومي",★قائمة,,★إبقاء,,role:14,"المسار القديم يصل بلا خطأ (nav_redirects)"
181,14,DAILY,"طلب مالي جديد",FinRequests/request_form.php,"g2 العمل اليومي",★قائمة,,★إبقاء,,role:14,"المسار القديم يصل بلا خطأ (nav_redirects)"
182,14,DAILY,"طلباتي المالية",FinRequests/my_requests.php,"g2 العمل اليومي",★قائمة,,★إبقاء,,role:14,"المسار القديم يصل بلا خطأ (nav_redirects)"
478,14,HOME,الرئيسية,Maintenance/dashboard_mnt.php,"g1 لوحة الإدارة",★قائمة,,★إبقاء,,role:14,"المسار القديم يصل بلا خطأ (nav_redirects)"
184,14,REC,"المعاملات المالية",Finance/events_list_fin.php,"g3 السجلات والملفات",★قائمة,,★إبقاء,,role:14,"المسار القديم يصل بلا خطأ (nav_redirects)"
186,14,REP,"التكاليف والربحية",Finance/cost_report_fin.php,"g7 التقارير",★قائمة,,★إبقاء,,role:14,"المسار القديم يصل بلا خطأ (nav_redirects)"
187,14,REP,التقارير,emsreports/index.php,"g7 التقارير",★قائمة,,★إبقاء,,role:14,"المسار القديم يصل بلا خطأ (nav_redirects)"
179,14,SET,"إعدادات الصيانة",Maintenance/master_data.php,"g8 الإعدادات",★قائمة,,★إبقاء,,role:14,"المسار القديم يصل بلا خطأ (nav_redirects)"
180,14,SET,"تصنيفات الأعطال",Equipments/manage_failure_codes.php,"g8 الإعدادات",★قائمة,,★إبقاء,,role:14,"المسار القديم يصل بلا خطأ (nav_redirects)"
188,14,SET,الإعدادات,Settings/settings.php,"g8 الإعدادات",★قائمة,,★إبقاء,,role:14,"المسار القديم يصل بلا خطأ (nav_redirects)"
513,15,APPR,"موافقات إدارتي",FinRequests/dept_inbox.php,"g4 المراجعة والاعتماد",★قائمة,,★إبقاء,,role:15,"المسار القديم يصل بلا خطأ (nav_redirects)"
506,15,APPR,"الميزانية والانحراف",Finance/budget_form_fin.php,"g5 المتابعة والاستثناءات",★قائمة,,★إبقاء,,role:15,"المسار القديم يصل بلا خطأ (nav_redirects)"
191,15,DAILY,"طلب مالي جديد",FinRequests/request_form.php,"g2 العمل اليومي",★قائمة,,★إبقاء,,role:15,"المسار القديم يصل بلا خطأ (nav_redirects)"
192,15,DAILY,"طلباتي المالية",FinRequests/my_requests.php,"g2 العمل اليومي",★قائمة,,★إبقاء,,role:15,"المسار القديم يصل بلا خطأ (nav_redirects)"
843,15,GOV,"مركز حوكمة الصلاحيات",admin/sec_governance.php,"g3 السجلات والملفات",★قائمة,,★إبقاء,,role:15,"المسار القديم يصل بلا خطأ (nav_redirects)"
844,15,GOV,"معالج إعداد الموظف",admin/sec_employee_wizard.php,"g8 الإعدادات",★قائمة,,★إبقاء,,role:15,"المسار القديم يصل بلا خطأ (nav_redirects)"
471,15,HOME,الرئيسية,main/role_board.php,"g1 لوحة الإدارة",★قائمة,,★إبقاء,,role:15,"المسار القديم يصل بلا خطأ (nav_redirects)"
190,15,REC,المعاونون,main/all_assistants.php,"g3 السجلات والملفات",★قائمة,,"★مراجعة تكرار الاسم — دمج أو تمييز",,role:15,"المسار القديم يصل بلا خطأ (nav_redirects)"
789,15,REC,المعاونون,main/project_users.php,"g3 السجلات والملفات",★قائمة,,"★مراجعة تكرار الاسم — دمج أو تمييز",,role:15,"المسار القديم يصل بلا خطأ (nav_redirects)"
189,15,SET,"إدارة المستخدمين",main/users.php,"g8 الإعدادات",★قائمة,,★إبقاء,,role:15,"المسار القديم يصل بلا خطأ (nav_redirects)"
193,15,SET,الإعدادات,Settings/settings.php,"g8 الإعدادات",★قائمة,,★إبقاء,,role:15,"المسار القديم يصل بلا خطأ (nav_redirects)"
206,16,APPR,"موافقات إدارتي",FinRequests/dept_inbox.php,"g4 المراجعة والاعتماد",★قائمة,,★إبقاء,,role:16,"المسار القديم يصل بلا خطأ (nav_redirects)"
208,16,APPR,"الميزانية والانحراف",Finance/budget_form_fin.php,"g5 المتابعة والاستثناءات",★قائمة,,★إبقاء,,role:16,"المسار القديم يصل بلا خطأ (nav_redirects)"
196,16,DAILY,"طلبات الشراء",Procurement/requests_proc.php,"g2 العمل اليومي",★قائمة,,★إبقاء,,role:16,"المسار القديم يصل بلا خطأ (nav_redirects)"
197,16,DAILY,"أوامر الشراء",Procurement/orders_proc.php,"g2 العمل اليومي",★قائمة,,★إبقاء,,role:16,"المسار القديم يصل بلا خطأ (nav_redirects)"
198,16,DAILY,"الاستلام المؤقت",Procurement/receipt_custody_proc.php,"g2 العمل اليومي",★قائمة,,★إبقاء,,role:16,"المسار القديم يصل بلا خطأ (nav_redirects)"
200,16,DAILY,"صرف المخزون والعهدة",Procurement/issue_proc.php,"g2 العمل اليومي",★قائمة,,★إبقاء,,role:16,"المسار القديم يصل بلا خطأ (nav_redirects)"
204,16,DAILY,"طلب مالي جديد",FinRequests/request_form.php,"g2 العمل اليومي",★قائمة,,★إبقاء,,role:16,"المسار القديم يصل بلا خطأ (nav_redirects)"
205,16,DAILY,"طلباتي المالية",FinRequests/my_requests.php,"g2 العمل اليومي",★قائمة,,★إبقاء,,role:16,"المسار القديم يصل بلا خطأ (nav_redirects)"
209,16,DAILY,"المدفوعات والخزينة",Finance/payments_fin.php,"g2 العمل اليومي",★قائمة,,★إبقاء,,role:16,"المسار القديم يصل بلا خطأ (nav_redirects)"
194,16,HOME,الرئيسية,Procurement/dashboard_proc.php,"g1 لوحة الإدارة",★قائمة,,★إبقاء,,role:16,"المسار القديم يصل بلا خطأ (nav_redirects)"
199,16,REC,المخزون,Procurement/stock_proc.php,"g3 السجلات والملفات",★قائمة,,★إبقاء,,role:16,"المسار القديم يصل بلا خطأ (nav_redirects)"
202,16,REC,"موردو المشتريات",Procurement/suppliers_proc.php,"g3 السجلات والملفات",★قائمة,,★إبقاء,,role:16,"المسار القديم يصل بلا خطأ (nav_redirects)"
207,16,REC,"المعاملات المالية",Finance/events_list_fin.php,"g3 السجلات والملفات",★قائمة,,★إبقاء,,role:16,"المسار القديم يصل بلا خطأ (nav_redirects)"
690,16,REC,"طلبات عروض الموردين",Suppliers/rfq_requests.php,"g3 السجلات والملفات",★قائمة,,★إبقاء,,role:16,"المسار القديم يصل بلا خطأ (nav_redirects)"
195,16,SET,"كتالوج الأصناف",Procurement/items_proc.php,"g8 الإعدادات",★قائمة,,★إبقاء,,role:16,"المسار القديم يصل بلا خطأ (nav_redirects)"
201,16,SET,"حدود إعادة الطلب",Procurement/reordering_proc.php,"g8 الإعدادات",★قائمة,,★إبقاء,,role:16,"المسار القديم يصل بلا خطأ (nav_redirects)"
203,16,SET,"البيانات المرجعية",Procurement/master_data_proc.php,"g8 الإعدادات",★قائمة,,★إبقاء,,role:16,"المسار القديم يصل بلا خطأ (nav_redirects)"
210,16,SET,الإعدادات,Settings/settings.php,"g8 الإعدادات",★قائمة,,★إبقاء,,role:16,"المسار القديم يصل بلا خطأ (nav_redirects)"
762,17,APPR,"صندوق الاعتمادات الموحد",Finance/approvals_inbox.php,"g4 المراجعة والاعتماد",★قائمة,,★إبقاء,,role:17,"المسار القديم يصل بلا خطأ (nav_redirects)"
217,17,APPR,"وحدات الأطراف",Finance/unit_records_fin.php,"g4 المراجعة والاعتماد",★قائمة,,★إبقاء,,role:17,"المسار القديم يصل بلا خطأ (nav_redirects)"
560,17,APPR,"لوحة الإسناد اليومي",Approvals/attribution_board.php,"g1 لوحة الإدارة",★قائمة,,★إبقاء,,role:17,"المسار القديم يصل بلا خطأ (nav_redirects)"
218,17,APPR,"استقبال معاملات الإدارات",Finance/import_events_fin.php,"g4 المراجعة والاعتماد",★قائمة,,★إبقاء,,role:17,"المسار القديم يصل بلا خطأ (nav_redirects)"
221,17,APPR,"الميزانية والانحراف",Finance/budget_form_fin.php,"g5 المتابعة والاستثناءات",★قائمة,,★إبقاء,,role:17,"المسار القديم يصل بلا خطأ (nav_redirects)"
222,17,APPR,"متابعة الانحراف",Finance/variance_monitor_fin.php,"g5 المتابعة والاستثناءات",★قائمة,,★إبقاء,,role:17,"المسار القديم يصل بلا خطأ (nav_redirects)"
224,17,APPR,"الذمم والتحصيل",Finance/dues_fin.php,"g4 المراجعة والاعتماد",★قائمة,,"★مراجعة تكرار الاسم — دمج أو تمييز",,role:17,"المسار القديم يصل بلا خطأ (nav_redirects)"
229,17,APPR,"إقفال الفترات",Finance/periods_fin.php,"g6 الإغلاق والتسوية",★قائمة,,★إبقاء,,role:17,"المسار القديم يصل بلا خطأ (nav_redirects)"
236,17,APPR,"الطلبات المالية",FinRequests/finance_gateway.php,"g4 المراجعة والاعتماد",★قائمة,,★إبقاء,,role:17,"المسار القديم يصل بلا خطأ (nav_redirects)"
241,17,APPR,"موافقات إدارتي",FinRequests/dept_inbox.php,"g4 المراجعة والاعتماد",★قائمة,,★إبقاء,,role:17,"المسار القديم يصل بلا خطأ (nav_redirects)"
226,17,DAILY,"المدفوعات والخزينة",Finance/payments_fin.php,"g2 العمل اليومي",★قائمة,,★إبقاء,,role:17,"المسار القديم يصل بلا خطأ (nav_redirects)"
227,17,DAILY,"المطابقة البنكية",Finance/bank_reconciliation_fin.php,"g2 العمل اليومي",★قائمة,,★إبقاء,,role:17,"المسار القديم يصل بلا خطأ (nav_redirects)"
242,17,DAILY,"مكتب المحاسب",FinRequests/accountant_desk.php,"g2 العمل اليومي",★قائمة,,★إبقاء,,role:17,"المسار القديم يصل بلا خطأ (nav_redirects)"
770,17,DAILY,"سجل الوحدات اليومية",Reports/daily_units_report.php,"g2 العمل اليومي",★قائمة,,★إبقاء,,role:17,"المسار القديم يصل بلا خطأ (nav_redirects)"
211,17,HOME,الرئيسية,Finance/cfo_daily_board_fin.php,"g1 لوحة الإدارة",★قائمة,,★إبقاء,,role:17,"المسار القديم يصل بلا خطأ (nav_redirects)"
215,17,REC,"المعاملات المالية",Finance/events_list_fin.php,"g3 السجلات والملفات",★قائمة,,★إبقاء,,role:17,"المسار القديم يصل بلا خطأ (nav_redirects)"
216,17,REC,المعاونين,main/project_users.php,"g3 السجلات والملفات",★قائمة,,★إبقاء,,role:17,"المسار القديم يصل بلا خطأ (nav_redirects)"
219,17,REC,"القيود اليومية",Finance/journal_form_fin.php,"g3 السجلات والملفات",★قائمة,,★إبقاء,,role:17,"المسار القديم يصل بلا خطأ (nav_redirects)"
230,17,REC,"التمويل والالتزامات",Finance/funding_fin.php,"g3 السجلات والملفات",★قائمة,,★إبقاء,,role:17,"المسار القديم يصل بلا خطأ (nav_redirects)"
492,17,REC,المستخلصات,Contracts/claims.php,"g3 السجلات والملفات",★قائمة,,★إبقاء,,role:17,"المسار القديم يصل بلا خطأ (nav_redirects)"
538,17,REC,"تسويات الموردين",Suppliers/settlements.php,"g6 الإغلاق والتسوية",★قائمة,,★إبقاء,,role:17,"المسار القديم يصل بلا خطأ (nav_redirects)"
553,17,REC,"مصفوفة التزامات العقد",Contracts/contract_obligations.php,"g3 السجلات والملفات",★قائمة,,★إبقاء,,role:17,"المسار القديم يصل بلا خطأ (nav_redirects)"
573,17,REC,"تسويات الموظفين",Workforce/employee_settlements.php,"g6 الإغلاق والتسوية",★قائمة,,★إبقاء,,role:17,"المسار القديم يصل بلا خطأ (nav_redirects)"
566,17,REC,"احتساب الجزاءات والحوافز",Contracts/penalties.php,"g3 السجلات والملفات",★قائمة,,★إبقاء,,role:17,"المسار القديم يصل بلا خطأ (nav_redirects)"
232,17,REC,"الأصول والإهلاك",Finance/assets_fin.php,"g3 السجلات والملفات",★قائمة,,★إبقاء,,role:17,"المسار القديم يصل بلا خطأ (nav_redirects)"
609,17,REC,"بنود عقد المورد",Suppliers/supplier_contract_lines.php,"g3 السجلات والملفات",★قائمة,,★إبقاء,,role:17,"المسار القديم يصل بلا خطأ (nav_redirects)"
614,17,REC,"شروط تعديل السعر",Contracts/price_terms.php,"g3 السجلات والملفات",★قائمة,,★إبقاء,,role:17,"المسار القديم يصل بلا خطأ (nav_redirects)"
623,17,REC,"مسيّر الرواتب",Workforce/payroll_runs.php,"g6 الإغلاق والتسوية",★قائمة,,★إبقاء,,role:17,"المسار القديم يصل بلا خطأ (nav_redirects)"
629,17,REC,"سلفيات الموظفين",Workforce/employee_advances.php,"g3 السجلات والملفات",★قائمة,,★إبقاء,,role:17,"المسار القديم يصل بلا خطأ (nav_redirects)"
635,17,REC,"سلفيات الموردين",Suppliers/supplier_advances.php,"g3 السجلات والملفات",★قائمة,,★إبقاء,,role:17,"المسار القديم يصل بلا خطأ (nav_redirects)"
642,17,REC,"قواعد تحميل المورد وجزاءاته",Suppliers/supplier_rules.php,"g8 الإعدادات",★قائمة,,★إبقاء,,role:17,"المسار القديم يصل بلا خطأ (nav_redirects)"
647,17,REC,"الطاقة والجاهزية ومهلة الإحلال",Suppliers/supplier_capacity.php,"g3 السجلات والملفات",★قائمة,,★إبقاء,,role:17,"المسار القديم يصل بلا خطأ (nav_redirects)"
649,17,REC,"تقييم المورد الدوري",Suppliers/supplier_evaluation.php,"g3 السجلات والملفات",★قائمة,,★إبقاء,,role:17,"المسار القديم يصل بلا خطأ (nav_redirects)"
652,17,REC,"تصفية إنهاء عقد المورد",Suppliers/supplier_closure.php,"g3 السجلات والملفات",★قائمة,,★إبقاء,,role:17,"المسار القديم يصل بلا خطأ (nav_redirects)"
655,17,REC,"وثائق المورد وحسابه البنكي",Suppliers/supplier_documents.php,"g3 السجلات والملفات",★قائمة,,★إبقاء,,role:17,"المسار القديم يصل بلا خطأ (nav_redirects)"
658,17,REC,"الفاتورة الضريبية",Contracts/tax_invoices.php,"g3 السجلات والملفات",★قائمة,,★إبقاء,,role:17,"المسار القديم يصل بلا خطأ (nav_redirects)"
661,17,REC,"كشف حساب العميل",Contracts/client_statement.php,"g7 التقارير",★قائمة,,★إبقاء,,role:17,"المسار القديم يصل بلا خطأ (nav_redirects)"
668,17,REC,"الذمم والتحصيل",Contracts/collections.php,"g3 السجلات والملفات",★قائمة,,"★مراجعة تكرار الاسم — دمج أو تمييز",,role:17,"المسار القديم يصل بلا خطأ (nav_redirects)"
672,17,REC,"تصفية إنهاء خدمة الموظف",Workforce/final_settlement.php,"g3 السجلات والملفات",★قائمة,,★إبقاء,,role:17,"المسار القديم يصل بلا خطأ (nav_redirects)"
679,17,REC,"تعرفة الترحيل وتسعير الأوامر",Transport/transfer_tariffs.php,"g3 السجلات والملفات",★قائمة,,★إبقاء,,role:17,"المسار القديم يصل بلا خطأ (nav_redirects)"
683,17,REC,"الدوريات المالية",Finance/periodic_events_fin.php,"g3 السجلات والملفات",★قائمة,,★إبقاء,,role:17,"المسار القديم يصل بلا خطأ (nav_redirects)"
691,17,REC,"طلبات عروض الموردين",Suppliers/rfq_requests.php,"g3 السجلات والملفات",★قائمة,,★إبقاء,,role:17,"المسار القديم يصل بلا خطأ (nav_redirects)"
701,17,REC,"بنود عقد العميل وقيمته",Contracts/contract_lines.php,"g3 السجلات والملفات",★قائمة,,★إبقاء,,role:17,"المسار القديم يصل بلا خطأ (nav_redirects)"
734,17,REC,"ربط الخطة بالفعلي",Contracts/plan_actual_link.php,"g3 السجلات والملفات",★قائمة,,★إبقاء,,role:17,"المسار القديم يصل بلا خطأ (nav_redirects)"
738,17,REC,"خط أساس العقد",Contracts/contract_baseline.php,"g3 السجلات والملفات",★قائمة,,★إبقاء,,role:17,"المسار القديم يصل بلا خطأ (nav_redirects)"
745,17,REC,"اقتصاد دورة حياة العقد",Contracts/contract_lifecycle.php,"g3 السجلات والملفات",★قائمة,,★إبقاء,,role:17,"المسار القديم يصل بلا خطأ (nav_redirects)"
753,17,REC,"اللوحة التجارية للعقود",Contracts/commercial_board.php,"g1 لوحة الإدارة",★قائمة,,★إبقاء,,role:17,"المسار القديم يصل بلا خطأ (nav_redirects)"
212,17,REP,"اللوحة التنفيذية",Finance/executive_dashboard_fin.php,"g1 لوحة الإدارة",★قائمة,,★إبقاء,,role:17,"المسار القديم يصل بلا خطأ (nav_redirects)"
220,17,REP,"القوائم المالية",Finance/financial_statements_fin.php,"g7 التقارير",★قائمة,,★إبقاء,,role:17,"المسار القديم يصل بلا خطأ (nav_redirects)"
225,17,REP,"كشف حساب المورد",Finance/supplier_statement_fin.php,"g7 التقارير",★قائمة,,★إبقاء,,role:17,"المسار القديم يصل بلا خطأ (nav_redirects)"
228,17,REP,"التكاليف والربحية",Finance/cost_report_fin.php,"g7 التقارير",★قائمة,,★إبقاء,,role:17,"المسار القديم يصل بلا خطأ (nav_redirects)"
231,17,REP,"السيولة والتنبؤ النقدي",Finance/cash_forecast_fin.php,"g7 التقارير",★قائمة,,★إبقاء,,role:17,"المسار القديم يصل بلا خطأ (nav_redirects)"
233,17,REP,"المحاسبة الإدارية",Finance/management_accounting_fin.php,"g7 التقارير",★قائمة,,★إبقاء,,role:17,"المسار القديم يصل بلا خطأ (nav_redirects)"
239,17,REP,"زمن دورة الطلبات",FinRequests/cycle_time_board.php,"g7 التقارير",★قائمة,,★إبقاء,,role:17,"المسار القديم يصل بلا خطأ (nav_redirects)"
240,17,REP,"تقارير الطلبات المالية",FinRequests/requests_reports.php,"g7 التقارير",★قائمة,,★إبقاء,,role:17,"المسار القديم يصل بلا خطأ (nav_redirects)"
213,17,SET,"دليل الحسابات",Finance/accounts_fin.php,"g8 الإعدادات",★قائمة,,★إبقاء,,role:17,"المسار القديم يصل بلا خطأ (nav_redirects)"
214,17,SET,"المحاسبون والوحدات",Finance/accountants_fin.php,"g8 الإعدادات",★قائمة,,★إبقاء,,role:17,"المسار القديم يصل بلا خطأ (nav_redirects)"
223,17,SET,"الضرائب والقيمة المضافة",Finance/tax_fin.php,"g8 الإعدادات",★قائمة,,★إبقاء,,role:17,"المسار القديم يصل بلا خطأ (nav_redirects)"
234,17,SET,"قواعد مخصص الصيانة",Finance/maintenance_provision_fin.php,"g8 الإعدادات",★قائمة,,★إبقاء,,role:17,"المسار القديم يصل بلا خطأ (nav_redirects)"
235,17,SET,"سياسات مستحقات المشغّلين",Finance/operator_pay_policies_fin.php,"g8 الإعدادات",★قائمة,,★إبقاء,,role:17,"المسار القديم يصل بلا خطأ (nav_redirects)"
237,17,SET,"سجل الحركة المالية",FinRequests/effect_map.php,"g8 الإعدادات",★قائمة,,★إبقاء,,role:17,"المسار القديم يصل بلا خطأ (nav_redirects)"
526,17,SET,"العملات وأسعار الصرف",Finance/currencies_fin.php,"g8 الإعدادات",★قائمة,,★إبقاء,,role:17,"المسار القديم يصل بلا خطأ (nav_redirects)"
238,17,SET,"قواعد توجيه الطلبات",FinRequests/routing_admin.php,"g8 الإعدادات",★قائمة,,★إبقاء,,role:17,"المسار القديم يصل بلا خطأ (nav_redirects)"
243,17,SET,الإعدادات,Settings/settings.php,"g8 الإعدادات",★قائمة,,★إبقاء,,role:17,"المسار القديم يصل بلا خطأ (nav_redirects)"
250,18,APPR,"وحدات الأطراف",Finance/unit_records_fin.php,"g4 المراجعة والاعتماد",★قائمة,,★إبقاء,,role:18,"المسار القديم يصل بلا خطأ (nav_redirects)"
251,18,APPR,"استقبال معاملات الإدارات",Finance/import_events_fin.php,"g4 المراجعة والاعتماد",★قائمة,,★إبقاء,,role:18,"المسار القديم يصل بلا خطأ (nav_redirects)"
254,18,APPR,"الميزانية والانحراف",Finance/budget_form_fin.php,"g5 المتابعة والاستثناءات",★قائمة,,★إبقاء,,role:18,"المسار القديم يصل بلا خطأ (nav_redirects)"
255,18,APPR,"متابعة الانحراف",Finance/variance_monitor_fin.php,"g5 المتابعة والاستثناءات",★قائمة,,★إبقاء,,role:18,"المسار القديم يصل بلا خطأ (nav_redirects)"
257,18,APPR,"الذمم والتحصيل",Finance/dues_fin.php,"g4 المراجعة والاعتماد",★قائمة,,"★مراجعة تكرار الاسم — دمج أو تمييز",,role:18,"المسار القديم يصل بلا خطأ (nav_redirects)"
262,18,APPR,"إقفال الفترات",Finance/periods_fin.php,"g6 الإغلاق والتسوية",★قائمة,,★إبقاء,,role:18,"المسار القديم يصل بلا خطأ (nav_redirects)"
270,18,APPR,"الطلبات المالية",FinRequests/finance_gateway.php,"g4 المراجعة والاعتماد",★قائمة,,★إبقاء,,role:18,"المسار القديم يصل بلا خطأ (nav_redirects)"
259,18,DAILY,"المدفوعات والخزينة",Finance/payments_fin.php,"g2 العمل اليومي",★قائمة,,★إبقاء,,role:18,"المسار القديم يصل بلا خطأ (nav_redirects)"
260,18,DAILY,"المطابقة البنكية",Finance/bank_reconciliation_fin.php,"g2 العمل اليومي",★قائمة,,★إبقاء,,role:18,"المسار القديم يصل بلا خطأ (nav_redirects)"
269,18,DAILY,"مكتب المحاسب",FinRequests/accountant_desk.php,"g2 العمل اليومي",★قائمة,,★إبقاء,,role:18,"المسار القديم يصل بلا خطأ (nav_redirects)"
244,18,HOME,الرئيسية,Finance/cfo_daily_board_fin.php,"g1 لوحة الإدارة",★قائمة,,★إبقاء,,role:18,"المسار القديم يصل بلا خطأ (nav_redirects)"
248,18,REC,"المعاملات المالية",Finance/events_list_fin.php,"g3 السجلات والملفات",★قائمة,,★إبقاء,,role:18,"المسار القديم يصل بلا خطأ (nav_redirects)"
249,18,REC,المعاونين,main/project_users.php,"g3 السجلات والملفات",★قائمة,,★إبقاء,,role:18,"المسار القديم يصل بلا خطأ (nav_redirects)"
252,18,REC,"القيود اليومية",Finance/journal_form_fin.php,"g3 السجلات والملفات",★قائمة,,★إبقاء,,role:18,"المسار القديم يصل بلا خطأ (nav_redirects)"
263,18,REC,"التمويل والالتزامات",Finance/funding_fin.php,"g3 السجلات والملفات",★قائمة,,★إبقاء,,role:18,"المسار القديم يصل بلا خطأ (nav_redirects)"
493,18,REC,المستخلصات,Contracts/claims.php,"g3 السجلات والملفات",★قائمة,,★إبقاء,,role:18,"المسار القديم يصل بلا خطأ (nav_redirects)"
539,18,REC,"تسويات الموردين",Suppliers/settlements.php,"g6 الإغلاق والتسوية",★قائمة,,★إبقاء,,role:18,"المسار القديم يصل بلا خطأ (nav_redirects)"
554,18,REC,"مصفوفة التزامات العقد",Contracts/contract_obligations.php,"g3 السجلات والملفات",★قائمة,,★إبقاء,,role:18,"المسار القديم يصل بلا خطأ (nav_redirects)"
574,18,REC,"تسويات الموظفين",Workforce/employee_settlements.php,"g6 الإغلاق والتسوية",★قائمة,,★إبقاء,,role:18,"المسار القديم يصل بلا خطأ (nav_redirects)"
567,18,REC,"احتساب الجزاءات والحوافز",Contracts/penalties.php,"g3 السجلات والملفات",★قائمة,,★إبقاء,,role:18,"المسار القديم يصل بلا خطأ (nav_redirects)"
265,18,REC,"الأصول والإهلاك",Finance/assets_fin.php,"g3 السجلات والملفات",★قائمة,,★إبقاء,,role:18,"المسار القديم يصل بلا خطأ (nav_redirects)"
685,18,REC,"الدوريات المالية",Finance/periodic_events_fin.php,"g3 السجلات والملفات",★قائمة,,★إبقاء,,role:18,"المسار القديم يصل بلا خطأ (nav_redirects)"
717,18,REC,"خطة دفع العقد",Contracts/contract_payment_schedule.php,"g3 السجلات والملفات",★قائمة,,★إبقاء,,role:18,"المسار القديم يصل بلا خطأ (nav_redirects)"
245,18,REP,"اللوحة التنفيذية",Finance/executive_dashboard_fin.php,"g1 لوحة الإدارة",★قائمة,,★إبقاء,,role:18,"المسار القديم يصل بلا خطأ (nav_redirects)"
253,18,REP,"القوائم المالية",Finance/financial_statements_fin.php,"g7 التقارير",★قائمة,,★إبقاء,,role:18,"المسار القديم يصل بلا خطأ (nav_redirects)"
258,18,REP,"كشف حساب المورد",Finance/supplier_statement_fin.php,"g7 التقارير",★قائمة,,★إبقاء,,role:18,"المسار القديم يصل بلا خطأ (nav_redirects)"
261,18,REP,"التكاليف والربحية",Finance/cost_report_fin.php,"g7 التقارير",★قائمة,,★إبقاء,,role:18,"المسار القديم يصل بلا خطأ (nav_redirects)"
264,18,REP,"السيولة والتنبؤ النقدي",Finance/cash_forecast_fin.php,"g7 التقارير",★قائمة,,★إبقاء,,role:18,"المسار القديم يصل بلا خطأ (nav_redirects)"
266,18,REP,"المحاسبة الإدارية",Finance/management_accounting_fin.php,"g7 التقارير",★قائمة,,★إبقاء,,role:18,"المسار القديم يصل بلا خطأ (nav_redirects)"
273,18,REP,"زمن دورة الطلبات",FinRequests/cycle_time_board.php,"g7 التقارير",★قائمة,,★إبقاء,,role:18,"المسار القديم يصل بلا خطأ (nav_redirects)"
274,18,REP,"تقارير الطلبات المالية",FinRequests/requests_reports.php,"g7 التقارير",★قائمة,,★إبقاء,,role:18,"المسار القديم يصل بلا خطأ (nav_redirects)"
246,18,SET,"دليل الحسابات",Finance/accounts_fin.php,"g8 الإعدادات",★قائمة,,★إبقاء,,role:18,"المسار القديم يصل بلا خطأ (nav_redirects)"
247,18,SET,"المحاسبون والوحدات",Finance/accountants_fin.php,"g8 الإعدادات",★قائمة,,★إبقاء,,role:18,"المسار القديم يصل بلا خطأ (nav_redirects)"
256,18,SET,"الضرائب والقيمة المضافة",Finance/tax_fin.php,"g8 الإعدادات",★قائمة,,★إبقاء,,role:18,"المسار القديم يصل بلا خطأ (nav_redirects)"
267,18,SET,"قواعد مخصص الصيانة",Finance/maintenance_provision_fin.php,"g8 الإعدادات",★قائمة,,★إبقاء,,role:18,"المسار القديم يصل بلا خطأ (nav_redirects)"
268,18,SET,"سياسات مستحقات المشغّلين",Finance/operator_pay_policies_fin.php,"g8 الإعدادات",★قائمة,,★إبقاء,,role:18,"المسار القديم يصل بلا خطأ (nav_redirects)"
271,18,SET,"سجل الحركة المالية",FinRequests/effect_map.php,"g8 الإعدادات",★قائمة,,★إبقاء,,role:18,"المسار القديم يصل بلا خطأ (nav_redirects)"
527,18,SET,"العملات وأسعار الصرف",Finance/currencies_fin.php,"g8 الإعدادات",★قائمة,,★إبقاء,,role:18,"المسار القديم يصل بلا خطأ (nav_redirects)"
272,18,SET,"قواعد توجيه الطلبات",FinRequests/routing_admin.php,"g8 الإعدادات",★قائمة,,★إبقاء,,role:18,"المسار القديم يصل بلا خطأ (nav_redirects)"
275,18,SET,الإعدادات,Settings/settings.php,"g8 الإعدادات",★قائمة,,★إبقاء,,role:18,"المسار القديم يصل بلا خطأ (nav_redirects)"
282,19,APPR,"وحدات الأطراف",Finance/unit_records_fin.php,"g4 المراجعة والاعتماد",★قائمة,,★إبقاء,,role:19,"المسار القديم يصل بلا خطأ (nav_redirects)"
558,19,APPR,"لوحة الإسناد اليومي",Approvals/attribution_board.php,"g1 لوحة الإدارة",★قائمة,,★إبقاء,,role:19,"المسار القديم يصل بلا خطأ (nav_redirects)"
283,19,APPR,"استقبال معاملات الإدارات",Finance/import_events_fin.php,"g4 المراجعة والاعتماد",★قائمة,,★إبقاء,,role:19,"المسار القديم يصل بلا خطأ (nav_redirects)"
286,19,APPR,"الميزانية والانحراف",Finance/budget_form_fin.php,"g5 المتابعة والاستثناءات",★قائمة,,★إبقاء,,role:19,"المسار القديم يصل بلا خطأ (nav_redirects)"
287,19,APPR,"متابعة الانحراف",Finance/variance_monitor_fin.php,"g5 المتابعة والاستثناءات",★قائمة,,★إبقاء,,role:19,"المسار القديم يصل بلا خطأ (nav_redirects)"
289,19,APPR,"الذمم والتحصيل",Finance/dues_fin.php,"g4 المراجعة والاعتماد",★قائمة,,"★مراجعة تكرار الاسم — دمج أو تمييز",,role:19,"المسار القديم يصل بلا خطأ (nav_redirects)"
294,19,APPR,"إقفال الفترات",Finance/periods_fin.php,"g6 الإغلاق والتسوية",★قائمة,,★إبقاء,,role:19,"المسار القديم يصل بلا خطأ (nav_redirects)"
301,19,APPR,"الطلبات المالية",FinRequests/finance_gateway.php,"g4 المراجعة والاعتماد",★قائمة,,★إبقاء,,role:19,"المسار القديم يصل بلا خطأ (nav_redirects)"
291,19,DAILY,"المدفوعات والخزينة",Finance/payments_fin.php,"g2 العمل اليومي",★قائمة,,★إبقاء,,role:19,"المسار القديم يصل بلا خطأ (nav_redirects)"
292,19,DAILY,"المطابقة البنكية",Finance/bank_reconciliation_fin.php,"g2 العمل اليومي",★قائمة,,★إبقاء,,role:19,"المسار القديم يصل بلا خطأ (nav_redirects)"
813,19,FIN,"سجل الممولين",Financing/financiers_registry.php,"g3 السجلات والملفات",★قائمة,,★إبقاء,,role:19,"المسار القديم يصل بلا خطأ (nav_redirects)"
814,19,FIN,"إنشاء عملية تمويل",Financing/financing_operation_new.php,"g3 السجلات والملفات",★قائمة,,★إبقاء,,role:19,"المسار القديم يصل بلا خطأ (nav_redirects)"
809,19,GOV,"سجل الكيانات",Governance/entities_registry.php,"g3 السجلات والملفات",★قائمة,,★إبقاء,,role:19,"المسار القديم يصل بلا خطأ (nav_redirects)"
810,19,GOV,"التفويض بالتوقيع",Governance/signing_authority.php,"g3 السجلات والملفات",★قائمة,,★إبقاء,,role:19,"المسار القديم يصل بلا خطأ (nav_redirects)"
811,19,GOV,"التراخيص والكفالات",Governance/licenses_guarantees.php,"g3 السجلات والملفات",★قائمة,,★إبقاء,,role:19,"المسار القديم يصل بلا خطأ (nav_redirects)"
812,19,GOV,"أنماط التفعيل",Governance/activation_patterns.php,"g3 السجلات والملفات",★قائمة,,★إبقاء,,role:19,"المسار القديم يصل بلا خطأ (nav_redirects)"
828,19,GOV,"منح المجال المقيَّد",Governance/ownership_grants.php,"g3 السجلات والملفات",★قائمة,,★إبقاء,,role:19,"المسار القديم يصل بلا خطأ (nav_redirects)"
276,19,HOME,الرئيسية,Finance/cfo_daily_board_fin.php,"g1 لوحة الإدارة",★قائمة,,★إبقاء,,role:19,"المسار القديم يصل بلا خطأ (nav_redirects)"
280,19,REC,"المعاملات المالية",Finance/events_list_fin.php,"g3 السجلات والملفات",★قائمة,,★إبقاء,,role:19,"المسار القديم يصل بلا خطأ (nav_redirects)"
281,19,REC,المعاونين,main/project_users.php,"g3 السجلات والملفات",★قائمة,,★إبقاء,,role:19,"المسار القديم يصل بلا خطأ (nav_redirects)"
284,19,REC,"القيود اليومية",Finance/journal_form_fin.php,"g3 السجلات والملفات",★قائمة,,★إبقاء,,role:19,"المسار القديم يصل بلا خطأ (nav_redirects)"
295,19,REC,"التمويل والالتزامات",Finance/funding_fin.php,"g3 السجلات والملفات",★قائمة,,★إبقاء,,role:19,"المسار القديم يصل بلا خطأ (nav_redirects)"
494,19,REC,المستخلصات,Contracts/claims.php,"g3 السجلات والملفات",★قائمة,,★إبقاء,,role:19,"المسار القديم يصل بلا خطأ (nav_redirects)"
537,19,REC,"تسويات الموردين",Suppliers/settlements.php,"g6 الإغلاق والتسوية",★قائمة,,★إبقاء,,role:19,"المسار القديم يصل بلا خطأ (nav_redirects)"
551,19,REC,"مصفوفة التزامات العقد",Contracts/contract_obligations.php,"g3 السجلات والملفات",★قائمة,,★إبقاء,,role:19,"المسار القديم يصل بلا خطأ (nav_redirects)"
572,19,REC,"تسويات الموظفين",Workforce/employee_settlements.php,"g6 الإغلاق والتسوية",★قائمة,,★إبقاء,,role:19,"المسار القديم يصل بلا خطأ (nav_redirects)"
565,19,REC,"احتساب الجزاءات والحوافز",Contracts/penalties.php,"g3 السجلات والملفات",★قائمة,,★إبقاء,,role:19,"المسار القديم يصل بلا خطأ (nav_redirects)"
297,19,REC,"الأصول والإهلاك",Finance/assets_fin.php,"g3 السجلات والملفات",★قائمة,,★إبقاء,,role:19,"المسار القديم يصل بلا خطأ (nav_redirects)"
659,19,REC,"الفاتورة الضريبية",Contracts/tax_invoices.php,"g3 السجلات والملفات",★قائمة,,★إبقاء,,role:19,"المسار القديم يصل بلا خطأ (nav_redirects)"
662,19,REC,"كشف حساب العميل",Contracts/client_statement.php,"g7 التقارير",★قائمة,,★إبقاء,,role:19,"المسار القديم يصل بلا خطأ (nav_redirects)"
684,19,REC,"الدوريات المالية",Finance/periodic_events_fin.php,"g3 السجلات والملفات",★قائمة,,★إبقاء,,role:19,"المسار القديم يصل بلا خطأ (nav_redirects)"
694,19,REC,"نطاقات العقد التشغيلية",Contracts/contract_sites.php,"g3 السجلات والملفات",★قائمة,,★إبقاء,,role:19,"المسار القديم يصل بلا خطأ (nav_redirects)"
700,19,REC,"بنود عقد العميل وقيمته",Contracts/contract_lines.php,"g3 السجلات والملفات",★قائمة,,★إبقاء,,role:19,"المسار القديم يصل بلا خطأ (nav_redirects)"
704,19,REC,"الجدول الشهري للعقد",Contracts/contract_monthly_plan.php,"g3 السجلات والملفات",★قائمة,,★إبقاء,,role:19,"المسار القديم يصل بلا خطأ (nav_redirects)"
715,19,REC,"خطة دفع العقد",Contracts/contract_payment_schedule.php,"g3 السجلات والملفات",★قائمة,,★إبقاء,,role:19,"المسار القديم يصل بلا خطأ (nav_redirects)"
723,19,REC,"ضمانات العقد",Contracts/contract_guarantees.php,"g3 السجلات والملفات",★قائمة,,★إبقاء,,role:19,"المسار القديم يصل بلا خطأ (nav_redirects)"
733,19,REC,"ربط الخطة بالفعلي",Contracts/plan_actual_link.php,"g3 السجلات والملفات",★قائمة,,★إبقاء,,role:19,"المسار القديم يصل بلا خطأ (nav_redirects)"
737,19,REC,"خط أساس العقد",Contracts/contract_baseline.php,"g3 السجلات والملفات",★قائمة,,★إبقاء,,role:19,"المسار القديم يصل بلا خطأ (nav_redirects)"
746,19,REC,"اقتصاد دورة حياة العقد",Contracts/contract_lifecycle.php,"g3 السجلات والملفات",★قائمة,,★إبقاء,,role:19,"المسار القديم يصل بلا خطأ (nav_redirects)"
754,19,REC,"اللوحة التجارية للعقود",Contracts/commercial_board.php,"g1 لوحة الإدارة",★قائمة,,★إبقاء,,role:19,"المسار القديم يصل بلا خطأ (nav_redirects)"
277,19,REP,"اللوحة التنفيذية",Finance/executive_dashboard_fin.php,"g1 لوحة الإدارة",★قائمة,,★إبقاء,,role:19,"المسار القديم يصل بلا خطأ (nav_redirects)"
285,19,REP,"القوائم المالية",Finance/financial_statements_fin.php,"g7 التقارير",★قائمة,,★إبقاء,,role:19,"المسار القديم يصل بلا خطأ (nav_redirects)"
290,19,REP,"كشف حساب المورد",Finance/supplier_statement_fin.php,"g7 التقارير",★قائمة,,★إبقاء,,role:19,"المسار القديم يصل بلا خطأ (nav_redirects)"
293,19,REP,"التكاليف والربحية",Finance/cost_report_fin.php,"g7 التقارير",★قائمة,,★إبقاء,,role:19,"المسار القديم يصل بلا خطأ (nav_redirects)"
296,19,REP,"السيولة والتنبؤ النقدي",Finance/cash_forecast_fin.php,"g7 التقارير",★قائمة,,★إبقاء,,role:19,"المسار القديم يصل بلا خطأ (nav_redirects)"
298,19,REP,"المحاسبة الإدارية",Finance/management_accounting_fin.php,"g7 التقارير",★قائمة,,★إبقاء,,role:19,"المسار القديم يصل بلا خطأ (nav_redirects)"
304,19,REP,"زمن دورة الطلبات",FinRequests/cycle_time_board.php,"g7 التقارير",★قائمة,,★إبقاء,,role:19,"المسار القديم يصل بلا خطأ (nav_redirects)"
305,19,REP,"تقارير الطلبات المالية",FinRequests/requests_reports.php,"g7 التقارير",★قائمة,,★إبقاء,,role:19,"المسار القديم يصل بلا خطأ (nav_redirects)"
815,19,REP,"الاعتمادات المتأخرة والوثائق",Reports/approval_lag_report.php,"g5 المتابعة والاستثناءات",★قائمة,,★إبقاء,,role:19,"المسار القديم يصل بلا خطأ (nav_redirects)"
278,19,SET,"دليل الحسابات",Finance/accounts_fin.php,"g8 الإعدادات",★قائمة,,★إبقاء,,role:19,"المسار القديم يصل بلا خطأ (nav_redirects)"
279,19,SET,"المحاسبون والوحدات",Finance/accountants_fin.php,"g8 الإعدادات",★قائمة,,★إبقاء,,role:19,"المسار القديم يصل بلا خطأ (nav_redirects)"
288,19,SET,"الضرائب والقيمة المضافة",Finance/tax_fin.php,"g8 الإعدادات",★قائمة,,★إبقاء,,role:19,"المسار القديم يصل بلا خطأ (nav_redirects)"
299,19,SET,"قواعد مخصص الصيانة",Finance/maintenance_provision_fin.php,"g8 الإعدادات",★قائمة,,★إبقاء,,role:19,"المسار القديم يصل بلا خطأ (nav_redirects)"
300,19,SET,"سياسات مستحقات المشغّلين",Finance/operator_pay_policies_fin.php,"g8 الإعدادات",★قائمة,,★إبقاء,,role:19,"المسار القديم يصل بلا خطأ (nav_redirects)"
302,19,SET,"سجل الحركة المالية",FinRequests/effect_map.php,"g8 الإعدادات",★قائمة,,★إبقاء,,role:19,"المسار القديم يصل بلا خطأ (nav_redirects)"
528,19,SET,"العملات وأسعار الصرف",Finance/currencies_fin.php,"g8 الإعدادات",★قائمة,,★إبقاء,,role:19,"المسار القديم يصل بلا خطأ (nav_redirects)"
303,19,SET,"قواعد توجيه الطلبات",FinRequests/routing_admin.php,"g8 الإعدادات",★قائمة,,★إبقاء,,role:19,"المسار القديم يصل بلا خطأ (nav_redirects)"
306,19,SET,الإعدادات,Settings/settings.php,"g8 الإعدادات",★قائمة,,★إبقاء,,role:19,"المسار القديم يصل بلا خطأ (nav_redirects)"
313,20,APPR,"وحدات الأطراف",Finance/unit_records_fin.php,"g4 المراجعة والاعتماد",★قائمة,,★إبقاء,,role:20,"المسار القديم يصل بلا خطأ (nav_redirects)"
314,20,APPR,"استقبال معاملات الإدارات",Finance/import_events_fin.php,"g4 المراجعة والاعتماد",★قائمة,,★إبقاء,,role:20,"المسار القديم يصل بلا خطأ (nav_redirects)"
317,20,APPR,"الميزانية والانحراف",Finance/budget_form_fin.php,"g5 المتابعة والاستثناءات",★قائمة,,★إبقاء,,role:20,"المسار القديم يصل بلا خطأ (nav_redirects)"
318,20,APPR,"متابعة الانحراف",Finance/variance_monitor_fin.php,"g5 المتابعة والاستثناءات",★قائمة,,★إبقاء,,role:20,"المسار القديم يصل بلا خطأ (nav_redirects)"
320,20,APPR,"الذمم والتحصيل",Finance/dues_fin.php,"g4 المراجعة والاعتماد",★قائمة,,"★مراجعة تكرار الاسم — دمج أو تمييز",,role:20,"المسار القديم يصل بلا خطأ (nav_redirects)"
325,20,APPR,"إقفال الفترات",Finance/periods_fin.php,"g6 الإغلاق والتسوية",★قائمة,,★إبقاء,,role:20,"المسار القديم يصل بلا خطأ (nav_redirects)"
332,20,APPR,"الطلبات المالية",FinRequests/finance_gateway.php,"g4 المراجعة والاعتماد",★قائمة,,★إبقاء,,role:20,"المسار القديم يصل بلا خطأ (nav_redirects)"
322,20,DAILY,"المدفوعات والخزينة",Finance/payments_fin.php,"g2 العمل اليومي",★قائمة,,★إبقاء,,role:20,"المسار القديم يصل بلا خطأ (nav_redirects)"
323,20,DAILY,"المطابقة البنكية",Finance/bank_reconciliation_fin.php,"g2 العمل اليومي",★قائمة,,★إبقاء,,role:20,"المسار القديم يصل بلا خطأ (nav_redirects)"
307,20,HOME,الرئيسية,Finance/cfo_daily_board_fin.php,"g1 لوحة الإدارة",★قائمة,,★إبقاء,,role:20,"المسار القديم يصل بلا خطأ (nav_redirects)"
311,20,REC,"المعاملات المالية",Finance/events_list_fin.php,"g3 السجلات والملفات",★قائمة,,★إبقاء,,role:20,"المسار القديم يصل بلا خطأ (nav_redirects)"
312,20,REC,المعاونين,main/project_users.php,"g3 السجلات والملفات",★قائمة,,★إبقاء,,role:20,"المسار القديم يصل بلا خطأ (nav_redirects)"
315,20,REC,"القيود اليومية",Finance/journal_form_fin.php,"g3 السجلات والملفات",★قائمة,,★إبقاء,,role:20,"المسار القديم يصل بلا خطأ (nav_redirects)"
326,20,REC,"التمويل والالتزامات",Finance/funding_fin.php,"g3 السجلات والملفات",★قائمة,,★إبقاء,,role:20,"المسار القديم يصل بلا خطأ (nav_redirects)"
328,20,REC,"الأصول والإهلاك",Finance/assets_fin.php,"g3 السجلات والملفات",★قائمة,,★إبقاء,,role:20,"المسار القديم يصل بلا خطأ (nav_redirects)"
724,20,REC,"ضمانات العقد",Contracts/contract_guarantees.php,"g3 السجلات والملفات",★قائمة,,★إبقاء,,role:20,"المسار القديم يصل بلا خطأ (nav_redirects)"
739,20,REC,"خط أساس العقد",Contracts/contract_baseline.php,"g3 السجلات والملفات",★قائمة,,★إبقاء,,role:20,"المسار القديم يصل بلا خطأ (nav_redirects)"
747,20,REC,"اقتصاد دورة حياة العقد",Contracts/contract_lifecycle.php,"g3 السجلات والملفات",★قائمة,,★إبقاء,,role:20,"المسار القديم يصل بلا خطأ (nav_redirects)"
755,20,REC,"اللوحة التجارية للعقود",Contracts/commercial_board.php,"g1 لوحة الإدارة",★قائمة,,★إبقاء,,role:20,"المسار القديم يصل بلا خطأ (nav_redirects)"
308,20,REP,"اللوحة التنفيذية",Finance/executive_dashboard_fin.php,"g1 لوحة الإدارة",★قائمة,,★إبقاء,,role:20,"المسار القديم يصل بلا خطأ (nav_redirects)"
316,20,REP,"القوائم المالية",Finance/financial_statements_fin.php,"g7 التقارير",★قائمة,,★إبقاء,,role:20,"المسار القديم يصل بلا خطأ (nav_redirects)"
321,20,REP,"كشف حساب المورد",Finance/supplier_statement_fin.php,"g7 التقارير",★قائمة,,★إبقاء,,role:20,"المسار القديم يصل بلا خطأ (nav_redirects)"
324,20,REP,"التكاليف والربحية",Finance/cost_report_fin.php,"g7 التقارير",★قائمة,,★إبقاء,,role:20,"المسار القديم يصل بلا خطأ (nav_redirects)"
327,20,REP,"السيولة والتنبؤ النقدي",Finance/cash_forecast_fin.php,"g7 التقارير",★قائمة,,★إبقاء,,role:20,"المسار القديم يصل بلا خطأ (nav_redirects)"
329,20,REP,"المحاسبة الإدارية",Finance/management_accounting_fin.php,"g7 التقارير",★قائمة,,★إبقاء,,role:20,"المسار القديم يصل بلا خطأ (nav_redirects)"
335,20,REP,"زمن دورة الطلبات",FinRequests/cycle_time_board.php,"g7 التقارير",★قائمة,,★إبقاء,,role:20,"المسار القديم يصل بلا خطأ (nav_redirects)"
336,20,REP,"تقارير الطلبات المالية",FinRequests/requests_reports.php,"g7 التقارير",★قائمة,,★إبقاء,,role:20,"المسار القديم يصل بلا خطأ (nav_redirects)"
309,20,SET,"دليل الحسابات",Finance/accounts_fin.php,"g8 الإعدادات",★قائمة,,★إبقاء,,role:20,"المسار القديم يصل بلا خطأ (nav_redirects)"
310,20,SET,"المحاسبون والوحدات",Finance/accountants_fin.php,"g8 الإعدادات",★قائمة,,★إبقاء,,role:20,"المسار القديم يصل بلا خطأ (nav_redirects)"
319,20,SET,"الضرائب والقيمة المضافة",Finance/tax_fin.php,"g8 الإعدادات",★قائمة,,★إبقاء,,role:20,"المسار القديم يصل بلا خطأ (nav_redirects)"
330,20,SET,"قواعد مخصص الصيانة",Finance/maintenance_provision_fin.php,"g8 الإعدادات",★قائمة,,★إبقاء,,role:20,"المسار القديم يصل بلا خطأ (nav_redirects)"
331,20,SET,"سياسات مستحقات المشغّلين",Finance/operator_pay_policies_fin.php,"g8 الإعدادات",★قائمة,,★إبقاء,,role:20,"المسار القديم يصل بلا خطأ (nav_redirects)"
333,20,SET,"سجل الحركة المالية",FinRequests/effect_map.php,"g8 الإعدادات",★قائمة,,★إبقاء,,role:20,"المسار القديم يصل بلا خطأ (nav_redirects)"
529,20,SET,"العملات وأسعار الصرف",Finance/currencies_fin.php,"g8 الإعدادات",★قائمة,,★إبقاء,,role:20,"المسار القديم يصل بلا خطأ (nav_redirects)"
334,20,SET,"قواعد توجيه الطلبات",FinRequests/routing_admin.php,"g8 الإعدادات",★قائمة,,★إبقاء,,role:20,"المسار القديم يصل بلا خطأ (nav_redirects)"
337,20,SET,الإعدادات,Settings/settings.php,"g8 الإعدادات",★قائمة,,★إبقاء,,role:20,"المسار القديم يصل بلا خطأ (nav_redirects)"
344,21,APPR,"وحدات الأطراف",Finance/unit_records_fin.php,"g4 المراجعة والاعتماد",★قائمة,,★إبقاء,,role:21,"المسار القديم يصل بلا خطأ (nav_redirects)"
345,21,APPR,"استقبال معاملات الإدارات",Finance/import_events_fin.php,"g4 المراجعة والاعتماد",★قائمة,,★إبقاء,,role:21,"المسار القديم يصل بلا خطأ (nav_redirects)"
348,21,APPR,"الميزانية والانحراف",Finance/budget_form_fin.php,"g5 المتابعة والاستثناءات",★قائمة,,★إبقاء,,role:21,"المسار القديم يصل بلا خطأ (nav_redirects)"
349,21,APPR,"متابعة الانحراف",Finance/variance_monitor_fin.php,"g5 المتابعة والاستثناءات",★قائمة,,★إبقاء,,role:21,"المسار القديم يصل بلا خطأ (nav_redirects)"
351,21,APPR,"الذمم والتحصيل",Finance/dues_fin.php,"g4 المراجعة والاعتماد",★قائمة,,"★مراجعة تكرار الاسم — دمج أو تمييز",,role:21,"المسار القديم يصل بلا خطأ (nav_redirects)"
356,21,APPR,"إقفال الفترات",Finance/periods_fin.php,"g6 الإغلاق والتسوية",★قائمة,,★إبقاء,,role:21,"المسار القديم يصل بلا خطأ (nav_redirects)"
363,21,APPR,"الطلبات المالية",FinRequests/finance_gateway.php,"g4 المراجعة والاعتماد",★قائمة,,★إبقاء,,role:21,"المسار القديم يصل بلا خطأ (nav_redirects)"
370,21,APPR,"موافقات إدارتي",FinRequests/dept_inbox.php,"g4 المراجعة والاعتماد",★قائمة,,★إبقاء,,role:21,"المسار القديم يصل بلا خطأ (nav_redirects)"
353,21,DAILY,"المدفوعات والخزينة",Finance/payments_fin.php,"g2 العمل اليومي",★قائمة,,★إبقاء,,role:21,"المسار القديم يصل بلا خطأ (nav_redirects)"
354,21,DAILY,"المطابقة البنكية",Finance/bank_reconciliation_fin.php,"g2 العمل اليومي",★قائمة,,★إبقاء,,role:21,"المسار القديم يصل بلا خطأ (nav_redirects)"
368,21,DAILY,"طلب مالي جديد",FinRequests/request_form.php,"g2 العمل اليومي",★قائمة,,★إبقاء,,role:21,"المسار القديم يصل بلا خطأ (nav_redirects)"
369,21,DAILY,"طلباتي المالية",FinRequests/my_requests.php,"g2 العمل اليومي",★قائمة,,★إبقاء,,role:21,"المسار القديم يصل بلا خطأ (nav_redirects)"
338,21,HOME,الرئيسية,Finance/cfo_daily_board_fin.php,"g1 لوحة الإدارة",★قائمة,,★إبقاء,,role:21,"المسار القديم يصل بلا خطأ (nav_redirects)"
342,21,REC,"المعاملات المالية",Finance/events_list_fin.php,"g3 السجلات والملفات",★قائمة,,★إبقاء,,role:21,"المسار القديم يصل بلا خطأ (nav_redirects)"
343,21,REC,المعاونين,main/project_users.php,"g3 السجلات والملفات",★قائمة,,★إبقاء,,role:21,"المسار القديم يصل بلا خطأ (nav_redirects)"
346,21,REC,"القيود اليومية",Finance/journal_form_fin.php,"g3 السجلات والملفات",★قائمة,,★إبقاء,,role:21,"المسار القديم يصل بلا خطأ (nav_redirects)"
357,21,REC,"التمويل والالتزامات",Finance/funding_fin.php,"g3 السجلات والملفات",★قائمة,,★إبقاء,,role:21,"المسار القديم يصل بلا خطأ (nav_redirects)"
359,21,REC,"الأصول والإهلاك",Finance/assets_fin.php,"g3 السجلات والملفات",★قائمة,,★إبقاء,,role:21,"المسار القديم يصل بلا خطأ (nav_redirects)"
669,21,REC,"الذمم والتحصيل",Contracts/collections.php,"g3 السجلات والملفات",★قائمة,,"★مراجعة تكرار الاسم — دمج أو تمييز",,role:21,"المسار القديم يصل بلا خطأ (nav_redirects)"
716,21,REC,"خطة دفع العقد",Contracts/contract_payment_schedule.php,"g3 السجلات والملفات",★قائمة,,★إبقاء,,role:21,"المسار القديم يصل بلا خطأ (nav_redirects)"
725,21,REC,"ضمانات العقد",Contracts/contract_guarantees.php,"g3 السجلات والملفات",★قائمة,,★إبقاء,,role:21,"المسار القديم يصل بلا خطأ (nav_redirects)"
339,21,REP,"اللوحة التنفيذية",Finance/executive_dashboard_fin.php,"g1 لوحة الإدارة",★قائمة,,★إبقاء,,role:21,"المسار القديم يصل بلا خطأ (nav_redirects)"
347,21,REP,"القوائم المالية",Finance/financial_statements_fin.php,"g7 التقارير",★قائمة,,★إبقاء,,role:21,"المسار القديم يصل بلا خطأ (nav_redirects)"
352,21,REP,"كشف حساب المورد",Finance/supplier_statement_fin.php,"g7 التقارير",★قائمة,,★إبقاء,,role:21,"المسار القديم يصل بلا خطأ (nav_redirects)"
355,21,REP,"التكاليف والربحية",Finance/cost_report_fin.php,"g7 التقارير",★قائمة,,★إبقاء,,role:21,"المسار القديم يصل بلا خطأ (nav_redirects)"
358,21,REP,"السيولة والتنبؤ النقدي",Finance/cash_forecast_fin.php,"g7 التقارير",★قائمة,,★إبقاء,,role:21,"المسار القديم يصل بلا خطأ (nav_redirects)"
360,21,REP,"المحاسبة الإدارية",Finance/management_accounting_fin.php,"g7 التقارير",★قائمة,,★إبقاء,,role:21,"المسار القديم يصل بلا خطأ (nav_redirects)"
366,21,REP,"زمن دورة الطلبات",FinRequests/cycle_time_board.php,"g7 التقارير",★قائمة,,★إبقاء,,role:21,"المسار القديم يصل بلا خطأ (nav_redirects)"
367,21,REP,"تقارير الطلبات المالية",FinRequests/requests_reports.php,"g7 التقارير",★قائمة,,★إبقاء,,role:21,"المسار القديم يصل بلا خطأ (nav_redirects)"
340,21,SET,"دليل الحسابات",Finance/accounts_fin.php,"g8 الإعدادات",★قائمة,,★إبقاء,,role:21,"المسار القديم يصل بلا خطأ (nav_redirects)"
341,21,SET,"المحاسبون والوحدات",Finance/accountants_fin.php,"g8 الإعدادات",★قائمة,,★إبقاء,,role:21,"المسار القديم يصل بلا خطأ (nav_redirects)"
350,21,SET,"الضرائب والقيمة المضافة",Finance/tax_fin.php,"g8 الإعدادات",★قائمة,,★إبقاء,,role:21,"المسار القديم يصل بلا خطأ (nav_redirects)"
361,21,SET,"قواعد مخصص الصيانة",Finance/maintenance_provision_fin.php,"g8 الإعدادات",★قائمة,,★إبقاء,,role:21,"المسار القديم يصل بلا خطأ (nav_redirects)"
362,21,SET,"سياسات مستحقات المشغّلين",Finance/operator_pay_policies_fin.php,"g8 الإعدادات",★قائمة,,★إبقاء,,role:21,"المسار القديم يصل بلا خطأ (nav_redirects)"
364,21,SET,"سجل الحركة المالية",FinRequests/effect_map.php,"g8 الإعدادات",★قائمة,,★إبقاء,,role:21,"المسار القديم يصل بلا خطأ (nav_redirects)"
530,21,SET,"العملات وأسعار الصرف",Finance/currencies_fin.php,"g8 الإعدادات",★قائمة,,★إبقاء,,role:21,"المسار القديم يصل بلا خطأ (nav_redirects)"
365,21,SET,"قواعد توجيه الطلبات",FinRequests/routing_admin.php,"g8 الإعدادات",★قائمة,,★إبقاء,,role:21,"المسار القديم يصل بلا خطأ (nav_redirects)"
371,21,SET,الإعدادات,Settings/settings.php,"g8 الإعدادات",★قائمة,,★إبقاء,,role:21,"المسار القديم يصل بلا خطأ (nav_redirects)"
378,22,APPR,"وحدات الأطراف",Finance/unit_records_fin.php,"g4 المراجعة والاعتماد",★قائمة,,★إبقاء,,role:22,"المسار القديم يصل بلا خطأ (nav_redirects)"
379,22,APPR,"استقبال معاملات الإدارات",Finance/import_events_fin.php,"g4 المراجعة والاعتماد",★قائمة,,★إبقاء,,role:22,"المسار القديم يصل بلا خطأ (nav_redirects)"
382,22,APPR,"الميزانية والانحراف",Finance/budget_form_fin.php,"g5 المتابعة والاستثناءات",★قائمة,,★إبقاء,,role:22,"المسار القديم يصل بلا خطأ (nav_redirects)"
383,22,APPR,"متابعة الانحراف",Finance/variance_monitor_fin.php,"g5 المتابعة والاستثناءات",★قائمة,,★إبقاء,,role:22,"المسار القديم يصل بلا خطأ (nav_redirects)"
385,22,APPR,"الذمم والتحصيل",Finance/dues_fin.php,"g4 المراجعة والاعتماد",★قائمة,,"★مراجعة تكرار الاسم — دمج أو تمييز",,role:22,"المسار القديم يصل بلا خطأ (nav_redirects)"
390,22,APPR,"إقفال الفترات",Finance/periods_fin.php,"g6 الإغلاق والتسوية",★قائمة,,★إبقاء,,role:22,"المسار القديم يصل بلا خطأ (nav_redirects)"
397,22,APPR,"الطلبات المالية",FinRequests/finance_gateway.php,"g4 المراجعة والاعتماد",★قائمة,,★إبقاء,,role:22,"المسار القديم يصل بلا خطأ (nav_redirects)"
387,22,DAILY,"المدفوعات والخزينة",Finance/payments_fin.php,"g2 العمل اليومي",★قائمة,,★إبقاء,,role:22,"المسار القديم يصل بلا خطأ (nav_redirects)"
388,22,DAILY,"المطابقة البنكية",Finance/bank_reconciliation_fin.php,"g2 العمل اليومي",★قائمة,,★إبقاء,,role:22,"المسار القديم يصل بلا خطأ (nav_redirects)"
372,22,HOME,الرئيسية,Finance/cfo_daily_board_fin.php,"g1 لوحة الإدارة",★قائمة,,★إبقاء,,role:22,"المسار القديم يصل بلا خطأ (nav_redirects)"
376,22,REC,"المعاملات المالية",Finance/events_list_fin.php,"g3 السجلات والملفات",★قائمة,,★إبقاء,,role:22,"المسار القديم يصل بلا خطأ (nav_redirects)"
377,22,REC,المعاونين,main/project_users.php,"g3 السجلات والملفات",★قائمة,,★إبقاء,,role:22,"المسار القديم يصل بلا خطأ (nav_redirects)"
380,22,REC,"القيود اليومية",Finance/journal_form_fin.php,"g3 السجلات والملفات",★قائمة,,★إبقاء,,role:22,"المسار القديم يصل بلا خطأ (nav_redirects)"
391,22,REC,"التمويل والالتزامات",Finance/funding_fin.php,"g3 السجلات والملفات",★قائمة,,★إبقاء,,role:22,"المسار القديم يصل بلا خطأ (nav_redirects)"
393,22,REC,"الأصول والإهلاك",Finance/assets_fin.php,"g3 السجلات والملفات",★قائمة,,★إبقاء,,role:22,"المسار القديم يصل بلا خطأ (nav_redirects)"
663,22,REC,"كشف حساب العميل",Contracts/client_statement.php,"g7 التقارير",★قائمة,,★إبقاء,,role:22,"المسار القديم يصل بلا خطأ (nav_redirects)"
756,22,REC,"اللوحة التجارية للعقود",Contracts/commercial_board.php,"g1 لوحة الإدارة",★قائمة,,★إبقاء,,role:22,"المسار القديم يصل بلا خطأ (nav_redirects)"
373,22,REP,"اللوحة التنفيذية",Finance/executive_dashboard_fin.php,"g1 لوحة الإدارة",★قائمة,,★إبقاء,,role:22,"المسار القديم يصل بلا خطأ (nav_redirects)"
381,22,REP,"القوائم المالية",Finance/financial_statements_fin.php,"g7 التقارير",★قائمة,,★إبقاء,,role:22,"المسار القديم يصل بلا خطأ (nav_redirects)"
386,22,REP,"كشف حساب المورد",Finance/supplier_statement_fin.php,"g7 التقارير",★قائمة,,★إبقاء,,role:22,"المسار القديم يصل بلا خطأ (nav_redirects)"
389,22,REP,"التكاليف والربحية",Finance/cost_report_fin.php,"g7 التقارير",★قائمة,,★إبقاء,,role:22,"المسار القديم يصل بلا خطأ (nav_redirects)"
392,22,REP,"السيولة والتنبؤ النقدي",Finance/cash_forecast_fin.php,"g7 التقارير",★قائمة,,★إبقاء,,role:22,"المسار القديم يصل بلا خطأ (nav_redirects)"
394,22,REP,"المحاسبة الإدارية",Finance/management_accounting_fin.php,"g7 التقارير",★قائمة,,★إبقاء,,role:22,"المسار القديم يصل بلا خطأ (nav_redirects)"
400,22,REP,"زمن دورة الطلبات",FinRequests/cycle_time_board.php,"g7 التقارير",★قائمة,,★إبقاء,,role:22,"المسار القديم يصل بلا خطأ (nav_redirects)"
401,22,REP,"تقارير الطلبات المالية",FinRequests/requests_reports.php,"g7 التقارير",★قائمة,,★إبقاء,,role:22,"المسار القديم يصل بلا خطأ (nav_redirects)"
374,22,SET,"دليل الحسابات",Finance/accounts_fin.php,"g8 الإعدادات",★قائمة,,★إبقاء,,role:22,"المسار القديم يصل بلا خطأ (nav_redirects)"
375,22,SET,"المحاسبون والوحدات",Finance/accountants_fin.php,"g8 الإعدادات",★قائمة,,★إبقاء,,role:22,"المسار القديم يصل بلا خطأ (nav_redirects)"
384,22,SET,"الضرائب والقيمة المضافة",Finance/tax_fin.php,"g8 الإعدادات",★قائمة,,★إبقاء,,role:22,"المسار القديم يصل بلا خطأ (nav_redirects)"
395,22,SET,"قواعد مخصص الصيانة",Finance/maintenance_provision_fin.php,"g8 الإعدادات",★قائمة,,★إبقاء,,role:22,"المسار القديم يصل بلا خطأ (nav_redirects)"
396,22,SET,"سياسات مستحقات المشغّلين",Finance/operator_pay_policies_fin.php,"g8 الإعدادات",★قائمة,,★إبقاء,,role:22,"المسار القديم يصل بلا خطأ (nav_redirects)"
398,22,SET,"سجل الحركة المالية",FinRequests/effect_map.php,"g8 الإعدادات",★قائمة,,★إبقاء,,role:22,"المسار القديم يصل بلا خطأ (nav_redirects)"
531,22,SET,"العملات وأسعار الصرف",Finance/currencies_fin.php,"g8 الإعدادات",★قائمة,,★إبقاء,,role:22,"المسار القديم يصل بلا خطأ (nav_redirects)"
399,22,SET,"قواعد توجيه الطلبات",FinRequests/routing_admin.php,"g8 الإعدادات",★قائمة,,★إبقاء,,role:22,"المسار القديم يصل بلا خطأ (nav_redirects)"
402,22,SET,الإعدادات,Settings/settings.php,"g8 الإعدادات",★قائمة,,★إبقاء,,role:22,"المسار القديم يصل بلا خطأ (nav_redirects)"
405,23,APPR,"موافقات الترحيل",Transport/transfer_requests.php,"g4 المراجعة والاعتماد",★قائمة,,★إبقاء,,role:23,"المسار القديم يصل بلا خطأ (nav_redirects)"
514,23,APPR,"موافقات إدارتي",FinRequests/dept_inbox.php,"g4 المراجعة والاعتماد",★قائمة,,★إبقاء,,role:23,"المسار القديم يصل بلا خطأ (nav_redirects)"
412,23,APPR,"الميزانية والانحراف",Finance/budget_form_fin.php,"g5 المتابعة والاستثناءات",★قائمة,,★إبقاء,,role:23,"المسار القديم يصل بلا خطأ (nav_redirects)"
404,23,DAILY,"أوامر الترحيل",Transport/transfer_orders_list.php,"g2 العمل اليومي",★قائمة,,★إبقاء,,role:23,"المسار القديم يصل بلا خطأ (nav_redirects)"
409,23,DAILY,"طلب مالي جديد",FinRequests/request_form.php,"g2 العمل اليومي",★قائمة,,★إبقاء,,role:23,"المسار القديم يصل بلا خطأ (nav_redirects)"
410,23,DAILY,"طلباتي المالية",FinRequests/my_requests.php,"g2 العمل اليومي",★قائمة,,★إبقاء,,role:23,"المسار القديم يصل بلا خطأ (nav_redirects)"
403,23,HOME,الرئيسية,Transport/transfer_dashboard.php,"g1 لوحة الإدارة",★قائمة,,★إبقاء,,role:23,"المسار القديم يصل بلا خطأ (nav_redirects)"
411,23,REC,"المعاملات المالية",Finance/events_list_fin.php,"g3 السجلات والملفات",★قائمة,,★إبقاء,,role:23,"المسار القديم يصل بلا خطأ (nav_redirects)"
678,23,REC,"تعرفة الترحيل وتسعير الأوامر",Transport/transfer_tariffs.php,"g3 السجلات والملفات",★قائمة,,★إبقاء,,role:23,"المسار القديم يصل بلا خطأ (nav_redirects)"
413,23,REP,"التكاليف والربحية",Finance/cost_report_fin.php,"g7 التقارير",★قائمة,,★إبقاء,,role:23,"المسار القديم يصل بلا خطأ (nav_redirects)"
406,23,SET,"إعدادات الترحيل",Transport/transfer_types_config.php,"g8 الإعدادات",★قائمة,,★إبقاء,,role:23,"المسار القديم يصل بلا خطأ (nav_redirects)"
407,23,SET,"قواعد تحميل تكلفة الترحيل",Transport/transfer_cost_rules_config.php,"g8 الإعدادات",★قائمة,,★إبقاء,,role:23,"المسار القديم يصل بلا خطأ (nav_redirects)"
408,23,SET,المواقع,Transport/trs_locations_config.php,"g8 الإعدادات",★قائمة,,★إبقاء,,role:23,"المسار القديم يصل بلا خطأ (nav_redirects)"
414,23,SET,الإعدادات,Settings/settings.php,"g8 الإعدادات",★قائمة,,★إبقاء,,role:23,"المسار القديم يصل بلا خطأ (nav_redirects)"
515,24,APPR,"موافقات إدارتي",FinRequests/dept_inbox.php,"g4 المراجعة والاعتماد",★قائمة,,★إبقاء,,role:24,"المسار القديم يصل بلا خطأ (nav_redirects)"
507,24,APPR,"الميزانية والانحراف",Finance/budget_form_fin.php,"g5 المتابعة والاستثناءات",★قائمة,,★إبقاء,,role:24,"المسار القديم يصل بلا خطأ (nav_redirects)"
415,24,DAILY,البلاغات,Tickets/tickets_list.php,"g2 العمل اليومي",★قائمة,,★إبقاء,,role:24,"المسار القديم يصل بلا خطأ (nav_redirects)"
846,24,DAILY,"لوحة المسارات المتوازية",Tickets/ticket_workstreams_board.php,"g1 لوحة الإدارة",★قائمة,,★إبقاء,,role:24,"المسار القديم يصل بلا خطأ (nav_redirects)"
518,24,DAILY,"طلب مالي جديد",FinRequests/request_form.php,"g2 العمل اليومي",★قائمة,,★إبقاء,,role:24,"المسار القديم يصل بلا خطأ (nav_redirects)"
519,24,DAILY,"طلباتي المالية",FinRequests/my_requests.php,"g2 العمل اليومي",★قائمة,,★إبقاء,,role:24,"المسار القديم يصل بلا خطأ (nav_redirects)"
472,24,HOME,الرئيسية,main/role_board.php,"g1 لوحة الإدارة",★قائمة,,★إبقاء,,role:24,"المسار القديم يصل بلا خطأ (nav_redirects)"
421,24,REP,"أداء البلاغات",Tickets/ticket_dashboard.php,"g7 التقارير",★قائمة,,★إبقاء,,role:24,"المسار القديم يصل بلا خطأ (nav_redirects)"
847,24,REP,"برج المراقبة والمؤشرات",Tickets/watchtower.php,"g5 المتابعة والاستثناءات",★قائمة,,★إبقاء,,role:24,"المسار القديم يصل بلا خطأ (nav_redirects)"
416,24,SET,"إعداد أنواع البلاغات",Tickets/ticket_types_config.php,"g8 الإعدادات",★قائمة,,★إبقاء,,role:24,"المسار القديم يصل بلا خطأ (nav_redirects)"
417,24,SET,"تصنيفات الأعطال والبلاغات",Tickets/ticket_categories_config.php,"g8 الإعدادات",★قائمة,,★إبقاء,,role:24,"المسار القديم يصل بلا خطأ (nav_redirects)"
418,24,SET,"أزمنة الاستجابة والإنجاز",Tickets/ticket_sla_config.php,"g8 الإعدادات",★قائمة,,★إبقاء,,role:24,"المسار القديم يصل بلا خطأ (nav_redirects)"
419,24,SET,"سلّم التصعيد",Tickets/ticket_escalation_config.php,"g8 الإعدادات",★قائمة,,★إبقاء,,role:24,"المسار القديم يصل بلا خطأ (nav_redirects)"
420,24,SET,"البلاغات الدورية",Tickets/ticket_recurrence.php,"g8 الإعدادات",★قائمة,,★إبقاء,,role:24,"المسار القديم يصل بلا خطأ (nav_redirects)"
422,24,SET,الإعدادات,Settings/settings.php,"g8 الإعدادات",★قائمة,,★إبقاء,,role:24,"المسار القديم يصل بلا خطأ (nav_redirects)"
782,25,DAILY,"صرف المخزون والعهدة",Procurement/issue_proc.php,"g2 العمل اليومي",★قائمة,,★إبقاء,,role:25,"المسار القديم يصل بلا خطأ (nav_redirects)"
780,25,DAILY,"الاستلام المؤقت",Procurement/receipt_custody_proc.php,"g2 العمل اليومي",★قائمة,,★إبقاء,,role:25,"المسار القديم يصل بلا خطأ (nav_redirects)"
784,25,HOME,الرئيسية,Procurement/warehouse_board.php,"g1 لوحة الإدارة",★قائمة,,★إبقاء,,role:25,"المسار القديم يصل بلا خطأ (nav_redirects)"
781,25,REC,المخزون,Procurement/stock_proc.php,"g3 السجلات والملفات",★قائمة,,★إبقاء,,role:25,"المسار القديم يصل بلا خطأ (nav_redirects)"
779,25,REC,"كتالوج الأصناف",Procurement/items_proc.php,"g3 السجلات والملفات",★قائمة,,★إبقاء,,role:25,"المسار القديم يصل بلا خطأ (nav_redirects)"
783,25,SET,"حدود إعادة الطلب",Procurement/reordering_proc.php,"g8 الإعدادات",★قائمة,,★إبقاء,,role:25,"المسار القديم يصل بلا خطأ (nav_redirects)"
824,26,FIN,"سجل الممولين",Financing/financiers_registry.php,"g3 السجلات والملفات",★قائمة,,★إبقاء,,role:26,"المسار القديم يصل بلا خطأ (nav_redirects)"
825,26,FIN,"إنشاء عملية تمويل",Financing/financing_operation_new.php,"g3 السجلات والملفات",★قائمة,,★إبقاء,,role:26,"المسار القديم يصل بلا خطأ (nav_redirects)"
821,26,GOV,"سجل الكيانات",Governance/entities_registry.php,"g3 السجلات والملفات",★قائمة,,★إبقاء,,role:26,"المسار القديم يصل بلا خطأ (nav_redirects)"
822,26,GOV,"التفويض بالتوقيع",Governance/signing_authority.php,"g3 السجلات والملفات",★قائمة,,★إبقاء,,role:26,"المسار القديم يصل بلا خطأ (nav_redirects)"
823,26,GOV,"التراخيص والكفالات",Governance/licenses_guarantees.php,"g3 السجلات والملفات",★قائمة,,★إبقاء,,role:26,"المسار القديم يصل بلا خطأ (nav_redirects)"
827,26,HOME,الرئيسية,Financing/financing_board.php,"g1 لوحة الإدارة",★قائمة,,★إبقاء,,role:26,"المسار القديم يصل بلا خطأ (nav_redirects)"
826,26,REP,"الاعتمادات المتأخرة والوثائق",Reports/approval_lag_report.php,"g5 المتابعة والاستثناءات",★قائمة,,★إبقاء,,role:26,"المسار القديم يصل بلا خطأ (nav_redirects)"
